{"loc": "Ada", "iso": "US", "l1": "United States", "l2": "Idaho", "lvl": 3, "pop": 481587, "key": 10006, "isd": true, "ppd": 35.608000000000004, "med": 38.3, "p65": 15.413, "p70": 9.732000000000001, "hos": 2.77, "exp": 78.86, "adr": 1.0, "amn": 107422.0, "amv": 749030.0, "amd": 959.0, "amt": 396219.0, "tmn": [151, 290, 159, 178, 0, 0, 326, 197, 174, 170, 126, 0, 0, 413, 245, 151, 155, 139, 0, 0, 255], "tmv": [7863, 7615, 10699, 12037, 10893, 10729, 6600, 5484, 7781, 9092, 10242, 10071, 9169, 6395, 4975, 6773, 8259, 8496, 10027, 6458, 3608], "tmd": [5, 5, 0, 0, 0, 0, 3, 0, 3, 0, 0, 0, 0, 5, 3, 5, 0, 0, 0, 0, 0], "wmn": 947, "wmt": 3854, "wmd": 7, "wmv": 48600, "wdn": -12, "wdt": -9, "wdd": 0, "wdv": -17, "tlv": "Idaho"}