{"loc": "Ada", "iso": "US", "l1": "United States", "l2": "Idaho", "lvl": 3, "pop": 481587, "key": 10006, "isd": true, "ppd": 35.608000000000004, "med": 38.3, "p65": 15.413, "p70": 9.732000000000001, "hos": 2.77, "exp": 78.86, "adr": 1.0, "amn": 111903.0, "amv": 1008740.0, "amd": 1013.0, "amt": 450891.0, "tmn": [0, 0, 157, 41, 39, 47, 47, 0, 0, 62, 70, 43, 74, 43, 0, 0, 0, 180, 122, 116, 97], "tmv": [3244, 2575, 1851, 1965, 1967, 2474, 1554, 2803, 3655, 3299, 2241, 4154, 4949, 1994, 3524, 1923, 0, 0, 1326, 2107, 0], "tmd": [0, 0, 0, 7, 0, 0, 0, 0, 0, 0, 0, 3, 5, 0, 0, 0, 0, 0, 0, 3, 3], "wmn": 518, "wmt": 2788, "wmd": 5, "wmv": 8882, "wdn": 75, "wdt": 0, "wdd": -33, "wdv": -62, "tlv": "Idaho"}