{"loc": "Adair", "iso": "US", "l1": "United States", "l2": "Kentucky", "lvl": 3, "pop": 19202, "key": 10008, "isd": true, "ppd": 35.608000000000004, "med": 38.3, "p65": 15.413, "p70": 9.732000000000001, "hos": 2.77, "exp": 78.86, "adr": 2.0, "amn": 149099.0, "amv": 1187231.0, "amd": 3333.0, "amt": 1530592.0, "tmn": [1614, 1301, 677, 0, 0, 2291, 364, 416, 677, 833, 0, 0, 2187, 156, 1510, 468, 1770, 0, 0, 2239, 833], "tmv": [2913, 2024, 2876, 2739, 2336, 1790, 1886, 2554, 2257, 2903, 2781, 2047, 1978, 1647, 2163, 995, 2262, 2445, 2251, 1671, 1480], "tmd": [0, 0, 0, 0, 0, 53, 0, 0, 53, 53, 0, 0, 0, 0, 0, 0, 0, 0, 0, 0, 105], "wmn": 6823, "wmt": 33148, "wmd": 105, "wmv": 13270, "wdn": 60, "wdt": -9, "wdd": 0, "wdv": -18, "tlv": "Kentucky"}