{"loc": "Adams", "iso": "US", "l1": "United States", "l2": "Indiana", "lvl": 3, "pop": 35777, "key": 10014, "isd": true, "ppd": 35.608000000000004, "med": 38.3, "p65": 15.413, "p70": 9.732000000000001, "hos": 2.77, "exp": 78.86, "adr": 2.0, "amn": 118009.0, "amv": 1141226.0, "amd": 1789.0, "amt": 1871423.0, "tmn": [754, 531, 0, 0, 1285, 419, 586, 363, 1173, 0, 0, 1369, 559, 670, 1118, 531, 0, 0, 0, 1006, 586], "tmv": [3106, 3068, 3187, 2953, 1851, 1966, 2813, 2807, 3250, 3257, 2889, 2103, 1988, 3241, 2538, 4249, 2950, 0, 0, 0, 0], "tmd": [0, 56, 0, 0, 28, 28, 0, 0, 28, 0, 0, 0, 56, 0, 0, 0, 0, 0, 0, 0, 28], "wmn": 3243, "wmt": 46973, "wmd": 28, "wmv": 9740, "wdn": -22, "wdt": -4, "wdd": -67, "wdv": -50, "tlv": "Indiana"}