{"loc": "Adams", "iso": "US", "l1": "United States", "l2": "Indiana", "lvl": 3, "pop": 35777, "key": 10014, "isd": true, "ppd": 35.608000000000004, "med": 38.3, "p65": 15.413, "p70": 9.732000000000001, "hos": 2.77, "exp": 78.86, "adr": 1.0, "amn": 122034.0, "amv": 1160346.0, "amd": 1817.0, "amt": 1925170.0, "tmn": [1173, 0, 0, 1369, 559, 670, 1118, 531, 0, 0, 0, 1006, 586, 950, 531, 0, 0, 1313, 391, 531, 307], "tmv": [3250, 3257, 2889, 2103, 1988, 3241, 2538, 4249, 2950, 0, 0, 0, 2913, 2024, 2876, 2739, 2336, 1790, 1886, 2554, 0], "tmd": [28, 0, 0, 0, 56, 0, 0, 0, 0, 0, 0, 0, 28, 28, 0, 0, 0, 0, 0, 0, 0], "wmn": 3075, "wmt": 49429, "wmd": 0, "wmv": 14183, "wdn": 0, "wdt": 14, "wdd": -100, "wdv": 17, "tlv": "Indiana"}