{"loc": "Adams", "iso": "US", "l1": "United States", "l2": "Colorado", "lvl": 3, "pop": 517421, "key": 10011, "isd": true, "ppd": 35.608000000000004, "med": 38.3, "p65": 15.413, "p70": 9.732000000000001, "hos": 2.77, "exp": 78.86, "adr": 1.0, "amn": 118598.0, "amv": 1014221.0, "amd": 1401.0, "amt": 1596655.0, "tmn": [85, 63, 86, 67, 73, 28, 32, 56, 40, 73, 102, 65, 42, 23, 30, 127, 36, 208, 119, 54, 36], "tmv": [1965, 1967, 2474, 1554, 2803, 3655, 3299, 2241, 4154, 4949, 1994, 3524, 1923, 0, 0, 1326, 2107, 1883, 1818, 1779, 0], "tmd": [0, 0, 4, 0, 4, 2, -1, 0, 0, 4, 0, 4, 0, 0, 0, 2, 0, 2, 6, 0, -1], "wmn": 615, "wmt": 16352, "wmd": 8, "wmv": 8916, "wdn": 52, "wdt": 4, "wdd": 0, "wdv": -53, "tlv": "Colorado"}