{"loc": "Adams", "iso": "US", "l1": "United States", "l2": "Pennsylvania", "lvl": 3, "pop": 103009, "key": 10020, "isd": true, "ppd": 35.608000000000004, "med": 38.3, "p65": 15.413, "p70": 9.732000000000001, "hos": 2.77, "exp": 78.86, "adr": 2.0, "amn": 67975.0, "amv": 160515.0, "amd": 1427.0, "amt": 774168.0, "tmn": [747, 446, 242, 349, 553, 135, 242, 271, 398, 310, 485, 242, 165, 242, 213, 320, 184, 232, 388, 174, 242], "tmv": [3374, 4677, 5132, 5139, 4690, 3336, 1695, 3330, 4023, 4903, 6734, 6595, 3662, 2393, 4746, 4917, 6132, 6772, 6806, 0, 0], "tmd": [30, 0, 20, 0, 0, 0, 0, 0, 20, 0, 0, 0, -29, 39, -9, 0, 10, 10, 10, 0, 0], "wmn": 1758, "wmt": 24267, "wmd": 20, "wmv": 29376, "wdn": -17, "wdt": -94, "wdd": -33, "wdv": -7, "tlv": "Pennsylvania"}