{"loc": "Adygea Republic", "iso": "RU", "l1": "Russia", "l2": "Adygea Republic", "lvl": 2, "pop": 453376, "key": 10025, "isd": true, "ppd": 8.823, "med": 39.6, "p65": 14.177999999999999, "p70": 9.392999999999999, "hos": 8.05, "exp": 72.58, "adr": 1.0, "amn": 30613.0, "amv": 45606.0, "amd": 340.0, "amt": 778173.0, "tmn": [59, 57, 52, 46, 41, 33, 33, 39, 35, 24, 15, 24, 22, 19, 26, 22, 33, 28, 30, 30, 22], "tmv": [0, 0, 0, 0, 0, 0, 0, 0, 0, 0, 0, 0, 0, 0, 74, 1641, 3572, 1994, 1932, 490, 0], "tmd": [0, 5, 0, 0, 5, 7, 0, 0, 0, 5, 0, 7, 0, 0, 5, 0, 3, 3, 3, 0, 0], "wmn": 195, "wmt": 13793, "wmd": 12, "wmv": 9707, "wdn": 7, "wdt": 5, "wdd": 0, "wdv": 0, "tlv": "Russia"}