{"loc": "Adams", "iso": "US", "l1": "United States", "l2": "Pennsylvania", "lvl": 3, "pop": 103009, "key": 10020, "isd": true, "ppd": 35.608000000000004, "med": 38.3, "p65": 15.413, "p70": 9.732000000000001, "hos": 2.77, "exp": 78.86, "adr": 2.0, "amn": 110165.0, "amv": 1160346.0, "amd": 1883.0, "amt": 1293253.0, "tmn": [310, 485, 300, 242, 262, 339, 524, 359, 417, 359, 359, 339, 398, 757, 543, 398, 708, 417, 359, 825, 582], "tmv": [3250, 3257, 2889, 2103, 1988, 3241, 2538, 4249, 2950, 0, 0, 0, 2913, 2024, 2876, 2739, 2336, 1790, 1886, 2554, 0], "tmd": [0, 0, 0, 0, 0, 0, 0, 10, 0, 0, 0, 0, 0, 0, 0, 0, 0, 0, 10, 0, 10], "wmn": 3835, "wmt": 23285, "wmd": 20, "wmv": 14183, "wdn": 28, "wdt": 13, "wdd": 100, "wdv": 17, "tlv": "Pennsylvania"}