{"loc": "Adams", "iso": "US", "l1": "United States", "l2": "Pennsylvania", "lvl": 3, "pop": 103009, "key": 10020, "isd": true, "ppd": 35.608000000000004, "med": 38.3, "p65": 15.413, "p70": 9.732000000000001, "hos": 2.77, "exp": 78.86, "adr": 2.0, "amn": 127523.0, "amv": 1255502.0, "amd": 2126.0, "amt": 1436896.0, "tmn": [262, 485, 524, 407, 495, 194, 349, 378, 553, 495, 553, 611, 446, 232, 398, 495, 407, 485, 398, 398, 271], "tmv": [2423, 2905, 2661, 3390, 3489, 0, 0, 0, 2411, 3257, 3418, 2659, 2485, 1614, 1945, 2278, 2491, 2890, 2710, 2395, 0], "tmd": [10, 49, 10, 0, 0, 0, 0, 0, 39, 0, 10, 0, 0, 0, 39, 20, 0, 10, 10, 0, 0], "wmn": 2855, "wmt": 22969, "wmd": 78, "wmv": 14714, "wdn": -13, "wdt": -2, "wdd": 60, "wdv": -7, "tlv": "Pennsylvania"}