{"loc": "Adjuntas", "iso": "PR", "l1": "United States", "l2": "Puerto Rico", "lvl": 3, "pop": 17363, "key": 10024, "isd": true, "ppd": 35.608000000000004, "med": 38.3, "p65": 15.413, "p70": 9.732000000000001, "hos": 2.77, "exp": 78.86, "adr": 0.0, "amn": 22692.0, "amv": 435440.0, "amd": 0.0, "amt": 130151.0, "tmn": [0, 172, 0, 172, 0, 0, 0, 57, 0, 0, 0, 57, 57, 0, 0, 0, 0, 57, 57, 115, 230], "tmv": [5275, 4864, 6157, 7535, 8875, 13887, 4118, 6135, 5026, 6980, 8171, 7842, 9493, 9226, 6156, 5181, 6849, 8594, 10257, 10611, 9961], "tmd": [0, 0, 0, 0, 0, 0, 0, 0, 0, 0, 0, 0, 0, 0, 0, 0, 0, 0, 0, 0, 0], "wmn": 461, "wmt": 130152, "wmd": 0, "wmv": 57613, "wdn": 167, "wdt": 0, "wdd": 0, "wdv": 9, "tlv": "Puerto Rico"}