{"loc": "Adygea Republic", "iso": "RU", "l1": "Russia", "l2": "Adygea Republic", "lvl": 2, "pop": 453376, "key": 10025, "isd": true, "ppd": 8.823, "med": 39.6, "p65": 14.177999999999999, "p70": 9.392999999999999, "hos": 8.05, "exp": 72.58, "adr": 1.0, "amn": 29913.0, "amv": 26724.0, "amd": 302.0, "amt": 734011.0, "tmn": [110, 105, 112, 101, 108, 99, 103, 88, 83, 86, 88, 81, 77, 83, 72, 74, 63, 66, 59, 68, 63], "tmv": [0, 0, 0, 0, 0, 0, 0, 0, 0, 0, 0, 0, 0, 0, 0, 0, 0, 0, 0, 0, 0], "tmd": [3, 3, 5, 0, 0, 5, 0, 5, 3, 0, 7, 3, 5, 0, 5, 0, 5, 3, 5, 0, 5], "wmn": 470, "wmt": 4793, "wmd": 20, "wmv": 0, "wdn": -20, "wdt": -38, "wdd": 0, "wdv": 0, "tlv": "Russia"}