{"loc": "Adygea Republic", "iso": "RU", "l1": "Russia", "l2": "Adygea Republic", "lvl": 2, "pop": 453376, "key": 10025, "isd": true, "ppd": 8.823, "med": 39.6, "p65": 14.177999999999999, "p70": 9.392999999999999, "hos": 8.05, "exp": 72.58, "adr": 1.0, "amn": 30377.0, "amv": 26724.0, "amd": 329.0, "amt": 755608.0, "tmn": [77, 83, 72, 74, 63, 66, 59, 68, 63, 59, 57, 52, 46, 41, 33, 33, 39, 35, 24, 15, 24], "tmv": [0, 0, 0, 0, 0, 0, 0, 0, 0, 0, 0, 0, 0, 0, 0, 0, 0, 0, 0, 0, 0], "tmd": [5, 0, 5, 0, 5, 3, 5, 0, 5, 0, 5, 0, 0, 5, 7, 0, 0, 0, 5, 0, 7], "wmn": 206, "wmt": 8208, "wmd": 18, "wmv": 0, "wdn": -47, "wdt": -47, "wdd": 33, "wdv": 0, "tlv": "Russia"}