{"loc": "Ahmednagar", "iso": "IN", "l1": "India", "l2": "Maharashtra", "lvl": 3, "pop": 4543083, "key": 10034, "isd": true, "ppd": 450.41900000000004, "med": 28.2, "p65": 5.989, "p70": 3.4139999999999997, "hos": 0.53, "exp": 69.66, "adr": 1.0, "amn": 30137.0, "amv": 89748.0, "amd": 351.0, "amt": 195509.0, "tmn": [232, 357, 281, 384, 432, 341, 390, 431, 353, 475, 435, 471, 510, 423, 561, 511, 655, 643, 682, 765, 682], "tmv": [1406, 1495, 2660, 3090, 2119, 2264, 2902, 2874, 2261, 2996, 2710, 2550, 2125, 2901, 1917, 2401, 1978, 1966, 1945, 891, 0], "tmd": [2, 3, 2, 3, 1, 1, 1, 3, 1, 4, 1, 2, 3, 4, 4, 7, 7, 8, 12, 20, 9], "wmn": 4503, "wmt": 14239, "wmd": 64, "wmv": 11102, "wdn": 45, "wdt": 9, "wdd": 336, "wdv": -40, "tlv": "Maharashtra"}