{"loc": "Aiken", "iso": "US", "l1": "United States", "l2": "South Carolina", "lvl": 3, "pop": 170872, "key": 10037, "isd": true, "ppd": 35.608000000000004, "med": 38.3, "p65": 15.413, "p70": 9.732000000000001, "hos": 2.77, "exp": 78.86, "adr": 1.0, "amn": 143733.0, "amv": 1157792.0, "amd": 1668.0, "amt": 1622938.0, "tmn": [948, 1234, 0, 0, 2563, 866, 1334, 942, 1188, 0, 0, 2949, 433, 286, 801, 971, 0, 0, 2832, 620, 702], "tmv": [2807, 3250, 3257, 2889, 2103, 1988, 3241, 2538, 4249, 2950, 0, 0, 0, 2913, 2024, 2876, 2739, 2336, 1790, 1886, 0], "tmd": [6, 6, 0, 0, 30, 18, 18, 18, 0, 0, 0, 65, 6, 6, 0, 12, 0, 0, 36, 24, 24], "wmn": 5929, "wmt": 63915, "wmd": 94, "wmv": 13653, "wdn": 2, "wdt": 12, "wdd": 0, "wdv": 8, "tlv": "South Carolina"}