{"loc": "Alachua", "iso": "US", "l1": "United States", "l2": "Florida", "lvl": 3, "pop": 269043, "key": 10045, "isd": true, "ppd": 35.608000000000004, "med": 38.3, "p65": 15.413, "p70": 9.732000000000001, "hos": 2.77, "exp": 78.86, "adr": 1.0, "amn": 84046.0, "amv": 274237.0, "amd": 899.0, "amt": 1040109.0, "tmn": [211, 271, 163, 215, 148, 115, 78, 159, 115, 163, 78, 96, 130, 63, 152, 170, 200, 159, 122, 40, 48], "tmv": [0, 3221, 4419, 5606, 5173, 5466, 3298, 2593, 4349, 5491, 6616, 7139, 7375, 5050, 5255, 5793, 6168, 7391, 8814, 7404, 0], "tmd": [8, 8, 0, 12, 8, 23, 23, 8, 15, 8, 0, 0, 15, 8, 4, 0, 0, 0, 0, 4, 23], "wmn": 896, "wmt": 25818, "wmd": 30, "wmv": 40829, "wdn": 11, "wdt": -7, "wdd": -43, "wdv": 6, "tlv": "Florida"}