{"loc": "Alachua", "iso": "US", "l1": "United States", "l2": "Florida", "lvl": 3, "pop": 269043, "key": 10045, "isd": true, "ppd": 35.608000000000004, "med": 38.3, "p65": 15.413, "p70": 9.732000000000001, "hos": 2.77, "exp": 78.86, "adr": 1.0, "amn": 89614.0, "amv": 624865.0, "amd": 981.0, "amt": 1016592.0, "tmn": [126, 37, 208, 144, 230, 245, 196, 107, 85, 126, 107, 223, 200, 208, 130, 29, 159, 167, 170, 189, 141], "tmv": [9961, 7133, 5431, 8106, 10192, 12065, 12389, 10214, 6477, 4262, 8755, 10329, 12013, 14052, 10864, 8027, 7863, 7615, 10699, 12037, 10893], "tmd": [0, 4, 0, 0, 0, 0, 0, 0, 0, 0, 0, 0, 8, 0, 4, 0, 0, 0, 0, 4, 4], "wmn": 989, "wmt": 19878, "wmd": 12, "wmv": 68002, "wdn": -7, "wdt": 1, "wdd": 50, "wdv": 3, "tlv": "Florida"}