{"loc": "Ajmer", "iso": "IN", "l1": "India", "l2": "Rajasthan", "lvl": 3, "pop": 2584913, "key": 10041, "isd": true, "ppd": 450.41900000000004, "med": 28.2, "p65": 5.989, "p70": 3.4139999999999997, "hos": 0.53, "exp": 69.66, "adr": 1.0, "amn": 6637.0, "amv": 8278.0, "amd": 86.0, "amt": 76781.0, "tmn": [0, 1, 1, 0, 3, 8, 5, 5, 1, 1, 1, 2, 0, 0, 0, 1, 2, 4, 1, 0, 1], "tmv": [225, 369, 331, 259, 26, 323, 255, 293, 353, 335, 61, 0, 0, 246, 238, 478, 437, 281, 178, 245, 0], "tmd": [0, 0, 0, 0, 0, 0, 0, 0, 0, 0, 0, 0, 0, 0, 0, 0, 0, 0, 0, 0, 0], "wmn": 13, "wmt": 1359, "wmd": 0, "wmv": 1860, "wdn": -22, "wdt": -8, "wdd": 0, "wdv": 44, "tlv": "Rajasthan"}