{"loc": "Akola", "iso": "IN", "l1": "India", "l2": "Maharashtra", "lvl": 3, "pop": 1818617, "key": 10043, "isd": true, "ppd": 450.41900000000004, "med": 28.2, "p65": 5.989, "p70": 3.4139999999999997, "hos": 0.53, "exp": 69.66, "adr": 2.0, "amn": 18777.0, "amv": 88857.0, "amd": 295.0, "amt": 191490.0, "tmn": [263, 84, 87, 229, 249, 223, 174, 125, 257, 147, 99, 190, 197, 197, 164, 229, 155, 155, 240, 238, 130], "tmv": [188, 422, 1406, 1495, 2660, 3090, 2119, 2264, 2902, 2874, 2261, 2996, 2710, 2550, 2125, 2901, 1917, 2401, 1978, 1966, 1945], "tmd": [4, 2, 1, 2, 2, 0, 3, 2, 2, 2, 2, 3, 3, 4, 2, 4, 5, 6, 3, 2, 4], "wmn": 1315, "wmt": 14046, "wmd": 23, "wmv": 15238, "wdn": 8, "wdt": 15, "wdd": 64, "wdv": -18, "tlv": "Maharashtra"}