{"loc": "Alcorn", "iso": "US", "l1": "United States", "l2": "Mississippi", "lvl": 3, "pop": 36953, "key": 10058, "isd": true, "ppd": 35.608000000000004, "med": 38.3, "p65": 15.413, "p70": 9.732000000000001, "hos": 2.77, "exp": 78.86, "adr": 2.0, "amn": 84080.0, "amv": 749030.0, "amd": 1840.0, "amt": 634277.0, "tmn": [81, 135, 81, 162, 487, 54, 27, 108, 108, 216, 324, 0, 0, 432, 324, 324, 189, 189, 0, 0, 270], "tmv": [7863, 7615, 10699, 12037, 10893, 10729, 6600, 5484, 7781, 9092, 10242, 10071, 9169, 6395, 4975, 6773, 8259, 8496, 10027, 6458, 3608], "tmd": [28, 0, 0, 0, 28, 0, 0, 0, 28, 0, 0, 0, 0, 0, 0, 28, 0, 0, 0, 0, 0], "wmn": 1299, "wmt": 4847, "wmd": 28, "wmv": 48600, "wdn": 9, "wdt": 2, "wdd": 0, "wdv": -17, "tlv": "Mississippi"}