{"loc": "Albany", "iso": "US", "l1": "United States", "l2": "Wyoming", "lvl": 3, "pop": 38880, "key": 10054, "isd": true, "ppd": 35.608000000000004, "med": 38.3, "p65": 15.413, "p70": 9.732000000000001, "hos": 2.77, "exp": 78.86, "adr": 0.0, "amn": 109722.0, "amv": 749030.0, "amd": 283.0, "amt": 1254491.0, "tmn": [360, 77, 231, 360, 0, 0, 462, 282, 180, 385, 360, 0, 0, 360, 205, 334, 154, 437, 0, 0, 617], "tmv": [7863, 7615, 10699, 12037, 10893, 10729, 6600, 5484, 7781, 9092, 10242, 10071, 9169, 6395, 4975, 6773, 8259, 8496, 10027, 6458, 3608], "tmd": [0, 0, 0, 0, 0, 0, 0, 0, 0, 0, 0, 0, 0, 0, 0, 0, 0, 0, 0, 0, 0], "wmn": 1749, "wmt": 15161, "wmd": 0, "wmv": 48600, "wdn": 11, "wdt": -1, "wdd": 0, "wdv": -17, "tlv": "Wyoming"}