{"loc": "Alaska", "iso": "US", "l1": "United States", "l2": "Alaska", "lvl": 2, "pop": 731545, "key": 10051, "isd": true, "ppd": 35.608000000000004, "med": 38.3, "p65": 15.413, "p70": 9.732000000000001, "hos": 2.77, "exp": 78.86, "adr": 1.0, "amn": 116011.0, "amv": 1102595.0, "amd": 584.0, "amt": 3641486.0, "tmn": [467, 518, 455, 0, 0, 1168, 355, 0, 1071, 462, 0, 0, 1451, 617, 909, 936, 641, 0, 0, 1525, 813], "tmv": [2201, 2622, 2492, 2548, 2348, 1615, 1875, 1986, 1986, 2786, 3007, 2017, 2605, 1830, 2139, 3106, 3068, 3187, 2953, 1851, 0], "tmd": [3, 7, 0, 0, 0, 2, 2, 0, 5, 0, 0, 0, 0, 7, 6, 0, 3, 0, 0, 0, 18], "wmn": 4826, "wmt": 80868, "wmd": 26, "wmv": 16308, "wdn": 34, "wdt": 18, "wdd": 138, "wdv": 1, "tlv": "Alaska"}