{"loc": "Alexander", "iso": "US", "l1": "United States", "l2": "North Carolina", "lvl": 3, "pop": 37497, "key": 10062, "isd": true, "ppd": 35.608000000000004, "med": 38.3, "p65": 15.413, "p70": 9.732000000000001, "hos": 2.77, "exp": 78.86, "adr": 2.0, "amn": 143665.0, "amv": 1136653.0, "amd": 2560.0, "amt": 1363994.0, "tmn": [1520, 80, 1013, 960, 266, 0, 0, 2240, 586, 320, 1333, 640, 0, 0, 2906, 400, 1386, 1146, 533, 0, 0], "tmv": [2605, 1830, 2139, 3106, 3068, 3187, 2953, 1851, 1966, 2813, 2807, 3250, 3257, 2889, 2103, 1988, 3241, 2538, 4249, 2950, 0], "tmd": [0, 0, 0, 81, 0, 0, 0, 0, 54, 0, 107, 0, 0, 0, 27, 27, 0, 0, 0, 0, 0], "wmn": 6374, "wmt": 33054, "wmd": 54, "wmv": 17074, "wdn": 24, "wdt": 10, "wdd": -67, "wdv": -9, "tlv": "North Carolina"}