{"loc": "Alexander", "iso": "US", "l1": "United States", "l2": "Illinois", "lvl": 3, "pop": 5761, "key": 10061, "isd": true, "ppd": 35.608000000000004, "med": 38.3, "p65": 15.413, "p70": 9.732000000000001, "hos": 2.77, "exp": 78.86, "adr": 2.0, "amn": 144940.0, "amv": 1476857.0, "amd": 2257.0, "amt": 3274127.0, "tmn": [0, 0, 0, 0, 347, 0, 520, 867, 173, 0, 0, 867, 520, 694, 867, 173, 0, 0, 173, 520, 347], "tmv": [70, 3476, 2565, 1693, 4764, 5451, 6033, 6077, 6801, 4120, 2054, 5104, 5248, 5184, 4986, 5175, 2683, 957, 367, 0, 0], "tmd": [0, 0, 0, 0, 0, 0, 0, 0, 0, 0, 0, 0, 0, 0, 0, 0, 0, 0, 0, 0, 0], "wmn": 2083, "wmt": 98752, "wmd": 0, "wmv": 14171, "wdn": -33, "wdt": 12, "wdd": 0, "wdv": -59, "tlv": "Illinois"}