{"loc": "Allegheny", "iso": "US", "l1": "United States", "l2": "Pennsylvania", "lvl": 3, "pop": 1216045, "key": 10076, "isd": true, "ppd": 35.608000000000004, "med": 38.3, "p65": 15.413, "p70": 9.732000000000001, "hos": 2.77, "exp": 78.86, "adr": 2.0, "amn": 62867.0, "amv": 220982.0, "amd": 1410.0, "amt": 810717.0, "tmn": [213, 156, 333, 196, 222, 207, 251, 174, 149, 163, 176, 203, 211, 234, 217, 90, 225, 205, 184, 338, 257], "tmv": [6595, 3662, 2393, 4746, 4917, 6132, 6772, 6806, 0, 0, 3221, 4419, 5606, 5173, 5466, 3298, 2593, 4349, 5491, 6616, 7139], "tmd": [5, 0, 8, 7, 10, 9, 11, 1, 2, 1, 10, 7, 8, 9, 0, 4, 7, 6, 4, 6, 0], "wmn": 1519, "wmt": 24060, "wmd": 25, "wmv": 34956, "wdn": 16, "wdt": 14, "wdd": -29, "wdv": 39, "tlv": "Pennsylvania"}