{"loc": "Alleghany", "iso": "US", "l1": "United States", "l2": "North Carolina", "lvl": 3, "pop": 11137, "key": 10074, "isd": true, "ppd": 35.608000000000004, "med": 38.3, "p65": 15.413, "p70": 9.732000000000001, "hos": 2.77, "exp": 78.86, "adr": 0.0, "amn": 80991.0, "amv": 186027.0, "amd": 359.0, "amt": 956440.0, "tmn": [269, 359, 897, 179, 269, 0, 1077, 448, 269, 269, 179, 269, 179, 538, 269, 89, 538, 89, 179, 269, 89], "tmv": [3336, 1695, 3330, 4023, 4903, 6734, 6595, 3662, 2393, 4746, 4917, 6132, 6772, 6806, 0, 0, 3221, 4419, 5606, 5173, 0], "tmd": [0, 0, 0, 0, 0, 0, 0, 0, 0, 0, 0, 0, 0, 0, 0, 0, 0, 0, 0, 0, 0], "wmn": 1527, "wmt": 29475, "wmd": 0, "wmv": 18422, "wdn": -29, "wdt": -15, "wdd": 0, "wdv": -48, "tlv": "North Carolina"}