{"loc": "Allegany", "iso": "US", "l1": "United States", "l2": "New York", "lvl": 3, "pop": 46091, "key": 10073, "isd": true, "ppd": 35.608000000000004, "med": 38.3, "p65": 15.413, "p70": 9.732000000000001, "hos": 2.77, "exp": 78.86, "adr": 2.0, "amn": 84528.0, "amv": 1157792.0, "amd": 1974.0, "amt": 3462934.0, "tmn": [151, 303, 0, 325, 86, 173, 130, 238, 368, 412, 151, 195, 130, 173, 173, 520, 282, 412, 282, 303, 151], "tmv": [2807, 3250, 3257, 2889, 2103, 1988, 3241, 2538, 4249, 2950, 0, 0, 0, 2913, 2024, 2876, 2739, 2336, 1790, 1886, 0], "tmd": [0, 0, 0, 22, 0, 0, 0, 22, 0, 0, 0, 0, 0, 0, 22, 0, 0, 0, 0, 0, 0], "wmn": 2127, "wmt": 55904, "wmd": 22, "wmv": 13653, "wdn": 27, "wdt": 11, "wdd": 0, "wdv": 8, "tlv": "New York"}