{"loc": "Allegany", "iso": "US", "l1": "United States", "l2": "New York", "lvl": 3, "pop": 46091, "key": 10073, "isd": true, "ppd": 35.608000000000004, "med": 38.3, "p65": 15.413, "p70": 9.732000000000001, "hos": 2.77, "exp": 78.86, "adr": 3.0, "amn": 66130.0, "amv": 478369.0, "amd": 1779.0, "amt": 2322238.0, "tmn": [260, 21, 43, 65, 65, 108, 21, 108, 108, 65, 86, 21, 130, 108, 65, 173, 65, 86, 238, 260, 151], "tmv": [13887, 4118, 6135, 5026, 6980, 8171, 7842, 9493, 9226, 6156, 5181, 6849, 8594, 10257, 10611, 9961, 7133, 5431, 8106, 10192, 12065], "tmd": [0, 0, 0, 0, 0, 0, 0, 0, 0, 0, 0, 0, 0, 0, 0, 0, 0, 0, 0, 0, 0], "wmn": 1042, "wmt": 82538, "wmd": 0, "wmv": 63503, "wdn": 66, "wdt": 3, "wdd": 0, "wdv": 14, "tlv": "New York"}