{"loc": "Allegheny", "iso": "US", "l1": "United States", "l2": "Pennsylvania", "lvl": 3, "pop": 1216045, "key": 10076, "isd": true, "ppd": 35.608000000000004, "med": 38.3, "p65": 15.413, "p70": 9.732000000000001, "hos": 2.77, "exp": 78.86, "adr": 2.0, "amn": 80751.0, "amv": 752032.0, "amd": 1570.0, "amt": 1026725.0, "tmn": [1086, 331, 403, 333, 185, 166, 319, 279, 245, 287, 301, 178, 77, 213, 199, 175, 300, 222, 196, 176, 182], "tmv": [7615, 10699, 12037, 10893, 10729, 6600, 5484, 7781, 9092, 10242, 10071, 9169, 6395, 4975, 6773, 8259, 8496, 10027, 6458, 3608, 3001], "tmd": [6, 0, 5, 3, 1, 0, 7, 1, 0, 3, 1, 2, 0, 1, 5, 3, 3, 2, 2, 0, 7], "wmn": 1455, "wmt": 23049, "wmd": 19, "wmv": 46626, "wdn": -8, "wdt": -5, "wdd": 188, "wdv": -19, "tlv": "Pennsylvania"}