{"loc": "Allen", "iso": "US", "l1": "United States", "l2": "Indiana", "lvl": 3, "pop": 379299, "key": 10077, "isd": true, "ppd": 35.608000000000004, "med": 38.3, "p65": 15.413, "p70": 9.732000000000001, "hos": 2.77, "exp": 78.86, "adr": 2.0, "amn": 110686.0, "amv": 1008740.0, "amd": 1830.0, "amt": 1621797.0, "tmn": [23, 55, 0, 47, 29, 39, 34, 36, 0, 0, 60, 34, 55, 36, 52, 0, 0, 0, 139, 52, 147], "tmv": [3276, 3244, 2575, 1851, 1965, 1967, 2474, 1554, 2803, 3655, 3299, 2241, 4154, 4949, 1994, 3524, 1923, 0, 0, 1326, 2107], "tmd": [0, 3, 0, 0, 0, 3, 0, 0, 0, 0, 0, 0, 0, 0, 0, 0, 0, 0, 0, 3, 0], "wmn": 393, "wmt": 9516, "wmd": 3, "wmv": 10877, "wdn": 75, "wdt": -22, "wdd": 0, "wdv": -52, "tlv": "Indiana"}