{"loc": "Allegheny", "iso": "US", "l1": "United States", "l2": "Pennsylvania", "lvl": 3, "pop": 1216045, "key": 10076, "isd": true, "ppd": 35.608000000000004, "med": 38.3, "p65": 15.413, "p70": 9.732000000000001, "hos": 2.77, "exp": 78.86, "adr": 2.0, "amn": 105652.0, "amv": 1242734.0, "amd": 1876.0, "amt": 1418618.0, "tmn": [296, 383, 167, 448, 285, 161, 387, 442, 428, 354, 273, 208, 287, 356, 388, 405, 313, 232, 271, 180, 226], "tmv": [2784, 2570, 2833, 3777, 2988, 2423, 2905, 2661, 3390, 3489, 0, 0, 0, 2411, 3257, 3418, 2659, 2485, 1614, 1945, 0], "tmd": [4, 1, 7, 2, 1, 8, 10, 5, 7, 0, 0, 0, 14, 14, 6, 7, 0, 0, 5, 4, 12], "wmn": 2019, "wmt": 23013, "wmd": 33, "wmv": 15382, "wdn": -14, "wdt": -9, "wdd": -15, "wdv": 29, "tlv": "Pennsylvania"}