{"loc": "Allegany", "iso": "US", "l1": "United States", "l2": "Maryland", "lvl": 3, "pop": 70416, "key": 10072, "isd": true, "ppd": 35.608000000000004, "med": 38.3, "p65": 15.413, "p70": 9.732000000000001, "hos": 2.77, "exp": 78.86, "adr": 3.0, "amn": 98032.0, "amv": 798663.0, "amd": 2940.0, "amt": 1645786.0, "tmn": [198, 255, 284, 71, 42, 14, 113, 213, 170, 71, 284, 71, 85, 113, 113, 42, 184, 127, 28, 42, 71], "tmv": [7781, 9092, 10242, 10071, 9169, 6395, 4975, 6773, 8259, 8496, 10027, 6458, 3608, 3001, 5456, 7305, 8515, 7794, 7192, 5713, 4653], "tmd": [15, 0, 0, 0, 0, 0, 0, 15, 0, 0, 0, 0, 0, 0, 0, 0, 0, 0, 0, 0, 0], "wmn": 611, "wmt": 29873, "wmd": 0, "wmv": 46632, "wdn": -39, "wdt": -10, "wdd": -100, "wdv": 0, "tlv": "Maryland"}