{"loc": "Altai Republic", "iso": "RU", "l1": "Russia", "l2": "Altai Republic", "lvl": 2, "pop": 218063, "key": 10087, "isd": true, "ppd": 8.823, "med": 39.6, "p65": 14.177999999999999, "p70": 9.392999999999999, "hos": 8.05, "exp": 72.58, "adr": 1.0, "amn": 74203.0, "amv": 26724.0, "amd": 720.0, "amt": 755608.0, "tmn": [210, 206, 87, 119, 188, 201, 174, 151, 100, 18, 68, 174, 183, 146, 119, 64, 73, 50, 4, 96, 128], "tmv": [0, 0, 0, 0, 0, 0, 0, 0, 0, 0, 0, 0, 0, 0, 0, 0, 0, 0, 0, 0, 0], "tmd": [0, 0, 0, 10, 10, 5, 0, 10, 5, 0, 0, 0, 10, 5, 0, 0, 14, 14, 10, 5, 10], "wmn": 537, "wmt": 8208, "wmd": 51, "wmv": 0, "wdn": -36, "wdt": -47, "wdd": 83, "wdv": 0, "tlv": "Russia"}