{"loc": "Allen", "iso": "US", "l1": "United States", "l2": "Ohio", "lvl": 3, "pop": 102351, "key": 10081, "isd": true, "ppd": 35.608000000000004, "med": 38.3, "p65": 15.413, "p70": 9.732000000000001, "hos": 2.77, "exp": 78.86, "adr": 2.0, "amn": 104640.0, "amv": 194792.0, "amd": 2257.0, "amt": 841028.0, "tmn": [273, 390, 224, 273, 146, 58, 107, 175, 361, 429, 185, 156, 117, 175, 87, 107, 234, 58, 58, 87, 97], "tmv": [3330, 4023, 4903, 6734, 6595, 3662, 2393, 4746, 4917, 6132, 6772, 6806, 0, 0, 3221, 4419, 5606, 5173, 5466, 3298, 0], "tmd": [0, 10, 0, 0, 0, 20, 20, 0, 0, 0, 0, 0, 0, 0, 0, -19, 10, 10, 10, 0, 0], "wmn": 733, "wmt": 15070, "wmd": 10, "wmv": 27187, "wdn": -54, "wdt": -29, "wdd": 0, "wdv": -7, "tlv": "Ohio"}