{"loc": "Allen", "iso": "US", "l1": "United States", "l2": "Ohio", "lvl": 3, "pop": 102351, "key": 10081, "isd": true, "ppd": 35.608000000000004, "med": 38.3, "p65": 15.413, "p70": 9.732000000000001, "hos": 2.77, "exp": 78.86, "adr": 2.0, "amn": 110912.0, "amv": 635594.0, "amd": 2237.0, "amt": 988890.0, "tmn": [185, 87, 175, 156, 175, 0, 175, 48, 166, 341, 166, 185, 87, 195, 205, 146, 214, 87, 156, 48, 185], "tmv": [5431, 8106, 10192, 12065, 12389, 10214, 6477, 4262, 8755, 10329, 12013, 14052, 10864, 8027, 7863, 7615, 10699, 12037, 10893, 10729, 0], "tmd": [0, 0, 0, 0, 0, 0, 0, 0, 0, 0, 0, 0, 0, 0, 0, 0, 0, 0, 0, 0, 0], "wmn": 1046, "wmt": 18759, "wmd": 0, "wmv": 59839, "wdn": -12, "wdt": -8, "wdd": 0, "wdv": -12, "tlv": "Ohio"}