{"loc": "Allendale", "iso": "US", "l1": "United States", "l2": "South Carolina", "lvl": 3, "pop": 8688, "key": 10082, "isd": true, "ppd": 35.608000000000004, "med": 38.3, "p65": 15.413, "p70": 9.732000000000001, "hos": 2.77, "exp": 78.86, "adr": 1.0, "amn": 116252.0, "amv": 0.0, "amd": 1727.0, "amt": 1378752.0, "tmn": [115, 115, 0, 0, 575, 115, 230, 0, 115, 0, 0, 1381, 115, 460, 345, 460, 0, 0, 1151, 115, 345], "tmv": [0, 0, 0, 0, 0, 0, 0, 0, 0, 0, 0, 0, 0, 0, 0, 0, 0, 0, 0, 0, 0], "tmd": [0, 0, 0, 0, 0, 0, 0, 0, 0, 0, 0, 0, 0, 0, 0, 0, 0, 0, 0, 0, 0], "wmn": 2418, "wmt": 22019, "wmd": 0, "wmv": 0, "wdn": 17, "wdt": 3, "wdd": 0, "wdv": 0, "tlv": "South Carolina"}