{"loc": "Altai Republic", "iso": "RU", "l1": "Russia", "l2": "Altai Republic", "lvl": 2, "pop": 218063, "key": 10087, "isd": true, "ppd": 8.823, "med": 39.6, "p65": 14.177999999999999, "p70": 9.392999999999999, "hos": 8.05, "exp": 72.58, "adr": 2.0, "amn": 94748.0, "amv": 548274.0, "amd": 1426.0, "amt": 1225015.0, "tmn": [192, 224, 206, 215, 215, 188, 105, 210, 197, 206, 192, 137, 165, 110, 123, 165, 169, 160, 165, 155, 41], "tmv": [4588, 4342, 16373, 12761, 1839, 2367, 3364, 2913, 4230, 4348, 5346, 2355, 1065, 4247, 3262, 2590, 4789, 2488, 1476, 2077, 0], "tmd": [10, 10, 10, 5, 5, 10, 10, 10, 5, 10, 5, 0, 0, 10, 5, 10, 10, 5, 0, 10, 10], "wmn": 982, "wmt": 0, "wmd": 46, "wmv": 16684, "wdn": -20, "wdt": 0, "wdd": 25, "wdv": -32, "tlv": "Russia"}