{"loc": "Altai Krai", "iso": "RU", "l1": "Russia", "l2": "Altai Krai", "lvl": 2, "pop": 2350080, "key": 10086, "isd": true, "ppd": 8.823, "med": 39.6, "p65": 14.177999999999999, "p70": 9.392999999999999, "hos": 8.05, "exp": 72.58, "adr": 5.0, "amn": 23738.0, "amv": 303684.0, "amd": 1075.0, "amt": 1044074.0, "tmn": [32, 35, 38, 41, 42, 46, 50, 55, 60, 65, 70, 75, 73, 75, 78, 82, 84, 83, 82, 84, 90], "tmv": [4817, 2839, 2956, 907, 2306, 5107, 417, 6346, 4336, 3392, 2343, 2283, 3803, 4793, 5806, 6485, 4305, 2607, 1389, 8802, 0], "tmd": [2, 2, 3, 2, 2, 4, 5, 2, 3, 2, 3, 3, 4, 4, 4, 4, 6, 4, 5, 7, 6], "wmn": 587, "wmt": 15384, "wmd": 32, "wmv": 29397, "wdn": 23, "wdt": -29, "wdd": 74, "wdv": 8, "tlv": "Russia"}