{"loc": "Ambala", "iso": "IN", "l1": "India", "l2": "Haryana", "lvl": 3, "pop": 1136784, "key": 10094, "isd": true, "ppd": 450.41900000000004, "med": 28.2, "p65": 5.989, "p70": 3.4139999999999997, "hos": 0.53, "exp": 69.66, "adr": 1.0, "amn": 13558.0, "amv": 73619.0, "amd": 150.0, "amt": 232524.0, "tmn": [65, 79, 103, 128, 75, 92, 146, 122, 80, 95, 92, 106, 111, 121, 100, 162, 93, 113, 175, 65, 108], "tmv": [334, 2484, 1700, 1669, 1709, 1887, 1565, 188, 422, 1406, 1495, 2660, 3090, 2119, 2264, 2902, 2874, 2261, 2996, 2710, 2550], "tmd": [1, 0, 0, 2, 0, 0, 2, 1, 0, 2, 0, 0, 0, 3, 1, 1, 2, 1, 2, 0, 2], "wmn": 819, "wmt": 7642, "wmd": 8, "wmv": 18562, "wdn": 12, "wdt": 39, "wdd": 50, "wdv": 63, "tlv": "Haryana"}