{"loc": "Amelia", "iso": "US", "l1": "United States", "l2": "Virginia", "lvl": 3, "pop": 13145, "key": 10096, "isd": true, "ppd": 35.608000000000004, "med": 38.3, "p65": 15.413, "p70": 9.732000000000001, "hos": 2.77, "exp": 78.86, "adr": 2.0, "amn": 56447.0, "amv": 170827.0, "amd": 913.0, "amt": 665435.0, "tmn": [304, 304, 152, 456, 532, 76, 228, 988, 1141, 532, 0, 152, 988, 380, 456, 684, 304, 76, 152, 456, 152], "tmv": [5132, 5139, 4690, 3336, 1695, 3330, 4023, 4903, 6734, 6595, 3662, 2393, 4746, 4917, 6132, 6772, 6806, 0, 0, 3221, 0], "tmd": [0, 0, 0, 0, 77, 77, 0, 0, 0, 0, 0, 0, 0, 0, 0, 0, 0, 0, 0, 0, 0], "wmn": 2283, "wmt": 18874, "wmd": 0, "wmv": 22933, "wdn": -45, "wdt": -20, "wdd": 0, "wdv": -32, "tlv": "Virginia"}