{"loc": "Anantnag", "iso": "IN", "l1": "India", "l2": "Jammu and Kashmir", "lvl": 3, "pop": 1070144, "key": 10108, "isd": true, "ppd": 450.41900000000004, "med": 28.2, "p65": 5.989, "p70": 3.4139999999999997, "hos": 0.53, "exp": 69.66, "adr": 1.0, "amn": 10429.0, "amv": 130178.0, "amd": 123.0, "amt": 577009.0, "tmn": [92, 100, 86, 133, 149, 213, 223, 267, 207, 135, 389, 238, 293, 530, 535, 387, 125, 185, 217, 284, 90], "tmv": [0, 0, 2420, 1705, 1575, 1605, 1977, 1179, 424, 1355, 1209, 1580, 1936, 1874, 1669, 587, 2024, 2002, 1581, 1678, 930], "tmd": [0, 1, 2, 1, 2, 1, 2, 1, 0, 0, 0, 1, 3, 3, 1, 0, 2, 6, 2, 0, 3], "wmn": 1826, "wmt": 21558, "wmd": 14, "wmv": 10476, "wdn": -11, "wdt": 1, "wdd": 75, "wdv": 10, "tlv": "Jammu and Kashmir"}