{"loc": "Amritsar", "iso": "IN", "l1": "India", "l2": "Punjab", "lvl": 3, "pop": 2490891, "key": 10103, "isd": true, "ppd": 450.41900000000004, "med": 28.2, "p65": 5.989, "p70": 3.4139999999999997, "hos": 0.53, "exp": 69.66, "adr": 3.0, "amn": 14095.0, "amv": 114312.0, "amd": 414.0, "amt": 249182.0, "tmn": [146, 165, 143, 297, 137, 149, 116, 185, 289, 154, 228, 166, 173, 201, 191, 207, 91, 138, 169, 270, 374], "tmv": [1978, 1966, 1945, 891, 2374, 0, 0, 2252, 0, 0, 0, 2420, 1705, 1575, 1605, 1977, 1179, 424, 1355, 1209, 0], "tmd": [5, 3, 3, 5, 5, 3, 5, 5, 4, 5, 4, 5, 7, 8, 6, 7, 4, 7, 6, 7, 8], "wmn": 1444, "wmt": 13367, "wmd": 41, "wmv": 7752, "wdn": 3, "wdt": 11, "wdd": 20, "wdv": -3, "tlv": "Punjab"}