{"loc": "Amur Oblast", "iso": "RU", "l1": "Russia", "l2": "Amur Oblast", "lvl": 2, "pop": 798424, "key": 10105, "isd": true, "ppd": 8.823, "med": 39.6, "p65": 14.177999999999999, "p70": 9.392999999999999, "hos": 8.05, "exp": 72.58, "adr": 1.0, "amn": 25743.0, "amv": 26724.0, "amd": 197.0, "amt": 734011.0, "tmn": [111, 112, 106, 103, 108, 103, 110, 105, 100, 95, 90, 75, 61, 56, 52, 43, 45, 46, 42, 48, 53], "tmv": [0, 0, 0, 0, 0, 0, 0, 0, 0, 0, 0, 0, 0, 0, 0, 0, 0, 0, 0, 0, 0], "tmd": [2, 2, 0, 0, 0, 0, 0, 2, 2, 2, 2, 2, 2, 3, 0, 2, 3, 0, 3, 2, 4], "wmn": 334, "wmt": 2056, "wmd": 12, "wmv": 0, "wdn": -43, "wdt": -25, "wdd": 12, "wdv": 0, "tlv": "Russia"}