{"loc": "Anderson", "iso": "US", "l1": "United States", "l2": "Tennessee", "lvl": 3, "pop": 76978, "key": 10117, "isd": true, "ppd": 35.608000000000004, "med": 38.3, "p65": 15.413, "p70": 9.732000000000001, "hos": 2.77, "exp": 78.86, "adr": 2.0, "amn": 153797.0, "amv": 1170335.0, "amd": 2481.0, "amt": 1409949.0, "tmn": [935, 1753, 415, 805, 0, 0, 0, 4624, 480, 714, 714, 0, 0, 3949, 1026, 584, 753, 1104, 0, 0, 2091], "tmv": [1988, 3241, 2538, 4249, 2950, 0, 0, 0, 2913, 2024, 2876, 2739, 2336, 1790, 1886, 2554, 2257, 2903, 2781, 2047, 0], "tmd": [0, 0, 0, 13, 0, 0, 0, 0, 0, 0, 0, 0, 0, 13, 52, 13, 0, 0, 0, 0, 0], "wmn": 5561, "wmt": 32732, "wmd": 65, "wmv": 14431, "wdn": -47, "wdt": 0, "wdd": 400, "wdv": -2, "tlv": "Tennessee"}