{"loc": "Andaman and Nicobar Islands", "iso": "IN", "l1": "India", "l2": "Andaman and Nicobar Islands", "lvl": 2, "pop": 417036, "key": 10113, "isd": true, "ppd": 450.41900000000004, "med": 28.2, "p65": 5.989, "p70": 3.4139999999999997, "hos": 0.53, "exp": 69.66, "adr": 2.0, "amn": 18128.0, "amv": 426616.0, "amd": 309.0, "amt": 366851.0, "tmn": [0, 0, 7, 4, 0, 4, 0, 0, 0, 0, 0, 2, 0, 2, 7, 7, 2, 0, 4, 2, 0], "tmv": [4337, 4117, 4203, 1343, 4228, 3319, 3326, 0, 0, 5548, 0, 0, 4348, 4080, 3220, 4789, 2290, 3192, 1063, 4704, 0], "tmd": [0, 0, 0, 0, 0, 0, 0, 0, 0, 0, 0, 0, 0, 0, 0, 0, 0, 0, 0, 0, 0], "wmn": 24, "wmt": 5674, "wmd": 0, "wmv": 19261, "wdn": 400, "wdt": -41, "wdd": 0, "wdv": 38, "tlv": "India"}