{"loc": "Anderson", "iso": "US", "l1": "United States", "l2": "Kentucky", "lvl": 3, "pop": 22747, "key": 10115, "isd": true, "ppd": 35.608000000000004, "med": 38.3, "p65": 15.413, "p70": 9.732000000000001, "hos": 2.77, "exp": 78.86, "adr": 1.0, "amn": 107663.0, "amv": 1144139.0, "amd": 1275.0, "amt": 1429512.0, "tmn": [527, 0, 0, 1186, 219, 1186, 923, 219, 0, 0, 1186, 1494, 1802, 791, 1230, 0, 0, 0, 2154, 1186, 1099], "tmv": [3068, 3187, 2953, 1851, 1966, 2813, 2807, 3250, 3257, 2889, 2103, 1988, 3241, 2538, 4249, 2950, 0, 0, 0, 2913, 0], "tmd": [0, 0, 0, 0, 0, 0, 0, 0, 0, 0, 0, 0, 0, 0, 44, 0, 0, 0, 88, 0, 44], "wmn": 5672, "wmt": 31340, "wmd": 176, "wmv": 10114, "wdn": 3, "wdt": -16, "wdd": 0, "wdv": -48, "tlv": "Kentucky"}