{"loc": "Andhra Pradesh", "iso": "IN", "l1": "India", "l2": "Andhra Pradesh", "lvl": 2, "pop": 53903393, "key": 10119, "isd": true, "ppd": 450.41900000000004, "med": 28.2, "p65": 5.989, "p70": 3.4139999999999997, "hos": 0.53, "exp": 69.66, "adr": 1.0, "amn": 36150.0, "amv": 306823.0, "amd": 245.0, "amt": 328216.0, "tmn": [54, 58, 38, 56, 58, 55, 56, 54, 49, 29, 47, 48, 46, 43, 49, 55, 30, 46, 46, 34, 0], "tmv": [6252, 2230, 2790, 2230, 2726, 7913, 0, 0, 956, 2981, 4514, 2639, 2900, 3153, 3794, 0, 0, 2627, 1723, 4033, 0], "tmd": [1, 1, 1, 1, 1, 1, 1, 1, 1, 1, 1, 1, 1, 1, 1, 1, 1, 1, 1, 1, 0], "wmn": 263, "wmt": 9360, "wmd": 3, "wmv": 12179, "wdn": -18, "wdt": -1, "wdd": -18, "wdv": -29, "tlv": "India"}