{"loc": "Andaman and Nicobar Islands", "iso": "IN", "l1": "India", "l2": "Andaman and Nicobar Islands", "lvl": 2, "pop": 417036, "key": 10113, "isd": true, "ppd": 450.41900000000004, "med": 28.2, "p65": 5.989, "p70": 3.4139999999999997, "hos": 0.53, "exp": 69.66, "adr": 2.0, "amn": 18363.0, "amv": 773660.0, "amd": 309.0, "amt": 440810.0, "tmn": [4, 7, 2, 0, 0, 2, 9, 0, 0, 0, 4, 0, 0, 0, 4, 2, 0, 0, 0, 7, 9], "tmv": [3307, 1780, 2029, 1103, 2651, 1891, 5911, 7453, 4206, 4885, 2675, 6253, 1363, 4855, 4143, 4268, 6702, 4913, 3001, 3639, 0], "tmd": [0, 0, 0, 0, 0, 0, 0, 0, 0, 0, 0, 0, 0, 0, 0, 0, 0, 0, 0, 0, 0], "wmn": 24, "wmt": 4651, "wmd": 0, "wmv": 26670, "wdn": 400, "wdt": -27, "wdd": 0, "wdv": -16, "tlv": "India"}