{"loc": "Anderson", "iso": "US", "l1": "United States", "l2": "Kansas", "lvl": 3, "pop": 7858, "key": 10114, "isd": true, "ppd": 35.608000000000004, "med": 38.3, "p65": 15.413, "p70": 9.732000000000001, "hos": 2.77, "exp": 78.86, "adr": 2.0, "amn": 125350.0, "amv": 1141226.0, "amd": 2672.0, "amt": 561869.0, "tmn": [0, 1018, 0, 0, 0, 890, 509, 0, 509, 0, 0, 763, 0, 1399, 0, 1145, 0, 0, 0, 0, 1781], "tmv": [3106, 3068, 3187, 2953, 1851, 1966, 2813, 2807, 3250, 3257, 2889, 2103, 1988, 3241, 2538, 4249, 2950, 0, 0, 0, 0], "tmd": [0, 128, 0, 0, 0, 0, 0, 0, 0, 0, 0, 0, 0, 0, 0, 0, 0, 0, 0, 0, 128], "wmn": 2927, "wmt": 9111, "wmd": 128, "wmv": 9740, "wdn": 10, "wdt": -13, "wdd": 0, "wdv": -50, "tlv": "Kansas"}