{"loc": "Andhra Pradesh", "iso": "IN", "l1": "India", "l2": "Andhra Pradesh", "lvl": 2, "pop": 53903393, "key": 10119, "isd": true, "ppd": 450.41900000000004, "med": 28.2, "p65": 5.989, "p70": 3.4139999999999997, "hos": 0.53, "exp": 69.66, "adr": 1.0, "amn": 29327.0, "amv": 138927.0, "amd": 188.0, "amt": 345384.0, "tmn": [351, 371, 411, 407, 318, 372, 411, 278, 377, 397, 415, 408, 417, 448, 344, 395, 429, 419, 388, 370, 348], "tmv": [1355, 1209, 1580, 1936, 1874, 1669, 587, 2024, 2002, 1581, 1678, 930, 1375, 511, 1134, 995, 883, 1069, 0, 0, 635], "tmd": [2, 2, 2, 2, 2, 2, 2, 2, 3, 2, 2, 2, 2, 2, 3, 2, 2, 3, 2, 3, 2], "wmn": 2697, "wmt": 11912, "wmd": 14, "wmv": 4720, "wdn": -2, "wdt": 6, "wdd": 13, "wdv": -53, "tlv": "Andhra Pradesh"}