{"loc": "Anderson", "iso": "US", "l1": "United States", "l2": "South Carolina", "lvl": 3, "pop": 202558, "key": 10116, "isd": true, "ppd": 35.608000000000004, "med": 38.3, "p65": 15.413, "p70": 9.732000000000001, "hos": 2.77, "exp": 78.86, "adr": 2.0, "amn": 103319.0, "amv": 290534.0, "amd": 2375.0, "amt": 1016642.0, "tmn": [424, 676, 513, 523, 217, 691, 696, 434, 375, 271, 207, 133, 261, 350, 345, 128, 320, 83, 232, 449, 256], "tmv": [5606, 5173, 5466, 3298, 2593, 4349, 5491, 6616, 7139, 7375, 5050, 5255, 5793, 6168, 7391, 8814, 7404, 5275, 4864, 6157, 0], "tmd": [25, 10, 10, 0, 0, 10, 5, 15, 0, 10, 10, 5, 20, 20, 5, 10, 5, 0, 0, 10, 30], "wmn": 1817, "wmt": 26141, "wmd": 60, "wmv": 39909, "wdn": -11, "wdt": -19, "wdd": -25, "wdv": -8, "tlv": "South Carolina"}