{"loc": "Anderson", "iso": "US", "l1": "United States", "l2": "Tennessee", "lvl": 3, "pop": 76978, "key": 10117, "isd": true, "ppd": 35.608000000000004, "med": 38.3, "p65": 15.413, "p70": 9.732000000000001, "hos": 2.77, "exp": 78.86, "adr": 2.0, "amn": 102536.0, "amv": 197386.0, "amd": 2014.0, "amt": 1000611.0, "tmn": [220, 389, 285, 233, 129, 584, 1195, 675, 272, 610, 402, 428, 493, 415, 207, 298, 272, 194, 129, 142, 246], "tmv": [4023, 4903, 6734, 6595, 3662, 2393, 4746, 4917, 6132, 6772, 6806, 0, 0, 3221, 4419, 5606, 5173, 5466, 3298, 2593, 0], "tmd": [26, 26, 13, 0, 26, 26, 13, -12, 0, 0, 26, 0, 0, 0, 0, 0, 13, 26, 13, 26, 0], "wmn": 1494, "wmt": 11453, "wmd": 78, "wmv": 26559, "wdn": -55, "wdt": -32, "wdd": 500, "wdv": -5, "tlv": "Tennessee"}