{"loc": "Anderson", "iso": "US", "l1": "United States", "l2": "Kentucky", "lvl": 3, "pop": 22747, "key": 10115, "isd": true, "ppd": 35.608000000000004, "med": 38.3, "p65": 15.413, "p70": 9.732000000000001, "hos": 2.77, "exp": 78.86, "adr": 1.0, "amn": 151185.0, "amv": 1255502.0, "amd": 1934.0, "amt": 1620623.0, "tmn": [1714, 835, 835, 703, 0, 0, 1011, 967, 2022, 1406, 2022, 0, 0, 1362, 1055, 1758, 1143, 351, 0, 0, 791], "tmv": [2423, 2905, 2661, 3390, 3489, 0, 0, 0, 2411, 3257, 3418, 2659, 2485, 1614, 1945, 2278, 2491, 2890, 2710, 2395, 0], "tmd": [0, 0, 0, 0, 0, 0, 44, 0, 0, 0, 0, 0, 0, 0, 0, 0, 44, 0, 0, 0, 132], "wmn": 5100, "wmt": 21937, "wmd": 176, "wmv": 14714, "wdn": -34, "wdt": -10, "wdd": 0, "wdv": -7, "tlv": "Kentucky"}