{"loc": "Anderson", "iso": "US", "l1": "United States", "l2": "Texas", "lvl": 3, "pop": 57735, "key": 10118, "isd": true, "ppd": 35.608000000000004, "med": 38.3, "p65": 15.413, "p70": 9.732000000000001, "hos": 2.77, "exp": 78.86, "adr": 2.0, "amn": 104928.0, "amv": 228357.0, "amd": 1853.0, "amt": 674499.0, "tmn": [346, 34, -138, -69, 363, -34, 121, 0, 0, 190, 0, 51, 0, 34, 0, 17, 86, -86, 415, 225, 0], "tmv": [3662, 2393, 4746, 4917, 6132, 6772, 6806, 0, 0, 3221, 4419, 5606, 5173, 5466, 3298, 2593, 4349, 5491, 6616, 7139, 7375], "tmd": [0, 35, 70, 0, 18, 35, 0, 0, 0, 0, 18, 0, 0, 18, 0, 0, 35, 18, 0, 0, 0], "wmn": 659, "wmt": 13514, "wmd": 52, "wmv": 36864, "wdn": 138, "wdt": 10, "wdd": 50, "wdv": 54, "tlv": "Texas"}