{"loc": "Anguilla", "iso": "AI", "l1": "United Kingdom", "l2": "Anguilla", "lvl": 2, "pop": 15002, "key": 10126, "isd": true, "ppd": 272.89799999999997, "med": 40.8, "p65": 18.517, "p70": 12.527000000000001, "hos": 2.54, "exp": 81.32, "adr": 0.0, "amn": 7266.0, "amv": 790675.0, "amd": 0.0, "amt": 2389691.0, "tmn": [0, 0, 0, 1933, 0, 1466, 266, 199, 266, 133, 0, 133, 0, 0, 0, 0, 0, 266, 0, 0, 666], "tmv": [7876, 8279, 8850, 10258, 5015, 5824, 7300, 8794, 9046, 8357, 7593, 3871, 2947, 5666, 8003, 8963, 8821, 8954, 4239, 5109, 0], "tmd": [0, 0, 0, 0, 0, 0, 0, 0, 0, 0, 0, 0, 0, 0, 0, 0, 0, 0, 0, 0, 0], "wmn": 934, "wmt": 70767, "wmd": 0, "wmv": 44092, "wdn": 27, "wdt": -24, "wdd": 0, "wdv": -5, "tlv": "United Kingdom"}