{"loc": "Anoka", "iso": "US", "l1": "United States", "l2": "Minnesota", "lvl": 3, "pop": 356921, "key": 10131, "isd": true, "ppd": 35.608000000000004, "med": 38.3, "p65": 15.413, "p70": 9.732000000000001, "hos": 2.77, "exp": 78.86, "adr": 1.0, "amn": 165510.0, "amv": 1341580.0, "amd": 1530.0, "amt": 2209434.0, "tmn": [1229, 397, 431, 641, 0, 0, 1992, 1154, 605, 652, 481, 0, 0, 829, 1319, 1025, 871, 1003, 0, 0, 986], "tmv": [4456, 4611, 4549, 5061, 2356, 1255, 4023, 4168, 4272, 4405, 5092, 2672, 1421, 3738, 4100, 4188, 3596, 4102, 1618, 109, 0], "tmd": [6, 3, 6, 3, 0, 0, 6, -2, 3, 6, 0, 0, 0, 12, 6, 17, 3, 6, 0, 0, 0], "wmn": 5206, "wmt": 37414, "wmd": 31, "wmv": 17716, "wdn": 40, "wdt": 11, "wdd": 83, "wdv": -31, "tlv": "Minnesota"}