{"loc": "Anne Arundel", "iso": "US", "l1": "United States", "l2": "Maryland", "lvl": 3, "pop": 579234, "key": 10130, "isd": true, "ppd": 35.608000000000004, "med": 38.3, "p65": 15.413, "p70": 9.732000000000001, "hos": 2.77, "exp": 78.86, "adr": 1.0, "amn": 83006.0, "amv": 1141226.0, "amd": 1196.0, "amt": 2020301.0, "tmn": [148, 172, 162, 286, 94, 139, 200, 212, 205, 233, 127, 138, 134, 272, 258, 205, 248, 150, 153, 108, 129], "tmv": [3106, 3068, 3187, 2953, 1851, 1966, 2813, 2807, 3250, 3257, 2889, 2103, 1988, 3241, 2538, 4249, 2950, 0, 0, 0, 0], "tmd": [0, 2, 4, 0, 2, 0, 2, 0, 4, 2, 0, 0, 0, 6, 0, 2, 6, 0, 2, 2, 4], "wmn": 1256, "wmt": 33624, "wmd": 14, "wmv": 9740, "wdn": -5, "wdt": 1, "wdd": 33, "wdv": -50, "tlv": "Maryland"}