{"loc": "Antrim", "iso": "US", "l1": "United States", "l2": "Michigan", "lvl": 3, "pop": 23324, "key": 10137, "isd": true, "ppd": 35.608000000000004, "med": 38.3, "p65": 15.413, "p70": 9.732000000000001, "hos": 2.77, "exp": 78.86, "adr": 2.0, "amn": 73701.0, "amv": 1100743.0, "amd": 1458.0, "amt": 1503336.0, "tmn": [257, 0, 0, 300, 0, 0, 257, 0, 428, 0, 471, 0, 0, 342, 0, 471, 0, 171, 0, 0, 342], "tmv": [1374, 2201, 2622, 2492, 2548, 2348, 1615, 1875, 1986, 1986, 2786, 3007, 2017, 2605, 1830, 2139, 3106, 3068, 3187, 2953, 0], "tmd": [0, 0, 0, 43, 0, 0, 0, 0, 0, 0, 0, 0, 0, 0, 0, 129, 0, -42, 0, 0, 0], "wmn": 987, "wmt": 14766, "wmd": 86, "wmv": 16287, "wdn": -21, "wdt": 4, "wdd": 0, "wdv": 0, "tlv": "Michigan"}