{"loc": "Anne Arundel", "iso": "US", "l1": "United States", "l2": "Maryland", "lvl": 3, "pop": 579234, "key": 10130, "isd": true, "ppd": 35.608000000000004, "med": 38.3, "p65": 15.413, "p70": 9.732000000000001, "hos": 2.77, "exp": 78.86, "adr": 2.0, "amn": 75859.0, "amv": 968912.0, "amd": 1141.0, "amt": 1775887.0, "tmn": [22, 12, 18, 12, 15, 12, 24, 8, 17, 13, 5, 5, 12, 8, 12, 12, 12, 5, 5, 6, 10], "tmv": [2452, 4248, 3485, 4157, 3682, 3252, 2518, 2835, 2495, 4865, 3672, 4016, 3766, 3121, 6234, 3276, 3244, 2575, 1851, 1965, 0], "tmd": [7, 2, 0, 0, 0, 0, 2, 7, -1, 4, 0, 0, 2, 0, 0, 4, 0, 0, 0, 2, 0], "wmn": 64, "wmt": 16058, "wmd": 6, "wmv": 19149, "wdn": -10, "wdt": -9, "wdd": -50, "wdv": -23, "tlv": "Maryland"}