{"loc": "Anson", "iso": "US", "l1": "United States", "l2": "North Carolina", "lvl": 3, "pop": 24446, "key": 10132, "isd": true, "ppd": 35.608000000000004, "med": 38.3, "p65": 15.413, "p70": 9.732000000000001, "hos": 2.77, "exp": 78.86, "adr": 2.0, "amn": 107911.0, "amv": 1003454.0, "amd": 2291.0, "amt": 1190750.0, "tmn": [40, 40, 81, 0, 0, 0, 122, 81, 40, 81, 81, 0, 0, 0, -40, 81, 40, 40, 0, 0, 0], "tmv": [3766, 3121, 6234, 3276, 3244, 2575, 1851, 1965, 1967, 2474, 1554, 2803, 3655, 3299, 2241, 4154, 4949, 1994, 3524, 1923, 0], "tmd": [0, 41, 0, 0, 0, 0, 0, 0, 0, 0, 0, 0, 0, 0, 0, 0, 0, 0, 0, 0, 0], "wmn": 123, "wmt": 8558, "wmd": 0, "wmv": 18788, "wdn": -57, "wdt": -4, "wdd": 0, "wdv": 6, "tlv": "North Carolina"}