{"loc": "Anoka", "iso": "US", "l1": "United States", "l2": "Minnesota", "lvl": 3, "pop": 356921, "key": 10131, "isd": true, "ppd": 35.608000000000004, "med": 38.3, "p65": 15.413, "p70": 9.732000000000001, "hos": 2.77, "exp": 78.86, "adr": 1.0, "amn": 120203.0, "amv": 1005306.0, "amd": 1294.0, "amt": 1678956.0, "tmn": [61, 33, 25, 19, 22, 19, 22, 19, 22, 19, 16, 8, 36, 8, 19, 16, 19, 0, 0, 42, 67], "tmv": [6234, 3276, 3244, 2575, 1851, 1965, 1967, 2474, 1554, 2803, 3655, 3299, 2241, 4154, 4949, 1994, 3524, 1923, 0, 0, 0], "tmd": [0, 0, 0, 0, 0, 0, 0, 3, 0, 6, 0, 0, 0, 0, 0, 3, 0, 0, 0, 0, 0], "wmn": 166, "wmt": 8551, "wmd": 3, "wmv": 12392, "wdn": 26, "wdt": -22, "wdd": -67, "wdv": -39, "tlv": "Minnesota"}