{"loc": "Aransas", "iso": "US", "l1": "United States", "l2": "Texas", "lvl": 3, "pop": 23510, "key": 10147, "isd": true, "ppd": 35.608000000000004, "med": 38.3, "p65": 15.413, "p70": 9.732000000000001, "hos": 2.77, "exp": 78.86, "adr": 3.0, "amn": 47809.0, "amv": 220982.0, "amd": 1446.0, "amt": 672119.0, "tmn": [510, 0, 212, 212, 425, 467, 425, 85, 0, -893, 127, 42, 0, 0, 170, 0, 0, 127, 170, 42, 42], "tmv": [6595, 3662, 2393, 4746, 4917, 6132, 6772, 6806, 0, 0, 3221, 4419, 5606, 5173, 5466, 3298, 2593, 4349, 5491, 6616, 7139], "tmd": [0, 0, 0, 43, 0, 0, 0, 0, 0, 0, 43, 0, 0, 0, 0, 0, 0, 43, 0, 0, 0], "wmn": 553, "wmt": 12445, "wmd": 43, "wmv": 34956, "wdn": -187, "wdt": -16, "wdd": 0, "wdv": 39, "tlv": "Texas"}