{"loc": "Aransas", "iso": "US", "l1": "United States", "l2": "Texas", "lvl": 3, "pop": 23510, "key": 10147, "isd": true, "ppd": 35.608000000000004, "med": 38.3, "p65": 15.413, "p70": 9.732000000000001, "hos": 2.77, "exp": 78.86, "adr": 3.0, "amn": 48873.0, "amv": 258018.0, "amd": 1489.0, "amt": 683547.0, "tmn": [85, 0, -893, 127, 42, 0, 0, 170, 0, 0, 127, 170, 42, 42, 340, 0, 467, 42, 0, 170, 212], "tmv": [6806, 0, 0, 3221, 4419, 5606, 5173, 5466, 3298, 2593, 4349, 5491, 6616, 7139, 7375, 5050, 5255, 5793, 6168, 7391, 0], "tmd": [0, 0, 0, 43, 0, 0, 0, 0, 0, 0, 43, 0, 0, 0, 43, 0, 0, 0, 0, 0, 0], "wmn": 1234, "wmt": 11429, "wmd": 43, "wmv": 37036, "wdn": 123, "wdt": -8, "wdd": 0, "wdv": 6, "tlv": "Texas"}