{"loc": "Apache", "iso": "US", "l1": "United States", "l2": "Arizona", "lvl": 3, "pop": 71887, "key": 10141, "isd": true, "ppd": 35.608000000000004, "med": 38.3, "p65": 15.413, "p70": 9.732000000000001, "hos": 2.77, "exp": 78.86, "adr": 4.0, "amn": 163952.0, "amv": 1054363.0, "amd": 6121.0, "amt": 1480481.0, "tmn": [97, 83, 278, 0, 222, 111, 69, 264, 194, 250, 166, 125, 27, 139, 55, 278, 236, 333, 166, 97, 13], "tmv": [1655, 1721, 1666, 1928, 1520, 1539, 740, 1856, 2005, 1821, 2051, 2364, 1193, 1200, 2288, 2155, 2600, 2160, 2477, 1419, 1374], "tmd": [0, 0, 0, 0, 0, 0, 0, 0, 0, 0, 14, 0, 0, 0, 0, 0, 0, 14, 0, 0, 14], "wmn": 1183, "wmt": 19853, "wmd": 28, "wmv": 14477, "wdn": 1, "wdt": 20, "wdd": 100, "wdv": 16, "tlv": "Arizona"}