{"loc": "Aroostook", "iso": "US", "l1": "United States", "l2": "Maine", "lvl": 3, "pop": 67055, "key": 10169, "isd": true, "ppd": 35.608000000000004, "med": 38.3, "p65": 15.413, "p70": 9.732000000000001, "hos": 2.77, "exp": 78.86, "adr": 3.0, "amn": 28753.0, "amv": 1026653.0, "amd": 775.0, "amt": 1772758.0, "tmn": [29, 0, 14, 0, 0, 14, 0, 0, 0, 0, 0, 0, 0, 0, 74, 89, 0, 104, 89, 0, 0], "tmv": [2241, 4154, 4949, 1994, 3524, 1923, 0, 0, 1326, 2107, 1883, 1818, 1779, 1363, 1036, 1655, 1721, 1666, 1928, 1520, 1539], "tmd": [0, 0, 0, 0, 0, 0, 0, 0, 0, 0, 0, 15, 0, 0, 0, 45, 0, 0, 0, 0, 0], "wmn": 358, "wmt": 11069, "wmd": 45, "wmv": 11069, "wdn": 0, "wdt": 8, "wdd": 200, "wdv": 8, "tlv": "Maine"}