{"loc": "Armstrong", "iso": "US", "l1": "United States", "l2": "Pennsylvania", "lvl": 3, "pop": 64735, "key": 10167, "isd": true, "ppd": 35.608000000000004, "med": 38.3, "p65": 15.413, "p70": 9.732000000000001, "hos": 2.77, "exp": 78.86, "adr": 2.0, "amn": 160732.0, "amv": 1393875.0, "amd": 3522.0, "amt": 1551228.0, "tmn": [849, 1019, 1081, 756, 849, 494, 726, 1050, 973, 1174, 849, 803, 741, 617, 834, 525, 1143, 355, 540, 540, 756], "tmv": [4933, 4463, 5576, 3317, 1660, 4353, 4663, 4819, 4832, 5563, 3334, 1728, 4724, 4234, 2965, 50, 2434, 1138, 149, 0, 0], "tmd": [47, 0, 0, 47, 16, 16, 31, 47, 31, 31, 0, 0, 0, 16, 0, 47, 0, 0, 0, 0, 16], "wmn": 4697, "wmt": 21794, "wmd": 62, "wmv": 6738, "wdn": -24, "wdt": -12, "wdd": -50, "wdv": -77, "tlv": "Pennsylvania"}