{"loc": "Arkansas", "iso": "US", "l1": "United States", "l2": "Arkansas", "lvl": 3, "pop": 17486, "key": 10162, "isd": true, "ppd": 35.608000000000004, "med": 38.3, "p65": 15.413, "p70": 9.732000000000001, "hos": 2.77, "exp": 78.86, "adr": 2.0, "amn": 193183.0, "amv": 1187231.0, "amd": 3203.0, "amt": 1290385.0, "tmn": [514, 1143, 1029, 457, 285, 1029, 1200, 343, 800, 972, 171, 0, 571, 343, 457, 285, 343, 0, 0, 171, 343], "tmv": [2024, 2876, 2739, 2336, 1790, 1886, 2554, 2257, 2903, 2781, 2047, 1978, 1647, 2163, 995, 2262, 2445, 2251, 1671, 1480, 0], "tmd": [0, 0, 0, 58, 0, 0, 0, 0, 0, 0, 0, 58, 0, 0, 0, 0, 0, 0, 0, 0, 0], "wmn": 1602, "wmt": 17201, "wmd": 0, "wmv": 11106, "wdn": -50, "wdt": -25, "wdd": -100, "wdv": -30, "tlv": "Arkansas"}