{"loc": "Armenia", "iso": "AM", "l1": "Armenia", "l2": "0", "lvl": 1, "pop": 2963234, "key": 10166, "isd": true, "ppd": 102.931, "med": 35.7, "p65": 11.232000000000001, "p70": 7.571000000000001, "hos": 4.2, "exp": 75.09, "adr": 2.0, "amn": 64369.0, "amv": 0.0, "amd": 1173.0, "amt": 277614.0, "tmn": [61, 114, 252, 276, 268, 164, 106, 197, 288, 345, 300, 361, 197, 170, 270, 392, 424, 339, 369, 262, 143], "tmv": [0, 0, 0, 0, 0, 0, 0, 0, 0, 0, 0, 0, 0, 0, 0, 0, 0, 0, 0, 0, 0], "tmd": [3, 2, 1, 2, 4, 1, 4, 5, 2, 7, 7, 5, 6, 5, 9, 5, 7, 7, 6, 5, 5], "wmn": 2201, "wmt": 4819, "wmd": 40, "wmv": 0, "wdn": 18, "wdt": -55, "wdd": 22, "wdv": 0, "tlv": "Armenia"}