{"loc": "Arlington", "iso": "US", "l1": "United States", "l2": "Virginia", "lvl": 3, "pop": 236842, "key": 10165, "isd": true, "ppd": 35.608000000000004, "med": 38.3, "p65": 15.413, "p70": 9.732000000000001, "hos": 2.77, "exp": 78.86, "adr": 1.0, "amn": 85677.0, "amv": 1469622.0, "amd": 1165.0, "amt": 1253381.0, "tmn": [147, 122, 152, 105, 0, 0, 236, 147, 160, 240, 308, 0, 0, 654, 274, 249, 358, 316, 0, 0, 760], "tmv": [5133, 3959, 70, 3467, 2554, 1688, 4748, 5430, 6005, 6047, 6744, 4092, 2038, 5038, 5187, 5041, 4530, 2968, 283, 0, 0], "tmd": [0, 0, 0, 0, 0, 0, 0, 0, 0, 0, 5, 0, 0, 0, 0, 0, 0, 0, 0, 0, 0], "wmn": 1960, "wmt": 18133, "wmd": 0, "wmv": 18013, "wdn": 30, "wdt": 29, "wdd": -100, "wdv": -49, "tlv": "Virginia"}