{"loc": "Armstrong", "iso": "US", "l1": "United States", "l2": "Pennsylvania", "lvl": 3, "pop": 64735, "key": 10167, "isd": true, "ppd": 35.608000000000004, "med": 38.3, "p65": 15.413, "p70": 9.732000000000001, "hos": 2.77, "exp": 78.86, "adr": 2.0, "amn": 144296.0, "amv": 1318760.0, "amd": 3229.0, "amt": 1488230.0, "tmn": [478, 509, 278, 216, 478, 478, 432, 463, 478, 494, 0, 1158, 756, 587, 865, 726, 509, 355, 648, 818, 1004], "tmv": [3907, 2388, 1363, 4340, 4401, 4549, 4472, 4977, 2311, 1237, 3968, 4080, 4140, 4246, 4837, 2345, 1101, 1959, 281, 0, 0], "tmd": [31, 0, 0, 0, 0, 16, 0, 16, 16, 0, 0, 16, 78, 16, 0, 0, 0, 0, 0, 47, 0], "wmn": 4928, "wmt": 22845, "wmd": 47, "wmv": 10525, "wdn": 25, "wdt": 9, "wdd": -67, "wdv": -58, "tlv": "Pennsylvania"}