{"loc": "Arkansas", "iso": "US", "l1": "United States", "l2": "Arkansas", "lvl": 2, "pop": 3017804, "key": 10163, "isd": true, "ppd": 35.608000000000004, "med": 38.3, "p65": 15.413, "p70": 9.732000000000001, "hos": 2.77, "exp": 78.86, "adr": 2.0, "amn": 131631.0, "amv": 1059187.0, "amd": 2070.0, "amt": 1109702.0, "tmn": [444, 0, 0, 845, 621, 483, 616, 658, 667, 338, 205, 679, 564, 942, 842, 443, 657, 279, 776, 940, 920], "tmv": [1666, 1928, 1520, 1539, 740, 1856, 2005, 1821, 2051, 2364, 1193, 1200, 2288, 2155, 2600, 2160, 2477, 1419, 1374, 2201, 2622], "tmd": [4, 0, 0, 5, 0, 5, 5, 2, 3, 2, 8, 4, 4, 4, 5, 6, 6, 14, 6, 5, 6], "wmn": 4861, "wmt": 20170, "wmd": 46, "wmv": 14857, "wdn": 20, "wdt": 11, "wdd": 83, "wdv": 14, "tlv": "Arkansas"}