{"loc": "Arkhangelsk Oblast", "iso": "RU", "l1": "Russia", "l2": "Arkhangelsk Oblast", "lvl": 2, "pop": 1155028, "key": 10164, "isd": true, "ppd": 8.823, "med": 39.6, "p65": 14.177999999999999, "p70": 9.392999999999999, "hos": 8.05, "exp": 72.58, "adr": 2.0, "amn": 54763.0, "amv": 181400.0, "amd": 840.0, "amt": 925107.0, "tmn": [53, 46, 45, 44, 45, 44, 45, 44, 45, 44, 45, 45, 51, 49, 50, 51, 46, 54, 56, 59, 58], "tmv": [272, 396, 3780, 3135, 815, 2057, 0, 0, 399, 5012, 1418, 3488, 3879, 768, 803, 2958, 2354, 2083, 2063, 6521, 361], "tmd": [1, 2, 0, 5, 0, 7, 4, 2, 0, 0, 0, 0, 0, 0, 0, 2, 3, 3, 0, 0, 0], "wmn": 378, "wmt": 8127, "wmd": 7, "wmv": 17146, "wdn": 16, "wdt": -43, "wdd": 300, "wdv": 15, "tlv": "Russia"}