{"loc": "Arkansas", "iso": "US", "l1": "United States", "l2": "Arkansas", "lvl": 2, "pop": 3017804, "key": 10163, "isd": true, "ppd": 35.608000000000004, "med": 38.3, "p65": 15.413, "p70": 9.732000000000001, "hos": 2.77, "exp": 78.86, "adr": 2.0, "amn": 136136.0, "amv": 0.0, "amd": 2109.0, "amt": 1130041.0, "tmn": [616, 658, 667, 338, 205, 679, 564, 942, 842, 443, 657, 279, 776, 940, 920, 1006, 872, 453, 2172, -974, -868], "tmv": [0, 0, 0, 0, 0, 0, 0, 0, 0, 0, 0, 0, 0, 0, 0, 0, 0, 0, 0, 0, 0], "tmd": [5, 2, 3, 2, 8, 4, 4, 4, 5, 6, 6, 14, 6, 5, 6, 8, 7, 4, 22, -6, -7], "wmn": 3583, "wmt": 19362, "wmd": 31, "wmv": 0, "wdn": -27, "wdt": -1, "wdd": -30, "wdv": 0, "tlv": "Arkansas"}