{"loc": "Arkansas", "iso": "US", "l1": "United States", "l2": "Arkansas", "lvl": 2, "pop": 3017804, "key": 10163, "isd": true, "ppd": 35.608000000000004, "med": 38.3, "p65": 15.413, "p70": 9.732000000000001, "hos": 2.77, "exp": 78.86, "adr": 2.0, "amn": 149203.0, "amv": 1121684.0, "amd": 2290.0, "amt": 1197612.0, "tmn": [868, 974, 768, 1001, 701, 502, 283, 730, 889, 1176, 797, 835, 407, 326, 736, 921, 768, 949, 717, 260, 292], "tmv": [1875, 1986, 1986, 2786, 3007, 2017, 2605, 1830, 2139, 3106, 3068, 3187, 2953, 1851, 1966, 2813, 2807, 3250, 3257, 2889, 2103], "tmd": [8, 7, 10, 12, 5, 8, 11, 14, 9, 6, 11, 11, 10, 10, 15, 9, 11, 10, 6, 9, 11], "wmn": 4647, "wmt": 24655, "wmd": 69, "wmv": 19089, "wdn": -10, "wdt": 2, "wdd": 1, "wdv": 5, "tlv": "Arkansas"}