{"loc": "Armenia", "iso": "AM", "l1": "Armenia", "l2": "0", "lvl": 1, "pop": 2963234, "key": 10166, "isd": true, "ppd": 102.931, "med": 35.7, "p65": 11.232000000000001, "p70": 7.571000000000001, "hos": 4.2, "exp": 75.09, "adr": 2.0, "amn": 57541.0, "amv": 0.0, "amd": 1069.0, "amt": 232083.0, "tmn": [48, 64, 49, 53, 71, 50, 30, 41, 66, 60, 51, 64, 48, 29, 45, 69, 75, 64, 75, 56, 35], "tmv": [0, 0, 0, 0, 0, 0, 0, 0, 0, 0, 0, 0, 0, 0, 0, 0, 0, 0, 0, 0, 0], "tmd": [2, 3, 4, 1, 2, 2, 3, 2, 2, 2, 2, 1, 1, 3, 2, 2, 1, 1, 1, 2, 2], "wmn": 423, "wmt": 0, "wmd": 7, "wmv": 0, "wdn": 16, "wdt": 0, "wdd": -17, "wdv": 0, "tlv": "Armenia"}