{"loc": "Armenia", "iso": "AM", "l1": "Armenia", "l2": "0", "lvl": 1, "pop": 2963234, "key": 10166, "isd": true, "ppd": 102.931, "med": 35.7, "p65": 11.232000000000001, "p70": 7.571000000000001, "hos": 4.2, "exp": 75.09, "adr": 2.0, "amn": 80279.0, "amv": 80771.0, "amd": 1607.0, "amt": 493199.0, "tmn": [79, 94, 111, 102, 100, 78, 47, 105, 131, 134, 133, 145, 111, 86, 120, 170, 188, 171, 171, 129, 84], "tmv": [0, 0, 0, 0, 0, 0, 0, 0, 0, 0, 0, 0, 0, 0, 0, 0, 0, 0, 0, 0, 0], "tmd": [0, 2, 3, 2, 2, 4, 2, 2, 3, 2, 4, 3, 4, 3, 4, 2, 4, 2, 2, 6, 4], "wmn": 1037, "wmt": 7194, "wmd": 21, "wmv": 0, "wdn": 22, "wdt": -30, "wdd": 22, "wdv": 0, "tlv": "Armenia"}