{"loc": "Arizona", "iso": "US", "l1": "United States", "l2": "Arizona", "lvl": 2, "pop": 7278717, "key": 10161, "isd": true, "ppd": 35.608000000000004, "med": 38.3, "p65": 15.413, "p70": 9.732000000000001, "hos": 2.77, "exp": 78.86, "adr": 2.0, "amn": 110756.0, "amv": 180853.0, "amd": 2127.0, "amt": 506011.0, "tmn": [690, 513, 403, 315, 606, 525, 476, 212, 309, 601, 271, 255, 333, 246, 267, 183, 155, 180, 157, 263, 281], "tmv": [4690, 3336, 1695, 3330, 4023, 4903, 6734, 6595, 3662, 2393, 4746, 4917, 6132, 6772, 6806, 0, 0, 3221, 4419, 5606, 0], "tmd": [4, 1, 33, 30, 25, 27, 9, 6, 1, 32, 25, 28, 24, 16, 5, 0, 1, 12, 30, 20, 9], "wmn": 1490, "wmt": 9121, "wmd": 74, "wmv": 20055, "wdn": -33, "wdt": -23, "wdd": -43, "wdv": -43, "tlv": "Arizona"}