{"loc": "Ashe", "iso": "US", "l1": "United States", "l2": "North Carolina", "lvl": 3, "pop": 27203, "key": 10176, "isd": true, "ppd": 35.608000000000004, "med": 38.3, "p65": 15.413, "p70": 9.732000000000001, "hos": 2.77, "exp": 78.86, "adr": 2.0, "amn": 74220.0, "amv": 591235.0, "amd": 1507.0, "amt": 1037361.0, "tmn": [110, 0, 0, 294, 220, 220, 183, 0, 0, 0, 330, 183, 36, 36, 183, 0, 0, 551, 0, 183, 110], "tmv": [10257, 10611, 9961, 7133, 5431, 8106, 10192, 12065, 12389, 10214, 6477, 4262, 8755, 10329, 12013, 14052, 10864, 8027, 7863, 7615, 0], "tmd": [0, 0, 0, 0, 0, 0, 0, 0, 0, 0, 37, 0, 0, 0, 0, 0, 0, 0, 0, 0, 0], "wmn": 1030, "wmt": 17507, "wmd": 0, "wmv": 60438, "wdn": 75, "wdt": -2, "wdd": -100, "wdv": -6, "tlv": "North Carolina"}