{"loc": "Arunachal Pradesh", "iso": "IN", "l1": "India", "l2": "Arunachal Pradesh", "lvl": 2, "pop": 1570458, "key": 10173, "isd": true, "ppd": 450.41900000000004, "med": 28.2, "p65": 5.989, "p70": 3.4139999999999997, "hos": 0.53, "exp": 69.66, "adr": 0.0, "amn": 33446.0, "amv": 426616.0, "amd": 165.0, "amt": 366851.0, "tmn": [151, 144, 157, 98, 192, 148, 119, 114, 105, 102, 30, 105, 90, 91, 76, 79, 77, 31, 59, 64, 73], "tmv": [4337, 4117, 4203, 1343, 4228, 3319, 3326, 0, 0, 5548, 0, 0, 4348, 4080, 3220, 4789, 2290, 3192, 1063, 4704, 0], "tmd": [0, 1, 2, 2, 3, 2, 2, 0, 1, 0, 0, 0, 0, 2, 1, 2, 0, 2, 0, 0, 0], "wmn": 463, "wmt": 5674, "wmd": 4, "wmv": 19261, "wdn": -28, "wdt": -41, "wdd": 67, "wdv": 38, "tlv": "India"}