{"loc": "Arunachal Pradesh", "iso": "IN", "l1": "India", "l2": "Arunachal Pradesh", "lvl": 2, "pop": 1570458, "key": 10173, "isd": true, "ppd": 450.41900000000004, "med": 28.2, "p65": 5.989, "p70": 3.4139999999999997, "hos": 0.53, "exp": 69.66, "adr": 1.0, "amn": 34538.0, "amv": 599489.0, "amd": 174.0, "amt": 401174.0, "tmn": [34, 38, 54, 22, 44, 42, 49, 33, 37, 29, 14, 47, 41, 45, 29, 24, 20, 6, 35, 40, 32], "tmv": [5941, 4260, 1514, 4906, 2853, 8126, 7885, 7506, 2322, 6749, 4963, 7251, 1760, 6258, 7239, 4381, 13497, 6350, 5401, 6959, 3957], "tmd": [1, 1, 2, 0, 2, 1, 1, 0, 0, 1, 0, 0, 1, 0, 0, 0, 0, 0, 1, 1, 0], "wmn": 190, "wmt": 5483, "wmd": 2, "wmv": 47788, "wdn": -24, "wdt": -32, "wdd": 0, "wdv": 30, "tlv": "India"}