{"loc": "Aruba", "iso": "AW", "l1": "Netherlands", "l2": "Aruba", "lvl": 2, "pop": 106766, "key": 10172, "isd": true, "ppd": 508.54400000000004, "med": 43.2, "p65": 18.779, "p70": 11.880999999999998, "hos": 3.32, "exp": 82.28, "adr": 1.0, "amn": 150394.0, "amv": 1415877.0, "amd": 1611.0, "amt": 829428.0, "tmn": [103, 93, 65, 74, 309, 159, 159, 177, 140, 84, 56, 56, 112, 149, 149, 149, 84, 46, 0, 262, 168], "tmv": [0, 0, 0, 0, 0, 0, 0, 0, 0, 0, 0, 0, 0, 0, 0, 0, 0, 0, 0, 0, 0], "tmd": [0, 0, 0, 0, 0, 0, 0, 0, 0, 0, 0, 0, 0, 0, 10, 0, 0, 0, 0, 0, 0], "wmn": 862, "wmt": 0, "wmd": 10, "wmv": 0, "wdn": 11, "wdt": 0, "wdd": 0, "wdv": 0, "tlv": "Netherlands"}