{"loc": "Ashe", "iso": "US", "l1": "United States", "l2": "North Carolina", "lvl": 3, "pop": 27203, "key": 10176, "isd": true, "ppd": 35.608000000000004, "med": 38.3, "p65": 15.413, "p70": 9.732000000000001, "hos": 2.77, "exp": 78.86, "adr": 2.0, "amn": 71977.0, "amv": 435440.0, "amd": 1470.0, "amt": 1019731.0, "tmn": [36, 0, 0, 220, 73, 0, 73, 257, -36, 36, 183, 36, 0, 477, 330, 36, 36, 110, 0, 0, 294], "tmv": [4864, 6157, 7535, 8875, 13887, 4118, 6135, 5026, 6980, 8171, 7842, 9493, 9226, 6156, 5181, 6849, 8594, 10257, 10611, 9961, 0], "tmd": [0, 0, 0, 0, 0, 0, 0, 0, 0, 0, 0, 0, 0, 0, 0, 0, 0, 0, 0, 0, 0], "wmn": 809, "wmt": 15452, "wmd": 0, "wmv": 51456, "wdn": -15, "wdt": -28, "wdd": 0, "wdv": -3, "tlv": "North Carolina"}