{"loc": "Ashley", "iso": "US", "l1": "United States", "l2": "Arkansas", "lvl": 3, "pop": 19657, "key": 10179, "isd": true, "ppd": 35.608000000000004, "med": 38.3, "p65": 15.413, "p70": 9.732000000000001, "hos": 2.77, "exp": 78.86, "adr": 2.0, "amn": 88315.0, "amv": 160515.0, "amd": 1577.0, "amt": 857911.0, "tmn": [610, 356, 559, 661, 152, 406, 305, 559, 356, 559, 457, 152, 152, 50, 559, 457, 152, 610, 101, 0, 0], "tmv": [3374, 4677, 5132, 5139, 4690, 3336, 1695, 3330, 4023, 4903, 6734, 6595, 3662, 2393, 4746, 4917, 6132, 6772, 6806, 0, 0], "tmd": [0, 0, 0, 0, 0, 0, 0, 102, 0, 0, 0, 0, 0, 0, 0, 0, 0, 0, 0, 51, 51], "wmn": 1883, "wmt": 15434, "wmd": 102, "wmv": 29376, "wdn": -18, "wdt": -52, "wdd": 0, "wdv": -7, "tlv": "Arkansas"}