{"loc": "Ashe", "iso": "US", "l1": "United States", "l2": "North Carolina", "lvl": 3, "pop": 27203, "key": 10176, "isd": true, "ppd": 35.608000000000004, "med": 38.3, "p65": 15.413, "p70": 9.732000000000001, "hos": 2.77, "exp": 78.86, "adr": 2.0, "amn": 65728.0, "amv": 153709.0, "amd": 1360.0, "amt": 926966.0, "tmn": [220, 183, 147, 404, 257, 0, 551, 220, 147, 514, 183, 588, 404, 441, 0, 183, 147, 330, 294, 257, 183], "tmv": [2687, 2448, 3374, 4677, 5132, 5139, 4690, 3336, 1695, 3330, 4023, 4903, 6734, 6595, 3662, 2393, 4746, 4917, 6132, 6772, 0], "tmd": [0, 37, 0, 0, 0, 0, 0, 0, 0, 0, 0, 74, 0, 0, 0, 37, 0, 0, 0, 0, 0], "wmn": 1397, "wmt": 34644, "wmd": 37, "wmv": 28625, "wdn": -44, "wdt": -12, "wdd": -50, "wdv": -7, "tlv": "North Carolina"}