{"loc": "Ashland", "iso": "US", "l1": "United States", "l2": "Ohio", "lvl": 3, "pop": 53484, "key": 10177, "isd": true, "ppd": 35.608000000000004, "med": 38.3, "p65": 15.413, "p70": 9.732000000000001, "hos": 2.77, "exp": 78.86, "adr": 2.0, "amn": 115717.0, "amv": 1187231.0, "amd": 2188.0, "amt": 1378807.0, "tmn": [1159, 897, 1121, 336, 635, 916, 766, 1458, 1047, 803, 598, 523, 430, 1065, 766, 860, 299, 504, 317, 990, 766], "tmv": [2024, 2876, 2739, 2336, 1790, 1886, 2554, 2257, 2903, 2781, 2047, 1978, 1647, 2163, 995, 2262, 2445, 2251, 1671, 1480, 0], "tmd": [0, 19, 0, 0, 0, 19, 0, 0, 0, 0, 0, 0, 0, 0, 0, 0, 0, 0, 0, 38, 0], "wmn": 4507, "wmt": 25031, "wmd": 38, "wmv": 11106, "wdn": -24, "wdt": -4, "wdd": 0, "wdv": -30, "tlv": "Ohio"}