{"loc": "Asotin", "iso": "US", "l1": "United States", "l2": "Washington", "lvl": 3, "pop": 22582, "key": 10182, "isd": true, "ppd": 35.608000000000004, "med": 38.3, "p65": 15.413, "p70": 9.732000000000001, "hos": 2.77, "exp": 78.86, "adr": 2.0, "amn": 75724.0, "amv": 1072054.0, "amd": 1373.0, "amt": 1185673.0, "tmn": [0, 265, 0, 575, 265, 0, 531, 398, 0, 0, 929, 265, 88, 487, 442, 0, 0, 1417, 619, 575, 619], "tmv": [1821, 2051, 2364, 1193, 1200, 2288, 2155, 2600, 2160, 2477, 1419, 1374, 2201, 2622, 2492, 2548, 2348, 1615, 1875, 1986, 0], "tmd": [0, 0, 0, 0, 0, 0, 0, 0, 0, 0, 0, 0, 0, 0, 0, 0, 0, 0, 0, 0, 0], "wmn": 3676, "wmt": 19128, "wmd": 0, "wmv": 12867, "wdn": 69, "wdt": 91, "wdd": 0, "wdv": -13, "tlv": "Washington"}