{"loc": "Assumption", "iso": "US", "l1": "United States", "l2": "Louisiana", "lvl": 3, "pop": 21891, "key": 10184, "isd": true, "ppd": 35.608000000000004, "med": 38.3, "p65": 15.413, "p70": 9.732000000000001, "hos": 2.77, "exp": 78.86, "adr": 2.0, "amn": 93874.0, "amv": 153709.0, "amd": 1507.0, "amt": 1148262.0, "tmn": [502, 2192, 1781, 959, 822, 0, 913, 137, 1735, 456, 548, 411, 0, 639, 365, 0, 137, 548, 0, 0, 182], "tmv": [2687, 2448, 3374, 4677, 5132, 5139, 4690, 3336, 1695, 3330, 4023, 4903, 6734, 6595, 3662, 2393, 4746, 4917, 6132, 6772, 0], "tmd": [0, 0, 0, 0, 0, 0, 0, 0, 0, 0, 46, 0, 0, 0, 0, 0, 0, 0, 46, 0, 0], "wmn": 1234, "wmt": 35105, "wmd": 46, "wmv": 28625, "wdn": -69, "wdt": -3, "wdd": 0, "wdv": -7, "tlv": "Louisiana"}