{"loc": "Astrakhan Oblast", "iso": "RU", "l1": "Russia", "l2": "Astrakhan Oblast", "lvl": 2, "pop": 1017514, "key": 10185, "isd": true, "ppd": 8.823, "med": 39.6, "p65": 14.177999999999999, "p70": 9.392999999999999, "hos": 8.05, "exp": 72.58, "adr": 3.0, "amn": 59238.0, "amv": 625234.0, "amd": 1669.0, "amt": 1329758.0, "tmn": [250, 246, 243, 226, 221, 225, 206, 170, 167, 168, 166, 160, 163, 158, 165, 166, 162, 167, 170, 174, 171], "tmv": [3362, 2686, 2133, 0, 0, 1123, 1630, 2941, 0, 0, 1208, 660, 2239, 526, 2130, 1937, 2525, 2390, 928, 629, 0], "tmd": [7, 7, 6, 7, 6, 7, 6, 6, 6, 6, 6, 6, 6, 5, 6, 7, 6, 7, 6, 6, 7], "wmn": 1178, "wmt": 0, "wmd": 45, "wmv": 10543, "wdn": 2, "wdt": 0, "wdd": 10, "wdv": 39, "tlv": "Russia"}