{"loc": "Assam", "iso": "IN", "l1": "India", "l2": "Assam", "lvl": 2, "pop": 35607039, "key": 10183, "isd": true, "ppd": 450.41900000000004, "med": 28.2, "p65": 5.989, "p70": 3.4139999999999997, "hos": 0.53, "exp": 69.66, "adr": 1.0, "amn": 6116.0, "amv": 20448.0, "amd": 31.0, "amt": 197013.0, "tmn": [0, 0, 0, 0, 0, 0, 0, 0, 0, 0, 0, 0, 0, 0, 0, 0, 0, 0, 0, 0, 0], "tmv": [178, 245, 350, 332, 507, 499, 351, 42, 400, 555, 721, 1006, 1081, 1032, 48, 1463, 984, 954, 347, 1488, 0], "tmd": [0, 0, 0, 0, 0, 1, 0, 0, 1, 0, 0, 0, 0, 1, 0, 0, 1, 0, 1, 0, 1], "wmn": 4, "wmt": 2374, "wmd": 1, "wmv": 5288, "wdn": 7, "wdt": -2, "wdd": 100, "wdv": 9, "tlv": "Assam"}