{"loc": "Atchison", "iso": "US", "l1": "United States", "l2": "Kansas", "lvl": 3, "pop": 16073, "key": 10189, "isd": true, "ppd": 35.608000000000004, "med": 38.3, "p65": 15.413, "p70": 9.732000000000001, "hos": 2.77, "exp": 78.86, "adr": 1.0, "amn": 159833.0, "amv": 1393875.0, "amd": 1680.0, "amt": 654933.0, "tmn": [808, 0, 497, 0, 0, 559, 0, 808, 0, 746, 0, 0, 933, 0, 1306, 0, 0, 0, 0, 1679, 0], "tmv": [4933, 4463, 5576, 3317, 1660, 4353, 4663, 4819, 4832, 5563, 3334, 1728, 4724, 4234, 2965, 50, 2434, 1138, 149, 0, 0], "tmd": [63, 0, 0, 0, 0, 0, 0, 0, 0, 0, 0, 0, 0, 0, -62, 0, 0, 0, 0, 0, 0], "wmn": 2987, "wmt": 5287, "wmd": -62, "wmv": 6738, "wdn": 20, "wdt": -28, "wdd": 0, "wdv": -77, "tlv": "Kansas"}