{"loc": "Atascosa", "iso": "US", "l1": "United States", "l2": "Texas", "lvl": 3, "pop": 51153, "key": 10188, "isd": true, "ppd": 35.608000000000004, "med": 38.3, "p65": 15.413, "p70": 9.732000000000001, "hos": 2.77, "exp": 78.86, "adr": 2.0, "amn": 165660.0, "amv": 1236688.0, "amd": 3890.0, "amt": 1178679.0, "tmn": [410, 273, 977, 273, 78, 0, 0, 39, 0, 1896, 488, 0, 0, 0, 0, 0, 1231, 234, 78, 0, 0], "tmv": [1671, 0, 0, 2784, 2570, 2833, 3777, 2988, 2423, 2905, 2661, 3390, 3489, 0, 0, 0, 2411, 3257, 3418, 2659, 0], "tmd": [0, 0, 40, 20, 40, 0, 0, 0, 0, 20, 0, 0, 0, 0, 0, 0, 59, 20, 20, 0, 0], "wmn": 1545, "wmt": 23882, "wmd": 98, "wmv": 11747, "wdn": -36, "wdt": 110, "wdd": 400, "wdv": -34, "tlv": "Texas"}