{"loc": "Atascosa", "iso": "US", "l1": "United States", "l2": "Texas", "lvl": 3, "pop": 51153, "key": 10188, "isd": true, "ppd": 35.608000000000004, "med": 38.3, "p65": 15.413, "p70": 9.732000000000001, "hos": 2.77, "exp": 78.86, "adr": 2.0, "amn": 133658.0, "amv": 1091533.0, "amd": 3050.0, "amt": 981026.0, "tmn": [371, 293, 0, 0, 1466, 469, 684, 703, 371, 0, 0, 1153, 938, 0, 1290, 136, 0, 0, 2404, 2013, 684], "tmv": [2600, 2160, 2477, 1419, 1374, 2201, 2622, 2492, 2548, 2348, 1615, 1875, 1986, 1986, 2786, 3007, 2017, 2605, 1830, 2139, 3106], "tmd": [0, 0, 0, 0, 0, 0, 20, 20, 0, 0, 0, 0, 0, 0, 20, 0, 0, 0, 0, 20, 0], "wmn": 6530, "wmt": 21598, "wmd": 40, "wmv": 17494, "wdn": 106, "wdt": 25, "wdd": 100, "wdv": 18, "tlv": "Texas"}