{"loc": "Assam", "iso": "IN", "l1": "India", "l2": "Assam", "lvl": 2, "pop": 35607039, "key": 10183, "isd": true, "ppd": 450.41900000000004, "med": 28.2, "p65": 5.989, "p70": 3.4139999999999997, "hos": 0.53, "exp": 69.66, "adr": 1.0, "amn": 16433.0, "amv": 421911.0, "amd": 157.0, "amt": 366851.0, "tmn": [29, 29, 27, 27, 15, 31, 26, 24, 26, 21, 21, 11, 21, 20, 17, 20, 19, 17, 9, 19, 0], "tmv": [2938, 4337, 4117, 4203, 1343, 4228, 3319, 3326, 0, 0, 5548, 0, 0, 4348, 4080, 3220, 4789, 2290, 3192, 1063, 0], "tmd": [1, 1, 1, 1, 1, 1, 1, 1, 1, 1, 1, 1, 1, 1, 1, 1, 1, 1, 1, 1, 0], "wmn": 105, "wmt": 6976, "wmd": 3, "wmv": 18637, "wdn": -29, "wdt": -28, "wdd": -20, "wdv": 41, "tlv": "India"}