{"loc": "Ashtabula", "iso": "US", "l1": "United States", "l2": "Ohio", "lvl": 3, "pop": 97241, "key": 10181, "isd": true, "ppd": 35.608000000000004, "med": 38.3, "p65": 15.413, "p70": 9.732000000000001, "hos": 2.77, "exp": 78.86, "adr": 2.0, "amn": 57784.0, "amv": 180853.0, "amd": 1419.0, "amt": 834175.0, "tmn": [113, 226, 617, 946, 411, 339, 236, 92, 308, 781, 1007, 647, 575, 257, 82, 483, 267, 1213, 390, 215, 349], "tmv": [4690, 3336, 1695, 3330, 4023, 4903, 6734, 6595, 3662, 2393, 4746, 4917, 6132, 6772, 6806, 0, 0, 3221, 4419, 5606, 0], "tmd": [11, 0, 0, 0, 0, 0, 0, 0, 0, 0, 0, 0, 0, 0, 0, 0, 11, 0, 0, 0, 11], "wmn": 3003, "wmt": 16338, "wmd": 21, "wmv": 20055, "wdn": -18, "wdt": -23, "wdd": 0, "wdv": -43, "tlv": "Ohio"}