{"loc": "Attala", "iso": "US", "l1": "United States", "l2": "Mississippi", "lvl": 3, "pop": 18174, "key": 10196, "isd": true, "ppd": 35.608000000000004, "med": 38.3, "p65": 15.413, "p70": 9.732000000000001, "hos": 2.77, "exp": 78.86, "adr": 3.0, "amn": 164411.0, "amv": 1136653.0, "amd": 4402.0, "amt": 774544.0, "tmn": [4897, 2255, 880, 990, 1705, 0, 0, 1540, 1815, 935, 165, 660, 0, 0, 1540, 495, 1265, 2090, 2090, 0, 0], "tmv": [2605, 1830, 2139, 3106, 3068, 3187, 2953, 1851, 1966, 2813, 2807, 3250, 3257, 2889, 2103, 1988, 3241, 2538, 4249, 2950, 0], "tmd": [56, 56, 0, 0, 56, 0, 0, 0, 56, 0, 0, 0, 0, 0, 0, 0, 56, 0, 0, 0, 0], "wmn": 7484, "wmt": 20302, "wmd": 56, "wmv": 17074, "wdn": 46, "wdt": -8, "wdd": 0, "wdv": -9, "tlv": "Mississippi"}