{"loc": "Athens", "iso": "US", "l1": "United States", "l2": "Ohio", "lvl": 3, "pop": 65327, "key": 10191, "isd": true, "ppd": 35.608000000000004, "med": 38.3, "p65": 15.413, "p70": 9.732000000000001, "hos": 2.77, "exp": 78.86, "adr": 1.0, "amn": 68149.0, "amv": 160515.0, "amd": 459.0, "amt": 825959.0, "tmn": [658, 612, 566, 489, 214, 505, 443, 581, 642, 306, 397, 91, 137, 505, 413, 275, 780, 673, 168, 367, 214], "tmv": [3374, 4677, 5132, 5139, 4690, 3336, 1695, 3330, 4023, 4903, 6734, 6595, 3662, 2393, 4746, 4917, 6132, 6772, 6806, 0, 0], "tmd": [0, 0, 0, 0, 0, 16, 0, 0, 16, 0, 0, 0, 0, 0, 0, 0, 0, 0, 0, 0, 0], "wmn": 2894, "wmt": 21180, "wmd": 0, "wmv": 29376, "wdn": 9, "wdt": -5, "wdd": -100, "wdv": -7, "tlv": "Ohio"}