{"loc": "Audrain", "iso": "US", "l1": "United States", "l2": "Missouri", "lvl": 3, "pop": 25388, "key": 10197, "isd": true, "ppd": 35.608000000000004, "med": 38.3, "p65": 15.413, "p70": 9.732000000000001, "hos": 2.77, "exp": 78.86, "adr": 2.0, "amn": 142311.0, "amv": 1187231.0, "amd": 2521.0, "amt": 1144531.0, "tmn": [39, 472, 157, 196, 39, 275, 945, 315, 315, 393, 157, 39, 78, 315, 393, 236, 945, 78, 39, 236, 236], "tmv": [2024, 2876, 2739, 2336, 1790, 1886, 2554, 2257, 2903, 2781, 2047, 1978, 1647, 2163, 995, 2262, 2445, 2251, 1671, 1480, 0], "tmd": [0, 0, 0, 0, 0, 0, 40, 0, 0, 0, 0, 0, 79, 0, 0, 0, 0, 0, 0, 40, 0], "wmn": 2167, "wmt": 18685, "wmd": 40, "wmv": 11106, "wdn": 34, "wdt": -7, "wdd": -50, "wdv": -30, "tlv": "Missouri"}