{"loc": "Audubon", "iso": "US", "l1": "United States", "l2": "Iowa", "lvl": 3, "pop": 5496, "key": 10198, "isd": true, "ppd": 35.608000000000004, "med": 38.3, "p65": 15.413, "p70": 9.732000000000001, "hos": 2.77, "exp": 78.86, "adr": 2.0, "amn": 97344.0, "amv": 968912.0, "amd": 2001.0, "amt": 472112.0, "tmn": [545, 181, 0, 0, 363, 727, -181, 545, -181, 0, 181, 0, 727, 363, -181, 0, 0, -181, 0, 181, 0], "tmv": [2452, 4248, 3485, 4157, 3682, 3252, 2518, 2835, 2495, 4865, 3672, 4016, 3766, 3121, 6234, 3276, 3244, 2575, 1851, 1965, 0], "tmd": [0, 0, 0, 0, 0, 0, 0, 0, 0, 0, 0, 0, 0, 182, 0, 0, 0, 0, 0, 0, 0], "wmn": -181, "wmt": 1956, "wmd": 0, "wmv": 19149, "wdn": -111, "wdt": -11, "wdd": -100, "wdv": -23, "tlv": "Iowa"}