{"loc": "Audubon", "iso": "US", "l1": "United States", "l2": "Iowa", "lvl": 3, "pop": 5496, "key": 10198, "isd": true, "ppd": 35.608000000000004, "med": 38.3, "p65": 15.413, "p70": 9.732000000000001, "hos": 2.77, "exp": 78.86, "adr": 2.0, "amn": 82787.0, "amv": 160515.0, "amd": 1638.0, "amt": 406433.0, "tmn": [363, 181, 909, 0, 0, 0, 0, 727, 545, 181, 181, 363, 0, 363, 545, 181, 0, 545, 0, 181, 181], "tmv": [2448, 3374, 4677, 5132, 5139, 4690, 3336, 1695, 3330, 4023, 4903, 6734, 6595, 3662, 2393, 4746, 4917, 6132, 6772, 6806, 0], "tmd": [0, 0, 0, 0, 0, 0, 0, 0, 182, 0, 0, 0, 0, 0, 0, 0, 0, 0, 0, 0, 0], "wmn": 1638, "wmt": 4090, "wmd": 0, "wmv": 31769, "wdn": -31, "wdt": -9, "wdd": -100, "wdv": 3, "tlv": "Iowa"}