{"loc": "Atlantic", "iso": "US", "l1": "United States", "l2": "New Jersey", "lvl": 3, "pop": 263670, "key": 10193, "isd": true, "ppd": 35.608000000000004, "med": 38.3, "p65": 15.413, "p70": 9.732000000000001, "hos": 2.77, "exp": 78.86, "adr": 2.0, "amn": 96795.0, "amv": 274237.0, "amd": 2196.0, "amt": 1238383.0, "tmn": [341, 356, 580, 288, 527, 280, 322, 345, 405, 417, 345, 530, 341, 276, 337, 356, 318, 360, 333, 273, 345], "tmv": [0, 3221, 4419, 5606, 5173, 5466, 3298, 2593, 4349, 5491, 6616, 7139, 7375, 5050, 5255, 5793, 6168, 7391, 8814, 7404, 0], "tmd": [0, 31, 35, 12, 8, 0, 4, 27, 16, 4, 8, 8, 0, 4, 16, 8, 8, 8, 0, 0, 0], "wmn": 2325, "wmt": 38164, "wmd": 38, "wmv": 40829, "wdn": -13, "wdt": 4, "wdd": -41, "wdv": 6, "tlv": "New Jersey"}