{"loc": "Aurora", "iso": "US", "l1": "United States", "l2": "South Dakota", "lvl": 3, "pop": 2751, "key": 10204, "isd": true, "ppd": 35.608000000000004, "med": 38.3, "p65": 15.413, "p70": 9.732000000000001, "hos": 2.77, "exp": 78.86, "adr": 3.0, "amn": 190476.0, "amv": 1187231.0, "amd": 5453.0, "amt": 1071378.0, "tmn": [0, 0, 0, 0, 0, 727, 727, 363, 363, 0, 0, 727, 363, 1817, 1090, 1090, 0, 0, 363, 727, 2181], "tmv": [2024, 2876, 2739, 2336, 1790, 1886, 2554, 2257, 2903, 2781, 2047, 1978, 1647, 2163, 995, 2262, 2445, 2251, 1671, 1480, 0], "tmd": [0, 0, 0, 0, 0, 0, 0, 0, 0, 0, 0, 0, 0, 0, 0, 0, 0, 0, 0, 0, 0], "wmn": 5453, "wmt": 17299, "wmd": 0, "wmv": 11106, "wdn": 50, "wdt": -9, "wdd": 0, "wdv": -30, "tlv": "South Dakota"}