{"loc": "Autauga", "iso": "US", "l1": "United States", "l2": "Alabama", "lvl": 3, "pop": 55869, "key": 10209, "isd": true, "ppd": 35.608000000000004, "med": 38.3, "p65": 15.413, "p70": 9.732000000000001, "hos": 2.77, "exp": 78.86, "adr": 1.0, "amn": 184843.0, "amv": 1303449.0, "amd": 2703.0, "amt": 1241758.0, "tmn": [143, 53, 89, 17, 787, 232, 1360, 71, 17, 232, 393, 2434, 161, 196, 232, 107, 232, 232, 357, 178, 232], "tmv": [780, 2376, 2334, 2342, 2403, 3887, 2378, 1359, 4316, 4363, 4502, 4400, 4864, 2267, 1210, 3657, 3104, 3335, 2510, 342, 0], "tmd": [0, 0, 0, 0, 0, 36, 0, 0, 0, 0, 0, 0, 0, 0, 0, 0, 0, 36, 18, 0, 0], "wmn": 1576, "wmt": 12120, "wmd": 54, "wmv": 14161, "wdn": -55, "wdt": 1, "wdd": 0, "wdv": -46, "tlv": "Alabama"}