{"loc": "Aurangabad", "iso": "IN", "l1": "India", "l2": "Maharashtra", "lvl": 3, "pop": 3695928, "key": 10203, "isd": true, "ppd": 450.41900000000004, "med": 28.2, "p65": 5.989, "p70": 3.4139999999999997, "hos": 0.53, "exp": 69.66, "adr": 1.0, "amn": 28223.0, "amv": 82966.0, "amd": 409.0, "amt": 187071.0, "tmn": [506, 406, 331, 251, 365, 374, 393, 331, 307, 483, 284, 393, 477, 327, 358, 300, 380, 276, 469, 367, 364], "tmv": [1887, 1565, 188, 422, 1406, 1495, 2660, 3090, 2119, 2264, 2902, 2874, 2261, 2996, 2710, 2550, 2125, 2901, 1917, 2401, 0], "tmd": [2, 2, 1, 1, 1, 1, 10, 6, 9, 1, 1, 3, 2, 2, 3, 0, 10, 2, 3, 1, 0], "wmn": 2519, "wmt": 13408, "wmd": 17, "wmv": 14608, "wdn": -3, "wdt": 17, "wdd": -14, "wdv": -21, "tlv": "Maharashtra"}