{"loc": "Autauga", "iso": "US", "l1": "United States", "l2": "Alabama", "lvl": 3, "pop": 55869, "key": 10209, "isd": true, "ppd": 35.608000000000004, "med": 38.3, "p65": 15.413, "p70": 9.732000000000001, "hos": 2.77, "exp": 78.86, "adr": 1.0, "amn": 190463.0, "amv": 1476857.0, "amd": 2828.0, "amt": 1303313.0, "tmn": [71, 0, 89, 0, 0, 161, 17, 71, 250, 268, 17, 17, 71, 161, 161, 89, 125, 53, 107, 572, 71], "tmv": [70, 3476, 2565, 1693, 4764, 5451, 6033, 6077, 6801, 4120, 2054, 5104, 5248, 5184, 4986, 5175, 2683, 957, 367, 0, 0], "tmd": [18, 0, 0, 0, 0, 0, 0, 0, 0, 0, 0, 0, 0, 0, 0, 18, 0, 0, 0, 0, 0], "wmn": 1182, "wmt": 11001, "wmd": 18, "wmv": 14171, "wdn": 38, "wdt": 19, "wdd": 0, "wdv": -59, "tlv": "Alabama"}