{"loc": "Auraiya", "iso": "IN", "l1": "India", "l2": "Uttar Pradesh", "lvl": 3, "pop": 1372287, "key": 10201, "isd": true, "ppd": 450.41900000000004, "med": 28.2, "p65": 5.989, "p70": 3.4139999999999997, "hos": 0.53, "exp": 69.66, "adr": 2.0, "amn": 7251.0, "amv": 138927.0, "amd": 120.0, "amt": 196470.0, "tmn": [40, 96, 69, 38, 110, 148, 162, 51, 144, 51, 128, 80, 32, 42, 44, 19, 42, 23, 37, 21, 15], "tmv": [1355, 1209, 1580, 1936, 1874, 1669, 587, 2024, 2002, 1581, 1678, 930, 1375, 511, 1134, 995, 883, 1069, 0, 0, 635], "tmd": [5, 4, 2, 3, 7, 0, 3, 3, 1, 6, 0, 1, 9, 0, 3, 4, 1, 3, 3, 1, 3], "wmn": 205, "wmt": 8583, "wmd": 15, "wmv": 4720, "wdn": -62, "wdt": 17, "wdd": -17, "wdv": -53, "tlv": "Uttar Pradesh"}