{"loc": "Auraiya", "iso": "IN", "l1": "India", "l2": "Uttar Pradesh", "lvl": 3, "pop": 1372287, "key": 10201, "isd": true, "ppd": 450.41900000000004, "med": 28.2, "p65": 5.989, "p70": 3.4139999999999997, "hos": 0.53, "exp": 69.66, "adr": 2.0, "amn": 7153.0, "amv": 135080.0, "amd": 112.0, "amt": 191401.0, "tmn": [257, 80, 85, 164, 40, 96, 69, 38, 110, 148, 162, 51, 144, 51, 128, 80, 32, 42, 44, 19, 42], "tmv": [1605, 1977, 1179, 424, 1355, 1209, 1580, 1936, 1874, 1669, 587, 2024, 2002, 1581, 1678, 930, 1375, 511, 1134, 995, 883], "tmd": [4, 1, 3, 7, 5, 4, 2, 3, 7, 0, 3, 3, 1, 6, 0, 1, 9, 0, 3, 4, 1], "wmn": 390, "wmt": 7902, "wmd": 17, "wmv": 7511, "wdn": -45, "wdt": 16, "wdd": -15, "wdv": -36, "tlv": "Uttar Pradesh"}