{"loc": "Avery", "iso": "US", "l1": "United States", "l2": "North Carolina", "lvl": 3, "pop": 17557, "key": 10210, "isd": true, "ppd": 35.608000000000004, "med": 38.3, "p65": 15.413, "p70": 9.732000000000001, "hos": 2.77, "exp": 78.86, "adr": 1.0, "amn": 154070.0, "amv": 1242734.0, "amd": 1880.0, "amt": 1570849.0, "tmn": [626, 170, 0, 0, 1537, 170, 113, 455, 1196, 0, 0, 1253, 56, 683, 113, 0, 0, 0, 1366, 56, 284], "tmv": [2784, 2570, 2833, 3777, 2988, 2423, 2905, 2661, 3390, 3489, 0, 0, 0, 2411, 3257, 3418, 2659, 2485, 1614, 1945, 0], "tmd": [0, 0, 0, 0, 0, 0, 0, 0, 0, 0, 0, 0, 0, 0, 0, 0, 0, 0, 57, 0, 0], "wmn": 1823, "wmt": 24502, "wmd": 57, "wmv": 15382, "wdn": -50, "wdt": -11, "wdd": 0, "wdv": 29, "tlv": "North Carolina"}