{"loc": "Avery", "iso": "US", "l1": "United States", "l2": "North Carolina", "lvl": 3, "pop": 17557, "key": 10210, "isd": true, "ppd": 35.608000000000004, "med": 38.3, "p65": 15.413, "p70": 9.732000000000001, "hos": 2.77, "exp": 78.86, "adr": 1.0, "amn": 104118.0, "amv": 233408.0, "amd": 1139.0, "amt": 993700.0, "tmn": [569, 512, 113, 284, 170, 284, 56, 113, 113, 56, 284, 170, 170, 0, 113, 398, 227, 512, 0, 398, 56], "tmv": [4746, 4917, 6132, 6772, 6806, 0, 0, 3221, 4419, 5606, 5173, 5466, 3298, 2593, 4349, 5491, 6616, 7139, 7375, 5050, 0], "tmd": [0, 0, 0, 0, 0, 0, 0, 0, 57, 57, 0, 0, 0, 0, 0, 0, 0, 0, 0, 0, 0], "wmn": 1709, "wmt": 31139, "wmd": 0, "wmv": 36022, "wdn": 88, "wdt": 6, "wdd": -100, "wdv": 21, "tlv": "North Carolina"}