{"loc": "Avery", "iso": "US", "l1": "United States", "l2": "North Carolina", "lvl": 3, "pop": 17557, "key": 10210, "isd": true, "ppd": 35.608000000000004, "med": 38.3, "p65": 15.413, "p70": 9.732000000000001, "hos": 2.77, "exp": 78.86, "adr": 1.0, "amn": 103150.0, "amv": 207226.0, "amd": 1139.0, "amt": 978174.0, "tmn": [284, 455, 398, 854, 569, 512, 113, 284, 170, 284, 56, 113, 113, 56, 284, 170, 170, 0, 113, 398, 227], "tmv": [6734, 6595, 3662, 2393, 4746, 4917, 6132, 6772, 6806, 0, 0, 3221, 4419, 5606, 5173, 5466, 3298, 2593, 4349, 5491, 0], "tmd": [57, 0, 0, 57, 0, 0, 0, 0, 0, 0, 0, 0, 57, 57, 0, 0, 0, 0, 0, 0, 0], "wmn": 1367, "wmt": 31580, "wmd": 0, "wmv": 26374, "wdn": 26, "wdt": 3, "wdd": -100, "wdv": -2, "tlv": "North Carolina"}