{"loc": "Avery", "iso": "US", "l1": "United States", "l2": "North Carolina", "lvl": 3, "pop": 17557, "key": 10210, "isd": true, "ppd": 35.608000000000004, "med": 38.3, "p65": 15.413, "p70": 9.732000000000001, "hos": 2.77, "exp": 78.86, "adr": 1.0, "amn": 143134.0, "amv": 1176126.0, "amd": 1766.0, "amt": 1461235.0, "tmn": [227, 0, 0, 0, 1708, 683, 797, 170, 0, 0, 1651, 113, 683, 227, 1025, 0, 0, 1253, 512, 284, 341], "tmv": [4249, 2950, 0, 0, 0, 2913, 2024, 2876, 2739, 2336, 1790, 1886, 2554, 2257, 2903, 2781, 2047, 1978, 1647, 2163, 0], "tmd": [0, 0, 0, 0, 57, 171, 0, 0, 0, 0, 0, 0, 57, 57, 0, 0, 0, 0, 0, 171, 0], "wmn": 3418, "wmt": 39145, "wmd": 171, "wmv": 13523, "wdn": 20, "wdt": 10, "wdd": 50, "wdv": -18, "tlv": "North Carolina"}