{"loc": "Bahrain", "iso": "BH", "l1": "Bahrain", "l2": "0", "lvl": 1, "pop": 1701583, "key": 10228, "isd": true, "ppd": 1935.9070000000002, "med": 32.4, "p65": 2.372, "p70": 1.3869999999999998, "hos": 2.0, "exp": 77.29, "adr": 0.0, "amn": 128144.0, "amv": 928608.0, "amd": 482.0, "amt": 2605125.0, "tmn": [684, 833, 852, 803, 1002, 882, 852, 976, 1017, 904, 1067, 804, 951, 1107, 927, 1156, 1383, 1419, 1679, 1597, 1867], "tmv": [11293, 10854, 9833, 9492, 7289, 6320, 10666, 11110, 12485, 10522, 3859, 4332, 4968, 9719, 9988, 9946, 7344, 7185, 7967, 8525, 12012], "tmd": [4, 3, 2, 4, 3, 3, 5, 4, 4, 5, 6, 10, 3, 6, 4, 8, 5, 5, 9, 9, 7], "wmn": 10032, "wmt": 56816, "wmd": 44, "wmv": 62970, "wdn": 47, "wdt": -15, "wdd": 21, "wdv": 10, "tlv": "Bahrain"}