{"loc": "Bahrain", "iso": "BH", "l1": "Bahrain", "l2": "0", "lvl": 1, "pop": 1701583, "key": 10228, "isd": true, "ppd": 1935.9070000000002, "med": 32.4, "p65": 2.372, "p70": 1.3869999999999998, "hos": 2.0, "exp": 77.29, "adr": 1.0, "amn": 157209.0, "amv": 1298050.0, "amd": 810.0, "amt": 3047902.0, "tmn": [175, 169, 177, 148, 135, 97, 108, 86, 96, 85, 82, 76, 75, 65, 71, 69, 43, 58, 65, 44, 61], "tmv": [8518, 9635, 5639, 5084, 48079, 3950, 3408, 3551, 3151, 3576, 4327, 4024, 3085, 4134, 4154, 4000, 3754, 3925, 4612, 4501, 0], "tmd": [3, 1, 4, 3, 2, 2, 1, 1, 2, 2, 2, 2, 2, 1, 3, 2, 2, 1, 1, 0, 0], "wmn": 417, "wmt": 42748, "wmd": 7, "wmv": 24949, "wdn": -27, "wdt": -17, "wdd": -27, "wdv": -4, "tlv": "Bahrain"}