{"loc": "Baghpat", "iso": "IN", "l1": "India", "l2": "Uttar Pradesh", "lvl": 3, "pop": 1302156, "key": 10224, "isd": true, "ppd": 450.41900000000004, "med": 28.2, "p65": 5.989, "p70": 3.4139999999999997, "hos": 0.53, "exp": 69.66, "adr": 1.0, "amn": 4073.0, "amv": 114312.0, "amd": 58.0, "amt": 175718.0, "tmn": [37, 13, 52, 30, 61, 11, 102, 28, 153, 54, 92, 74, 152, 63, 131, 108, 158, 184, 264, 146, 195], "tmv": [2401, 1978, 1966, 1945, 891, 2374, 0, 0, 2252, 0, 0, 0, 2420, 1705, 1575, 1605, 1977, 1179, 424, 1355, 1209], "tmd": [0, 0, 0, 1, 0, 2, 0, 0, 0, 1, 2, 1, 2, 3, 1, 4, 7, 4, 4, 2, 3], "wmn": 1190, "wmt": 6974, "wmd": 21, "wmv": 9328, "wdn": 92, "wdt": 13, "wdd": 200, "wdv": 46, "tlv": "Uttar Pradesh"}