{"loc": "Bageshwar", "iso": "IN", "l1": "India", "l2": "Uttarakhand", "lvl": 3, "pop": 259840, "key": 10223, "isd": true, "ppd": 450.41900000000004, "med": 28.2, "p65": 5.989, "p70": 3.4139999999999997, "hos": 0.53, "exp": 69.66, "adr": 1.0, "amn": 6939.0, "amv": 96199.0, "amd": 65.0, "amt": 311148.0, "tmn": [61, 30, 3, 42, 0, 23, 34, 15, 30, 11, 50, 23, 57, 73, 57, 57, 26, 50, 30, 130, 130], "tmv": [2119, 2264, 2902, 2874, 2261, 2996, 2710, 2550, 2125, 2901, 1917, 2401, 1978, 1966, 1945, 891, 2374, 0, 0, 2252, 0], "tmd": [0, 0, 0, 0, 0, 0, 0, 0, 0, 0, 0, 0, 0, 0, 0, 0, 0, 0, 0, 0, 0], "wmn": 485, "wmt": 22456, "wmd": 0, "wmv": 7464, "wdn": 85, "wdt": -5, "wdd": 0, "wdv": -53, "tlv": "Uttarakhand"}