{"loc": "Bageshwar", "iso": "IN", "l1": "India", "l2": "Uttarakhand", "lvl": 3, "pop": 259840, "key": 10223, "isd": true, "ppd": 450.41900000000004, "med": 28.2, "p65": 5.989, "p70": 3.4139999999999997, "hos": 0.53, "exp": 69.66, "adr": 1.0, "amn": 18862.0, "amv": 138291.0, "amd": 165.0, "amt": 397807.0, "tmn": [130, 404, 827, 923, 419, 450, 912, 19, 369, 92, 604, 273, 146, 531, 588, 177, 619, 319, 1069, 827, 153], "tmv": [424, 1355, 1209, 1580, 1936, 1874, 1669, 587, 2024, 2002, 1581, 1678, 930, 1375, 511, 1134, 995, 883, 1069, 0, 0], "tmd": [0, 4, 4, 0, 0, 0, 0, 58, 8, 8, 0, 0, 12, 0, 4, 0, 0, 0, 0, 0, 0], "wmn": 3757, "wmt": 21979, "wmd": 4, "wmv": 4596, "wdn": 84, "wdt": 25, "wdd": -95, "wdv": -55, "tlv": "Uttarakhand"}