{"loc": "Baker", "iso": "US", "l1": "United States", "l2": "Florida", "lvl": 3, "pop": 29210, "key": 10232, "isd": true, "ppd": 35.608000000000004, "med": 38.3, "p65": 15.413, "p70": 9.732000000000001, "hos": 2.77, "exp": 78.86, "adr": 2.0, "amn": 113934.0, "amv": 343093.0, "amd": 1986.0, "amt": 1074603.0, "tmn": [102, 34, 171, 68, 205, 171, 34, 0, 34, -68, 34, 0, 68, 34, 136, 0, 171, 0, 0, 0, 136], "tmv": [6616, 7139, 7375, 5050, 5255, 5793, 6168, 7391, 8814, 7404, 5275, 4864, 6157, 7535, 8875, 13887, 4118, 6135, 5026, 6980, 0], "tmd": [0, 0, 35, 0, 0, 0, 0, 0, 0, 0, 0, 35, 0, 0, 0, 0, 0, 0, 0, 0, 35], "wmn": 446, "wmt": 24835, "wmd": 35, "wmv": 45024, "wdn": 333, "wdt": 14, "wdd": 0, "wdv": -5, "tlv": "Florida"}