{"loc": "Baldwin", "iso": "US", "l1": "United States", "l2": "Georgia", "lvl": 3, "pop": 44890, "key": 10239, "isd": true, "ppd": 35.608000000000004, "med": 38.3, "p65": 15.413, "p70": 9.732000000000001, "hos": 2.77, "exp": 78.86, "adr": 3.0, "amn": 145355.0, "amv": 1197969.0, "amd": 3787.0, "amt": 1093349.0, "tmn": [1470, 668, 1024, 735, 423, 0, 0, 1381, 289, 111, 400, 155, 0, 0, 646, 222, 111, 178, 289, 0, 0], "tmv": [1790, 1886, 2554, 2257, 2903, 2781, 2047, 1978, 1647, 2163, 995, 2262, 2445, 2251, 1671, 0, 0, 2784, 2570, 2833, 0], "tmd": [0, 45, 23, 45, 0, 0, 0, 0, 0, 67, 23, 23, 0, 0, 23, 45, 0, 23, 23, 0, 0], "wmn": 1448, "wmt": 22471, "wmd": 112, "wmv": 9860, "wdn": -38, "wdt": 4, "wdd": 0, "wdv": -28, "tlv": "Georgia"}