{"loc": "Baldwin", "iso": "US", "l1": "United States", "l2": "Alabama", "lvl": 3, "pop": 223234, "key": 10238, "isd": true, "ppd": 35.608000000000004, "med": 38.3, "p65": 15.413, "p70": 9.732000000000001, "hos": 2.77, "exp": 78.86, "adr": 2.0, "amn": 172075.0, "amv": 1476857.0, "amd": 2647.0, "amt": 1303313.0, "tmn": [85, 0, 31, 26, 49, 85, 85, 76, 138, 107, 53, 35, 94, 49, 80, 58, 129, 31, 31, 344, 67], "tmv": [70, 3476, 2565, 1693, 4764, 5451, 6033, 6077, 6801, 4120, 2054, 5104, 5248, 5184, 4986, 5175, 2683, 957, 367, 0, 0], "tmd": [0, 0, 0, 0, 0, 0, 0, 0, 0, 0, 0, 0, 5, 0, 0, 0, 5, 0, 0, 0, 0], "wmn": 744, "wmt": 11001, "wmd": 5, "wmv": 14171, "wdn": 34, "wdt": 19, "wdd": 0, "wdv": -59, "tlv": "Alabama"}