{"loc": "Baldwin", "iso": "US", "l1": "United States", "l2": "Alabama", "lvl": 3, "pop": 223234, "key": 10238, "isd": true, "ppd": 35.608000000000004, "med": 38.3, "p65": 15.413, "p70": 9.732000000000001, "hos": 2.77, "exp": 78.86, "adr": 1.0, "amn": 89422.0, "amv": 279512.0, "amd": 1299.0, "amt": 474282.0, "tmn": [407, 255, 165, 138, 183, 125, 416, 362, 156, 125, 71, 80, 116, 143, 295, 76, 76, 111, 89, 31, 89], "tmv": [3221, 4419, 5606, 5173, 5466, 3298, 2593, 4349, 5491, 6616, 7139, 7375, 5050, 5255, 5793, 6168, 7391, 8814, 7404, 5275, 0], "tmd": [0, 5, 36, 0, 0, 0, 5, 41, 9, 14, 27, 0, 0, 5, 5, 18, 0, 0, 0, 0, 5], "wmn": 771, "wmt": 6072, "wmd": 27, "wmv": 40849, "wdn": -27, "wdt": -3, "wdd": -71, "wdv": -1, "tlv": "Alabama"}