{"loc": "Balrampur", "iso": "IN", "l1": "India", "l2": "Uttar Pradesh", "lvl": 3, "pop": 2149066, "key": 10248, "isd": true, "ppd": 450.41900000000004, "med": 28.2, "p65": 5.989, "p70": 3.4139999999999997, "hos": 0.53, "exp": 69.66, "adr": 1.0, "amn": 1149.0, "amv": 63099.0, "amd": 17.0, "amt": 150304.0, "tmn": [0, 0, 4, 5, 3, 2, 2, 3, 2, 5, 10, 11, 2, 0, 4, 2, 3, 6, 15, 5, 14], "tmv": [1506, 1591, 1973, 1840, 334, 2484, 1700, 1669, 1709, 1887, 1565, 188, 422, 1406, 1495, 2660, 3090, 2119, 2264, 2902, 2874], "tmd": [0, 0, 0, 0, 0, 0, 0, 0, 0, 0, 0, 0, 0, 0, 0, 0, 0, 0, 0, 0, 0], "wmn": 54, "wmt": 4306, "wmd": 0, "wmv": 17409, "wdn": 46, "wdt": 14, "wdd": 0, "wdv": 97, "tlv": "Uttar Pradesh"}