{"loc": "Baltimore City", "iso": "US", "l1": "United States", "l2": "Maryland", "lvl": 3, "pop": 593490, "key": 10249, "isd": true, "ppd": 35.608000000000004, "med": 38.3, "p65": 15.413, "p70": 9.732000000000001, "hos": 2.77, "exp": 78.86, "adr": 2.0, "amn": 90468.0, "amv": 1046931.0, "amd": 2131.0, "amt": 1863287.0, "tmn": [18, 6, 8, 8, 8, 33, 16, 25, 13, 42, 50, 30, 23, 43, 70, 33, 58, 45, 72, 106, 82], "tmv": [1779, 1363, 1036, 1655, 1721, 1666, 1928, 1520, 1539, 740, 1856, 2005, 1821, 2051, 2364, 1193, 1200, 2288, 2155, 2600, 0], "tmd": [0, 0, 2, 2, 4, 0, 0, 0, 0, 2, 2, 0, 2, 2, 0, 0, 2, 0, 0, 0, 0], "wmn": 471, "wmt": 18726, "wmd": 2, "wmv": 11803, "wdn": 105, "wdt": 15, "wdd": -75, "wdv": 2, "tlv": "Maryland"}