{"loc": "Ballari", "iso": "IN", "l1": "India", "l2": "Karnataka", "lvl": 3, "pop": 2532383, "key": 10242, "isd": true, "ppd": 450.41900000000004, "med": 28.2, "p65": 5.989, "p70": 3.4139999999999997, "hos": 0.53, "exp": 69.66, "adr": 1.0, "amn": 28699.0, "amv": 131554.0, "amd": 413.0, "amt": 410974.0, "tmn": [289, 310, 358, 436, 353, 506, 459, 456, 390, 505, 366, 364, 507, 371, 845, 384, 615, 719, 736, 956, 640], "tmv": [0, 2420, 1705, 1575, 1605, 1977, 1179, 424, 1355, 1209, 1580, 1936, 1874, 1669, 587, 2024, 2002, 1581, 1678, 930, 1375], "tmd": [7, 8, 8, 4, 7, 5, 4, 8, 6, 11, 8, 11, 10, 10, 9, 11, 12, 7, 6, 11, 12], "wmn": 4898, "wmt": 13244, "wmd": 64, "wmv": 10182, "wdn": 65, "wdt": -18, "wdd": 5, "wdv": 1, "tlv": "Karnataka"}