{"loc": "Baloda Bazar", "iso": "IN", "l1": "India", "l2": "Chhattisgarh", "lvl": 3, "pop": 1305343, "key": 10246, "isd": true, "ppd": 450.41900000000004, "med": 28.2, "p65": 5.989, "p70": 3.4139999999999997, "hos": 0.53, "exp": 69.66, "adr": 1.0, "amn": 7814.0, "amv": 18960.0, "amd": 115.0, "amt": 173965.0, "tmn": [6, 0, 7, 5, 3, 0, 0, 12, 0, 3, 6, 5, 7, 1, 9, 6, 9, 2, 9, 1, 8], "tmv": [281, 178, 245, 350, 332, 507, 499, 351, 42, 400, 555, 721, 1006, 1081, 1032, 48, 1463, 984, 954, 347, 0], "tmd": [0, 0, 0, 1, 0, 0, 0, 1, 0, 0, 0, 0, 0, 0, 0, 0, 0, 0, 1, 0, 0], "wmn": 48, "wmt": 5904, "wmd": 1, "wmv": 4832, "wdn": 29, "wdt": 3, "wdd": 0, "wdv": 16, "tlv": "Chhattisgarh"}