{"loc": "Baloda Bazar", "iso": "IN", "l1": "India", "l2": "Chhattisgarh", "lvl": 3, "pop": 1305343, "key": 10246, "isd": true, "ppd": 450.41900000000004, "med": 28.2, "p65": 5.989, "p70": 3.4139999999999997, "hos": 0.53, "exp": 69.66, "adr": 1.0, "amn": 7806.0, "amv": 18612.0, "amd": 115.0, "amt": 172992.0, "tmn": [3, 6, 0, 7, 5, 3, 0, 0, 12, 0, 3, 6, 5, 7, 1, 9, 6, 9, 2, 9, 1], "tmv": [437, 281, 178, 245, 350, 332, 507, 499, 351, 42, 400, 555, 721, 1006, 1081, 1032, 48, 1463, 984, 954, 0], "tmd": [0, 0, 0, 0, 1, 0, 0, 0, 1, 0, 0, 0, 0, 0, 0, 0, 0, 0, 0, 1, 0], "wmn": 41, "wmt": 5886, "wmd": 1, "wmv": 5565, "wdn": 13, "wdt": 5, "wdd": 0, "wdv": 56, "tlv": "Chhattisgarh"}