{"loc": "Ballari", "iso": "IN", "l1": "India", "l2": "Karnataka", "lvl": 3, "pop": 2532383, "key": 10242, "isd": true, "ppd": 450.41900000000004, "med": 28.2, "p65": 5.989, "p70": 3.4139999999999997, "hos": 0.53, "exp": 69.66, "adr": 1.0, "amn": 16719.0, "amv": 89748.0, "amd": 244.0, "amt": 351035.0, "tmn": [18, 26, 9, 13, 9, 36, 15, 34, 19, 49, 34, 24, 40, 52, 66, 62, 78, 110, 140, 93, 97], "tmv": [1406, 1495, 2660, 3090, 2119, 2264, 2902, 2874, 2261, 2996, 2710, 2550, 2125, 2901, 1917, 2401, 1978, 1966, 1945, 891, 0], "tmd": [0, 0, 0, 0, 0, 0, 1, 1, 1, 0, 1, 1, 0, 1, 0, 1, 3, 1, 1, 1, 1], "wmn": 651, "wmt": 13476, "wmd": 6, "wmv": 11102, "wdn": 155, "wdt": 11, "wdd": 160, "wdv": -40, "tlv": "Karnataka"}