{"loc": "Baloda Bazar", "iso": "IN", "l1": "India", "l2": "Chhattisgarh", "lvl": 3, "pop": 1305343, "key": 10246, "isd": true, "ppd": 450.41900000000004, "med": 28.2, "p65": 5.989, "p70": 3.4139999999999997, "hos": 0.53, "exp": 69.66, "adr": 1.0, "amn": 20842.0, "amv": 104985.0, "amd": 175.0, "amt": 240726.0, "tmn": [460, 474, 549, 308, 613, 670, 525, 471, 561, 612, 399, 537, 793, 478, 599, 613, 560, 540, 674, 658, 579], "tmv": [2996, 2710, 2550, 2125, 2901, 1917, 2401, 1978, 1966, 1945, 891, 2374, 0, 0, 2252, 0, 0, 0, 2420, 1705, 0], "tmd": [2, 1, 3, 1, 1, 7, 4, 4, 2, 2, 0, 0, 2, 3, 7, 4, 4, 2, 2, 6, 4], "wmn": 4229, "wmt": 12854, "wmd": 24, "wmv": 6379, "wdn": 10, "wdt": 10, "wdd": 138, "wdv": -30, "tlv": "Chhattisgarh"}