{"loc": "Balod", "iso": "IN", "l1": "India", "l2": "Chhattisgarh", "lvl": 3, "pop": 826165, "key": 10245, "isd": true, "ppd": 450.41900000000004, "med": 28.2, "p65": 5.989, "p70": 3.4139999999999997, "hos": 0.53, "exp": 69.66, "adr": 1.0, "amn": 12015.0, "amv": 26915.0, "amd": 123.0, "amt": 181217.0, "tmn": [1, 0, 1, 4, 0, 1, 0, 1, 3, 0, 3, 2, 3, 2, 3, 1, 6, 7, 7, 12, 9], "tmv": [499, 351, 42, 400, 555, 721, 1006, 1081, 1032, 48, 1463, 984, 954, 347, 1488, 1101, 122, 2202, 1534, 1506, 0], "tmd": [0, 0, 0, 0, 0, 0, 0, 0, 0, 0, 0, 0, 0, 0, 0, 0, 0, 0, 0, 0, 0], "wmn": 48, "wmt": 8225, "wmd": 0, "wmv": 7956, "wdn": 179, "wdt": 40, "wdd": 0, "wdv": 35, "tlv": "Chhattisgarh"}