{"loc": "Balrampur", "iso": "IN", "l1": "India", "l2": "Chhattisgarh", "lvl": 3, "pop": 598855, "key": 10247, "isd": true, "ppd": 450.41900000000004, "med": 28.2, "p65": 5.989, "p70": 3.4139999999999997, "hos": 0.53, "exp": 69.66, "adr": 1.0, "amn": 22890.0, "amv": 125987.0, "amd": 132.0, "amt": 266587.0, "tmn": [145, 936, 634, 554, 379, 576, 482, 654, 609, 579, 552, 377, 616, 753, 639, 562, 998, 626, 614, 936, 853], "tmv": [0, 2252, 0, 0, 0, 2420, 1705, 1575, 1605, 1977, 1179, 424, 1355, 1209, 1580, 1936, 1874, 1669, 587, 2024, 2002], "tmd": [0, 0, 0, 4, 2, 6, 2, 4, 7, 6, 7, 4, 0, 6, 2, 4, 7, 9, 11, 7, 11], "wmn": 5232, "wmt": 14350, "wmd": 47, "wmv": 11676, "wdn": 26, "wdt": 6, "wdd": 56, "wdv": 25, "tlv": "Chhattisgarh"}