{"loc": "Banka", "iso": "IN", "l1": "India", "l2": "Bihar", "lvl": 3, "pop": 2029339, "key": 10258, "isd": true, "ppd": 450.41900000000004, "med": 28.2, "p65": 5.989, "p70": 3.4139999999999997, "hos": 0.53, "exp": 69.66, "adr": 1.0, "amn": 1930.0, "amv": 82966.0, "amd": 12.0, "amt": 199879.0, "tmn": [1, 0, 2, 2, 0, 0, 4, 2, 0, 2, 0, 2, 3, 5, 6, 9, 17, 9, 10, 15, 48], "tmv": [1887, 1565, 188, 422, 1406, 1495, 2660, 3090, 2119, 2264, 2902, 2874, 2261, 2996, 2710, 2550, 2125, 2901, 1917, 2401, 0], "tmd": [0, 0, 0, 0, 0, 0, 0, 0, 0, 0, 0, 0, 0, 0, 0, 0, 1, 1, 1, 1, 0], "wmn": 118, "wmt": 5287, "wmd": 3, "wmv": 14608, "wdn": 529, "wdt": 26, "wdd": 0, "wdv": -21, "tlv": "Bihar"}