{"loc": "Banks", "iso": "US", "l1": "United States", "l2": "Georgia", "lvl": 3, "pop": 19234, "key": 10259, "isd": true, "ppd": 35.608000000000004, "med": 38.3, "p65": 15.413, "p70": 9.732000000000001, "hos": 2.77, "exp": 78.86, "adr": 2.0, "amn": 104502.0, "amv": 1079834.0, "amd": 2288.0, "amt": 924131.0, "tmn": [675, 259, 155, 259, 207, 0, 0, 415, 623, 259, 623, 363, 0, 0, 1039, 519, 363, 311, 779, 0, 0], "tmv": [1193, 1200, 2288, 2155, 2600, 2160, 2477, 1419, 1374, 2201, 2622, 2492, 2548, 2348, 1615, 1875, 1986, 1986, 2786, 3007, 0], "tmd": [52, 0, 0, 0, 52, 0, 0, 0, 0, 0, 0, 0, 0, 0, 0, 0, 156, 0, 0, 0, 0], "wmn": 3016, "wmt": 17261, "wmd": 156, "wmv": 13258, "wdn": 32, "wdt": 26, "wdd": 0, "wdv": -12, "tlv": "Georgia"}