{"loc": "Banks", "iso": "US", "l1": "United States", "l2": "Georgia", "lvl": 3, "pop": 19234, "key": 10259, "isd": true, "ppd": 35.608000000000004, "med": 38.3, "p65": 15.413, "p70": 9.732000000000001, "hos": 2.77, "exp": 78.86, "adr": 2.0, "amn": 88177.0, "amv": 228357.0, "amd": 1716.0, "amt": 678317.0, "tmn": [103, 155, 51, 155, 207, 51, 259, 259, 207, 363, 103, 259, 311, 259, 207, 363, 363, 259, 311, 311, 363], "tmv": [3662, 2393, 4746, 4917, 6132, 6772, 6806, 0, 0, 3221, 4419, 5606, 5173, 5466, 3298, 2593, 4349, 5491, 6616, 7139, 7375], "tmd": [0, 0, 0, 0, 52, 0, 0, 52, 0, 0, 0, 0, 0, 0, 0, 0, 0, 52, 0, 52, 0], "wmn": 2184, "wmt": 15046, "wmd": 104, "wmv": 36864, "wdn": 24, "wdt": -16, "wdd": 100, "wdv": 54, "tlv": "Georgia"}