{"loc": "Bamberg", "iso": "US", "l1": "United States", "l2": "South Carolina", "lvl": 3, "pop": 14066, "key": 10251, "isd": true, "ppd": 35.608000000000004, "med": 38.3, "p65": 15.413, "p70": 9.732000000000001, "hos": 2.77, "exp": 78.86, "adr": 3.0, "amn": 153064.0, "amv": 1259649.0, "amd": 4479.0, "amt": 1833479.0, "tmn": [71, 71, 568, 0, 0, 924, 142, 426, 71, 568, 0, 0, 426, 71, 355, 284, 142, 0, 0, 497, 213], "tmv": [2905, 2661, 3390, 3489, 0, 0, 0, 2411, 3257, 3418, 2659, 2485, 1614, 1945, 2278, 2491, 2890, 2710, 2395, 1993, 2154], "tmd": [0, 0, 0, 0, 0, 0, 0, 0, 0, 0, 0, 0, 0, 0, 0, 0, 0, 0, 0, 0, 0], "wmn": 1493, "wmt": 29453, "wmd": 0, "wmv": 16916, "wdn": -5, "wdt": -1, "wdd": 0, "wdv": -5, "tlv": "South Carolina"}