{"loc": "Bannock", "iso": "US", "l1": "United States", "l2": "Idaho", "lvl": 3, "pop": 87808, "key": 10262, "isd": true, "ppd": 35.608000000000004, "med": 38.3, "p65": 15.413, "p70": 9.732000000000001, "hos": 2.77, "exp": 78.86, "adr": 1.0, "amn": 97041.0, "amv": 556863.0, "amd": 1150.0, "amt": 383843.0, "tmn": [0, 216, 125, 375, 296, 125, 136, 0, 261, 239, 364, 307, 170, 0, 0, 330, 113, 113, 68, 113, 0], "tmv": [9226, 6156, 5181, 6849, 8594, 10257, 10611, 9961, 7133, 5431, 8106, 10192, 12065, 12389, 10214, 6477, 4262, 8755, 10329, 12013, 14052], "tmd": [0, 0, 0, 0, 0, 0, 0, 0, 12, 0, 0, 0, 0, 0, 0, 12, 0, 12, 0, 0, 0], "wmn": 741, "wmt": 4252, "wmd": 23, "wmv": 66105, "wdn": -45, "wdt": 4, "wdd": 100, "wdv": 1, "tlv": "Idaho"}