{"loc": "Baraga", "iso": "US", "l1": "United States", "l2": "Michigan", "lvl": 3, "pop": 8209, "key": 10265, "isd": true, "ppd": 35.608000000000004, "med": 38.3, "p65": 15.413, "p70": 9.732000000000001, "hos": 2.77, "exp": 78.86, "adr": 5.0, "amn": 106469.0, "amv": 1121684.0, "amd": 4873.0, "amt": 1519970.0, "tmn": [0, 243, 0, 121, 0, 0, 243, 0, 121, 0, 1096, 0, 0, 0, 0, 974, 0, 1218, 0, 0, 974], "tmv": [1875, 1986, 1986, 2786, 3007, 2017, 2605, 1830, 2139, 3106, 3068, 3187, 2953, 1851, 1966, 2813, 2807, 3250, 3257, 2889, 2103], "tmd": [0, 0, 0, 122, 0, 0, 0, 0, 0, 0, 0, 0, 0, 0, 0, 0, 0, 0, 0, 0, 0], "wmn": 3168, "wmt": 16635, "wmd": 0, "wmv": 19089, "wdn": 160, "wdt": 13, "wdd": 0, "wdv": 5, "tlv": "Michigan"}