{"loc": "Bankura", "iso": "IN", "l1": "India", "l2": "West Bengal", "lvl": 3, "pop": 3596292, "key": 10260, "isd": true, "ppd": 450.41900000000004, "med": 28.2, "p65": 5.989, "p70": 3.4139999999999997, "hos": 0.53, "exp": 69.66, "adr": 1.0, "amn": 4817.0, "amv": 114312.0, "amd": 32.0, "amt": 107597.0, "tmn": [14, 33, 19, 29, 23, 39, 33, 57, 60, 48, 47, 32, 60, 75, 111, 136, 95, 112, 100, 122, 85], "tmv": [1978, 1966, 1945, 891, 2374, 0, 0, 2252, 0, 0, 0, 2420, 1705, 1575, 1605, 1977, 1179, 424, 1355, 1209, 0], "tmd": [0, 0, 0, 0, 0, 0, 0, 1, 0, 1, 0, 0, 0, 1, 2, 1, 1, 1, 2, 1, 0], "wmn": 765, "wmt": 3936, "wmd": 6, "wmv": 7752, "wdn": 100, "wdt": 4, "wdd": 400, "wdv": -3, "tlv": "West Bengal"}