{"loc": "Barabanki", "iso": "IN", "l1": "India", "l2": "Uttar Pradesh", "lvl": 3, "pop": 3257983, "key": 10264, "isd": true, "ppd": 450.41900000000004, "med": 28.2, "p65": 5.989, "p70": 3.4139999999999997, "hos": 0.53, "exp": 69.66, "adr": 1.0, "amn": 2859.0, "amv": 82966.0, "amd": 35.0, "amt": 157155.0, "tmn": [0, 2, 5, 3, 9, 4, 6, 19, 11, 9, 14, 4, 23, 15, 22, 27, 42, 32, 22, 41, 115], "tmv": [1709, 1887, 1565, 188, 422, 1406, 1495, 2660, 3090, 2119, 2264, 2902, 2874, 2261, 2996, 2710, 2550, 2125, 2901, 1917, 2401], "tmd": [0, 0, 0, 0, 0, 0, 0, 1, 0, 0, 1, 0, 0, 0, 1, 1, 0, 0, 1, 1, 1], "wmn": 305, "wmt": 6063, "wmd": 3, "wmv": 17605, "wdn": 207, "wdt": 26, "wdd": 350, "wdv": -3, "tlv": "Uttar Pradesh"}