{"loc": "Bannock", "iso": "US", "l1": "United States", "l2": "Idaho", "lvl": 3, "pop": 87808, "key": 10262, "isd": true, "ppd": 35.608000000000004, "med": 38.3, "p65": 15.413, "p70": 9.732000000000001, "hos": 2.77, "exp": 78.86, "adr": 1.0, "amn": 115992.0, "amv": 1136653.0, "amd": 1446.0, "amt": 498048.0, "tmn": [353, 318, 159, 0, 0, 341, 717, 876, 478, 387, 0, 0, 1024, 706, 706, 626, 763, 0, 0, 0, 1321], "tmv": [2139, 3106, 3068, 3187, 2953, 1851, 1966, 2813, 2807, 3250, 3257, 2889, 2103, 1988, 3241, 2538, 4249, 2950, 0, 0, 0], "tmd": [35, 0, 0, 0, 0, 12, 0, 0, 0, 0, 0, 0, 0, 23, 0, 0, 0, 0, 0, 0, 23], "wmn": 3417, "wmt": 6896, "wmd": 23, "wmv": 12982, "wdn": -2, "wdt": -17, "wdd": 0, "wdv": -32, "tlv": "Idaho"}