{"loc": "Banswara", "iso": "IN", "l1": "India", "l2": "Rajasthan", "lvl": 3, "pop": 1798194, "key": 10263, "isd": true, "ppd": 450.41900000000004, "med": 28.2, "p65": 5.989, "p70": 3.4139999999999997, "hos": 0.53, "exp": 69.66, "adr": 1.0, "amn": 4150.0, "amv": 113103.0, "amd": 32.0, "amt": 109619.0, "tmn": [19, 37, 36, 13, 34, 26, 51, 66, 111, 130, 104, 131, 243, 336, 155, 111, 136, 58, 194, 142, 175], "tmv": [1917, 2401, 1978, 1966, 1945, 891, 2374, 0, 0, 2252, 0, 0, 0, 2420, 1705, 1575, 1605, 1977, 1179, 424, 1355], "tmd": [0, 0, 0, 0, 1, 0, 0, 0, 1, 0, 0, 2, 2, 2, 1, 0, 1, 2, 1, 0, 1], "wmn": 974, "wmt": 6919, "wmd": 4, "wmv": 9825, "wdn": -13, "wdt": 7, "wdd": 0, "wdv": 110, "tlv": "Rajasthan"}