{"loc": "Baramulla", "iso": "IN", "l1": "India", "l2": "Jammu and Kashmir", "lvl": 3, "pop": 1015503, "key": 10266, "isd": true, "ppd": 450.41900000000004, "med": 28.2, "p65": 5.989, "p70": 3.4139999999999997, "hos": 0.53, "exp": 69.66, "adr": 2.0, "amn": 11457.0, "amv": 100275.0, "amd": 187.0, "amt": 517864.0, "tmn": [46, 53, 76, 72, 102, 91, 109, 52, 96, 105, 133, 87, 110, 120, 108, 133, 228, 194, 116, 177, 196], "tmv": [2902, 2874, 2261, 2996, 2710, 2550, 2125, 2901, 1917, 2401, 1978, 1966, 1945, 891, 2374, 0, 0, 2252, 4076, 0, 0], "tmd": [0, 0, 0, 1, 1, 0, 0, 0, 0, 0, 0, 0, 0, 1, 0, 0, 0, 3, 0, 3, 0], "wmn": 1157, "wmt": 21029, "wmd": 6, "wmv": 8704, "wdn": 64, "wdt": 11, "wdd": 500, "wdv": -38, "tlv": "Jammu and Kashmir"}