{"loc": "Baramulla", "iso": "IN", "l1": "India", "l2": "Jammu and Kashmir", "lvl": 3, "pop": 1015503, "key": 10266, "isd": true, "ppd": 450.41900000000004, "med": 28.2, "p65": 5.989, "p70": 3.4139999999999997, "hos": 0.53, "exp": 69.66, "adr": 2.0, "amn": 8091.0, "amv": 8278.0, "amd": 172.0, "amt": 372106.0, "tmn": [2, 2, 0, 0, 1, 0, 2, 1, 5, 10, 2, 1, 2, 3, 1, 5, 0, 5, 12, 14, 7], "tmv": [225, 369, 331, 259, 26, 323, 255, 293, 353, 335, 61, 0, 0, 246, 238, 478, 437, 281, 178, 245, 0], "tmd": [0, 0, 0, 0, 0, 0, 0, 1, 0, 0, 0, 0, 0, 0, 0, 0, 0, 0, 0, 0, 0], "wmn": 51, "wmt": 12568, "wmd": 0, "wmv": 1860, "wdn": 65, "wdt": 6, "wdd": -100, "wdv": 44, "tlv": "Jammu and Kashmir"}