{"loc": "Banswara", "iso": "IN", "l1": "India", "l2": "Rajasthan", "lvl": 3, "pop": 1798194, "key": 10263, "isd": true, "ppd": 450.41900000000004, "med": 28.2, "p65": 5.989, "p70": 3.4139999999999997, "hos": 0.53, "exp": 69.66, "adr": 1.0, "amn": 1645.0, "amv": 63099.0, "amd": 21.0, "amt": 87969.0, "tmn": [3, 8, 5, 7, 11, 6, 8, 8, 5, 13, 8, 11, 15, 10, 0, 5, 28, 13, 17, 32, 12], "tmv": [1506, 1591, 1973, 1840, 334, 2484, 1700, 1669, 1709, 1887, 1565, 188, 422, 1406, 1495, 2660, 3090, 2119, 2264, 2902, 2874], "tmd": [0, 0, 0, 0, 0, 0, 0, 0, 0, 0, 0, 0, 0, 0, 0, 0, 0, 1, 0, 1, 0], "wmn": 111, "wmt": 3142, "wmd": 2, "wmv": 17409, "wdn": 50, "wdt": 40, "wdd": 0, "wdv": 97, "tlv": "Rajasthan"}