{"loc": "Barmer", "iso": "IN", "l1": "India", "l2": "Rajasthan", "lvl": 3, "pop": 2604453, "key": 10275, "isd": true, "ppd": 450.41900000000004, "med": 28.2, "p65": 5.989, "p70": 3.4139999999999997, "hos": 0.53, "exp": 69.66, "adr": 1.0, "amn": 4459.0, "amv": 125987.0, "amd": 50.0, "amt": 117516.0, "tmn": [76, 127, 74, 157, 86, 77, 80, 53, 90, 102, 64, 115, 61, 110, 94, 193, 157, 122, 124, 117, 152], "tmv": [0, 2252, 0, 0, 0, 2420, 1705, 1575, 1605, 1977, 1179, 424, 1355, 1209, 1580, 1936, 1874, 1669, 587, 2024, 2002], "tmd": [1, 1, 0, 1, 1, 0, 2, 1, 4, 1, 1, 2, 3, 2, 2, 2, 1, 1, 3, 2, 4], "wmn": 963, "wmt": 6671, "wmd": 14, "wmv": 11676, "wdn": 60, "wdt": -5, "wdd": 21, "wdv": 25, "tlv": "Rajasthan"}