{"loc": "Barbour", "iso": "US", "l1": "United States", "l2": "Alabama", "lvl": 3, "pop": 24686, "key": 10270, "isd": true, "ppd": 35.608000000000004, "med": 38.3, "p65": 15.413, "p70": 9.732000000000001, "hos": 2.77, "exp": 78.86, "adr": 2.0, "amn": 146318.0, "amv": 1303449.0, "amd": 3200.0, "amt": 1241758.0, "tmn": [81, 162, 121, 81, 40, 364, 81, 40, 0, 202, 486, 40, 0, 121, 81, 0, 162, 81, 81, 81, 40], "tmv": [780, 2376, 2334, 2342, 2403, 3887, 2378, 1359, 4316, 4363, 4502, 4400, 4864, 2267, 1210, 3657, 3104, 3335, 2510, 342, 0], "tmd": [0, 0, 41, 0, 0, 0, 0, 0, 0, 0, 0, 0, 0, 0, 0, 0, 0, 0, 41, 82, 0], "wmn": 527, "wmt": 12120, "wmd": 122, "wmv": 14161, "wdn": -41, "wdt": 1, "wdd": 0, "wdv": -46, "tlv": "Alabama"}