{"loc": "Barnstable", "iso": "US", "l1": "United States", "l2": "Massachusetts", "lvl": 3, "pop": 212990, "key": 10278, "isd": true, "ppd": 35.608000000000004, "med": 38.3, "p65": 15.413, "p70": 9.732000000000001, "hos": 2.77, "exp": 78.86, "adr": 3.0, "amn": 65505.0, "amv": 998006.0, "amd": 2207.0, "amt": 3464961.0, "tmn": [4, 0, -9, -4, 9, 14, 9, 0, 9, -4, 4, 4, 9, 9, 4, 9, 18, 18, 18, -4, 0], "tmv": [3672, 4016, 3766, 3121, 6234, 3276, 3244, 2575, 1851, 1965, 1967, 2474, 1554, 2803, 3655, 3299, 2241, 4154, 4949, 1994, 0], "tmd": [-4, 0, 0, 0, 0, 0, 0, 0, 0, 0, 0, 0, 0, 5, 0, 0, 0, 0, 0, 0, 0], "wmn": 66, "wmt": 25194, "wmd": 0, "wmv": 20295, "wdn": 100, "wdt": -8, "wdd": -100, "wdv": 34, "tlv": "Massachusetts"}