{"loc": "Barnstable", "iso": "US", "l1": "United States", "l2": "Massachusetts", "lvl": 3, "pop": 212990, "key": 10278, "isd": true, "ppd": 35.608000000000004, "med": 38.3, "p65": 15.413, "p70": 9.732000000000001, "hos": 2.77, "exp": 78.86, "adr": 4.0, "amn": 47735.0, "amv": 238664.0, "amd": 1911.0, "amt": 2382297.0, "tmn": [239, 187, 239, 234, 150, 56, 98, 150, 183, 126, 211, 140, 117, 225, 206, 262, 173, 187, 192, 18, 159], "tmv": [4917, 6132, 6772, 6806, 0, 0, 3221, 4419, 5606, 5173, 5466, 3298, 2593, 4349, 5491, 6616, 7139, 7375, 5050, 5255, 0], "tmd": [29, 19, 19, 5, 15, 0, 19, 10, 5, 10, 10, 0, 10, 15, 10, 15, 10, 5, 5, 0, 10], "wmn": 1202, "wmt": 93357, "wmd": 52, "wmv": 36929, "wdn": 4, "wdt": 1, "wdd": -8, "wdv": 19, "tlv": "Massachusetts"}