{"loc": "Barbour", "iso": "US", "l1": "United States", "l2": "West Virginia", "lvl": 3, "pop": 16441, "key": 10271, "isd": true, "ppd": 35.608000000000004, "med": 38.3, "p65": 15.413, "p70": 9.732000000000001, "hos": 2.77, "exp": 78.86, "adr": 2.0, "amn": 169759.0, "amv": 1314721.0, "amd": 2798.0, "amt": 2450236.0, "tmn": [912, 608, 304, 790, 304, 182, 790, 790, 486, 608, 547, 364, 0, 1277, 486, 304, 608, 608, 182, 425, 729], "tmv": [2351, 2413, 3899, 2384, 1362, 4330, 4389, 4534, 4456, 4953, 2304, 1233, 3937, 4025, 4080, 4142, 4614, 1985, 454, 175, 0], "tmd": [61, 0, 0, 0, 0, 0, 0, 0, 0, 0, 0, 0, 0, 61, 0, 0, 0, 0, 0, 0, 61], "wmn": 3346, "wmt": 40718, "wmd": 61, "wmv": 15454, "wdn": -18, "wdt": -8, "wdd": 0, "wdv": -39, "tlv": "West Virginia"}