{"loc": "Barnstable", "iso": "US", "l1": "United States", "l2": "Massachusetts", "lvl": 3, "pop": 212990, "key": 10278, "isd": true, "ppd": 35.608000000000004, "med": 38.3, "p65": 15.413, "p70": 9.732000000000001, "hos": 2.77, "exp": 78.86, "adr": 3.0, "amn": 68975.0, "amv": 1059187.0, "amd": 2272.0, "amt": 3598108.0, "tmn": [126, 0, 0, 277, 126, 183, 140, 389, 0, 0, 431, 154, 164, 145, 183, 0, 0, 478, 136, 84, 140], "tmv": [1666, 1928, 1520, 1539, 740, 1856, 2005, 1821, 2051, 2364, 1193, 1200, 2288, 2155, 2600, 2160, 2477, 1419, 1374, 2201, 2622], "tmd": [0, 0, 0, 0, 10, -4, 5, 5, 0, 0, 15, 10, 5, 10, 5, 0, 0, 0, 0, 0, 5], "wmn": 1024, "wmt": 34554, "wmd": 10, "wmv": 14857, "wdn": -20, "wdt": 2, "wdd": -78, "wdv": 14, "tlv": "Massachusetts"}