{"loc": "Barbour", "iso": "US", "l1": "United States", "l2": "Alabama", "lvl": 3, "pop": 24686, "key": 10270, "isd": true, "ppd": 35.608000000000004, "med": 38.3, "p65": 15.413, "p70": 9.732000000000001, "hos": 2.77, "exp": 78.86, "adr": 2.0, "amn": 83489.0, "amv": 180853.0, "amd": 1985.0, "amt": 458570.0, "tmn": [0, 810, 202, 405, 607, 324, 202, 324, 243, 0, 445, 202, 243, 243, 162, 81, 81, 445, -81, 162, 162], "tmv": [5139, 4690, 3336, 1695, 3330, 4023, 4903, 6734, 6595, 3662, 2393, 4746, 4917, 6132, 6772, 6806, 0, 0, 3221, 4419, 5606], "tmd": [0, 0, 0, 0, 82, 41, 41, 41, 0, 0, 0, 41, 0, 82, 0, 0, 0, 0, 41, 0, 0], "wmn": 1013, "wmt": 6183, "wmd": 41, "wmv": 26827, "wdn": -40, "wdt": -56, "wdd": -75, "wdv": -24, "tlv": "Alabama"}