{"loc": "Barceloneta", "iso": "PR", "l1": "United States", "l2": "Puerto Rico", "lvl": 3, "pop": 23727, "key": 10272, "isd": true, "ppd": 35.608000000000004, "med": 38.3, "p65": 15.413, "p70": 9.732000000000001, "hos": 2.77, "exp": 78.86, "adr": 0.0, "amn": 41935.0, "amv": 1179384.0, "amd": 0.0, "amt": 874086.0, "tmn": [0, 168, 42, 0, 42, 84, 168, 42, 42, 0, 42, 168, 42, 168, 168, 0, 84, 42, 126, 84, 84], "tmv": [2950, 0, 0, 0, 2913, 2024, 2876, 2739, 2336, 1790, 1886, 2554, 2257, 2903, 2781, 2047, 1978, 1647, 2163, 995, 2262], "tmd": [0, 0, 0, 0, 0, 0, 0, 0, 0, 0, 0, 0, 0, 0, 0, 0, 0, 0, 0, 0, 0], "wmn": 591, "wmt": 0, "wmd": 0, "wmv": 13878, "wdn": 17, "wdt": -100, "wdd": 0, "wdv": -16, "tlv": "Puerto Rico"}