{"loc": "Barnes", "iso": "US", "l1": "United States", "l2": "North Dakota", "lvl": 3, "pop": 10415, "key": 10277, "isd": true, "ppd": 35.608000000000004, "med": 38.3, "p65": 15.413, "p70": 9.732000000000001, "hos": 2.77, "exp": 78.86, "adr": 2.0, "amn": 130389.0, "amv": 591235.0, "amd": 2976.0, "amt": 1957812.0, "tmn": [0, 288, 96, 96, 384, 480, 480, 192, 96, 0, 0, 384, 96, 288, 96, 480, 96, 96, 96, 0, 0], "tmv": [10257, 10611, 9961, 7133, 5431, 8106, 10192, 12065, 12389, 10214, 6477, 4262, 8755, 10329, 12013, 14052, 10864, 8027, 7863, 7615, 0], "tmd": [0, 0, 0, 0, 0, 0, 0, 0, 0, 0, 0, 0, 0, 0, 0, 0, 0, 0, 0, 0, 0], "wmn": 865, "wmt": 18897, "wmd": 0, "wmv": 60438, "wdn": -18, "wdt": 35, "wdd": 0, "wdv": -6, "tlv": "North Dakota"}