{"loc": "Barton", "iso": "US", "l1": "United States", "l2": "Kansas", "lvl": 3, "pop": 25779, "key": 10287, "isd": true, "ppd": 35.608000000000004, "med": 38.3, "p65": 15.413, "p70": 9.732000000000001, "hos": 2.77, "exp": 78.86, "adr": 2.0, "amn": 100741.0, "amv": 511713.0, "amd": 1862.0, "amt": 455421.0, "tmn": [38, 0, 38, 0, 0, 38, 0, 193, 0, 193, 0, 0, 77, 0, -77, 0, 0, 0, 0, 0, 0], "tmv": [6980, 8171, 7842, 9493, 9226, 6156, 5181, 6849, 8594, 10257, 10611, 9961, 7133, 5431, 8106, 10192, 12065, 12389, 10214, 6477, 4262], "tmd": [39, 0, 0, 0, 0, 0, 0, 39, 0, 0, 0, 0, 0, 0, 0, 0, 0, 0, 0, 0, 0], "wmn": -77, "wmt": 4215, "wmd": 0, "wmv": 63709, "wdn": -117, "wdt": -1, "wdd": -100, "wdv": 8, "tlv": "Kansas"}