{"loc": "Barry", "iso": "US", "l1": "United States", "l2": "Missouri", "lvl": 3, "pop": 35789, "key": 10285, "isd": true, "ppd": 35.608000000000004, "med": 38.3, "p65": 15.413, "p70": 9.732000000000001, "hos": 2.77, "exp": 78.86, "adr": 1.0, "amn": 93185.0, "amv": 1027393.0, "amd": 1369.0, "amt": 964336.0, "tmn": [447, 251, 27, 530, 391, 139, 223, 530, 307, 419, 279, 27, 530, 586, 475, 502, 586, 335, 279, 195, 642], "tmv": [4949, 1994, 3524, 1923, 0, 0, 1326, 2107, 1883, 1818, 1779, 1363, 1036, 1655, 1721, 1666, 1928, 1520, 1539, 740, 0], "tmd": [0, 0, 0, 0, 0, 0, 0, 0, 0, 0, 0, 0, 28, 0, 0, 0, 0, 0, 0, 0, 28], "wmn": 3018, "wmt": 12927, "wmd": 28, "wmv": 9117, "wdn": 12, "wdt": 26, "wdd": 0, "wdv": -22, "tlv": "Missouri"}