{"loc": "Barry", "iso": "US", "l1": "United States", "l2": "Missouri", "lvl": 3, "pop": 35789, "key": 10285, "isd": true, "ppd": 35.608000000000004, "med": 38.3, "p65": 15.413, "p70": 9.732000000000001, "hos": 2.77, "exp": 78.86, "adr": 2.0, "amn": 83433.0, "amv": 955999.0, "amd": 1313.0, "amt": 919366.0, "tmn": [55, 27, 55, 0, 167, 251, 55, 139, -139, 167, 83, 111, 55, 223, 83, 0, 0, 111, 391, 27, 139], "tmv": [4872, 3714, 0, 0, 1543, 2452, 4248, 3485, 4157, 3682, 3252, 2518, 2835, 2495, 4865, 3672, 4016, 3766, 3121, 6234, 0], "tmd": [0, 0, 0, 0, 0, 0, 0, 0, 0, 0, 0, 0, 0, 0, 0, 0, 0, 0, 0, 0, 0], "wmn": 755, "wmt": 7658, "wmd": 0, "wmv": 25677, "wdn": 17, "wdt": -7, "wdd": 0, "wdv": 14, "tlv": "Missouri"}