{"loc": "Bartow", "iso": "US", "l1": "United States", "l2": "Georgia", "lvl": 3, "pop": 107738, "key": 10289, "isd": true, "ppd": 35.608000000000004, "med": 38.3, "p65": 15.413, "p70": 9.732000000000001, "hos": 2.77, "exp": 78.86, "adr": 2.0, "amn": 138410.0, "amv": 968912.0, "amd": 2190.0, "amt": 850357.0, "tmn": [55, 55, 92, 64, 83, 37, 83, 37, 0, 83, 27, 18, 9, 102, 55, 0, 18, 46, 0, 27, 55], "tmv": [2452, 4248, 3485, 4157, 3682, 3252, 2518, 2835, 2495, 4865, 3672, 4016, 3766, 3121, 6234, 3276, 3244, 2575, 1851, 1965, 0], "tmd": [0, 0, 10, 0, 0, 0, 10, 10, 0, 0, 0, 0, 0, 0, 0, 0, 0, 0, 0, 0, 0], "wmn": 205, "wmt": 7223, "wmd": 0, "wmv": 19149, "wdn": -27, "wdt": -12, "wdd": -100, "wdv": -23, "tlv": "Georgia"}