{"loc": "Barry", "iso": "US", "l1": "United States", "l2": "Michigan", "lvl": 3, "pop": 61550, "key": 10284, "isd": true, "ppd": 35.608000000000004, "med": 38.3, "p65": 15.413, "p70": 9.732000000000001, "hos": 2.77, "exp": 78.86, "adr": 1.0, "amn": 97563.0, "amv": 1039887.0, "amd": 1137.0, "amt": 1458017.0, "tmn": [0, 64, 0, 0, 0, 16, 0, 0, 48, 0, 0, 0, 146, 0, 0, 113, 0, 0, 0, 194, 0], "tmv": [2107, 1883, 1818, 1779, 1363, 1036, 1655, 1721, 1666, 1928, 1520, 1539, 740, 1856, 2005, 1821, 2051, 2364, 1193, 1200, 0], "tmd": [0, 0, 0, 0, 0, 0, 0, 0, 17, 0, 0, 0, 0, 0, 0, 0, 0, 0, 0, 0, 0], "wmn": 309, "wmt": 8786, "wmd": 0, "wmv": 10638, "wdn": 58, "wdt": 12, "wdd": -100, "wdv": -3, "tlv": "Michigan"}