{"loc": "Barrow", "iso": "US", "l1": "United States", "l2": "Georgia", "lvl": 3, "pop": 83240, "key": 10283, "isd": true, "ppd": 35.608000000000004, "med": 38.3, "p65": 15.413, "p70": 9.732000000000001, "hos": 2.77, "exp": 78.86, "adr": 1.0, "amn": 136761.0, "amv": 1086287.0, "amd": 1790.0, "amt": 934741.0, "tmn": [336, 372, 0, 0, 576, 1045, 288, 516, 612, 0, 0, 1429, 516, 564, 672, 816, 0, 0, 1717, 660, 576], "tmv": [2155, 2600, 2160, 2477, 1419, 1374, 2201, 2622, 2492, 2548, 2348, 1615, 1875, 1986, 1986, 2786, 3007, 2017, 2605, 1830, 0], "tmd": [0, 0, 0, 0, 0, 0, 0, 0, 0, 0, 0, 0, 0, 0, 0, 0, 0, 0, 13, 0, 13], "wmn": 4445, "wmt": 19098, "wmd": 25, "wmv": 14234, "wdn": 22, "wdt": 25, "wdd": 0, "wdv": -8, "tlv": "Georgia"}