{"loc": "Bartow", "iso": "US", "l1": "United States", "l2": "Georgia", "lvl": 3, "pop": 107738, "key": 10289, "isd": true, "ppd": 35.608000000000004, "med": 38.3, "p65": 15.413, "p70": 9.732000000000001, "hos": 2.77, "exp": 78.86, "adr": 2.0, "amn": 132776.0, "amv": 624865.0, "amd": 2070.0, "amt": 760454.0, "tmn": [102, 102, 297, 343, 334, 287, 176, 157, 148, 102, 259, 148, 139, 222, 83, 157, 380, 250, 241, 204, 139], "tmv": [9961, 7133, 5431, 8106, 10192, 12065, 12389, 10214, 6477, 4262, 8755, 10329, 12013, 14052, 10864, 8027, 7863, 7615, 10699, 12037, 10893], "tmd": [0, 0, 0, 0, 10, 0, 0, 0, 0, 10, 0, 0, 19, 10, 0, 0, 10, 0, 0, 28, 0], "wmn": 1458, "wmt": 11165, "wmd": 38, "wmv": 68002, "wdn": 24, "wdt": 0, "wdd": 0, "wdv": 3, "tlv": "Georgia"}