{"loc": "Bartholomew", "iso": "US", "l1": "United States", "l2": "Indiana", "lvl": 3, "pop": 83779, "key": 10286, "isd": true, "ppd": 35.608000000000004, "med": 38.3, "p65": 15.413, "p70": 9.732000000000001, "hos": 2.77, "exp": 78.86, "adr": 2.0, "amn": 90166.0, "amv": 290534.0, "amd": 1767.0, "amt": 1234098.0, "tmn": [429, 274, 238, 238, 167, 250, 214, 143, 190, 95, 95, 95, 179, 107, 190, 214, 107, 23, 47, 155, 47], "tmv": [5606, 5173, 5466, 3298, 2593, 4349, 5491, 6616, 7139, 7375, 5050, 5255, 5793, 6168, 7391, 8814, 7404, 5275, 4864, 6157, 0], "tmd": [12, 0, 12, 0, 0, 0, 0, 0, 0, 0, 0, 0, 0, 0, 0, 0, 0, 0, 0, 0, 12], "wmn": 788, "wmt": 25939, "wmd": 12, "wmv": 39909, "wdn": -13, "wdt": -24, "wdd": 0, "wdv": -8, "tlv": "Indiana"}