{"loc": "Bastar", "iso": "IN", "l1": "India", "l2": "Chhattisgarh", "lvl": 3, "pop": 1302253, "key": 10293, "isd": true, "ppd": 450.41900000000004, "med": 28.2, "p65": 5.989, "p70": 3.4139999999999997, "hos": 0.53, "exp": 69.66, "adr": 1.0, "amn": 10133.0, "amv": 103279.0, "amd": 83.0, "amt": 236868.0, "tmn": [65, 52, 49, 113, 114, 100, 132, 152, 59, 102, 102, 138, 107, 125, 168, 148, 138, 152, 177, 196, 163], "tmv": [2874, 2261, 2996, 2710, 2550, 2125, 2901, 1917, 2401, 1978, 1966, 1945, 891, 2374, 0, 0, 2252, 0, 0, 0, 2420], "tmd": [0, 0, 1, 0, 0, 0, 0, 0, 1, 0, 0, 2, 0, 4, 0, 1, 3, 0, 2, 0, 1], "wmn": 1146, "wmt": 12274, "wmd": 6, "wmv": 4673, "wdn": 45, "wdt": 4, "wdd": 0, "wdv": -65, "tlv": "Chhattisgarh"}