{"loc": "Bashkortostan Republic", "iso": "RU", "l1": "Russia", "l2": "Bashkortostan Republic", "lvl": 2, "pop": 4063293, "key": 10291, "isd": true, "ppd": 8.823, "med": 39.6, "p65": 14.177999999999999, "p70": 9.392999999999999, "hos": 8.05, "exp": 72.58, "adr": 3.0, "amn": 21534.0, "amv": 717971.0, "amd": 663.0, "amt": 1418488.0, "tmn": [162, 160, 162, 163, 162, 162, 163, 164, 164, 164, 164, 164, 164, 164, 164, 164, 164, 165, 164, 163, 164], "tmv": [2505, 1296, 3700, 0, 0, 0, 0, 0, 417, 4022, 5043, 0, 0, 0, 0, 0, 5392, 5802, 2754, 2140, 0], "tmd": [9, 9, 9, 9, 9, 9, 9, 10, 9, 9, 9, 9, 9, 9, 9, 9, 9, 9, 9, 10, 9], "wmn": 1153, "wmt": 0, "wmd": 62, "wmv": 16091, "wdn": 0, "wdt": 0, "wdd": -1, "wdv": 70, "tlv": "Russia"}