{"loc": "Bashkortostan Republic", "iso": "RU", "l1": "Russia", "l2": "Bashkortostan Republic", "lvl": 2, "pop": 4063293, "key": 10291, "isd": true, "ppd": 8.823, "med": 39.6, "p65": 14.177999999999999, "p70": 9.392999999999999, "hos": 8.05, "exp": 72.58, "adr": 1.0, "amn": 8118.0, "amv": 85483.0, "amd": 94.0, "amt": 836821.0, "tmn": [29, 29, 28, 28, 28, 27, 27, 27, 26, 27, 26, 26, 27, 26, 26, 25, 26, 25, 25, 25, 25], "tmv": [0, 626, 1894, 826, 384, 0, 0, 0, 0, 0, 0, 0, 0, 402, 1305, 1841, 938, 1778, 561, 647, 1778], "tmd": [1, 1, 1, 1, 1, 1, 1, 1, 1, 1, 1, 1, 1, 1, 1, 1, 1, 1, 1, 1, 1], "wmn": 181, "wmt": 12705, "wmd": 6, "wmv": 8853, "wdn": -4, "wdt": 5, "wdd": 5, "wdv": 2099, "tlv": "Russia"}