{"loc": "Bath", "iso": "US", "l1": "United States", "l2": "Kentucky", "lvl": 3, "pop": 12500, "key": 10297, "isd": true, "ppd": 35.608000000000004, "med": 38.3, "p65": 15.413, "p70": 9.732000000000001, "hos": 2.77, "exp": 78.86, "adr": 2.0, "amn": 57840.0, "amv": 153709.0, "amd": 1200.0, "amt": 841213.0, "tmn": [0, 320, 160, 80, 160, 640, 160, 320, -80, 160, 320, 320, 240, 240, 0, 0, 80, 80, -80, 480, 0], "tmv": [3978, 2687, 2448, 3374, 4677, 5132, 5139, 4690, 3336, 1695, 3330, 4023, 4903, 6734, 6595, 3662, 2393, 4746, 4917, 6132, 6772], "tmd": [80, 80, 0, 0, 160, 0, 0, 0, 0, 0, 0, 0, 80, 0, 0, 0, 0, 0, 0, 0, 0], "wmn": 560, "wmt": 18346, "wmd": 0, "wmv": 35221, "wdn": -63, "wdt": -5, "wdd": -100, "wdv": 23, "tlv": "Kentucky"}