{"loc": "Bath", "iso": "US", "l1": "United States", "l2": "Kentucky", "lvl": 3, "pop": 12500, "key": 10297, "isd": true, "ppd": 35.608000000000004, "med": 38.3, "p65": 15.413, "p70": 9.732000000000001, "hos": 2.77, "exp": 78.86, "adr": 2.0, "amn": 61440.0, "amv": 220982.0, "amd": 1280.0, "amt": 873960.0, "tmn": [0, 0, 80, 80, -80, 480, 0, 400, 80, -80, 880, 80, -80, 80, 240, 80, 80, 480, 80, 960, 320], "tmv": [6595, 3662, 2393, 4746, 4917, 6132, 6772, 6806, 0, 0, 3221, 4419, 5606, 5173, 5466, 3298, 2593, 4349, 5491, 6616, 7139], "tmd": [0, 0, 0, 0, 0, 0, 0, 0, 0, 80, 0, 0, 0, 0, 0, 0, 0, 0, 0, 0, 0], "wmn": 2240, "wmt": 21714, "wmd": 0, "wmv": 34956, "wdn": 65, "wdt": 97, "wdd": -100, "wdv": 39, "tlv": "Kentucky"}