{"loc": "Bath", "iso": "US", "l1": "United States", "l2": "Kentucky", "lvl": 3, "pop": 12500, "key": 10297, "isd": true, "ppd": 35.608000000000004, "med": 38.3, "p65": 15.413, "p70": 9.732000000000001, "hos": 2.77, "exp": 78.86, "adr": 2.0, "amn": 84000.0, "amv": 973354.0, "amd": 1920.0, "amt": 1220402.0, "tmn": [-80, 240, 0, 0, 80, -240, 240, 160, 80, 0, 80, 80, 0, 0, 160, 0, 0, 160, 0, 0, 0], "tmv": [4248, 3485, 4157, 3682, 3252, 2518, 2835, 2495, 4865, 3672, 4016, 3766, 3121, 6234, 3276, 3244, 2575, 1851, 1965, 1967, 2474], "tmd": [0, 0, 0, 0, 0, 0, 0, 0, 0, 0, 80, 0, 0, 80, 0, 0, 0, 0, 0, 0, 0], "wmn": 320, "wmt": 7400, "wmd": 0, "wmv": 17355, "wdn": -20, "wdt": -2, "wdd": -100, "wdv": -38, "tlv": "Kentucky"}