{"loc": "Bath", "iso": "US", "l1": "United States", "l2": "Kentucky", "lvl": 3, "pop": 12500, "key": 10297, "isd": true, "ppd": 35.608000000000004, "med": 38.3, "p65": 15.413, "p70": 9.732000000000001, "hos": 2.77, "exp": 78.86, "adr": 2.0, "amn": 95520.0, "amv": 1102595.0, "amd": 1920.0, "amt": 1351507.0, "tmn": [320, 240, 400, 0, 0, 480, 320, 400, 400, 80, 0, 0, 1040, 320, 480, 1120, 880, 0, 0, 1360, 960], "tmv": [2201, 2622, 2492, 2548, 2348, 1615, 1875, 1986, 1986, 2786, 3007, 2017, 2605, 1830, 2139, 3106, 3068, 3187, 2953, 1851, 0], "tmd": [0, 0, 0, 0, 0, 0, 0, 0, 0, 0, 0, 0, 0, 0, 0, 0, 0, 0, 0, 0, 0], "wmn": 4800, "wmt": 31929, "wmd": 0, "wmv": 16308, "wdn": 114, "wdt": 26, "wdd": 0, "wdv": 1, "tlv": "Kentucky"}