{"loc": "Baxter", "iso": "US", "l1": "United States", "l2": "Arkansas", "lvl": 3, "pop": 41932, "key": 10300, "isd": true, "ppd": 35.608000000000004, "med": 38.3, "p65": 15.413, "p70": 9.732000000000001, "hos": 2.77, "exp": 78.86, "adr": 3.0, "amn": 71854.0, "amv": 359108.0, "amd": 2385.0, "amt": 927634.0, "tmn": [238, 1502, 0, 143, 95, 71, 71, 47, 47, 47, 381, 262, 286, 381, 262, 23, -23, 357, 214, 95, 143], "tmv": [7139, 7375, 5050, 5255, 5793, 6168, 7391, 8814, 7404, 5275, 4864, 6157, 7535, 8875, 13887, 4118, 6135, 5026, 6980, 8171, 7842], "tmd": [0, 0, 0, 0, 0, 0, 0, 0, 24, 0, 0, 0, 24, 48, 24, 0, 0, 0, 0, 0, 24], "wmn": 1074, "wmt": 13088, "wmd": 48, "wmv": 52163, "wdn": -26, "wdt": 24, "wdd": -50, "wdv": 7, "tlv": "Arkansas"}