{"loc": "Baylor", "iso": "US", "l1": "United States", "l2": "Texas", "lvl": 3, "pop": 3509, "key": 10306, "isd": true, "ppd": 35.608000000000004, "med": 38.3, "p65": 15.413, "p70": 9.732000000000001, "hos": 2.77, "exp": 78.86, "adr": 4.0, "amn": 153320.0, "amv": 1227352.0, "amd": 5415.0, "amt": 1171064.0, "tmn": [0, 1994, 0, 0, 1994, 284, 1994, 0, 284, 0, 0, 1424, 1709, 284, 0, 0, 0, 0, 0, 2564, 0], "tmv": [2262, 2445, 2251, 1671, 0, 0, 2784, 2570, 2833, 3777, 2988, 2423, 2905, 2661, 3390, 3489, 0, 0, 0, 2411, 0], "tmd": [285, 0, 0, 0, 0, 0, 285, 0, 0, 0, 0, 0, 0, 0, 0, 0, 0, 0, 0, 285, 0], "wmn": 2565, "wmt": 18253, "wmd": 285, "wmv": 9292, "wdn": -31, "wdt": -3, "wdd": 0, "wdv": -54, "tlv": "Texas"}