{"loc": "Bayamon", "iso": "PR", "l1": "United States", "l2": "Puerto Rico", "lvl": 3, "pop": 169269, "key": 10303, "isd": true, "ppd": 35.608000000000004, "med": 38.3, "p65": 15.413, "p70": 9.732000000000001, "hos": 2.77, "exp": 78.86, "adr": 0.0, "amn": 46151.0, "amv": 233408.0, "amd": 0.0, "amt": 127347.0, "tmn": [53, 88, 106, 165, 94, 118, 602, 29, 47, 35, 59, 59, 82, 76, 35, 35, 59, 53, 94, 159, 29], "tmv": [4746, 4917, 6132, 6772, 6806, 0, 0, 3221, 4419, 5606, 5173, 5466, 3298, 2593, 4349, 5491, 6616, 7139, 7375, 5050, 0], "tmd": [0, 0, 0, 0, 0, 0, 0, 0, 0, 0, 0, 0, 0, 0, 0, 0, 0, 0, 0, 0, 0], "wmn": 467, "wmt": 395, "wmd": 0, "wmv": 36022, "wdn": 20, "wdt": 9, "wdd": 0, "wdv": 21, "tlv": "Puerto Rico"}