{"loc": "Baxter", "iso": "US", "l1": "United States", "l2": "Arkansas", "lvl": 3, "pop": 41932, "key": 10300, "isd": true, "ppd": 35.608000000000004, "med": 38.3, "p65": 15.413, "p70": 9.732000000000001, "hos": 2.77, "exp": 78.86, "adr": 3.0, "amn": 73285.0, "amv": 466304.0, "amd": 2385.0, "amt": 947021.0, "tmn": [381, 262, 23, -23, 357, 214, 95, 143, 166, 166, 0, 286, 238, 23, 95, 119, 23, 71, 95, 71, 71], "tmv": [8875, 13887, 4118, 6135, 5026, 6980, 8171, 7842, 9493, 9226, 6156, 5181, 6849, 8594, 10257, 10611, 9961, 7133, 5431, 8106, 10192], "tmd": [48, 24, 0, 0, 0, 0, 0, 24, 0, 0, 0, -23, 0, 0, 0, 0, 0, 24, 0, 0, 0], "wmn": 549, "wmt": 9948, "wmd": 24, "wmv": 61695, "wdn": -47, "wdt": -18, "wdd": 0, "wdv": 16, "tlv": "Arkansas"}