{"loc": "Baxter", "iso": "US", "l1": "United States", "l2": "Arkansas", "lvl": 3, "pop": 41932, "key": 10300, "isd": true, "ppd": 35.608000000000004, "med": 38.3, "p65": 15.413, "p70": 9.732000000000001, "hos": 2.77, "exp": 78.86, "adr": 3.0, "amn": 73047.0, "amv": 435440.0, "amd": 2385.0, "amt": 942617.0, "tmn": [381, 262, 286, 381, 262, 23, -23, 357, 214, 95, 143, 166, 166, 0, 286, 238, 23, 95, 119, 23, 71], "tmv": [4864, 6157, 7535, 8875, 13887, 4118, 6135, 5026, 6980, 8171, 7842, 9493, 9226, 6156, 5181, 6849, 8594, 10257, 10611, 9961, 0], "tmd": [0, 0, 24, 48, 24, 0, 0, 0, 0, 0, 24, 0, 0, 0, -23, 0, 0, 0, 0, 0, 24], "wmn": 859, "wmt": 10325, "wmd": 0, "wmv": 51456, "wdn": -25, "wdt": -17, "wdd": -100, "wdv": -3, "tlv": "Arkansas"}