{"loc": "Baylor", "iso": "US", "l1": "United States", "l2": "Texas", "lvl": 3, "pop": 3509, "key": 10306, "isd": true, "ppd": 35.608000000000004, "med": 38.3, "p65": 15.413, "p70": 9.732000000000001, "hos": 2.77, "exp": 78.86, "adr": 4.0, "amn": 82930.0, "amv": 160515.0, "amd": 3135.0, "amt": 648738.0, "tmn": [284, 0, 284, 0, 1139, 0, 0, 0, 284, 284, 284, 0, 0, 0, 0, 0, 0, -284, 0, 0, 0], "tmv": [2448, 3374, 4677, 5132, 5139, 4690, 3336, 1695, 3330, 4023, 4903, 6734, 6595, 3662, 2393, 4746, 4917, 6132, 6772, 6806, 0], "tmd": [0, 0, 0, 0, 0, 0, 0, 0, 0, 0, 0, 0, 0, 0, 0, 0, 0, 0, 0, 0, 0], "wmn": -284, "wmt": 20347, "wmd": 0, "wmv": 31769, "wdn": -133, "wdt": -18, "wdd": 0, "wdv": 3, "tlv": "Texas"}