{"loc": "Baxter", "iso": "US", "l1": "United States", "l2": "Arkansas", "lvl": 3, "pop": 41932, "key": 10300, "isd": true, "ppd": 35.608000000000004, "med": 38.3, "p65": 15.413, "p70": 9.732000000000001, "hos": 2.77, "exp": 78.86, "adr": 3.0, "amn": 134718.0, "amv": 1187231.0, "amd": 4054.0, "amt": 1288087.0, "tmn": [381, 357, 405, 357, 71, 143, 143, 166, 405, 143, 286, 286, 95, 166, 166, 262, 190, 166, 71, 47, 95], "tmv": [2913, 2024, 2876, 2739, 2336, 1790, 1886, 2554, 2257, 2903, 2781, 2047, 1978, 1647, 2163, 995, 2262, 2445, 2251, 1671, 1480], "tmd": [24, 0, 0, 24, 24, 0, 72, 48, 0, 0, 24, 24, 0, 72, -23, 0, 24, 0, 0, 0, 48], "wmn": 1002, "wmt": 17382, "wmd": 48, "wmv": 13270, "wdn": -35, "wdt": -26, "wdd": -71, "wdv": -18, "tlv": "Arkansas"}