{"loc": "Bay", "iso": "US", "l1": "United States", "l2": "Florida", "lvl": 3, "pop": 174705, "key": 10301, "isd": true, "ppd": 35.608000000000004, "med": 38.3, "p65": 15.413, "p70": 9.732000000000001, "hos": 2.77, "exp": 78.86, "adr": 2.0, "amn": 116722.0, "amv": 830268.0, "amd": 2244.0, "amt": 1096310.0, "tmn": [125, 97, 125, 171, 114, 68, 80, 343, 120, 234, 211, 97, 114, 57, 103, 97, 165, 143, 103, 108, 34], "tmv": [4975, 6773, 8259, 8496, 10027, 6458, 3608, 3001, 5456, 7305, 8515, 7794, 7192, 5713, 4653, 4699, 5814, 5591, 7265, 8234, 0], "tmd": [0, 12, 6, 0, 6, 0, 0, 0, 0, 6, 6, 0, 0, 0, 12, 12, 0, 0, 0, 0, 0], "wmn": 756, "wmt": 16739, "wmd": 23, "wmv": 36259, "wdn": -36, "wdt": -6, "wdd": 100, "wdv": -19, "tlv": "Florida"}