{"loc": "Beaver", "iso": "US", "l1": "United States", "l2": "Pennsylvania", "lvl": 3, "pop": 163929, "key": 10314, "isd": true, "ppd": 35.608000000000004, "med": 38.3, "p65": 15.413, "p70": 9.732000000000001, "hos": 2.77, "exp": 78.86, "adr": 3.0, "amn": 85421.0, "amv": 591235.0, "amd": 2208.0, "amt": 957264.0, "tmn": [250, 390, 311, 128, 256, 372, 292, 262, 353, 414, 128, 61, 524, 372, 335, 396, 366, 445, 213, 506, 433], "tmv": [8594, 10257, 10611, 9961, 7133, 5431, 8106, 10192, 12065, 12389, 10214, 6477, 4262, 8755, 10329, 12013, 14052, 10864, 8027, 7863, 7615], "tmd": [0, 0, 0, 0, 7, 0, 0, 7, 7, 0, 7, 0, 7, 0, 0, 0, 7, 0, 0, 0, 0], "wmn": 2697, "wmt": 24745, "wmd": 7, "wmv": 70767, "wdn": 27, "wdt": 9, "wdd": -75, "wdv": 10, "tlv": "Pennsylvania"}