{"loc": "Beaufort", "iso": "US", "l1": "United States", "l2": "North Carolina", "lvl": 3, "pop": 46994, "key": 10310, "isd": true, "ppd": 35.608000000000004, "med": 38.3, "p65": 15.413, "p70": 9.732000000000001, "hos": 2.77, "exp": 78.86, "adr": 2.0, "amn": 150445.0, "amv": 1250395.0, "amd": 2681.0, "amt": 1582459.0, "tmn": [0, 1702, 191, 212, 85, 361, 0, 0, 2085, 191, 148, 446, 276, 0, 0, 1383, 319, 361, 638, 191, 0], "tmv": [3777, 2988, 2423, 2905, 2661, 3390, 3489, 0, 0, 0, 2411, 3257, 3418, 2659, 2485, 1614, 1945, 2278, 2491, 2890, 0], "tmd": [0, 22, 0, 0, 22, 43, 0, 0, 0, 0, 0, 0, 0, 0, 0, 43, 0, 0, 0, 0, 0], "wmn": 2894, "wmt": 23707, "wmd": 43, "wmv": 13708, "wdn": -8, "wdt": -17, "wdd": 0, "wdv": 17, "tlv": "North Carolina"}