{"loc": "Bedford", "iso": "US", "l1": "United States", "l2": "Tennessee", "lvl": 3, "pop": 49713, "key": 10319, "isd": true, "ppd": 35.608000000000004, "med": 38.3, "p65": 15.413, "p70": 9.732000000000001, "hos": 2.77, "exp": 78.86, "adr": 2.0, "amn": 138616.0, "amv": 1059187.0, "amd": 2716.0, "amt": 1242846.0, "tmn": [0, 0, 100, 20, 80, 60, 60, 181, 0, 0, 402, 281, 160, 402, 181, 0, 0, 523, 201, 140, 221], "tmv": [1666, 1928, 1520, 1539, 740, 1856, 2005, 1821, 2051, 2364, 1193, 1200, 2288, 2155, 2600, 2160, 2477, 1419, 1374, 2201, 2622], "tmd": [0, 0, 21, 0, 0, 0, 0, 0, 0, 0, 0, 21, 0, 0, 0, 0, 0, 0, 21, 0, 0], "wmn": 1268, "wmt": 13666, "wmd": 21, "wmv": 14857, "wdn": -11, "wdt": 38, "wdd": 0, "wdv": 14, "tlv": "Tennessee"}