{"loc": "Beaufort", "iso": "US", "l1": "United States", "l2": "South Carolina", "lvl": 3, "pop": 192122, "key": 10311, "isd": true, "ppd": 35.608000000000004, "med": 38.3, "p65": 15.413, "p70": 9.732000000000001, "hos": 2.77, "exp": 78.86, "adr": 1.0, "amn": 106328.0, "amv": 1081852.0, "amd": 1135.0, "amt": 1392421.0, "tmn": [208, 494, 515, 379, 0, 0, 1561, 385, 780, 489, 952, 0, 0, 2628, 619, 921, 572, 1462, 0, 0, 2586], "tmv": [1200, 2288, 2155, 2600, 2160, 2477, 1419, 1374, 2201, 2622, 2492, 2548, 2348, 1615, 1875, 1986, 1986, 2786, 3007, 2017, 0], "tmd": [6, 0, 0, 0, 0, 0, 0, 0, 0, 11, 6, 0, 0, 6, 0, 0, 6, 6, 0, 0, 6], "wmn": 6163, "wmt": 30188, "wmd": 16, "wmv": 13660, "wdn": 18, "wdt": 26, "wdd": -25, "wdv": -10, "tlv": "South Carolina"}