{"loc": "Bedford", "iso": "US", "l1": "United States", "l2": "Tennessee", "lvl": 3, "pop": 49713, "key": 10319, "isd": true, "ppd": 35.608000000000004, "med": 38.3, "p65": 15.413, "p70": 9.732000000000001, "hos": 2.77, "exp": 78.86, "adr": 2.0, "amn": 120351.0, "amv": 343093.0, "amd": 2454.0, "amt": 1028940.0, "tmn": [100, 140, 120, 100, 60, 100, 281, 201, 301, 140, 60, 301, 261, 382, 221, 0, 0, 784, 362, 301, 40], "tmv": [6616, 7139, 7375, 5050, 5255, 5793, 6168, 7391, 8814, 7404, 5275, 4864, 6157, 7535, 8875, 13887, 4118, 6135, 5026, 6980, 0], "tmd": [21, 21, 0, 0, 21, 0, 0, 0, 0, 0, 0, 21, 0, 0, 21, 0, 0, 0, 0, 0, 0], "wmn": 1710, "wmt": 15137, "wmd": 21, "wmv": 45024, "wdn": 4, "wdt": 17, "wdd": 0, "wdv": -5, "tlv": "Tennessee"}