{"loc": "Beaufort", "iso": "US", "l1": "United States", "l2": "South Carolina", "lvl": 3, "pop": 192122, "key": 10311, "isd": true, "ppd": 35.608000000000004, "med": 38.3, "p65": 15.413, "p70": 9.732000000000001, "hos": 2.77, "exp": 78.86, "adr": 1.0, "amn": 95314.0, "amv": 1054363.0, "amd": 1098.0, "amt": 1349333.0, "tmn": [41, 109, 52, 0, 0, 218, 41, 109, 223, 307, 0, 0, 942, 208, 494, 515, 379, 0, 0, 1561, 385], "tmv": [1655, 1721, 1666, 1928, 1520, 1539, 740, 1856, 2005, 1821, 2051, 2364, 1193, 1200, 2288, 2155, 2600, 2160, 2477, 1419, 1374], "tmd": [0, 0, 0, 0, 0, 0, 0, 0, 0, 0, 0, 0, 0, 6, 0, 0, 0, 0, 0, 0, 0], "wmn": 3337, "wmt": 19133, "wmd": 0, "wmv": 14477, "wdn": 86, "wdt": 67, "wdd": -100, "wdv": 16, "tlv": "South Carolina"}