{"loc": "Beaverhead", "iso": "US", "l1": "United States", "l2": "Montana", "lvl": 3, "pop": 9453, "key": 10315, "isd": true, "ppd": 35.608000000000004, "med": 38.3, "p65": 15.413, "p70": 9.732000000000001, "hos": 2.77, "exp": 78.86, "adr": 1.0, "amn": 151804.0, "amv": 1250395.0, "amd": 1587.0, "amt": 1869562.0, "tmn": [0, 1904, 528, 0, 317, 2221, 0, 0, 0, 1904, 1163, 0, 105, 0, 0, 105, 2433, 528, 2221, 317, 0], "tmv": [3777, 2988, 2423, 2905, 2661, 3390, 3489, 0, 0, 0, 2411, 3257, 3418, 2659, 2485, 1614, 1945, 2278, 2491, 2890, 0], "tmd": [0, 0, 0, 0, 0, 0, 0, 0, 0, 0, 0, 0, 0, 0, 0, 0, 0, 0, 0, 0, 0], "wmn": 5607, "wmt": 46270, "wmd": 0, "wmv": 13708, "wdn": 77, "wdt": 11, "wdd": 0, "wdv": 17, "tlv": "Montana"}