{"loc": "Bedford", "iso": "US", "l1": "United States", "l2": "Pennsylvania", "lvl": 3, "pop": 47888, "key": 10318, "isd": true, "ppd": 35.608000000000004, "med": 38.3, "p65": 15.413, "p70": 9.732000000000001, "hos": 2.77, "exp": 78.86, "adr": 3.0, "amn": 116793.0, "amv": 1170335.0, "amd": 3111.0, "amt": 1310895.0, "tmn": [229, 396, 375, 208, 480, 271, 313, 20, 563, 856, 772, 730, 480, 856, 438, 522, 1378, 918, 1106, 897, 626], "tmv": [1988, 3241, 2538, 4249, 2950, 0, 0, 0, 2913, 2024, 2876, 2739, 2336, 1790, 1886, 2554, 2257, 2903, 2781, 2047, 0], "tmd": [0, 0, 0, 0, 21, 0, 0, 0, 0, 0, 0, 0, 0, 0, 0, 21, 0, 42, 21, 0, 0], "wmn": 5889, "wmt": 26285, "wmd": 84, "wmv": 14431, "wdn": 38, "wdt": 20, "wdd": 0, "wdv": -2, "tlv": "Pennsylvania"}