{"loc": "Belgorod Oblast", "iso": "RU", "l1": "Russia", "l2": "Belgorod Oblast", "lvl": 2, "pop": 1549876, "key": 10328, "isd": true, "ppd": 8.823, "med": 39.6, "p65": 14.177999999999999, "p70": 9.392999999999999, "hos": 8.05, "exp": 72.58, "adr": 2.0, "amn": 20291.0, "amv": 26724.0, "amd": 313.0, "amt": 755608.0, "tmn": [103, 105, 107, 104, 105, 103, 100, 96, 96, 92, 89, 87, 83, 76, 74, 70, 65, 65, 67, 64, 59], "tmv": [0, 0, 0, 0, 0, 0, 0, 0, 0, 0, 0, 0, 0, 0, 0, 0, 0, 0, 0, 0, 0], "tmd": [2, 2, 4, 4, 5, 4, 4, 3, 4, 3, 2, 2, 3, 2, 2, 1, 2, 2, 2, 2, 1], "wmn": 468, "wmt": 5868, "wmd": 10, "wmv": 0, "wdn": -25, "wdt": -63, "wdd": -42, "wdv": 0, "tlv": "Russia"}