{"loc": "Belgorod Oblast", "iso": "RU", "l1": "Russia", "l2": "Belgorod Oblast", "lvl": 2, "pop": 1549876, "key": 10328, "isd": true, "ppd": 8.823, "med": 39.6, "p65": 14.177999999999999, "p70": 9.392999999999999, "hos": 8.05, "exp": 72.58, "adr": 2.0, "amn": 27252.0, "amv": 333669.0, "amd": 521.0, "amt": 1071210.0, "tmn": [50, 48, 49, 50, 50, 51, 53, 53, 55, 57, 58, 56, 58, 62, 66, 69, 72, 74, 72, 74, 80], "tmv": [6346, 4336, 3392, 2343, 2283, 3803, 4793, 5806, 6485, 4305, 2607, 1389, 8802, 5092, 3493, 7231, 4856, 1625, 1623, 6061, 0], "tmd": [1, 2, 2, 1, 2, 2, 2, 3, 4, 3, 2, 3, 4, 3, 2, 4, 2, 2, 4, 3, 4], "wmn": 511, "wmt": 18453, "wmd": 19, "wmv": 24893, "wdn": 27, "wdt": -23, "wdd": -3, "wdv": -28, "tlv": "Russia"}