{"loc": "Beed", "iso": "IN", "l1": "India", "l2": "Maharashtra", "lvl": 3, "pop": 2585962, "key": 10322, "isd": true, "ppd": 450.41900000000004, "med": 28.2, "p65": 5.989, "p70": 3.4139999999999997, "hos": 0.53, "exp": 69.66, "adr": 2.0, "amn": 9637.0, "amv": 43862.0, "amd": 234.0, "amt": 157201.0, "tmn": [35, 35, 44, 72, 63, 70, 100, 94, 110, 102, 92, 116, 105, 129, 95, 82, 120, 133, 149, 147, 114], "tmv": [1463, 984, 954, 347, 1488, 1101, 122, 2202, 1534, 1506, 1591, 1973, 1840, 334, 2484, 1700, 1669, 1709, 1887, 1565, 188], "tmd": [1, 0, 0, 0, 0, 1, 1, 1, 1, 1, 1, 1, 1, 1, 0, 2, 1, 2, 1, 2, 1], "wmn": 844, "wmt": 8138, "wmd": 7, "wmv": 11207, "wdn": 12, "wdt": 19, "wdd": 45, "wdv": 2, "tlv": "Maharashtra"}