{"loc": "Belgorod Oblast", "iso": "RU", "l1": "Russia", "l2": "Belgorod Oblast", "lvl": 2, "pop": 1549876, "key": 10328, "isd": true, "ppd": 8.823, "med": 39.6, "p65": 14.177999999999999, "p70": 9.392999999999999, "hos": 8.05, "exp": 72.58, "adr": 2.0, "amn": 19968.0, "amv": 26724.0, "amd": 306.0, "amt": 749740.0, "tmn": [108, 107, 109, 106, 108, 103, 105, 107, 104, 105, 103, 100, 96, 96, 92, 89, 87, 83, 76, 74, 70], "tmv": [0, 0, 0, 0, 0, 0, 0, 0, 0, 0, 0, 0, 0, 0, 0, 0, 0, 0, 0, 0, 0], "tmd": [4, 4, 6, 4, 3, 2, 2, 4, 4, 5, 4, 4, 3, 4, 3, 2, 2, 3, 2, 2, 1], "wmn": 575, "wmt": 12427, "wmd": 13, "wmv": 0, "wdn": -20, "wdt": 53, "wdd": -49, "wdv": 0, "tlv": "Russia"}