{"loc": "Bedford", "iso": "US", "l1": "United States", "l2": "Virginia", "lvl": 3, "pop": 78997, "key": 10320, "isd": true, "ppd": 35.608000000000004, "med": 38.3, "p65": 15.413, "p70": 9.732000000000001, "hos": 2.77, "exp": 78.86, "adr": 2.0, "amn": 137372.0, "amv": 1476857.0, "amd": 2139.0, "amt": 1262467.0, "tmn": [278, 151, 0, 0, 291, 329, 417, 341, 253, 0, 0, 848, 215, 341, 620, 481, 0, 0, 1038, 151, 670], "tmv": [70, 3476, 2565, 1693, 4764, 5451, 6033, 6077, 6801, 4120, 2054, 5104, 5248, 5184, 4986, 5175, 2683, 957, 367, 0, 0], "tmd": [0, 0, 0, 0, 26, 0, 38, 0, 0, 0, 0, 0, 0, 13, 0, 0, 0, 0, 0, 0, 13], "wmn": 2963, "wmt": 18385, "wmd": 13, "wmv": 14171, "wdn": 48, "wdt": 3, "wdd": 0, "wdv": -59, "tlv": "Virginia"}