{"loc": "Belgorod Oblast", "iso": "RU", "l1": "Russia", "l2": "Belgorod Oblast", "lvl": 2, "pop": 1549876, "key": 10328, "isd": true, "ppd": 8.823, "med": 39.6, "p65": 14.177999999999999, "p70": 9.392999999999999, "hos": 8.05, "exp": 72.58, "adr": 2.0, "amn": 35416.0, "amv": 625234.0, "amd": 765.0, "amt": 1329758.0, "tmn": [100, 101, 102, 104, 103, 102, 105, 109, 110, 113, 117, 118, 117, 118, 119, 121, 124, 127, 129, 127, 134], "tmv": [3362, 2686, 2133, 0, 0, 1123, 1630, 2941, 0, 0, 1208, 660, 2239, 526, 2130, 1937, 2525, 2390, 928, 629, 0], "tmd": [4, 5, 4, 6, 4, 4, 5, 4, 4, 5, 3, 4, 3, 4, 4, 5, 4, 4, 3, 4, 4], "wmn": 884, "wmt": 0, "wmd": 25, "wmv": 10543, "wdn": 10, "wdt": 0, "wdd": 3, "wdv": 39, "tlv": "Russia"}