{"loc": "Beltrami", "iso": "US", "l1": "United States", "l2": "Minnesota", "lvl": 3, "pop": 47188, "key": 10334, "isd": true, "ppd": 35.608000000000004, "med": 38.3, "p65": 15.413, "p70": 9.732000000000001, "hos": 2.77, "exp": 78.86, "adr": 1.0, "amn": 69700.0, "amv": 153709.0, "amd": 1017.0, "amt": 1167892.0, "tmn": [84, 105, 148, 275, 84, 254, 148, 42, 127, 169, 127, 211, 127, 21, 63, 42, 63, 211, 105, 190, 190], "tmv": [2687, 2448, 3374, 4677, 5132, 5139, 4690, 3336, 1695, 3330, 4023, 4903, 6734, 6595, 3662, 2393, 4746, 4917, 6132, 6772, 0], "tmd": [0, 0, 0, 0, 0, 0, 0, 0, 0, 0, 0, 0, 0, 0, 0, 0, 0, 0, 0, 0, 0], "wmn": 869, "wmt": 30354, "wmd": 0, "wmv": 28625, "wdn": 5, "wdt": -4, "wdd": 0, "wdv": -7, "tlv": "Minnesota"}