{"loc": "Belknap", "iso": "US", "l1": "United States", "l2": "New Hampshire", "lvl": 3, "pop": 61303, "key": 10330, "isd": true, "ppd": 35.608000000000004, "med": 38.3, "p65": 15.413, "p70": 9.732000000000001, "hos": 2.77, "exp": 78.86, "adr": 2.0, "amn": 92279.0, "amv": 1212726.0, "amd": 1925.0, "amt": 1825633.0, "tmn": [0, 0, 897, 212, 456, 864, 734, 0, 0, 0, 1141, 685, 277, 260, 0, 0, 1092, 554, 619, 358, 603], "tmv": [2781, 2047, 1978, 1647, 2163, 995, 2262, 2445, 2251, 1671, 0, 0, 2784, 2570, 2833, 3777, 2988, 2423, 2905, 2661, 0], "tmd": [0, 0, 0, 17, 33, 0, 17, 0, 0, 0, 17, 0, 0, 0, 0, 0, 0, 0, 17, 17, 0], "wmn": 3230, "wmt": 36019, "wmd": 33, "wmv": 17591, "wdn": 37, "wdt": -8, "wdd": 100, "wdv": 50, "tlv": "New Hampshire"}