{"loc": "Belknap", "iso": "US", "l1": "United States", "l2": "New Hampshire", "lvl": 3, "pop": 61303, "key": 10330, "isd": true, "ppd": 35.608000000000004, "med": 38.3, "p65": 15.413, "p70": 9.732000000000001, "hos": 2.77, "exp": 78.86, "adr": 3.0, "amn": 61041.0, "amv": 635594.0, "amd": 1566.0, "amt": 1311159.0, "tmn": [114, 358, 97, 130, 375, 195, 228, 260, 309, 293, 456, 424, 163, 505, 407, 473, 375, 424, 342, 244, 456], "tmv": [5431, 8106, 10192, 12065, 12389, 10214, 6477, 4262, 8755, 10329, 12013, 14052, 10864, 8027, 7863, 7615, 10699, 12037, 10893, 10729, 0], "tmd": [0, 0, 17, 0, 0, 0, 0, 0, 0, 0, 0, 0, 0, 0, 0, 0, 0, 0, 0, 0, 0], "wmn": 2725, "wmt": 35970, "wmd": 0, "wmv": 59839, "wdn": 13, "wdt": 0, "wdd": 0, "wdv": -12, "tlv": "New Hampshire"}