{"loc": "Benton", "iso": "US", "l1": "United States", "l2": "Minnesota", "lvl": 3, "pop": 40889, "key": 10347, "isd": true, "ppd": 35.608000000000004, "med": 38.3, "p65": 15.413, "p70": 9.732000000000001, "hos": 2.77, "exp": 78.86, "adr": 1.0, "amn": 182861.0, "amv": 1250395.0, "amd": 2715.0, "amt": 2102621.0, "tmn": [0, 1320, 2274, 1345, 953, 904, 0, 0, 513, 2298, 782, 807, 758, 0, 0, 733, 1491, 317, 122, 122, 0], "tmv": [3777, 2988, 2423, 2905, 2661, 3390, 3489, 0, 0, 0, 2411, 3257, 3418, 2659, 2485, 1614, 1945, 2278, 2491, 2890, 0], "tmd": [0, 0, 0, 0, 0, 0, 0, 0, 0, 49, 0, 25, 74, 0, 0, 25, 0, 25, 25, 0, 0], "wmn": 2789, "wmt": 30691, "wmd": 74, "wmv": 13708, "wdn": -46, "wdt": -30, "wdd": -50, "wdv": 17, "tlv": "Minnesota"}