{"loc": "Bennington", "iso": "US", "l1": "United States", "l2": "Vermont", "lvl": 3, "pop": 35470, "key": 10341, "isd": true, "ppd": 35.608000000000004, "med": 38.3, "p65": 15.413, "p70": 9.732000000000001, "hos": 2.77, "exp": 78.86, "adr": 1.0, "amn": 43953.0, "amv": 324951.0, "amd": 254.0, "amt": 1888003.0, "tmn": [338, 197, 338, 169, 676, 112, 197, 281, 28, 169, 338, 197, 338, 140, 253, 112, 338, 225, 169, 56, 592], "tmv": [3298, 2593, 4349, 5491, 6616, 7139, 7375, 5050, 5255, 5793, 6168, 7391, 8814, 7404, 5275, 4864, 6157, 7535, 8875, 13887, 4118], "tmd": [0, 29, 0, 0, 0, 0, 0, 0, 0, 0, 0, 0, 0, 0, 0, 0, 0, 0, 0, 0, 0], "wmn": 1748, "wmt": 86345, "wmd": 0, "wmv": 50714, "wdn": 17, "wdt": -4, "wdd": 0, "wdv": 11, "tlv": "Vermont"}