{"loc": "Benton", "iso": "US", "l1": "United States", "l2": "Missouri", "lvl": 3, "pop": 19443, "key": 10349, "isd": true, "ppd": 35.608000000000004, "med": 38.3, "p65": 15.413, "p70": 9.732000000000001, "hos": 2.77, "exp": 78.86, "adr": 2.0, "amn": 83269.0, "amv": 298070.0, "amd": 1389.0, "amt": 752868.0, "tmn": [0, 51, 0, 154, 51, 0, 102, 0, 0, 154, 0, 0, 0, 0, 102, 205, 0, 0, 514, 7509, 205], "tmv": [5173, 5466, 3298, 2593, 4349, 5491, 6616, 7139, 7375, 5050, 5255, 5793, 6168, 7391, 8814, 7404, 5275, 4864, 6157, 7535, 0], "tmd": [0, 0, 0, 52, 0, 0, 0, 0, 0, 0, 0, 52, 0, 0, 0, 0, 0, 0, 0, 0, 0], "wmn": 8538, "wmt": 12971, "wmd": 0, "wmv": 40053, "wdn": 5433, "wdt": -3, "wdd": -100, "wdv": -9, "tlv": "Missouri"}