{"loc": "Bennington", "iso": "US", "l1": "United States", "l2": "Vermont", "lvl": 3, "pop": 35470, "key": 10341, "isd": true, "ppd": 35.608000000000004, "med": 38.3, "p65": 15.413, "p70": 9.732000000000001, "hos": 2.77, "exp": 78.86, "adr": 1.0, "amn": 61855.0, "amv": 1091533.0, "amd": 423.0, "amt": 2934249.0, "tmn": [112, 0, 0, 225, 28, 225, 28, 84, 0, 0, 140, 112, 197, 225, 366, 0, 0, 0, 676, 620, 366], "tmv": [2600, 2160, 2477, 1419, 1374, 2201, 2622, 2492, 2548, 2348, 1615, 1875, 1986, 1986, 2786, 3007, 2017, 2605, 1830, 2139, 3106], "tmd": [0, 0, 0, 0, 0, 0, 0, 0, 0, 0, 0, 0, 0, 0, 0, 0, 0, 0, 0, 0, 0], "wmn": 2030, "wmt": 38753, "wmd": 0, "wmv": 17494, "wdn": 167, "wdt": 14, "wdd": 0, "wdv": 18, "tlv": "Vermont"}