{"loc": "Benton", "iso": "US", "l1": "United States", "l2": "Missouri", "lvl": 3, "pop": 19443, "key": 10349, "isd": true, "ppd": 35.608000000000004, "med": 38.3, "p65": 15.413, "p70": 9.732000000000001, "hos": 2.77, "exp": 78.86, "adr": 2.0, "amn": 86098.0, "amv": 749030.0, "amd": 1697.0, "amt": 864965.0, "tmn": [0, 0, 0, -51, -1491, 0, 0, 0, 51, 102, 0, 0, 0, 0, 154, 102, 51, 0, 51, 0, 0], "tmv": [7863, 7615, 10699, 12037, 10893, 10729, 6600, 5484, 7781, 9092, 10242, 10071, 9169, 6395, 4975, 6773, 8259, 8496, 10027, 6458, 3608], "tmd": [52, 0, 0, 0, 0, 0, 0, 103, 0, 0, 0, 0, 0, 0, 0, 0, 0, 0, 52, 0, 0], "wmn": 361, "wmt": 13374, "wmd": 52, "wmv": 48600, "wdn": 133, "wdt": -11, "wdd": -50, "wdv": -17, "tlv": "Missouri"}