{"loc": "Berkeley", "iso": "US", "l1": "United States", "l2": "South Carolina", "lvl": 3, "pop": 227907, "key": 10355, "isd": true, "ppd": 35.608000000000004, "med": 38.3, "p65": 15.413, "p70": 9.732000000000001, "hos": 2.77, "exp": 78.86, "adr": 1.0, "amn": 134283.0, "amv": 1219607.0, "amd": 1395.0, "amt": 1774225.0, "tmn": [359, 789, 364, 0, 0, 1289, 315, 364, 421, 329, 0, 0, 952, 153, 223, 250, 236, 0, 0, 737, 144], "tmv": [2163, 995, 2262, 2445, 2251, 1671, 0, 0, 2784, 2570, 2833, 3777, 2988, 2423, 2905, 2661, 3390, 3489, 0, 0, 0], "tmd": [22, 40, 9, 0, 0, 36, 5, 22, 14, 9, 0, 0, 36, 14, 9, 9, 9, 0, 0, 9, 9], "wmn": 1593, "wmt": 32443, "wmd": 44, "wmv": 12448, "wdn": -28, "wdt": -9, "wdd": -52, "wdv": -28, "tlv": "South Carolina"}