{"loc": "Bergen", "iso": "US", "l1": "United States", "l2": "New Jersey", "lvl": 3, "pop": 932202, "key": 10354, "isd": true, "ppd": 35.608000000000004, "med": 38.3, "p65": 15.413, "p70": 9.732000000000001, "hos": 2.77, "exp": 78.86, "adr": 3.0, "amn": 112948.0, "amv": 1016621.0, "amd": 3103.0, "amt": 1643799.0, "tmn": [42, 47, 26, 26, 24, 13, 36, 43, 34, 30, 25, 6, 9, 13, 22, 32, 23, 23, 34, 15, 43], "tmv": [1967, 2474, 1554, 2803, 3655, 3299, 2241, 4154, 4949, 1994, 3524, 1923, 0, 0, 1326, 2107, 1883, 1818, 1779, 1363, 1036], "tmd": [3, 2, 3, 2, 0, -2, 2, 4, 0, 2, 0, 0, 0, 0, 3, 0, 0, 0, 0, 0, 2], "wmn": 196, "wmt": 1356, "wmd": 4, "wmv": 11315, "wdn": 19, "wdt": -54, "wdd": -25, "wdv": -32, "tlv": "New Jersey"}