{"loc": "Berkshire", "iso": "US", "l1": "United States", "l2": "Massachusetts", "lvl": 3, "pop": 124944, "key": 10358, "isd": true, "ppd": 35.608000000000004, "med": 38.3, "p65": 15.413, "p70": 9.732000000000001, "hos": 2.77, "exp": 78.86, "adr": 4.0, "amn": 52391.0, "amv": 966947.0, "amd": 2305.0, "amt": 3419899.0, "tmn": [8, 0, 0, 8, 16, 0, 0, 0, 16, 16, 16, 0, 8, 0, 8, 0, 16, 8, 0, 40, 8], "tmv": [0, 1543, 2452, 4248, 3485, 4157, 3682, 3252, 2518, 2835, 2495, 4865, 3672, 4016, 3766, 3121, 6234, 3276, 3244, 2575, 1851], "tmd": [0, 0, 0, 9, 0, 0, 0, 0, 0, 0, 0, 0, 0, 0, 0, 0, 0, 0, 0, 0, 9], "wmn": 81, "wmt": 28628, "wmd": 9, "wmv": 24072, "wdn": 43, "wdt": -6, "wdd": 0, "wdv": 2, "tlv": "Massachusetts"}