{"loc": "Berkshire", "iso": "US", "l1": "United States", "l2": "Massachusetts", "lvl": 3, "pop": 124944, "key": 10358, "isd": true, "ppd": 35.608000000000004, "med": 38.3, "p65": 15.413, "p70": 9.732000000000001, "hos": 2.77, "exp": 78.86, "adr": 4.0, "amn": 70656.0, "amv": 1259649.0, "amd": 2577.0, "amt": 4449660.0, "tmn": [176, 120, 272, 0, 0, 0, 856, 216, 176, 360, 0, 0, 608, 232, 256, 320, 344, 0, 0, 792, 240], "tmv": [2905, 2661, 3390, 3489, 0, 0, 0, 2411, 3257, 3418, 2659, 2485, 1614, 1945, 2278, 2491, 2890, 2710, 2395, 1993, 2154], "tmd": [17, 0, 0, 0, 0, 0, 0, 9, 0, 17, 0, 0, 9, 9, 0, 0, 9, 0, 0, 9, 0], "wmn": 1953, "wmt": 84374, "wmd": 17, "wmv": 16916, "wdn": 23, "wdt": -21, "wdd": -60, "wdv": -5, "tlv": "Massachusetts"}