{"loc": "Berkeley", "iso": "US", "l1": "United States", "l2": "West Virginia", "lvl": 3, "pop": 119171, "key": 10356, "isd": true, "ppd": 35.608000000000004, "med": 38.3, "p65": 15.413, "p70": 9.732000000000001, "hos": 2.77, "exp": 78.86, "adr": 1.0, "amn": 134362.0, "amv": 1176126.0, "amd": 1301.0, "amt": 2109249.0, "tmn": [377, 469, 981, 545, 369, 385, 469, 612, 671, 696, 780, 260, 469, 671, 763, 864, 595, 604, 402, 411, 738], "tmv": [2538, 4249, 2950, 0, 0, 0, 2913, 2024, 2876, 2739, 2336, 1790, 1886, 2554, 2257, 2903, 2781, 2047, 1978, 1647, 2163], "tmd": [0, 0, 0, 0, 0, 0, 26, 0, 0, 0, 0, 0, 9, 17, 0, 9, 0, 0, 9, 0, 9], "wmn": 4381, "wmt": 68813, "wmd": 26, "wmv": 15780, "wdn": 5, "wdt": 7, "wdd": 0, "wdv": -3, "tlv": "West Virginia"}