{"loc": "Berrien", "iso": "US", "l1": "United States", "l2": "Georgia", "lvl": 3, "pop": 19397, "key": 10362, "isd": true, "ppd": 35.608000000000004, "med": 38.3, "p65": 15.413, "p70": 9.732000000000001, "hos": 2.77, "exp": 78.86, "adr": 2.0, "amn": 163015.0, "amv": 1136653.0, "amd": 2732.0, "amt": 1000586.0, "tmn": [5413, 3041, 2113, 2526, 2783, 0, 0, 4330, 3041, 2113, 2268, 2629, 0, 0, 2423, 3711, 1804, 1237, 1598, 0, 0], "tmv": [2605, 1830, 2139, 3106, 3068, 3187, 2953, 1851, 1966, 2813, 2807, 3250, 3257, 2889, 2103, 1988, 3241, 2538, 4249, 2950, 0], "tmd": [0, 0, 0, 52, 0, 0, 0, 0, 0, 52, 0, 0, 0, 0, 52, 0, 0, 0, 0, 0, 0], "wmn": 10775, "wmt": 29547, "wmd": 52, "wmv": 17074, "wdn": -25, "wdt": 14, "wdd": 0, "wdv": -9, "tlv": "Georgia"}