{"loc": "Bhadohi", "iso": "IN", "l1": "India", "l2": "Uttar Pradesh", "lvl": 3, "pop": 1554203, "key": 10368, "isd": true, "ppd": 450.41900000000004, "med": 28.2, "p65": 5.989, "p70": 3.4139999999999997, "hos": 0.53, "exp": 69.66, "adr": 1.0, "amn": 3345.0, "amv": 100275.0, "amd": 23.0, "amt": 167228.0, "tmn": [20, 13, 23, 38, 24, 32, 41, 45, 52, 154, 114, 127, 83, 120, 129, 77, 111, 146, 185, 167, 124], "tmv": [2902, 2874, 2261, 2996, 2710, 2550, 2125, 2901, 1917, 2401, 1978, 1966, 1945, 891, 2374, 0, 0, 2252, 4076, 0, 0], "tmd": [0, 0, 1, 0, 0, 0, 0, 0, 1, 0, 0, 0, 0, 1, 1, 0, 0, 2, 0, 0, 0], "wmn": 943, "wmt": 6365, "wmd": 3, "wmv": 8704, "wdn": 35, "wdt": 1, "wdd": 100, "wdv": -38, "tlv": "Uttar Pradesh"}