{"loc": "Betul", "iso": "IN", "l1": "India", "l2": "Madhya Pradesh", "lvl": 3, "pop": 1575247, "key": 10366, "isd": true, "ppd": 450.41900000000004, "med": 28.2, "p65": 5.989, "p70": 3.4139999999999997, "hos": 0.53, "exp": 69.66, "adr": 2.0, "amn": 3472.0, "amv": 73619.0, "amd": 56.0, "amt": 78538.0, "tmn": [26, 42, 36, 34, 36, 34, 35, 43, 42, 41, 43, 42, 41, 41, 39, 38, 41, 43, 52, 60, 82], "tmv": [334, 2484, 1700, 1669, 1709, 1887, 1565, 188, 422, 1406, 1495, 2660, 3090, 2119, 2264, 2902, 2874, 2261, 2996, 2710, 2550], "tmd": [0, 0, 0, 1, 0, 0, 1, 0, 0, 0, 1, 0, 1, 0, 0, 0, 1, 1, 1, 1, 2], "wmn": 360, "wmt": 2759, "wmd": 4, "wmv": 18562, "wdn": 22, "wdt": 37, "wdd": 200, "wdv": 63, "tlv": "Madhya Pradesh"}