{"loc": "Bernalillo", "iso": "US", "l1": "United States", "l2": "New Mexico", "lvl": 3, "pop": 679121, "key": 10361, "isd": true, "ppd": 35.608000000000004, "med": 38.3, "p65": 15.413, "p70": 9.732000000000001, "hos": 2.77, "exp": 78.86, "adr": 2.0, "amn": 102996.0, "amv": 1176126.0, "amd": 1556.0, "amt": 2117124.0, "tmn": [253, 0, 0, 0, 1042, 125, 175, 235, 0, 0, 721, 315, 322, 340, 172, 0, 0, 547, 151, 307, 244], "tmv": [4249, 2950, 0, 0, 0, 2913, 2024, 2876, 2739, 2336, 1790, 1886, 2554, 2257, 2903, 2781, 2047, 1978, 1647, 2163, 0], "tmd": [2, 0, 0, 0, 3, 3, 3, 5, 0, 0, 8, 3, 5, 0, 3, 0, 0, 11, 6, 9, 11], "wmn": 1424, "wmt": 41459, "wmd": 39, "wmv": 13523, "wdn": -26, "wdt": -3, "wdd": 100, "wdv": -18, "tlv": "New Mexico"}