{"loc": "Berrien", "iso": "US", "l1": "United States", "l2": "Michigan", "lvl": 3, "pop": 153401, "key": 10363, "isd": true, "ppd": 35.608000000000004, "med": 38.3, "p65": 15.413, "p70": 9.732000000000001, "hos": 2.77, "exp": 78.86, "adr": 2.0, "amn": 76121.0, "amv": 274237.0, "amd": 1597.0, "amt": 1063595.0, "tmn": [162, 195, 78, 156, 39, 0, 228, 78, 221, 71, 182, 123, 0, 189, 208, 189, 234, 267, 189, 0, 241], "tmv": [0, 3221, 4419, 5606, 5173, 5466, 3298, 2593, 4349, 5491, 6616, 7139, 7375, 5050, 5255, 5793, 6168, 7391, 8814, 7404, 0], "tmd": [7, 0, 0, 0, 7, 0, 7, 7, 0, 7, 0, 20, 0, 0, 0, 0, 20, 0, 0, 0, 0], "wmn": 1330, "wmt": 28366, "wmd": 20, "wmv": 40829, "wdn": 53, "wdt": 15, "wdd": -40, "wdv": 6, "tlv": "Michigan"}