{"loc": "Bernalillo", "iso": "US", "l1": "United States", "l2": "New Mexico", "lvl": 3, "pop": 679121, "key": 10361, "isd": true, "ppd": 35.608000000000004, "med": 38.3, "p65": 15.413, "p70": 9.732000000000001, "hos": 2.77, "exp": 78.86, "adr": 2.0, "amn": 93739.0, "amv": 1086287.0, "amd": 1461.0, "amt": 1892088.0, "tmn": [142, 136, 0, 0, 500, 194, 304, 214, 282, 0, 0, 496, 294, 256, 200, 290, 0, 0, 793, 250, 396], "tmv": [2155, 2600, 2160, 2477, 1419, 1374, 2201, 2622, 2492, 2548, 2348, 1615, 1875, 1986, 1986, 2786, 3007, 2017, 2605, 1830, 0], "tmd": [2, 0, 0, 0, 2, 0, -1, 0, 3, 0, 0, 0, 0, 3, 0, 5, 0, 0, 3, 3, 2], "wmn": 1931, "wmt": 36752, "wmd": 12, "wmv": 14234, "wdn": 25, "wdt": 41, "wdd": 100, "wdv": -8, "tlv": "New Mexico"}