{"loc": "Berrien", "iso": "US", "l1": "United States", "l2": "Georgia", "lvl": 3, "pop": 19397, "key": 10362, "isd": true, "ppd": 35.608000000000004, "med": 38.3, "p65": 15.413, "p70": 9.732000000000001, "hos": 2.77, "exp": 78.86, "adr": 2.0, "amn": 166572.0, "amv": 1144139.0, "amd": 2732.0, "amt": 1018710.0, "tmn": [2783, 0, 0, 4330, 3041, 2113, 2268, 2629, 0, 0, 2423, 3711, 1804, 1237, 1598, 0, 0, 0, 2423, 773, 360], "tmv": [3068, 3187, 2953, 1851, 1966, 2813, 2807, 3250, 3257, 2889, 2103, 1988, 3241, 2538, 4249, 2950, 0, 0, 0, 2913, 0], "tmd": [0, 0, 0, 0, 0, 52, 0, 0, 0, 0, 52, 0, 0, 0, 0, 0, 0, 0, 0, 0, 0], "wmn": 5156, "wmt": 27516, "wmd": 0, "wmv": 10114, "wdn": -56, "wdt": -6, "wdd": -100, "wdv": -48, "tlv": "Georgia"}