{"loc": "Bermuda", "iso": "BM", "l1": "United Kingdom", "l2": "Bermuda", "lvl": 2, "pop": 62273, "key": 10360, "isd": true, "ppd": 272.89799999999997, "med": 40.8, "p65": 18.517, "p70": 12.527000000000001, "hos": 2.54, "exp": 81.32, "adr": 1.0, "amn": 84210.0, "amv": 1378273.0, "amd": 1156.0, "amt": 3981815.0, "tmn": [0, 3083, 0, 0, 0, 6616, 0, 2408, 3067, 0, 4159, 2489, 0, 2697, 0, 0, 2922, 0, 0, 2617, 1589], "tmv": [1804, 1736, 1855, 995, 1179, 1224, 1305, 1293, 1211, 1476, 732, 1047, 1037, 0, 0, 1042, 1017, 670, 855, 0, 0], "tmd": [0, 0, 0, 0, 0, 17, 0, 17, 17, 0, 65, 17, 0, 33, 0, 0, 113, 0, 0, 161, 161], "wmn": 7130, "wmt": 56176, "wmd": 434, "wmv": 3586, "wdn": -52, "wdt": -42, "wdd": 200, "wdv": -47, "tlv": "United Kingdom"}