{"loc": "Bhandara", "iso": "IN", "l1": "India", "l2": "Maharashtra", "lvl": 3, "pop": 1198810, "key": 10371, "isd": true, "ppd": 450.41900000000004, "med": 28.2, "p65": 5.989, "p70": 3.4139999999999997, "hos": 0.53, "exp": 69.66, "adr": 2.0, "amn": 11532.0, "amv": 8278.0, "amd": 261.0, "amt": 128799.0, "tmn": [10, 10, 19, 14, 4, 9, 2, 5, -17, 9, 7, 14, 7, 15, 15, 15, 15, 16, 16, 15, 18], "tmv": [225, 369, 331, 259, 26, 323, 255, 293, 353, 335, 61, 0, 0, 246, 238, 478, 437, 281, 178, 245, 0], "tmd": [0, 0, 0, 0, 0, 0, 0, 0, 1, 2, 1, 0, 0, 0, 0, 0, 0, 0, 0, 0, 0], "wmn": 113, "wmt": 3772, "wmd": 0, "wmv": 1860, "wdn": 170, "wdt": 38, "wdd": -100, "wdv": 44, "tlv": "Maharashtra"}