{"loc": "Bhopal", "iso": "IN", "l1": "India", "l2": "Madhya Pradesh", "lvl": 3, "pop": 2368145, "key": 10379, "isd": true, "ppd": 450.41900000000004, "med": 28.2, "p65": 5.989, "p70": 3.4139999999999997, "hos": 0.53, "exp": 69.66, "adr": 1.0, "amn": 18450.0, "amv": 8033.0, "amd": 261.0, "amt": 66663.0, "tmn": [16, 41, 16, 14, 38, 20, 31, 18, 14, 19, 16, 11, 20, 16, 16, 33, 20, 28, 13, 23, 32], "tmv": [136, 225, 369, 331, 259, 26, 323, 255, 293, 353, 335, 61, 0, 0, 246, 238, 478, 437, 281, 178, 0], "tmd": [0, 0, 1, 1, 0, 0, 1, 1, 1, 0, 0, 0, 0, 0, 1, 0, 0, 0, 0, 0, 0], "wmn": 168, "wmt": 1184, "wmd": 1, "wmv": 1862, "wdn": 41, "wdt": -4, "wdd": -50, "wdv": 43, "tlv": "Madhya Pradesh"}