{"loc": "Bharatpur", "iso": "IN", "l1": "India", "l2": "Rajasthan", "lvl": 3, "pop": 2549121, "key": 10372, "isd": true, "ppd": 450.41900000000004, "med": 28.2, "p65": 5.989, "p70": 3.4139999999999997, "hos": 0.53, "exp": 69.66, "adr": 1.0, "amn": 4347.0, "amv": 104985.0, "amd": 54.0, "amt": 104864.0, "tmn": [10, 15, 14, 17, 24, 22, 27, 34, 37, 35, 34, 59, 35, 45, 51, 40, 39, 38, 39, 54, 39], "tmv": [2996, 2710, 2550, 2125, 2901, 1917, 2401, 1978, 1966, 1945, 891, 2374, 0, 0, 2252, 0, 0, 0, 2420, 1705, 0], "tmd": [0, 0, 0, 0, 0, 0, 0, 0, 0, 0, 1, 1, 0, 1, 1, 1, 1, 0, 1, 2, 2], "wmn": 305, "wmt": 6545, "wmd": 6, "wmv": 6379, "wdn": 8, "wdt": 20, "wdd": 225, "wdv": -30, "tlv": "Rajasthan"}