{"loc": "Bhavnagar", "iso": "IN", "l1": "India", "l2": "Gujarat", "lvl": 3, "pop": 2877961, "key": 10374, "isd": true, "ppd": 450.41900000000004, "med": 28.2, "p65": 5.989, "p70": 3.4139999999999997, "hos": 0.53, "exp": 69.66, "adr": 1.0, "amn": 3809.0, "amv": 100275.0, "amd": 42.0, "amt": 269496.0, "tmn": [27, 32, 31, 29, 35, 32, 33, 38, 44, 57, 59, 68, 67, 68, 74, 99, 90, 88, 104, 107, 131], "tmv": [2902, 2874, 2261, 2996, 2710, 2550, 2125, 2901, 1917, 2401, 1978, 1966, 1945, 891, 2374, 0, 0, 2252, 4076, 0, 0], "tmd": [1, 0, 1, 1, 1, 0, 0, 0, 0, 0, 0, 0, 2, 0, 2, 2, 3, 3, 3, 3, 3], "wmn": 698, "wmt": 19517, "wmd": 15, "wmv": 8704, "wdn": 73, "wdt": 13, "wdd": 925, "wdv": -38, "tlv": "Gujarat"}