{"loc": "Bhilwara", "iso": "IN", "l1": "India", "l2": "Rajasthan", "lvl": 3, "pop": 2410459, "key": 10375, "isd": true, "ppd": 450.41900000000004, "med": 28.2, "p65": 5.989, "p70": 3.4139999999999997, "hos": 0.53, "exp": 69.66, "adr": 0.0, "amn": 4420.0, "amv": 30481.0, "amd": 17.0, "amt": 81392.0, "tmn": [1, 0, 2, 0, 3, 2, 3, 4, 4, 3, 2, 5, 9, 7, 4, 9, 9, 4, 6, 6, 7], "tmv": [351, 42, 400, 555, 721, 1006, 1081, 1032, 48, 1463, 984, 954, 347, 1488, 1101, 122, 2202, 1534, 1506, 1591, 1973], "tmd": [0, 0, 0, 0, 0, 0, 0, 0, 0, 0, 0, 0, 0, 0, 0, 0, 0, 0, 0, 0, 0], "wmn": 50, "wmt": 1376, "wmd": 0, "wmv": 10033, "wdn": 28, "wdt": 3, "wdd": 0, "wdv": 59, "tlv": "Rajasthan"}