{"loc": "Bharuch", "iso": "IN", "l1": "India", "l2": "Gujarat", "lvl": 3, "pop": 1550822, "key": 10373, "isd": true, "ppd": 450.41900000000004, "med": 28.2, "p65": 5.989, "p70": 3.4139999999999997, "hos": 0.53, "exp": 69.66, "adr": 0.0, "amn": 2682.0, "amv": 6521.0, "amd": 12.0, "amt": 177924.0, "tmn": [5, 1, 4, 1, 2, 0, 1, 1, 1, 0, 0, 1, 0, 2, 0, 0, 0, 0, 3, 3, 1], "tmv": [414, 414, 177, 10, 138, 136, 225, 369, 331, 259, 26, 323, 255, 293, 353, 335, 214, 15, 315, 201, 0], "tmd": [0, 0, 0, 0, 0, 0, 0, 0, 0, 0, 0, 0, 0, 0, 0, 0, 0, 0, 0, 0, 0], "wmn": 10, "wmt": 3331, "wmd": 0, "wmv": 1437, "wdn": 25, "wdt": -2, "wdd": 0, "wdv": -23, "tlv": "Gujarat"}