{"loc": "Bibb", "iso": "US", "l1": "United States", "l2": "Georgia", "lvl": 3, "pop": 153159, "key": 10382, "isd": true, "ppd": 35.608000000000004, "med": 38.3, "p65": 15.413, "p70": 9.732000000000001, "hos": 2.77, "exp": 78.86, "adr": 3.0, "amn": 103461.0, "amv": 798663.0, "amd": 2919.0, "amt": 799035.0, "tmn": [45, 359, 97, 78, 39, 130, 130, 235, 91, 45, 71, 32, 32, 45, 19, 52, 71, 39, 6, 6, 110], "tmv": [7781, 9092, 10242, 10071, 9169, 6395, 4975, 6773, 8259, 8496, 10027, 6458, 3608, 3001, 5456, 7305, 8515, 7794, 7192, 5713, 4653], "tmd": [0, 7, 0, 20, 0, 0, 7, 20, 0, 0, 0, 0, 7, 0, 0, 0, 0, 7, 0, 0, 0], "wmn": 307, "wmt": 9364, "wmd": 7, "wmv": 46632, "wdn": -45, "wdt": -30, "wdd": -75, "wdv": 0, "tlv": "Georgia"}