{"loc": "Bidar", "iso": "IN", "l1": "India", "l2": "Karnataka", "lvl": 3, "pop": 1700018, "key": 10383, "isd": true, "ppd": 450.41900000000004, "med": 28.2, "p65": 5.989, "p70": 3.4139999999999997, "hos": 0.53, "exp": 69.66, "adr": 2.0, "amn": 13766.0, "amv": 138291.0, "amd": 209.0, "amt": 423047.0, "tmn": [343, 232, 237, 283, 197, 257, 182, 184, 179, 92, 165, 151, 131, 108, 75, 101, 66, 87, 55, 44, 34], "tmv": [424, 1355, 1209, 1580, 1936, 1874, 1669, 587, 2024, 2002, 1581, 1678, 930, 1375, 511, 1134, 995, 883, 1069, 0, 0], "tmd": [4, 2, 3, 5, 3, 3, 4, 5, 3, 5, 5, 3, 3, 4, 4, 3, 3, 3, 3, 0, 3], "wmn": 465, "wmt": 12074, "wmd": 16, "wmv": 4596, "wdn": -54, "wdt": -9, "wdd": -31, "wdv": -55, "tlv": "Karnataka"}