{"loc": "Bibb", "iso": "US", "l1": "United States", "l2": "Alabama", "lvl": 3, "pop": 22394, "key": 10381, "isd": true, "ppd": 35.608000000000004, "med": 38.3, "p65": 15.413, "p70": 9.732000000000001, "hos": 2.77, "exp": 78.86, "adr": 2.0, "amn": 155354.0, "amv": 1121684.0, "amd": 3260.0, "amt": 562193.0, "tmn": [982, 580, 1161, 0, 1116, 401, 1027, 803, 848, 2009, 1652, 803, 759, 0, 0, 2366, 1161, 1339, 491, 446, 1920], "tmv": [1986, 1986, 2786, 3007, 2017, 2605, 1830, 2139, 3106, 3068, 3187, 2953, 1851, 1966, 2813, 2807, 3250, 3257, 2889, 2103, 0], "tmd": [45, 0, 0, 0, 0, 0, 45, 0, 45, 0, 0, 0, 0, 0, 0, 0, 90, 0, 0, 0, 90], "wmn": 7726, "wmt": 0, "wmd": 179, "wmv": 17122, "wdn": 12, "wdt": 0, "wdd": 300, "wdv": -6, "tlv": "Alabama"}