{"loc": "Bihar", "iso": "IN", "l1": "India", "l2": "Bihar", "lvl": 2, "pop": 124799926, "key": 10388, "isd": true, "ppd": 450.41900000000004, "med": 28.2, "p65": 5.989, "p70": 3.4139999999999997, "hos": 0.53, "exp": 69.66, "adr": 1.0, "amn": 2104.0, "amv": 10363.0, "amd": 12.0, "amt": 180220.0, "tmn": [0, 0, 0, 0, 0, 0, 0, 0, 0, 0, 0, 0, 0, 0, 0, 0, 0, 0, 0, 0, 0], "tmv": [293, 353, 335, 61, 0, 0, 246, 238, 478, 437, 281, 178, 245, 350, 332, 507, 499, 351, 42, 0, 0], "tmd": [1, 1, 1, 1, 1, 1, 1, 1, 1, 1, 1, 1, 1, 1, 1, 1, 1, 1, 0, 0, 0], "wmn": 3, "wmt": 1739, "wmd": 1, "wmv": 1735, "wdn": -36, "wdt": -1, "wdd": -56, "wdv": -22, "tlv": "Bihar"}