{"loc": "Bibb", "iso": "US", "l1": "United States", "l2": "Alabama", "lvl": 3, "pop": 22394, "key": 10381, "isd": true, "ppd": 35.608000000000004, "med": 38.3, "p65": 15.413, "p70": 9.732000000000001, "hos": 2.77, "exp": 78.86, "adr": 2.0, "amn": 118201.0, "amv": 830268.0, "amd": 2858.0, "amt": 524433.0, "tmn": [0, 178, 133, 89, 44, 89, 0, 44, 0, 312, 0, 0, 44, 89, 0, 89, 133, 133, 669, 669, 89], "tmv": [6395, 4975, 6773, 8259, 8496, 10027, 6458, 3608, 3001, 5456, 7305, 8515, 7794, 7192, 5713, 4653, 4699, 5814, 5591, 7265, 8234], "tmd": [0, 0, 45, 0, 0, 0, 0, 0, 0, 0, 0, 45, 0, 0, 0, 0, 0, 0, 0, 0, 0], "wmn": 1787, "wmt": 8759, "wmd": 0, "wmv": 41972, "wdn": 264, "wdt": 97, "wdd": -100, "wdv": -2, "tlv": "Alabama"}