{"loc": "Black Hawk", "iso": "US", "l1": "United States", "l2": "Iowa", "lvl": 3, "pop": 131228, "key": 10398, "isd": true, "ppd": 35.608000000000004, "med": 38.3, "p65": 15.413, "p70": 9.732000000000001, "hos": 2.77, "exp": 78.86, "adr": 2.0, "amn": 122847.0, "amv": 180853.0, "amd": 2164.0, "amt": 411594.0, "tmn": [22, 99, 350, 266, 236, 144, 228, 45, 99, 236, 220, 68, 320, 99, 53, 68, 114, 60, 137, 10310, 152], "tmv": [4690, 3336, 1695, 3330, 4023, 4903, 6734, 6595, 3662, 2393, 4746, 4917, 6132, 6772, 6806, 0, 0, 3221, 4419, 5606, 0], "tmd": [84, 16, 0, 16, 8, 8, 0, 0, 0, 16, 23, 8, 23, 8, 0, 0, 16, 16, 8, 31, 0], "wmn": 10898, "wmt": 6109, "wmd": 69, "wmv": 20055, "wdn": 900, "wdt": 45, "wdd": -10, "wdv": -43, "tlv": "Iowa"}