{"loc": "Birbhum", "iso": "IN", "l1": "India", "l2": "West Bengal", "lvl": 3, "pop": 3502387, "key": 10397, "isd": true, "ppd": 450.41900000000004, "med": 28.2, "p65": 5.989, "p70": 3.4139999999999997, "hos": 0.53, "exp": 69.66, "adr": 1.0, "amn": 5970.0, "amv": 104985.0, "amd": 33.0, "amt": 103661.0, "tmn": [43, 59, 77, 80, 79, 80, 93, 109, 106, 115, 134, 87, 160, 165, 178, 190, 198, 187, 201, 224, 223], "tmv": [2996, 2710, 2550, 2125, 2901, 1917, 2401, 1978, 1966, 1945, 891, 2374, 0, 0, 2252, 0, 0, 0, 2420, 1705, 0], "tmd": [0, 0, 0, 1, 0, 0, 0, 1, 0, 1, 1, 2, 0, 2, 0, 1, 0, 1, 1, 1, 2], "wmn": 1404, "wmt": 3768, "wmd": 4, "wmv": 6379, "wdn": 59, "wdt": 18, "wdd": -14, "wdv": -30, "tlv": "West Bengal"}