{"loc": "Blair", "iso": "US", "l1": "United States", "l2": "Pennsylvania", "lvl": 3, "pop": 121829, "key": 10405, "isd": true, "ppd": 35.608000000000004, "med": 38.3, "p65": 15.413, "p70": 9.732000000000001, "hos": 2.77, "exp": 78.86, "adr": 3.0, "amn": 107676.0, "amv": 830268.0, "amd": 2725.0, "amt": 1062929.0, "tmn": [517, 352, 238, 590, 311, 574, 295, 393, 188, 279, 402, 418, 180, 131, 566, 221, 164, 205, 377, 98, 32], "tmv": [4975, 6773, 8259, 8496, 10027, 6458, 3608, 3001, 5456, 7305, 8515, 7794, 7192, 5713, 4653, 4699, 5814, 5591, 7265, 8234, 0], "tmd": [9, 9, 9, 9, 0, 0, 9, 0, 17, 0, 0, 17, 9, 0, 9, 0, 9, 9, 0, 0, 0], "wmn": 1667, "wmt": 18437, "wmd": 25, "wmv": 36259, "wdn": -16, "wdt": -17, "wdd": -40, "wdv": -19, "tlv": "Pennsylvania"}