{"loc": "Bland", "iso": "US", "l1": "United States", "l2": "Virginia", "lvl": 3, "pop": 6280, "key": 10407, "isd": true, "ppd": 35.608000000000004, "med": 38.3, "p65": 15.413, "p70": 9.732000000000001, "hos": 2.77, "exp": 78.86, "adr": 1.0, "amn": 166401.0, "amv": 1236688.0, "amd": 2389.0, "amt": 1129838.0, "tmn": [2547, 636, 318, 1273, 318, 0, 0, 1910, 0, 1114, 318, 159, 0, 0, 0, 636, 159, 159, 318, 0, 0], "tmv": [1671, 0, 0, 2784, 2570, 2833, 3777, 2988, 2423, 2905, 2661, 3390, 3489, 0, 0, 0, 2411, 3257, 3418, 2659, 0], "tmd": [160, 0, 0, 0, 0, 0, 0, 0, 160, 0, 0, 0, 0, 0, 0, 160, 0, 0, 0, 0, 0], "wmn": 1274, "wmt": 17613, "wmd": 160, "wmv": 11747, "wdn": -64, "wdt": -12, "wdd": 0, "wdv": -34, "tlv": "Virginia"}