{"loc": "Bladen", "iso": "US", "l1": "United States", "l2": "North Carolina", "lvl": 3, "pop": 32722, "key": 10400, "isd": true, "ppd": 35.608000000000004, "med": 38.3, "p65": 15.413, "p70": 9.732000000000001, "hos": 2.77, "exp": 78.86, "adr": 2.0, "amn": 151030.0, "amv": 1144139.0, "amd": 2567.0, "amt": 1386639.0, "tmn": [1130, 0, 0, 3820, 519, 641, 2108, 886, 0, 0, 2781, 488, 550, 702, 1161, 0, 0, 0, 3117, 0, 855], "tmv": [3068, 3187, 2953, 1851, 1966, 2813, 2807, 3250, 3257, 2889, 2103, 1988, 3241, 2538, 4249, 2950, 0, 0, 0, 2913, 0], "tmd": [31, 0, 0, 92, 31, 92, 0, 0, 0, 0, 31, 31, 62, 62, 31, 0, 0, 0, 123, 62, 0], "wmn": 5135, "wmt": 34174, "wmd": 214, "wmv": 10114, "wdn": -5, "wdt": 7, "wdd": 17, "wdv": -48, "tlv": "North Carolina"}