{"loc": "Boone", "iso": "US", "l1": "United States", "l2": "Arkansas", "lvl": 3, "pop": 37432, "key": 10425, "isd": true, "ppd": 35.608000000000004, "med": 38.3, "p65": 15.413, "p70": 9.732000000000001, "hos": 2.77, "exp": 78.86, "adr": 2.0, "amn": 116611.0, "amv": 1025114.0, "amd": 2137.0, "amt": 1060527.0, "tmn": [427, 427, 480, 534, 400, 0, 0, 1015, 213, 881, 1041, 828, 0, 0, 1041, 721, 694, 400, 400, 0, 0], "tmv": [3299, 2241, 4154, 4949, 1994, 3524, 1923, 0, 0, 1326, 2107, 1883, 1818, 1779, 1363, 1036, 1655, 1721, 1666, 1928, 1520], "tmd": [0, 0, 0, 0, 0, 0, 0, 0, 0, 0, 0, 0, 0, 0, 0, 0, 0, 0, 0, 0, 0], "wmn": 3260, "wmt": 13726, "wmd": 0, "wmv": 10893, "wdn": -18, "wdt": 77, "wdd": 0, "wdv": 22, "tlv": "Arkansas"}