{"loc": "Bonner", "iso": "US", "l1": "United States", "l2": "Idaho", "lvl": 3, "pop": 45739, "key": 10423, "isd": true, "ppd": 35.608000000000004, "med": 38.3, "p65": 15.413, "p70": 9.732000000000001, "hos": 2.77, "exp": 78.86, "adr": 1.0, "amn": 74838.0, "amv": 1026653.0, "amd": 1006.0, "amt": 454532.0, "tmn": [21, 43, 21, 43, 0, 0, 0, 21, 0, 21, 43, 0, 0, 174, 109, 65, 131, 43, 0, 0, 65], "tmv": [2241, 4154, 4949, 1994, 3524, 1923, 0, 0, 1326, 2107, 1883, 1818, 1779, 1363, 1036, 1655, 1721, 1666, 1928, 1520, 1539], "tmd": [44, 0, 0, 0, 0, 0, 0, 0, 0, 0, 0, 0, 0, 0, 0, 0, 22, 0, 0, 0, 0], "wmn": 416, "wmt": 3182, "wmd": 22, "wmv": 11069, "wdn": 58, "wdt": 13, "wdd": 0, "wdv": 8, "tlv": "Idaho"}