{"loc": "Bonneville", "iso": "US", "l1": "United States", "l2": "Idaho", "lvl": 3, "pop": 119062, "key": 10424, "isd": true, "ppd": 35.608000000000004, "med": 38.3, "p65": 15.413, "p70": 9.732000000000001, "hos": 2.77, "exp": 78.86, "adr": 1.0, "amn": 164612.0, "amv": 1255502.0, "amd": 1781.0, "amt": 561770.0, "tmn": [1217, 495, 571, 596, 361, -25, 0, 907, 772, 713, 730, 92, -25, 621, 814, 680, 495, 739, 83, -33, 1537], "tmv": [2423, 2905, 2661, 3390, 3489, 0, 0, 0, 2411, 3257, 3418, 2659, 2485, 1614, 1945, 2278, 2491, 2890, 2710, 2395, 0], "tmd": [0, 17, 0, 9, 9, 0, 0, 26, 9, 0, 26, 0, 0, 0, 9, 9, 9, 0, 0, 0, 17], "wmn": 4318, "wmt": 6823, "wmd": 42, "wmv": 14714, "wdn": 13, "wdt": 9, "wdd": -29, "wdv": -7, "tlv": "Idaho"}