{"loc": "Bon Homme", "iso": "US", "l1": "United States", "l2": "South Dakota", "lvl": 3, "pop": 6901, "key": 10420, "isd": true, "ppd": 35.608000000000004, "med": 38.3, "p65": 15.413, "p70": 9.732000000000001, "hos": 2.77, "exp": 78.86, "adr": 2.0, "amn": 243298.0, "amv": 1341580.0, "amd": 4347.0, "amt": 1170452.0, "tmn": [434, 0, 289, 144, 0, 0, 434, 579, 289, 289, 144, 0, 0, 434, 1014, 1014, 0, 869, 0, 0, 1014], "tmv": [4456, 4611, 4549, 5061, 2356, 1255, 4023, 4168, 4272, 4405, 5092, 2672, 1421, 3738, 4100, 4188, 3596, 4102, 1618, 109, 0], "tmd": [0, 0, 0, 0, 0, 0, 0, 0, 0, 0, 0, 0, 0, 0, 0, 0, 0, 0, 0, 0, 145], "wmn": 3913, "wmt": 28606, "wmd": 145, "wmv": 17716, "wdn": 125, "wdt": 187, "wdd": 0, "wdv": -31, "tlv": "South Dakota"}