{"loc": "Boone", "iso": "US", "l1": "United States", "l2": "Kentucky", "lvl": 3, "pop": 133581, "key": 10429, "isd": true, "ppd": 35.608000000000004, "med": 38.3, "p65": 15.413, "p70": 9.732000000000001, "hos": 2.77, "exp": 78.86, "adr": 1.0, "amn": 108234.0, "amv": 1005306.0, "amd": 1108.0, "amt": 1233163.0, "tmn": [0, 44, 0, 0, 67, 29, 52, 37, 52, 0, 0, 44, 22, 104, 14, 37, 0, 0, 0, 52, 29], "tmv": [6234, 3276, 3244, 2575, 1851, 1965, 1967, 2474, 1554, 2803, 3655, 3299, 2241, 4154, 4949, 1994, 3524, 1923, 0, 0, 0], "tmd": [0, 0, 0, 0, 0, 0, 0, 0, 0, 0, 0, 0, 0, 0, 0, 0, 0, 0, 0, 8, 0], "wmn": 135, "wmt": 6214, "wmd": 8, "wmv": 12392, "wdn": -49, "wdt": -24, "wdd": 0, "wdv": -39, "tlv": "Kentucky"}