{"loc": "Bonneville", "iso": "US", "l1": "United States", "l2": "Idaho", "lvl": 3, "pop": 119062, "key": 10424, "isd": true, "ppd": 35.608000000000004, "med": 38.3, "p65": 15.413, "p70": 9.732000000000001, "hos": 2.77, "exp": 78.86, "adr": 1.0, "amn": 168685.0, "amv": 1283911.0, "amd": 1789.0, "amt": 567918.0, "tmn": [907, 772, 713, 730, 92, -25, 621, 814, 680, 495, 739, 83, -33, 1537, 1688, 596, 445, 344, 117, -41, 923], "tmv": [2626, 2552, 2575, 2955, 1399, 770, 2354, 2306, 2307, 2345, 3781, 2315, 1328, 4158, 4126, 4122, 3797, 3784, 1119, 91, 0], "tmd": [26, 9, 0, 26, 0, 0, 0, 9, 9, 9, 0, 0, 0, 17, 9, 0, 0, 0, 0, 0, -8], "wmn": 4074, "wmt": 6149, "wmd": 0, "wmv": 17042, "wdn": -6, "wdt": -10, "wdd": -100, "wdv": -8, "tlv": "Idaho"}