{"loc": "Bonneville", "iso": "US", "l1": "United States", "l2": "Idaho", "lvl": 3, "pop": 119062, "key": 10424, "isd": true, "ppd": 35.608000000000004, "med": 38.3, "p65": 15.413, "p70": 9.732000000000001, "hos": 2.77, "exp": 78.86, "adr": 1.0, "amn": 139969.0, "amv": 1154115.0, "amd": 1529.0, "amt": 509922.0, "tmn": [436, 176, 293, 293, 0, 0, 545, 655, 529, 235, 487, 0, 0, 0, 596, 982, 663, 881, 134, 25, 386], "tmv": [1966, 2813, 2807, 3250, 3257, 2889, 2103, 1988, 3241, 2538, 4249, 2950, 0, 0, 0, 2913, 2024, 2876, 2739, 2336, 0], "tmd": [0, 0, 0, 0, 0, 0, 0, 0, 0, 0, 0, 0, 0, 0, 0, 0, 9, 9, 0, 0, 0], "wmn": 3671, "wmt": 11874, "wmd": 17, "wmv": 12890, "wdn": 93, "wdt": 19, "wdd": 0, "wdv": -14, "tlv": "Idaho"}