{"loc": "Bonneville", "iso": "US", "l1": "United States", "l2": "Idaho", "lvl": 3, "pop": 119062, "key": 10424, "isd": true, "ppd": 35.608000000000004, "med": 38.3, "p65": 15.413, "p70": 9.732000000000001, "hos": 2.77, "exp": 78.86, "adr": 1.0, "amn": 184853.0, "amv": 1476857.0, "amd": 2049.0, "amt": 598517.0, "tmn": [0, 243, 117, 0, 377, 377, 663, 403, 285, 151, 0, 209, 411, 369, 251, 243, 58, 0, 243, 293, 277], "tmv": [70, 3476, 2565, 1693, 4764, 5451, 6033, 6077, 6801, 4120, 2054, 5104, 5248, 5184, 4986, 5175, 2683, 957, 367, 0, 0], "tmd": [0, 0, 0, 0, 17, 9, 9, 0, 9, 0, 0, 9, 0, 0, 26, 26, 0, 0, 9, 9, 0], "wmn": 1370, "wmt": 4265, "wmd": 68, "wmv": 14171, "wdn": -25, "wdt": -16, "wdd": 300, "wdv": -59, "tlv": "Idaho"}