{"loc": "Botetourt", "iso": "US", "l1": "United States", "l2": "Virginia", "lvl": 3, "pop": 33419, "key": 10438, "isd": true, "ppd": 35.608000000000004, "med": 38.3, "p65": 15.413, "p70": 9.732000000000001, "hos": 2.77, "exp": 78.86, "adr": 1.0, "amn": 78668.0, "amv": 1014221.0, "amd": 1137.0, "amt": 911849.0, "tmn": [29, -59, 0, 29, 29, 59, 29, 29, 59, 29, 59, 0, 119, 89, 29, -29, 119, 59, 59, 89, 59], "tmv": [1965, 1967, 2474, 1554, 2803, 3655, 3299, 2241, 4154, 4949, 1994, 3524, 1923, 0, 0, 1326, 2107, 1883, 1818, 1779, 0], "tmd": [0, 0, 0, 0, 0, 0, 0, 0, 0, 0, 0, 0, 0, 0, 0, 0, 0, 0, 0, 0, 0], "wmn": 390, "wmt": 6286, "wmd": 0, "wmv": 8916, "wdn": 0, "wdt": -7, "wdd": 0, "wdv": -53, "tlv": "Virginia"}