{"loc": "Bosnia and Herzegovina", "iso": "BA", "l1": "Bosnia and Herzegovina", "l2": "0", "lvl": 1, "pop": 3280815, "key": 10434, "isd": true, "ppd": 68.49600000000001, "med": 42.5, "p65": 16.569000000000003, "p70": 10.710999999999999, "hos": 3.5, "exp": 77.4, "adr": 5.0, "amn": 62590.0, "amv": 143324.0, "amd": 2948.0, "amt": 321508.0, "tmn": [3, 4, 0, 0, 0, 0, 0, 0, 0, 29, 0, 10, 10, 7, 8, 5, 0, 0, 8, 8, 1], "tmv": [0, 0, 0, 0, 0, 0, 0, 0, 0, 0, 0, 0, 0, 0, 0, 0, 0, 0, 0, 0, 0], "tmd": [1, 0, 0, 0, 0, 0, 0, 0, 0, -3, 0, 2, 1, 1, 1, 1, 0, 0, 1, 0, 1], "wmn": 33, "wmt": 946, "wmd": 3, "wmv": 0, "wdn": -44, "wdt": -47, "wdd": -333, "wdv": 0, "tlv": "Bosnia and Herzegovina"}