{"loc": "Boone", "iso": "US", "l1": "United States", "l2": "Missouri", "lvl": 3, "pop": 180463, "key": 10430, "isd": true, "ppd": 35.608000000000004, "med": 38.3, "p65": 15.413, "p70": 9.732000000000001, "hos": 2.77, "exp": 78.86, "adr": 1.0, "amn": 88312.0, "amv": 258018.0, "amd": 465.0, "amt": 739897.0, "tmn": [55, 22, 27, 132, 99, 116, 144, 77, 49, 49, 105, 99, 33, 27, 66, 5, 22, 22, 49, 55, 38], "tmv": [6806, 0, 0, 3221, 4419, 5606, 5173, 5466, 3298, 2593, 4349, 5491, 6616, 7139, 7375, 5050, 5255, 5793, 6168, 7391, 0], "tmd": [0, 0, 0, 0, 34, 0, 0, 0, 0, 12, 6, 0, 0, 0, 0, 0, 0, 23, 0, 0, 0], "wmn": 261, "wmt": 11120, "wmd": 23, "wmv": 37036, "wdn": -41, "wdt": -22, "wdd": 33, "wdv": 6, "tlv": "Missouri"}