{"loc": "Botetourt", "iso": "US", "l1": "United States", "l2": "Virginia", "lvl": 3, "pop": 33419, "key": 10438, "isd": true, "ppd": 35.608000000000004, "med": 38.3, "p65": 15.413, "p70": 9.732000000000001, "hos": 2.77, "exp": 78.86, "adr": 1.0, "amn": 117418.0, "amv": 1283911.0, "amd": 1496.0, "amt": 1168005.0, "tmn": [658, 359, 478, 0, 0, 1256, 269, 448, 478, 418, 0, 0, 987, 269, 359, 448, 598, 0, 0, 658, 418], "tmv": [2552, 2575, 2955, 1399, 770, 2354, 2306, 2307, 2345, 3781, 2315, 1328, 4158, 4126, 4122, 3797, 3784, 1119, 91, 0, 0], "tmd": [60, 30, 0, 0, 0, 0, 0, 0, 0, 30, 0, 0, 0, 0, 0, 0, 0, 0, 0, 90, 30], "wmn": 2484, "wmt": 14630, "wmd": 120, "wmv": 12915, "wdn": -5, "wdt": -11, "wdd": 300, "wdv": -37, "tlv": "Virginia"}