{"loc": "Boone", "iso": "US", "l1": "United States", "l2": "West Virginia", "lvl": 3, "pop": 21457, "key": 10432, "isd": true, "ppd": 35.608000000000004, "med": 38.3, "p65": 15.413, "p70": 9.732000000000001, "hos": 2.77, "exp": 78.86, "adr": 2.0, "amn": 87897.0, "amv": 647679.0, "amd": 1818.0, "amt": 1477091.0, "tmn": [186, 233, 326, 512, 559, 93, 186, 326, 419, 605, 279, 745, 233, 279, 93, 279, 279, 279, 652, 93, 139], "tmv": [8106, 10192, 12065, 12389, 10214, 6477, 4262, 8755, 10329, 12013, 14052, 10864, 8027, 7863, 7615, 10699, 12037, 10893, 10729, 6600, 5484], "tmd": [47, 0, 0, 0, 0, 0, 0, 0, 0, 0, 0, 0, 0, 0, 0, 0, 0, 0, 0, 0, 47], "wmn": 1818, "wmt": 35546, "wmd": 47, "wmv": 64060, "wdn": -37, "wdt": 4, "wdd": 0, "wdv": -11, "tlv": "West Virginia"}