{"loc": "Boone", "iso": "US", "l1": "United States", "l2": "West Virginia", "lvl": 3, "pop": 21457, "key": 10432, "isd": true, "ppd": 35.608000000000004, "med": 38.3, "p65": 15.413, "p70": 9.732000000000001, "hos": 2.77, "exp": 78.86, "adr": 1.0, "amn": 140560.0, "amv": 1179384.0, "amd": 1771.0, "amt": 2125044.0, "tmn": [1165, 1351, 1165, 745, 1025, 1211, 1071, 1304, 1957, 466, 978, 1398, 1677, 1444, 978, 885, 838, 652, 932, 885, 1584], "tmv": [2950, 0, 0, 0, 2913, 2024, 2876, 2739, 2336, 1790, 1886, 2554, 2257, 2903, 2781, 2047, 1978, 1647, 2163, 995, 2262], "tmd": [0, 0, 0, 0, 0, 0, 0, 0, 0, 47, 0, 0, 0, 0, 0, 0, 0, 0, 0, 0, 0], "wmn": 6758, "wmt": 63389, "wmd": 0, "wmv": 13878, "wdn": -27, "wdt": -8, "wdd": -100, "wdv": -16, "tlv": "West Virginia"}