{"loc": "Boone", "iso": "US", "l1": "United States", "l2": "Missouri", "lvl": 3, "pop": 180463, "key": 10430, "isd": true, "ppd": 35.608000000000004, "med": 38.3, "p65": 15.413, "p70": 9.732000000000001, "hos": 2.77, "exp": 78.86, "adr": 1.0, "amn": 99400.0, "amv": 798663.0, "amd": 515.0, "amt": 876415.0, "tmn": [132, 121, 160, 121, 60, 11, 72, 49, 94, 116, 77, 60, 16, 16, 55, 66, 55, 44, 55, 33, 38], "tmv": [7781, 9092, 10242, 10071, 9169, 6395, 4975, 6773, 8259, 8496, 10027, 6458, 3608, 3001, 5456, 7305, 8515, 7794, 7192, 5713, 4653], "tmd": [6, 0, 0, 0, 0, 0, 6, 0, 0, 0, -5, 0, 0, 12, 0, 0, 0, 0, 0, 0, 0], "wmn": 350, "wmt": 10618, "wmd": 0, "wmv": 46632, "wdn": -19, "wdt": -19, "wdd": -100, "wdv": 0, "tlv": "Missouri"}