{"loc": "Boulder", "iso": "US", "l1": "United States", "l2": "Colorado", "lvl": 3, "pop": 326196, "key": 10442, "isd": true, "ppd": 35.608000000000004, "med": 38.3, "p65": 15.413, "p70": 9.732000000000001, "hos": 2.77, "exp": 78.86, "adr": 1.0, "amn": 90565.0, "amv": 1219607.0, "amd": 760.0, "amt": 1992168.0, "tmn": [159, 208, 266, 0, 0, 585, 171, 156, 248, 214, 0, 0, 744, 309, 91, 349, 398, 0, 0, 674, 232], "tmv": [2163, 995, 2262, 2445, 2251, 1671, 0, 0, 2784, 2570, 2833, 3777, 2988, 2423, 2905, 2661, 3390, 3489, 0, 0, 0], "tmd": [0, 0, 0, 0, 0, 0, 0, 4, 0, 0, 0, 0, 0, 4, 4, 0, 0, 0, 0, 7, 0], "wmn": 1748, "wmt": 37652, "wmd": 10, "wmv": 12448, "wdn": 4, "wdt": 5, "wdd": 50, "wdv": -28, "tlv": "Colorado"}