{"loc": "Boundary", "iso": "US", "l1": "United States", "l2": "Idaho", "lvl": 3, "pop": 12245, "key": 10443, "isd": true, "ppd": 35.608000000000004, "med": 38.3, "p65": 15.413, "p70": 9.732000000000001, "hos": 2.77, "exp": 78.86, "adr": 2.0, "amn": 126011.0, "amv": 1283911.0, "amd": 2532.0, "amt": 568464.0, "tmn": [1224, 653, 489, 571, 81, 734, 1633, 1633, 3838, 2531, 734, -81, 1224, 1469, 1551, 81, 571, 408, 0, 1224, 244], "tmv": [2552, 2575, 2955, 1399, 770, 2354, 2306, 2307, 2345, 3781, 2315, 1328, 4158, 4126, 4122, 3797, 3784, 1119, 91, 0, 0], "tmd": [0, 0, 82, 0, 0, 82, 164, 82, 0, 164, 0, 0, 82, 0, 0, 0, 0, 0, 0, 0, 0], "wmn": 4084, "wmt": 6123, "wmd": 0, "wmv": 12915, "wdn": -64, "wdt": -10, "wdd": -100, "wdv": -37, "tlv": "Idaho"}