{"loc": "Bowie", "iso": "US", "l1": "United States", "l2": "Texas", "lvl": 3, "pop": 93245, "key": 10446, "isd": true, "ppd": 35.608000000000004, "med": 38.3, "p65": 15.413, "p70": 9.732000000000001, "hos": 2.77, "exp": 78.86, "adr": 2.0, "amn": 124028.0, "amv": 1160346.0, "amd": 2842.0, "amt": 1087559.0, "tmn": [1158, 579, 1308, 0, 1104, 1715, 975, 1812, 1651, 933, 750, 697, 1426, 1372, 546, 1512, 0, 0, 2219, 1158, 793], "tmv": [3250, 3257, 2889, 2103, 1988, 3241, 2538, 4249, 2950, 0, 0, 0, 2913, 2024, 2876, 2739, 2336, 1790, 1886, 2554, 0], "tmd": [11, 22, 11, 0, 0, 22, 0, 0, 11, 0, 0, 33, 33, 11, 22, 11, 22, 0, 11, 54, 0], "wmn": 6231, "wmt": 28705, "wmd": 118, "wmv": 14183, "wdn": -28, "wdt": -3, "wdd": 38, "wdv": 17, "tlv": "Texas"}