{"loc": "Bradley", "iso": "US", "l1": "United States", "l2": "Arkansas", "lvl": 3, "pop": 10763, "key": 10456, "isd": true, "ppd": 35.608000000000004, "med": 38.3, "p65": 15.413, "p70": 9.732000000000001, "hos": 2.77, "exp": 78.86, "adr": 2.0, "amn": 122828.0, "amv": 228357.0, "amd": 2880.0, "amt": 893327.0, "tmn": [464, 1022, 650, 92, 0, 185, 0, 0, 0, 185, 0, 0, 0, 0, 92, 278, 0, 185, 0, 0, -92], "tmv": [3662, 2393, 4746, 4917, 6132, 6772, 6806, 0, 0, 3221, 4419, 5606, 5173, 5466, 3298, 2593, 4349, 5491, 6616, 7139, 7375], "tmd": [0, 93, 0, 0, 0, 93, 0, 0, 0, 0, 0, 0, 0, 0, 0, 0, 0, 0, 0, 0, -92], "wmn": 465, "wmt": 30905, "wmd": -92, "wmv": 36864, "wdn": 150, "wdt": 415, "wdd": 0, "wdv": 54, "tlv": "Arkansas"}