{"loc": "Branch", "iso": "US", "l1": "United States", "l2": "Michigan", "lvl": 3, "pop": 43517, "key": 10458, "isd": true, "ppd": 35.608000000000004, "med": 38.3, "p65": 15.413, "p70": 9.732000000000001, "hos": 2.77, "exp": 78.86, "adr": 2.0, "amn": 87667.0, "amv": 306945.0, "amd": 1999.0, "amt": 1083783.0, "tmn": [0, 114, 160, 91, 160, 137, 45, 0, 0, 45, 68, 91, 183, 91, 0, 160, 68, 275, 91, 229, 91], "tmv": [5466, 3298, 2593, 4349, 5491, 6616, 7139, 7375, 5050, 5255, 5793, 6168, 7391, 8814, 7404, 5275, 4864, 6157, 7535, 8875, 0], "tmd": [0, 0, 0, 0, 0, 0, 0, 0, 0, 0, 0, 0, 0, 23, 0, 0, 0, 0, 0, 0, 0], "wmn": 920, "wmt": 23917, "wmd": 0, "wmv": 40113, "wdn": 90, "wdt": -19, "wdd": -100, "wdv": -13, "tlv": "Michigan"}