{"loc": "Boyle", "iso": "US", "l1": "United States", "l2": "Kentucky", "lvl": 3, "pop": 30060, "key": 10452, "isd": true, "ppd": 35.608000000000004, "med": 38.3, "p65": 15.413, "p70": 9.732000000000001, "hos": 2.77, "exp": 78.86, "adr": 2.0, "amn": 158051.0, "amv": 1157792.0, "amd": 2661.0, "amt": 1465611.0, "tmn": [1297, 1264, 0, 0, 3426, 1929, 1430, 432, 1729, 0, 0, 0, 3260, 964, 1430, 1630, 0, 0, 2361, 1297, 864], "tmv": [2807, 3250, 3257, 2889, 2103, 1988, 3241, 2538, 4249, 2950, 0, 0, 0, 2913, 2024, 2876, 2739, 2336, 1790, 1886, 0], "tmd": [0, 0, 0, 0, 0, 0, 0, 0, 0, 0, 0, 0, 0, 0, 0, 0, 0, 0, 0, 0, 0], "wmn": 7585, "wmt": 53738, "wmd": 0, "wmv": 13653, "wdn": 19, "wdt": 137, "wdd": 0, "wdv": 8, "tlv": "Kentucky"}