{"loc": "Brazoria", "iso": "US", "l1": "United States", "l2": "Texas", "lvl": 3, "pop": 374264, "key": 10463, "isd": true, "ppd": 35.608000000000004, "med": 38.3, "p65": 15.413, "p70": 9.732000000000001, "hos": 2.77, "exp": 78.86, "adr": 1.0, "amn": 150052.0, "amv": 1170335.0, "amd": 1884.0, "amt": 1102062.0, "tmn": [53, 1734, 2140, 873, 0, 0, 0, 3807, 1557, 841, 1132, 0, 0, -16, 0, 2014, 1627, 545, 0, 0, 729], "tmv": [1988, 3241, 2538, 4249, 2950, 0, 0, 0, 2913, 2024, 2876, 2739, 2336, 1790, 1886, 2554, 2257, 2903, 2781, 2047, 0], "tmd": [17, 22, 25, 22, 9, 6, 0, 0, 14, 22, 22, 19, 3, 6, 3, 17, 17, 22, 9, 3, 0], "wmn": 4917, "wmt": 26552, "wmd": 67, "wmv": 14431, "wdn": -33, "wdt": -14, "wdd": -19, "wdv": -2, "tlv": "Texas"}