{"loc": "Brazoria", "iso": "US", "l1": "United States", "l2": "Texas", "lvl": 3, "pop": 374264, "key": 10463, "isd": true, "ppd": 35.608000000000004, "med": 38.3, "p65": 15.413, "p70": 9.732000000000001, "hos": 2.77, "exp": 78.86, "adr": 1.0, "amn": 107117.0, "amv": 1038686.0, "amd": 1446.0, "amt": 915694.0, "tmn": [0, 82, 269, 128, 106, 0, 0, 211, 88, 459, 403, 283, 0, 0, 259, 138, 366, 411, 149, 0, 0], "tmv": [0, 1326, 2107, 1883, 1818, 1779, 1363, 1036, 1655, 1721, 1666, 1928, 1520, 1539, 740, 1856, 2005, 1821, 2051, 2364, 1193], "tmd": [0, 0, 0, 0, 0, 0, 0, 6, 0, 0, 0, 3, 0, 0, 3, 0, 0, 0, 3, 3, 0], "wmn": 1326, "wmt": 11611, "wmd": 9, "wmv": 12034, "wdn": -8, "wdt": 18, "wdd": 0, "wdv": 9, "tlv": "Texas"}