{"loc": "Braxton", "iso": "US", "l1": "United States", "l2": "West Virginia", "lvl": 3, "pop": 13957, "key": 10461, "isd": true, "ppd": 35.608000000000004, "med": 38.3, "p65": 15.413, "p70": 9.732000000000001, "hos": 2.77, "exp": 78.86, "adr": 0.0, "amn": 62478.0, "amv": 647679.0, "amd": 215.0, "amt": 1477091.0, "tmn": [71, 0, 143, 143, 0, 71, -71, 71, 143, 143, 143, 214, 71, 286, 0, 214, 0, 71, 0, 429, 358], "tmv": [8106, 10192, 12065, 12389, 10214, 6477, 4262, 8755, 10329, 12013, 14052, 10864, 8027, 7863, 7615, 10699, 12037, 10893, 10729, 6600, 5484], "tmd": [72, 0, 0, 0, 0, 0, 0, 0, 0, 0, 0, 0, 0, 0, 0, 72, 0, 0, 0, 0, 0], "wmn": 1075, "wmt": 35546, "wmd": 72, "wmv": 64060, "wdn": 0, "wdt": 4, "wdd": 0, "wdv": -11, "tlv": "West Virginia"}