{"loc": "Brantley", "iso": "US", "l1": "United States", "l2": "Georgia", "lvl": 3, "pop": 19109, "key": 10460, "isd": true, "ppd": 35.608000000000004, "med": 38.3, "p65": 15.413, "p70": 9.732000000000001, "hos": 2.77, "exp": 78.86, "adr": 2.0, "amn": 117484.0, "amv": 1091533.0, "amd": 2303.0, "amt": 937664.0, "tmn": [784, 0, 0, 1412, 1936, 1203, 1622, 1360, 0, 0, 1936, 1203, 784, 1098, 1622, 0, 0, 3558, 1622, 2145, 2564], "tmv": [2600, 2160, 2477, 1419, 1374, 2201, 2622, 2492, 2548, 2348, 1615, 1875, 1986, 1986, 2786, 3007, 2017, 2605, 1830, 2139, 3106], "tmd": [0, 0, 0, 0, 0, 0, 53, 0, 0, 0, 0, 0, 0, 0, 0, 0, 0, 0, 0, 0, 105], "wmn": 11513, "wmt": 19298, "wmd": 105, "wmv": 17494, "wdn": 80, "wdt": 17, "wdd": 0, "wdv": 18, "tlv": "Georgia"}