{"loc": "Brazoria", "iso": "US", "l1": "United States", "l2": "Texas", "lvl": 3, "pop": 374264, "key": 10463, "isd": true, "ppd": 35.608000000000004, "med": 38.3, "p65": 15.413, "p70": 9.732000000000001, "hos": 2.77, "exp": 78.86, "adr": 1.0, "amn": 106967.0, "amv": 1031255.0, "amd": 1440.0, "amt": 910252.0, "tmn": [72, -5, 0, 0, 82, 269, 128, 106, 0, 0, 211, 88, 459, 403, 283, 0, 0, 259, 138, 366, 411], "tmv": [3524, 1923, 0, 0, 1326, 2107, 1883, 1818, 1779, 1363, 1036, 1655, 1721, 1666, 1928, 1520, 1539, 740, 1856, 2005, 0], "tmd": [3, 0, 0, 0, 0, 0, 0, 0, 0, 0, 6, 0, 0, 0, 3, 0, 0, 3, 0, 0, 0], "wmn": 1459, "wmt": 11158, "wmd": 6, "wmv": 9591, "wdn": 15, "wdt": 41, "wdd": 0, "wdv": -13, "tlv": "Texas"}