{"loc": "Breathitt", "iso": "US", "l1": "United States", "l2": "Kentucky", "lvl": 3, "pop": 12630, "key": 10465, "isd": true, "ppd": 35.608000000000004, "med": 38.3, "p65": 15.413, "p70": 9.732000000000001, "hos": 2.77, "exp": 78.86, "adr": 1.0, "amn": 140143.0, "amv": 1170335.0, "amd": 1267.0, "amt": 1484543.0, "tmn": [1583, 2771, 2692, 1900, 0, 0, 0, 5146, 1979, 1346, 2375, 0, 0, 3008, 1266, 2137, 950, 1583, 0, 0, 2137], "tmv": [1988, 3241, 2538, 4249, 2950, 0, 0, 0, 2913, 2024, 2876, 2739, 2336, 1790, 1886, 2554, 2257, 2903, 2781, 2047, 0], "tmd": [0, 0, 0, 0, 0, 0, 0, 0, 80, 0, 0, 0, 0, 0, 0, 159, 0, 0, 0, 0, 0], "wmn": 8077, "wmt": 38142, "wmd": 159, "wmv": 14431, "wdn": -42, "wdt": 10, "wdd": 100, "wdv": -2, "tlv": "Kentucky"}