{"loc": "Brantley", "iso": "US", "l1": "United States", "l2": "Georgia", "lvl": 3, "pop": 19109, "key": 10460, "isd": true, "ppd": 35.608000000000004, "med": 38.3, "p65": 15.413, "p70": 9.732000000000001, "hos": 2.77, "exp": 78.86, "adr": 2.0, "amn": 156837.0, "amv": 1176126.0, "amd": 3559.0, "amt": 1063199.0, "tmn": [1883, 0, 0, 0, 2825, 523, 627, 732, 0, 0, 1569, 575, 784, 313, 209, 0, 0, 1046, 627, 889, 470], "tmv": [4249, 2950, 0, 0, 0, 2913, 2024, 2876, 2739, 2336, 1790, 1886, 2554, 2257, 2903, 2781, 2047, 1978, 1647, 2163, 0], "tmd": [53, 0, 0, 0, 53, 53, 0, 53, 0, 0, 0, 157, 53, 53, 53, 0, 0, 0, 0, 157, 105], "wmn": 3245, "wmt": 20512, "wmd": 314, "wmv": 13523, "wdn": -18, "wdt": -14, "wdd": 0, "wdv": -18, "tlv": "Georgia"}