{"loc": "Brevard", "iso": "US", "l1": "United States", "l2": "Florida", "lvl": 3, "pop": 601942, "key": 10469, "isd": true, "ppd": 35.608000000000004, "med": 38.3, "p65": 15.413, "p70": 9.732000000000001, "hos": 2.77, "exp": 78.86, "adr": 2.0, "amn": 69959.0, "amv": 814768.0, "amd": 1464.0, "amt": 1088944.0, "tmn": [287, 227, 181, 176, 202, 199, 205, 227, 129, 106, 112, 164, 154, 169, 152, 111, 104, 122, 152, 186, 109], "tmv": [10071, 9169, 6395, 4975, 6773, 8259, 8496, 10027, 6458, 3608, 3001, 5456, 7305, 8515, 7794, 7192, 5713, 4653, 4699, 5814, 5591], "tmd": [5, 0, 2, 2, 7, 2, 4, 0, 2, 0, 7, 0, 0, 14, 0, 4, -1, 4, 4, 0, 4], "wmn": 941, "wmt": 17344, "wmd": 12, "wmv": 41459, "wdn": -12, "wdt": -6, "wdd": -46, "wdv": -7, "tlv": "Florida"}