{"loc": "Braxton", "iso": "US", "l1": "United States", "l2": "West Virginia", "lvl": 3, "pop": 13957, "key": 10461, "isd": true, "ppd": 35.608000000000004, "med": 38.3, "p65": 15.413, "p70": 9.732000000000001, "hos": 2.77, "exp": 78.86, "adr": 1.0, "amn": 98302.0, "amv": 1141226.0, "amd": 716.0, "amt": 1976404.0, "tmn": [429, 1504, 0, 0, 501, 143, 429, 1934, 1074, 1003, 931, 1146, 716, 501, 1934, 1074, 2077, 1074, 859, 1146, 573], "tmv": [3106, 3068, 3187, 2953, 1851, 1966, 2813, 2807, 3250, 3257, 2889, 2103, 1988, 3241, 2538, 4249, 2950, 0, 0, 0, 0], "tmd": [0, 0, 0, 0, 0, 0, 0, 0, 0, 0, 0, 72, 0, 0, 72, 72, 0, 0, 144, 0, 72], "wmn": 8742, "wmt": 58958, "wmd": 359, "wmv": 9740, "wdn": 20, "wdt": 16, "wdd": 400, "wdv": -50, "tlv": "West Virginia"}