{"loc": "Bristol", "iso": "US", "l1": "United States", "l2": "Rhode Island", "lvl": 3, "pop": 48479, "key": 10475, "isd": true, "ppd": 35.608000000000004, "med": 38.3, "p65": 15.413, "p70": 9.732000000000001, "hos": 2.77, "exp": 78.86, "adr": 3.0, "amn": 97403.0, "amv": 556863.0, "amd": 2888.0, "amt": 3473859.0, "tmn": [0, 0, 0, 1815, 0, 0, 0, 0, 0, 0, 2042, 0, 0, 0, 0, 0, 0, 2702, 0, 0, 0], "tmv": [9226, 6156, 5181, 6849, 8594, 10257, 10611, 9961, 7133, 5431, 8106, 10192, 12065, 12389, 10214, 6477, 4262, 8755, 10329, 12013, 14052], "tmd": [0, 0, 0, 21, 0, 0, 0, 0, 0, 0, 0, 0, 0, 0, 0, 0, 0, 0, 0, 0, 0], "wmn": 2703, "wmt": 108683, "wmd": 0, "wmv": 66105, "wdn": 32, "wdt": -9, "wdd": 0, "wdv": 1, "tlv": "Rhode Island"}