{"loc": "Bristol", "iso": "US", "l1": "United States", "l2": "Massachusetts", "lvl": 3, "pop": 565217, "key": 10474, "isd": true, "ppd": 35.608000000000004, "med": 38.3, "p65": 15.413, "p70": 9.732000000000001, "hos": 2.77, "exp": 78.86, "adr": 3.0, "amn": 115074.0, "amv": 749030.0, "amd": 3013.0, "amt": 3120779.0, "tmn": [245, 470, 348, 362, 336, 260, 235, 178, 261, 295, 228, 281, 210, 120, 205, 291, 182, 233, 251, 166, 100], "tmv": [7863, 7615, 10699, 12037, 10893, 10729, 6600, 5484, 7781, 9092, 10242, 10071, 9169, 6395, 4975, 6773, 8259, 8496, 10027, 6458, 3608], "tmd": [6, 4, 0, 4, 2, 0, 6, 0, 0, 13, 8, 4, 2, 6, 4, 4, 9, 8, 0, 2, 4], "wmn": 1432, "wmt": 77665, "wmd": 29, "wmv": 48600, "wdn": -9, "wdt": -1, "wdd": -6, "wdv": -17, "tlv": "Massachusetts"}