{"loc": "British Virgin Islands", "iso": "VG", "l1": "United Kingdom", "l2": "British Virgin Islands", "lvl": 2, "pop": 30237, "key": 10478, "isd": true, "ppd": 272.89799999999997, "med": 40.8, "p65": 18.517, "p70": 12.527000000000001, "hos": 2.54, "exp": 81.32, "adr": 1.0, "amn": 6416.0, "amv": 709101.0, "amd": 33.0, "amt": 2181259.0, "tmn": [0, 0, 0, 0, 0, 0, 0, 297, 0, 0, 0, 0, 231, 0, 0, 0, 0, 0, 0, 0, 0], "tmv": [8205, 8637, 3813, 3846, 5727, 6799, 8064, 9357, 9414, 4484, 5500, 6741, 7876, 8279, 8850, 10258, 5015, 5824, 7300, 8794, 0], "tmd": [0, 0, 0, 0, 0, 0, 0, 0, 0, 0, 0, 0, 0, 0, 0, 0, 0, 0, 0, 0, 0], "wmn": 0, "wmt": 39823, "wmd": 0, "wmv": 46044, "wdn": -100, "wdt": -62, "wdd": 0, "wdv": -11, "tlv": "United Kingdom"}