{"loc": "Bristol", "iso": "US", "l1": "United States", "l2": "Massachusetts", "lvl": 3, "pop": 565217, "key": 10474, "isd": true, "ppd": 35.608000000000004, "med": 38.3, "p65": 15.413, "p70": 9.732000000000001, "hos": 2.77, "exp": 78.86, "adr": 2.0, "amn": 142405.0, "amv": 1250395.0, "amd": 3301.0, "amt": 4419631.0, "tmn": [0, 679, 323, 352, 336, 291, 0, 0, 0, 969, 350, 245, 253, 0, 0, 507, 398, 302, 208, 210, 0], "tmv": [3777, 2988, 2423, 2905, 2661, 3390, 3489, 0, 0, 0, 2411, 3257, 3418, 2659, 2485, 1614, 1945, 2278, 2491, 2890, 0], "tmd": [0, 2, 9, 0, 8, 2, 0, 0, 0, 9, 2, 0, 2, 0, 0, 2, 9, 4, 6, 4, 0], "wmn": 1628, "wmt": 83670, "wmd": 24, "wmv": 13708, "wdn": -11, "wdt": 9, "wdd": 86, "wdv": 17, "tlv": "Massachusetts"}