{"loc": "Broadwater", "iso": "US", "l1": "United States", "l2": "Montana", "lvl": 3, "pop": 6237, "key": 10479, "isd": true, "ppd": 35.608000000000004, "med": 38.3, "p65": 15.413, "p70": 9.732000000000001, "hos": 2.77, "exp": 78.86, "adr": 2.0, "amn": 146705.0, "amv": 1354464.0, "amd": 2726.0, "amt": 2014332.0, "tmn": [0, 0, 481, 2565, 320, 1282, 481, 0, 0, 481, 1282, 641, 0, 1122, 0, 0, 1282, 801, 481, 320, 641], "tmv": [2361, 1265, 4095, 4257, 4381, 4544, 5255, 2753, 1460, 3910, 4355, 4594, 4119, 5128, 2996, 1521, 3915, 2663, 347, 0, 0], "tmd": [0, 0, 0, 0, 0, 0, 0, 0, 0, 0, 0, 0, 0, 0, 0, 0, 0, 0, 0, 0, 0], "wmn": 3528, "wmt": 40546, "wmd": 0, "wmv": 11446, "wdn": 0, "wdt": 36, "wdd": 0, "wdv": -57, "tlv": "Montana"}