{"loc": "Bristol", "iso": "US", "l1": "United States", "l2": "Massachusetts", "lvl": 3, "pop": 565217, "key": 10474, "isd": true, "ppd": 35.608000000000004, "med": 38.3, "p65": 15.413, "p70": 9.732000000000001, "hos": 2.77, "exp": 78.86, "adr": 2.0, "amn": 141986.0, "amv": 1242734.0, "amd": 3293.0, "amt": 4377869.0, "tmn": [330, 343, 0, 0, 679, 323, 352, 336, 291, 0, 0, 0, 969, 350, 245, 253, 0, 0, 507, 398, 302], "tmv": [2784, 2570, 2833, 3777, 2988, 2423, 2905, 2661, 3390, 3489, 0, 0, 0, 2411, 3257, 3418, 2659, 2485, 1614, 1945, 0], "tmd": [6, 9, 0, 0, 2, 9, 0, 8, 2, 0, 0, 0, 9, 2, 0, 2, 0, 0, 2, 9, 4], "wmn": 1708, "wmt": 84175, "wmd": 16, "wmv": 15382, "wdn": -12, "wdt": 4, "wdd": -18, "wdv": 29, "tlv": "Massachusetts"}