{"loc": "Brewster", "iso": "US", "l1": "United States", "l2": "Texas", "lvl": 3, "pop": 9203, "key": 10470, "isd": true, "ppd": 35.608000000000004, "med": 38.3, "p65": 15.413, "p70": 9.732000000000001, "hos": 2.77, "exp": 78.86, "adr": 1.0, "amn": 97142.0, "amv": 359108.0, "amd": 1304.0, "amt": 707925.0, "tmn": [108, -108, 0, 108, 1412, -325, 108, 0, 217, 0, 0, 217, -325, -108, 325, -108, 108, 0, 0, 0, 325], "tmv": [7139, 7375, 5050, 5255, 5793, 6168, 7391, 8814, 7404, 5275, 4864, 6157, 7535, 8875, 13887, 4118, 6135, 5026, 6980, 8171, 7842], "tmd": [0, 0, 0, 109, 0, 0, 109, 0, 0, 0, 0, 0, 0, 0, 0, 0, 0, 0, 0, 0, 0], "wmn": 652, "wmt": 12337, "wmd": 0, "wmv": 52163, "wdn": 0, "wdt": 2, "wdd": 0, "wdv": 7, "tlv": "Texas"}