{"loc": "Brewster", "iso": "US", "l1": "United States", "l2": "Texas", "lvl": 3, "pop": 9203, "key": 10470, "isd": true, "ppd": 35.608000000000004, "med": 38.3, "p65": 15.413, "p70": 9.732000000000001, "hos": 2.77, "exp": 78.86, "adr": 1.0, "amn": 95404.0, "amv": 197386.0, "amd": 1087.0, "amt": 665747.0, "tmn": [977, 325, 434, 434, 108, 0, 651, 217, 217, 651, 108, 434, 0, -543, 0, 108, 0, 0, 0, 0, 217], "tmv": [4023, 4903, 6734, 6595, 3662, 2393, 4746, 4917, 6132, 6772, 6806, 0, 0, 3221, 4419, 5606, 5173, 5466, 3298, 2593, 0], "tmd": [218, 0, 0, 0, 0, 0, 0, 0, 0, 0, 0, 0, 0, 0, 0, 0, 0, 0, 0, 0, 0], "wmn": 326, "wmt": 17009, "wmd": 0, "wmv": 26559, "wdn": -70, "wdt": 25, "wdd": 0, "wdv": -5, "tlv": "Texas"}