{"loc": "Brooke", "iso": "US", "l1": "United States", "l2": "West Virginia", "lvl": 3, "pop": 21939, "key": 10481, "isd": true, "ppd": 35.608000000000004, "med": 38.3, "p65": 15.413, "p70": 9.732000000000001, "hos": 2.77, "exp": 78.86, "adr": 3.0, "amn": 92940.0, "amv": 306945.0, "amd": 2553.0, "amt": 1287460.0, "tmn": [136, 136, 273, 319, 0, 0, 45, 45, 0, 45, 136, 45, 227, 91, 455, 91, 0, 45, 45, 0, 91], "tmv": [5466, 3298, 2593, 4349, 5491, 6616, 7139, 7375, 5050, 5255, 5793, 6168, 7391, 8814, 7404, 5275, 4864, 6157, 7535, 8875, 0], "tmd": [0, 0, 0, 0, 46, 0, 0, 0, 0, 0, 0, 0, 0, 0, 0, 0, 0, 0, 0, 274, -45], "wmn": 730, "wmt": 49566, "wmd": 228, "wmv": 40113, "wdn": 23, "wdt": 269, "wdd": 0, "wdv": -13, "tlv": "West Virginia"}