{"loc": "Bronx", "iso": "US", "l1": "United States", "l2": "New York", "lvl": 3, "pop": 1418207, "key": 10480, "isd": true, "ppd": 35.608000000000004, "med": 38.3, "p65": 15.413, "p70": 9.732000000000001, "hos": 2.77, "exp": 78.86, "adr": 4.0, "amn": 131168.0, "amv": 1039887.0, "amd": 4652.0, "amt": 3123257.0, "tmn": [19, 59, 47, 40, 49, 43, 47, 35, 54, 16, 98, 56, 63, 68, 40, 99, 102, 109, 101, 84, 89], "tmv": [1326, 2107, 1883, 1818, 1779, 1363, 1036, 1655, 1721, 1666, 1928, 1520, 1539, 740, 1856, 2005, 1821, 2051, 2364, 1193, 1200], "tmd": [0, 0, -1, 3, 2, 0, 0, 1, 1, 0, 2, 1, 0, 0, 2, 2, 1, 0, 1, -1, 0], "wmn": 629, "wmt": 30471, "wmd": 3, "wmv": 12494, "wdn": 60, "wdt": 15, "wdd": 0, "wdv": 16, "tlv": "New York"}