{"loc": "Broomfield", "iso": "US", "l1": "United States", "l2": "Colorado", "lvl": 3, "pop": 70465, "key": 10486, "isd": true, "ppd": 35.608000000000004, "med": 38.3, "p65": 15.413, "p70": 9.732000000000001, "hos": 2.77, "exp": 78.86, "adr": 2.0, "amn": 70517.0, "amv": 959275.0, "amd": 1093.0, "amt": 1544191.0, "tmn": [0, 14, 113, 85, 85, 156, 99, 28, 42, 70, 0, 56, 141, 113, 42, 28, 14, 85, 99, 42, 28], "tmv": [3714, 0, 0, 1543, 2452, 4248, 3485, 4157, 3682, 3252, 2518, 2835, 2495, 4865, 3672, 4016, 3766, 3121, 6234, 3276, 0], "tmd": [0, 0, 0, 15, 0, 0, 0, 0, 0, 0, 0, 15, 0, 0, 0, 0, 0, 0, 0, 0, 0], "wmn": 341, "wmt": 17197, "wmd": 0, "wmv": 24088, "wdn": -25, "wdt": -20, "wdd": -100, "wdv": 1, "tlv": "Colorado"}