{"loc": "Bronx", "iso": "US", "l1": "United States", "l2": "New York", "lvl": 3, "pop": 1418207, "key": 10480, "isd": true, "ppd": 35.608000000000004, "med": 38.3, "p65": 15.413, "p70": 9.732000000000001, "hos": 2.77, "exp": 78.86, "adr": 4.0, "amn": 130352.0, "amv": 1023593.0, "amd": 4647.0, "amt": 3081042.0, "tmn": [16, 13, 11, 11, 26, 23, 20, 14, 17, 17, 19, 59, 47, 40, 49, 43, 47, 35, 54, 16, 98], "tmv": [3655, 3299, 2241, 4154, 4949, 1994, 3524, 1923, 0, 0, 1326, 2107, 1883, 1818, 1779, 1363, 1036, 1655, 1721, 1666, 1928], "tmd": [2, 1, 0, 0, 0, 0, 1, 1, 0, 2, 0, 0, -1, 3, 2, 0, 0, 1, 1, 0, 2], "wmn": 346, "wmt": 24890, "wmd": 5, "wmv": 11152, "wdn": 60, "wdt": 4, "wdd": 200, "wdv": 23, "tlv": "New York"}