{"loc": "Brooks", "iso": "US", "l1": "United States", "l2": "Georgia", "lvl": 3, "pop": 15457, "key": 10483, "isd": true, "ppd": 35.608000000000004, "med": 38.3, "p65": 15.413, "p70": 9.732000000000001, "hos": 2.77, "exp": 78.86, "adr": 3.0, "amn": 154946.0, "amv": 1216117.0, "amd": 4205.0, "amt": 1116337.0, "tmn": [0, 711, 194, 323, 129, 64, 0, 0, 646, 323, 194, 194, 129, 0, 0, 452, 258, 64, 194, 194, 0], "tmv": [2047, 1978, 1647, 2163, 995, 2262, 2445, 2251, 1671, 0, 0, 2784, 2570, 2833, 3777, 2988, 2423, 2905, 2661, 3390, 0], "tmd": [0, 65, 65, 65, 0, 0, 0, 0, 65, 65, 0, 0, 65, 0, 0, 0, 65, 65, 0, 0, 0], "wmn": 1165, "wmt": 22988, "wmd": 130, "wmv": 18148, "wdn": -22, "wdt": 2, "wdd": -33, "wdv": 50, "tlv": "Georgia"}