{"loc": "Broomfield", "iso": "US", "l1": "United States", "l2": "Colorado", "lvl": 3, "pop": 70465, "key": 10486, "isd": true, "ppd": 35.608000000000004, "med": 38.3, "p65": 15.413, "p70": 9.732000000000001, "hos": 2.77, "exp": 78.86, "adr": 1.0, "amn": 81856.0, "amv": 1141226.0, "amd": 1093.0, "amt": 1805932.0, "tmn": [298, 212, 0, 0, 766, 85, 269, 227, 198, 0, 0, 439, 340, 383, 255, 241, 0, 0, 823, 141, 269], "tmv": [3106, 3068, 3187, 2953, 1851, 1966, 2813, 2807, 3250, 3257, 2889, 2103, 1988, 3241, 2538, 4249, 2950, 0, 0, 0, 0], "tmd": [0, 0, 0, 0, 0, 0, 0, -14, 0, 0, 0, 0, 0, 15, 0, 0, 0, 0, 0, 0, 0], "wmn": 1732, "wmt": 40557, "wmd": 0, "wmv": 9740, "wdn": 9, "wdt": 22, "wdd": 0, "wdv": -50, "tlv": "Colorado"}