{"loc": "Broward", "iso": "US", "l1": "United States", "l2": "Florida", "lvl": 3, "pop": 1952778, "key": 10487, "isd": true, "ppd": 35.608000000000004, "med": 38.3, "p65": 15.413, "p70": 9.732000000000001, "hos": 2.77, "exp": 78.86, "adr": 1.0, "amn": 127424.0, "amv": 991062.0, "amd": 1577.0, "amt": 1133055.0, "tmn": [622, 0, 0, 0, 0, 0, 0, 499, 0, 0, 0, 0, 0, 0, 556, 0, 0, 0, 0, 0, 0], "tmv": [2495, 4865, 3672, 4016, 3766, 3121, 6234, 3276, 3244, 2575, 1851, 1965, 1967, 2474, 1554, 2803, 3655, 3299, 2241, 4154, 0], "tmd": [0, 0, 0, 0, 0, 0, 0, 0, 0, 0, 0, 0, 0, 0, 0, 0, 0, 0, 0, 0, 0], "wmn": 557, "wmt": 0, "wmd": 0, "wmv": 17709, "wdn": 11, "wdt": 0, "wdd": 0, "wdv": 2, "tlv": "Florida"}