{"loc": "Brooke", "iso": "US", "l1": "United States", "l2": "West Virginia", "lvl": 3, "pop": 21939, "key": 10481, "isd": true, "ppd": 35.608000000000004, "med": 38.3, "p65": 15.413, "p70": 9.732000000000001, "hos": 2.77, "exp": 78.86, "adr": 3.0, "amn": 98272.0, "amv": 720439.0, "amd": 2826.0, "amt": 1522515.0, "tmn": [0, 273, 136, 136, 227, 410, 182, 410, 45, 136, 45, 91, 91, 91, 273, 45, 136, 91, 136, 410, 182], "tmv": [12013, 14052, 10864, 8027, 7863, 7615, 10699, 12037, 10893, 10729, 6600, 5484, 7781, 9092, 10242, 10071, 9169, 6395, 4975, 6773, 8259], "tmd": [46, -45, 0, 0, 0, 0, 46, 0, 0, 0, 0, 0, 0, 0, 0, 0, 0, 0, -136, 0, 0], "wmn": 1277, "wmt": 35089, "wmd": -136, "wmv": 55887, "wdn": 40, "wdt": -1, "wdd": 0, "wdv": -11, "tlv": "West Virginia"}