{"loc": "Broome", "iso": "US", "l1": "United States", "l2": "New York", "lvl": 3, "pop": 190488, "key": 10485, "isd": true, "ppd": 35.608000000000004, "med": 38.3, "p65": 15.413, "p70": 9.732000000000001, "hos": 2.77, "exp": 78.86, "adr": 2.0, "amn": 87911.0, "amv": 490759.0, "amd": 1811.0, "amt": 2335482.0, "tmn": [204, 104, 157, 288, 257, 204, 304, 241, 225, 199, 225, 215, 241, 272, 246, 272, 199, 241, 388, 236, 267], "tmv": [4118, 6135, 5026, 6980, 8171, 7842, 9493, 9226, 6156, 5181, 6849, 8594, 10257, 10611, 9961, 7133, 5431, 8106, 10192, 12065, 12389], "tmd": [0, 0, 0, 0, 0, 0, 0, 6, 0, 0, 0, 0, 0, 6, 0, 0, 0, 0, 6, 0, 6], "wmn": 1854, "wmt": 81263, "wmd": 11, "wmv": 65281, "wdn": 14, "wdt": 1, "wdd": 0, "wdv": 15, "tlv": "New York"}