{"loc": "Brunswick", "iso": "US", "l1": "United States", "l2": "North Carolina", "lvl": 3, "pop": 142820, "key": 10499, "isd": true, "ppd": 35.608000000000004, "med": 38.3, "p65": 15.413, "p70": 9.732000000000001, "hos": 2.77, "exp": 78.86, "adr": 1.0, "amn": 89483.0, "amv": 1121684.0, "amd": 1267.0, "amt": 1344820.0, "tmn": [539, 861, 714, 0, 0, 1960, 448, 686, 798, 826, 0, 0, 2002, 567, 560, 1057, 637, 0, 0, 2037, 490], "tmv": [1986, 1986, 2786, 3007, 2017, 2605, 1830, 2139, 3106, 3068, 3187, 2953, 1851, 1966, 2813, 2807, 3250, 3257, 2889, 2103, 0], "tmd": [15, 8, 0, 0, 0, 15, 8, 8, 0, 8, 0, 0, 8, 0, 15, 8, 29, 0, 0, 0, 8], "wmn": 4783, "wmt": 30801, "wmd": 57, "wmv": 17122, "wdn": -2, "wdt": 11, "wdd": 167, "wdv": -6, "tlv": "North Carolina"}