{"loc": "Brown", "iso": "US", "l1": "United States", "l2": "Ohio", "lvl": 3, "pop": 43432, "key": 10493, "isd": true, "ppd": 35.608000000000004, "med": 38.3, "p65": 15.413, "p70": 9.732000000000001, "hos": 2.77, "exp": 78.86, "adr": 2.0, "amn": 155507.0, "amv": 1341580.0, "amd": 2441.0, "amt": 1509328.0, "tmn": [437, 506, 460, 276, 437, 253, 437, 483, 506, 391, 483, 138, 529, 230, 391, 690, 368, 391, 345, 92, 299], "tmv": [4456, 4611, 4549, 5061, 2356, 1255, 4023, 4168, 4272, 4405, 5092, 2672, 1421, 3738, 4100, 4188, 3596, 4102, 1618, 109, 0], "tmd": [24, 0, 0, 0, 0, 0, 0, 0, 0, 24, 24, 0, 0, 0, 0, 0, 0, 0, 0, 0, 0], "wmn": 2579, "wmt": 17472, "wmd": 0, "wmv": 17716, "wdn": -7, "wdt": 4, "wdd": -100, "wdv": -31, "tlv": "Ohio"}