{"loc": "Brown", "iso": "US", "l1": "United States", "l2": "South Dakota", "lvl": 3, "pop": 38839, "key": 10494, "isd": true, "ppd": 35.608000000000004, "med": 38.3, "p65": 15.413, "p70": 9.732000000000001, "hos": 2.77, "exp": 78.86, "adr": 2.0, "amn": 137027.0, "amv": 478369.0, "amd": 2343.0, "amt": 832693.0, "tmn": [205, 154, 25, 128, 308, 128, 102, 128, 51, 51, 51, 231, 128, 154, 308, 128, 128, 102, 360, 257, 205], "tmv": [13887, 4118, 6135, 5026, 6980, 8171, 7842, 9493, 9226, 6156, 5181, 6849, 8594, 10257, 10611, 9961, 7133, 5431, 8106, 10192, 12065], "tmd": [0, 0, 0, 0, 26, 0, 0, 0, 26, 0, 0, 0, 0, 0, 0, 0, 0, 0, 0, 0, 0], "wmn": 1494, "wmt": 11812, "wmd": 0, "wmv": 63503, "wdn": 87, "wdt": -21, "wdd": -100, "wdv": 14, "tlv": "South Dakota"}