{"loc": "Brunswick", "iso": "US", "l1": "United States", "l2": "Virginia", "lvl": 3, "pop": 16231, "key": 10500, "isd": true, "ppd": 35.608000000000004, "med": 38.3, "p65": 15.413, "p70": 9.732000000000001, "hos": 2.77, "exp": 78.86, "adr": 2.0, "amn": 105108.0, "amv": 1197969.0, "amd": 1848.0, "amt": 1092244.0, "tmn": [985, 308, 308, 492, 616, 0, 0, 985, 0, 308, 308, 492, 0, 0, 800, 369, 184, 246, 554, 0, 0], "tmv": [1790, 1886, 2554, 2257, 2903, 2781, 2047, 1978, 1647, 2163, 995, 2262, 2445, 2251, 1671, 0, 0, 2784, 2570, 2833, 0], "tmd": [62, 0, 0, 0, 0, 0, 0, 0, 0, 0, 0, 0, 0, 0, 0, 0, 0, 62, 0, 0, 0], "wmn": 2157, "wmt": 19477, "wmd": 62, "wmv": 9860, "wdn": 3, "wdt": -6, "wdd": 0, "wdv": -28, "tlv": "Virginia"}