{"loc": "Bucks", "iso": "US", "l1": "United States", "l2": "Pennsylvania", "lvl": 3, "pop": 628270, "key": 10509, "isd": true, "ppd": 35.608000000000004, "med": 38.3, "p65": 15.413, "p70": 9.732000000000001, "hos": 2.77, "exp": 78.86, "adr": 2.0, "amn": 97819.0, "amv": 1044330.0, "amd": 2125.0, "amt": 1171991.0, "tmn": [22, 33, 14, 9, 20, 22, 50, 46, 42, 41, 36, 42, 47, 52, 47, 62, 54, 63, 84, 54, 73], "tmv": [1883, 1818, 1779, 1363, 1036, 1655, 1721, 1666, 1928, 1520, 1539, 740, 1856, 2005, 1821, 2051, 2364, 1193, 1200, 2288, 2155], "tmd": [2, 0, 0, 0, -1, 4, 0, 0, 2, 0, 0, 2, 2, 0, 0, 2, 0, 0, 0, 0, 0], "wmn": 440, "wmt": 9720, "wmd": 2, "wmv": 13076, "wdn": 42, "wdt": 28, "wdd": -67, "wdv": 16, "tlv": "Pennsylvania"}