{"loc": "Bucks", "iso": "US", "l1": "United States", "l2": "Pennsylvania", "lvl": 3, "pop": 628270, "key": 10509, "isd": true, "ppd": 35.608000000000004, "med": 38.3, "p65": 15.413, "p70": 9.732000000000001, "hos": 2.77, "exp": 78.86, "adr": 2.0, "amn": 109477.0, "amv": 1187231.0, "amd": 2182.0, "amt": 1340586.0, "tmn": [219, 171, 243, 297, 216, 170, 186, 229, 284, 262, 206, 200, 117, 246, 249, 243, 251, 334, 213, 163, 213], "tmv": [2913, 2024, 2876, 2739, 2336, 1790, 1886, 2554, 2257, 2903, 2781, 2047, 1978, 1647, 2163, 995, 2262, 2445, 2251, 1671, 1480], "tmd": [0, 7, 2, 0, 0, 0, 2, 2, 2, 2, 0, 2, 0, 5, 4, 4, 2, 2, 0, 0, 5], "wmn": 1670, "wmt": 27182, "wmd": 15, "wmv": 13270, "wdn": 8, "wdt": 3, "wdd": 29, "wdv": -18, "tlv": "Pennsylvania"}