{"loc": "Buchanan", "iso": "US", "l1": "United States", "l2": "Virginia", "lvl": 3, "pop": 21004, "key": 10507, "isd": true, "ppd": 35.608000000000004, "med": 38.3, "p65": 15.413, "p70": 9.732000000000001, "hos": 2.77, "exp": 78.86, "adr": 3.0, "amn": 72129.0, "amv": 949764.0, "amd": 2142.0, "amt": 887858.0, "tmn": [142, 238, 47, 47, 142, 0, 142, 333, 190, 47, 0, 0, 285, 47, 238, 238, 47, 95, 95, 0, 95], "tmv": [4173, 4872, 3714, 0, 0, 1543, 2452, 4248, 3485, 4157, 3682, 3252, 2518, 2835, 2495, 4865, 3672, 4016, 3766, 3121, 0], "tmd": [0, 0, 0, 0, 0, 0, 0, 48, 48, 0, 0, 0, 0, 0, 0, 0, 0, 0, 0, 0, 0], "wmn": 810, "wmt": 8113, "wmd": 0, "wmv": 21938, "wdn": -11, "wdt": 5, "wdd": -100, "wdv": -9, "tlv": "Virginia"}