{"loc": "Buchanan", "iso": "US", "l1": "United States", "l2": "Virginia", "lvl": 3, "pop": 21004, "key": 10507, "isd": true, "ppd": 35.608000000000004, "med": 38.3, "p65": 15.413, "p70": 9.732000000000001, "hos": 2.77, "exp": 78.86, "adr": 3.0, "amn": 113931.0, "amv": 1259649.0, "amd": 2857.0, "amt": 1153375.0, "tmn": [571, 809, 571, 0, 0, 0, 1571, 476, 952, 761, 0, 0, 809, 238, 856, 285, 571, 0, 0, 809, 428], "tmv": [2905, 2661, 3390, 3489, 0, 0, 0, 2411, 3257, 3418, 2659, 2485, 1614, 1945, 2278, 2491, 2890, 2710, 2395, 1993, 2154], "tmd": [48, 0, 0, 0, 0, 0, 143, 0, 0, 0, 0, 0, 96, 0, 0, 0, 0, 0, 0, 0, 48], "wmn": 2952, "wmt": 16506, "wmd": 48, "wmv": 16916, "wdn": -9, "wdt": -33, "wdd": -50, "wdv": -5, "tlv": "Virginia"}