{"loc": "Bryan", "iso": "US", "l1": "United States", "l2": "Oklahoma", "lvl": 3, "pop": 47995, "key": 10503, "isd": true, "ppd": 35.608000000000004, "med": 38.3, "p65": 15.413, "p70": 9.732000000000001, "hos": 2.77, "exp": 78.86, "adr": 1.0, "amn": 147661.0, "amv": 1100743.0, "amd": 1667.0, "amt": 1085866.0, "tmn": [0, 3583, 0, 0, 0, 0, 0, 0, 4208, 0, 0, 0, 0, 0, 0, 4333, 0, 0, 0, 0, 0], "tmv": [1374, 2201, 2622, 2492, 2548, 2348, 1615, 1875, 1986, 1986, 2786, 3007, 2017, 2605, 1830, 2139, 3106, 3068, 3187, 2953, 0], "tmd": [0, 0, 0, 0, 0, 0, 0, 0, 0, 0, 0, 0, 0, 0, 0, 0, 0, 0, 0, 0, 0], "wmn": 4334, "wmt": 4848, "wmd": 0, "wmv": 16287, "wdn": 3, "wdt": -30, "wdd": 0, "wdv": 0, "tlv": "Oklahoma"}