{"loc": "Bucks", "iso": "US", "l1": "United States", "l2": "Pennsylvania", "lvl": 3, "pop": 628270, "key": 10509, "isd": true, "ppd": 35.608000000000004, "med": 38.3, "p65": 15.413, "p70": 9.732000000000001, "hos": 2.77, "exp": 78.86, "adr": 2.0, "amn": 106773.0, "amv": 1160346.0, "amd": 2160.0, "amt": 1293253.0, "tmn": [291, 214, 283, 200, 198, 222, 273, 241, 256, 184, 189, 151, 219, 171, 243, 297, 216, 170, 186, 229, 284], "tmv": [3250, 3257, 2889, 2103, 1988, 3241, 2538, 4249, 2950, 0, 0, 0, 2913, 2024, 2876, 2739, 2336, 1790, 1886, 2554, 0], "tmd": [2, 0, 0, 0, 0, 0, 5, 2, 2, 0, 2, 2, 0, 7, 2, 0, 0, 0, 2, 2, 2], "wmn": 1629, "wmt": 23285, "wmd": 7, "wmv": 14183, "wdn": 15, "wdt": 13, "wdd": -50, "wdv": 17, "tlv": "Pennsylvania"}