{"loc": "Brunswick", "iso": "US", "l1": "United States", "l2": "Virginia", "lvl": 3, "pop": 16231, "key": 10500, "isd": true, "ppd": 35.608000000000004, "med": 38.3, "p65": 15.413, "p70": 9.732000000000001, "hos": 2.77, "exp": 78.86, "adr": 2.0, "amn": 93093.0, "amv": 1121684.0, "amd": 1663.0, "amt": 993093.0, "tmn": [123, 246, 123, 123, 0, 0, 800, 554, 554, 308, 739, 0, 0, 739, 616, 431, 1232, 308, 0, 0, 924], "tmv": [1875, 1986, 1986, 2786, 3007, 2017, 2605, 1830, 2139, 3106, 3068, 3187, 2953, 1851, 1966, 2813, 2807, 3250, 3257, 2889, 2103], "tmd": [0, 0, 0, 0, 0, 0, 0, 0, 0, 0, 0, 0, 0, 62, 0, 62, 0, 0, 0, 0, 0], "wmn": 3512, "wmt": 18291, "wmd": 62, "wmv": 19089, "wdn": 21, "wdt": 23, "wdd": 0, "wdv": 5, "tlv": "Virginia"}