{"loc": "Buchanan", "iso": "US", "l1": "United States", "l2": "Iowa", "lvl": 3, "pop": 21175, "key": 10505, "isd": true, "ppd": 35.608000000000004, "med": 38.3, "p65": 15.413, "p70": 9.732000000000001, "hos": 2.77, "exp": 78.86, "adr": 2.0, "amn": 83825.0, "amv": 244457.0, "amd": 1417.0, "amt": 418833.0, "tmn": [330, 330, 94, 94, 141, 94, 141, 94, 0, 330, 47, 47, 283, 141, 141, 94, 47, 141, 283, 188, 283], "tmv": [6132, 6772, 6806, 0, 0, 3221, 4419, 5606, 5173, 5466, 3298, 2593, 4349, 5491, 6616, 7139, 7375, 5050, 5255, 5793, 0], "tmd": [0, 0, 0, 0, 0, 48, 0, 0, 0, 0, 48, 0, 95, 0, -47, 0, 0, 0, 0, 0, 0], "wmn": 1181, "wmt": 4105, "wmd": -47, "wmv": 37231, "wdn": 25, "wdt": 0, "wdd": -133, "wdv": 16, "tlv": "Iowa"}