{"loc": "Buena Vista", "iso": "US", "l1": "United States", "l2": "Virginia", "lvl": 3, "pop": 6478, "key": 10513, "isd": true, "ppd": 35.608000000000004, "med": 38.3, "p65": 15.413, "p70": 9.732000000000001, "hos": 2.77, "exp": 78.86, "adr": 1.0, "amn": 125810.0, "amv": 167606.0, "amd": 1852.0, "amt": 662316.0, "tmn": [2006, 463, 1698, 1234, 0, 0, 2933, 1080, 771, 308, 617, 463, -154, 1080, 154, 1080, 0, 0, 0, 308, 1698], "tmv": [4677, 5132, 5139, 4690, 3336, 1695, 3330, 4023, 4903, 6734, 6595, 3662, 2393, 4746, 4917, 6132, 6772, 6806, 0, 0, 0], "tmd": [155, 0, 0, 0, 0, 0, 0, 0, 0, 0, 0, 0, 0, 0, 0, 0, 0, 0, 0, 0, 0], "wmn": 3242, "wmt": 19575, "wmd": 0, "wmv": 24629, "wdn": -22, "wdt": -10, "wdd": 0, "wdv": -25, "tlv": "Virginia"}