{"loc": "Bulandshahr", "iso": "IN", "l1": "India", "l2": "Uttar Pradesh", "lvl": 3, "pop": 3498507, "key": 10517, "isd": true, "ppd": 450.41900000000004, "med": 28.2, "p65": 5.989, "p70": 3.4139999999999997, "hos": 0.53, "exp": 69.66, "adr": 1.0, "amn": 2660.0, "amv": 96199.0, "amd": 29.0, "amt": 165270.0, "tmn": [4, 9, 3, 9, 2, 16, 20, 12, 18, 23, 25, 38, 36, 68, 65, 102, 76, 56, 83, 90, 68], "tmv": [2119, 2264, 2902, 2874, 2261, 2996, 2710, 2550, 2125, 2901, 1917, 2401, 1978, 1966, 1945, 891, 2374, 0, 0, 2252, 0], "tmd": [0, 0, 0, 0, 1, 0, 0, 0, 0, 0, 0, 0, 1, 0, 0, 0, 0, 0, 0, 1, 1], "wmn": 544, "wmt": 6309, "wmd": 2, "wmv": 7464, "wdn": 144, "wdt": 2, "wdd": 300, "wdv": -53, "tlv": "Uttar Pradesh"}