{"loc": "Buffalo", "iso": "US", "l1": "United States", "l2": "South Dakota", "lvl": 3, "pop": 1962, "key": 10515, "isd": true, "ppd": 35.608000000000004, "med": 38.3, "p65": 15.413, "p70": 9.732000000000001, "hos": 2.77, "exp": 78.86, "adr": 3.0, "amn": 240571.0, "amv": 1476857.0, "amd": 8155.0, "amt": 1241368.0, "tmn": [0, 0, 0, 0, 0, 0, 1529, 509, 509, 0, 0, 509, 1019, 0, 0, 0, 0, 0, -4587, 0, 509], "tmv": [70, 3476, 2565, 1693, 4764, 5451, 6033, 6077, 6801, 4120, 2054, 5104, 5248, 5184, 4986, 5175, 2683, 957, 367, 0, 0], "tmd": [0, 0, 0, 0, 0, 0, 0, 0, 0, 0, 0, 510, 0, 0, 0, 0, 0, 0, 0, 0, 0], "wmn": -4077, "wmt": 13563, "wmd": 0, "wmv": 14171, "wdn": -260, "wdt": -55, "wdd": -100, "wdv": -59, "tlv": "South Dakota"}