{"loc": "Buena Vista", "iso": "US", "l1": "United States", "l2": "Iowa", "lvl": 3, "pop": 19620, "key": 10512, "isd": true, "ppd": 35.608000000000004, "med": 38.3, "p65": 15.413, "p70": 9.732000000000001, "hos": 2.77, "exp": 78.86, "adr": 1.0, "amn": 206014.0, "amv": 153709.0, "amd": 1835.0, "amt": 405485.0, "tmn": [50, 458, 254, 203, 764, 356, 152, 0, 101, 152, 305, 203, 152, 0, 0, 101, 101, 101, 50, 407, 152], "tmv": [3978, 2687, 2448, 3374, 4677, 5132, 5139, 4690, 3336, 1695, 3330, 4023, 4903, 6734, 6595, 3662, 2393, 4746, 4917, 6132, 6772], "tmd": [0, 0, 51, 0, 0, 102, 0, 102, 0, 0, 0, 0, 51, 0, 0, 0, 0, 0, 0, 0, 0], "wmn": 918, "wmt": 4206, "wmd": 0, "wmv": 35221, "wdn": 0, "wdt": -10, "wdd": -100, "wdv": 23, "tlv": "Iowa"}