{"loc": "Buncombe", "iso": "US", "l1": "United States", "l2": "North Carolina", "lvl": 3, "pop": 261191, "key": 10523, "isd": true, "ppd": 35.608000000000004, "med": 38.3, "p65": 15.413, "p70": 9.732000000000001, "hos": 2.77, "exp": 78.86, "adr": 1.0, "amn": 105233.0, "amv": 1236688.0, "amd": 1577.0, "amt": 1558752.0, "tmn": [1263, 264, 394, 570, 436, 0, 0, 1125, 279, 363, 792, 524, 0, 0, 1010, 229, 444, 436, 290, 0, 0], "tmv": [1671, 0, 0, 2784, 2570, 2833, 3777, 2988, 2423, 2905, 2661, 3390, 3489, 0, 0, 0, 2411, 3257, 3418, 2659, 0], "tmd": [23, 0, 0, 16, 4, 0, 0, 4, 0, 8, 0, 4, 0, 0, 8, 0, 16, 20, 4, 0, 0], "wmn": 2413, "wmt": 28483, "wmd": 46, "wmv": 11747, "wdn": -22, "wdt": 4, "wdd": 200, "wdv": -34, "tlv": "North Carolina"}