{"loc": "Burke", "iso": "US", "l1": "United States", "l2": "North Dakota", "lvl": 3, "pop": 2115, "key": 10529, "isd": true, "ppd": 35.608000000000004, "med": 38.3, "p65": 15.413, "p70": 9.732000000000001, "hos": 2.77, "exp": 78.86, "adr": 0.0, "amn": 110165.0, "amv": 556863.0, "amd": 473.0, "amt": 1947408.0, "tmn": [0, 0, 0, 0, 0, 0, 0, 0, 0, 0, 1418, 0, 0, 0, 0, 0, 0, 0, 0, 472, 0], "tmv": [9226, 6156, 5181, 6849, 8594, 10257, 10611, 9961, 7133, 5431, 8106, 10192, 12065, 12389, 10214, 6477, 4262, 8755, 10329, 12013, 14052], "tmd": [0, 0, 0, 0, 0, 0, 0, 0, 0, 0, 0, 0, 0, 0, 0, 0, 0, 0, 0, 0, 0], "wmn": 473, "wmt": 15180, "wmd": 0, "wmv": 66105, "wdn": -67, "wdt": -13, "wdd": 0, "wdv": 1, "tlv": "North Dakota"}