{"loc": "Burke", "iso": "US", "l1": "United States", "l2": "Georgia", "lvl": 3, "pop": 22383, "key": 10527, "isd": true, "ppd": 35.608000000000004, "med": 38.3, "p65": 15.413, "p70": 9.732000000000001, "hos": 2.77, "exp": 78.86, "adr": 2.0, "amn": 166287.0, "amv": 1263117.0, "amd": 3753.0, "amt": 1160763.0, "tmn": [178, 0, 0, 0, 491, 268, 44, 44, 0, 0, -44, 178, 44, 44, 89, 0, 0, 89, 44, 0, 44], "tmv": [3390, 3489, 0, 0, 0, 2411, 3257, 3418, 2659, 2485, 1614, 1945, 2278, 2491, 2890, 2710, 2395, 1993, 2154, 3467, 0], "tmd": [0, 0, 0, 0, 45, 0, 45, 0, 0, 0, 90, 0, 45, 45, 0, 0, 0, 45, -44, 0, 45], "wmn": 269, "wmt": 15011, "wmd": 45, "wmv": 15613, "wdn": 0, "wdt": -16, "wdd": -75, "wdv": -8, "tlv": "Georgia"}