{"loc": "Burke", "iso": "US", "l1": "United States", "l2": "Georgia", "lvl": 3, "pop": 22383, "key": 10527, "isd": true, "ppd": 35.608000000000004, "med": 38.3, "p65": 15.413, "p70": 9.732000000000001, "hos": 2.77, "exp": 78.86, "adr": 2.0, "amn": 134120.0, "amv": 1091533.0, "amd": 2993.0, "amt": 937664.0, "tmn": [580, 0, 0, 178, 982, 893, 491, 446, 0, 0, 1072, 625, 982, 938, 982, 0, 0, 1653, 625, 1340, 1563], "tmv": [2600, 2160, 2477, 1419, 1374, 2201, 2622, 2492, 2548, 2348, 1615, 1875, 1986, 1986, 2786, 3007, 2017, 2605, 1830, 2139, 3106], "tmd": [0, 0, 0, 0, 45, 0, 0, 0, 0, 0, 0, 0, 0, 0, 0, 0, 0, 0, 0, 0, 45], "wmn": 6166, "wmt": 19298, "wmd": 45, "wmv": 17494, "wdn": 52, "wdt": 17, "wdd": 0, "wdv": 18, "tlv": "Georgia"}