{"loc": "Bureau", "iso": "US", "l1": "United States", "l2": "Illinois", "lvl": 3, "pop": 32628, "key": 10525, "isd": true, "ppd": 35.608000000000004, "med": 38.3, "p65": 15.413, "p70": 9.732000000000001, "hos": 2.77, "exp": 78.86, "adr": 2.0, "amn": 109170.0, "amv": 664553.0, "amd": 2513.0, "amt": 1736822.0, "tmn": [153, 122, 61, 183, 153, 398, 367, 337, 91, 91, 153, 367, 183, 245, 91, 245, 30, 245, 153, 91, 245], "tmv": [12389, 10214, 6477, 4262, 8755, 10329, 12013, 14052, 10864, 8027, 7863, 7615, 10699, 12037, 10893, 10729, 6600, 5484, 7781, 9092, 0], "tmd": [0, 0, 0, 0, 0, 0, 0, 0, 0, 0, 31, -30, 31, 31, 0, 0, 0, 0, 0, 0, 31], "wmn": 1104, "wmt": 41926, "wmd": 31, "wmv": 50581, "wdn": -25, "wdt": -5, "wdd": -50, "wdv": -29, "tlv": "Illinois"}