{"loc": "Burlington", "iso": "US", "l1": "United States", "l2": "New Jersey", "lvl": 3, "pop": 445349, "key": 10533, "isd": true, "ppd": 35.608000000000004, "med": 38.3, "p65": 15.413, "p70": 9.732000000000001, "hos": 2.77, "exp": 78.86, "adr": 2.0, "amn": 97950.0, "amv": 705407.0, "amd": 1873.0, "amt": 1505738.0, "tmn": [431, 410, 361, 336, 242, 458, 327, 325, 370, 363, 278, 246, 238, 278, 238, 264, 291, 231, -343, 199, 127], "tmv": [10329, 12013, 14052, 10864, 8027, 7863, 7615, 10699, 12037, 10893, 10729, 6600, 5484, 7781, 9092, 10242, 10071, 9169, 6395, 4975, 0], "tmd": [9, 9, 0, -2, 5, 12, 12, 3, 5, 5, 0, 0, 7, 5, 0, 5, 0, 3, 0, 3, 9], "wmn": 1011, "wmt": 38131, "wmd": 18, "wmv": 49947, "wdn": -52, "wdt": 101, "wdd": -20, "wdv": -22, "tlv": "New Jersey"}