{"loc": "Burnett", "iso": "US", "l1": "United States", "l2": "Wisconsin", "lvl": 3, "pop": 15414, "key": 10535, "isd": true, "ppd": 35.608000000000004, "med": 38.3, "p65": 15.413, "p70": 9.732000000000001, "hos": 2.77, "exp": 78.86, "adr": 2.0, "amn": 94070.0, "amv": 635594.0, "amd": 1492.0, "amt": 1377130.0, "tmn": [259, 129, 0, -64, 648, 64, 0, 64, 389, 259, 194, 648, 129, 64, 194, 0, 778, 648, 454, 389, 194], "tmv": [5431, 8106, 10192, 12065, 12389, 10214, 6477, 4262, 8755, 10329, 12013, 14052, 10864, 8027, 7863, 7615, 10699, 12037, 10893, 10729, 0], "tmd": [65, 0, 0, -64, 0, 0, 0, 0, 0, 0, 0, 0, 0, 0, 0, 0, 0, 0, 0, 0, 0], "wmn": 2660, "wmt": 26030, "wmd": 0, "wmv": 59839, "wdn": 52, "wdt": 2, "wdd": 0, "wdv": -12, "tlv": "Wisconsin"}