{"loc": "Burleigh", "iso": "US", "l1": "United States", "l2": "North Dakota", "lvl": 3, "pop": 95626, "key": 10531, "isd": true, "ppd": 35.608000000000004, "med": 38.3, "p65": 15.413, "p70": 9.732000000000001, "hos": 2.77, "exp": 78.86, "adr": 1.0, "amn": 194058.0, "amv": 1165506.0, "amd": 2196.0, "amt": 2255743.0, "tmn": [627, 355, 470, 1003, 732, 1003, 616, 784, 282, 397, 470, 1118, 857, 1150, 878, 324, 700, 711, 1997, 1066, 1171], "tmv": [3257, 2889, 2103, 1988, 3241, 2538, 4249, 2950, 0, 0, 0, 2913, 2024, 2876, 2739, 2336, 1790, 1886, 2554, 2257, 2903], "tmd": [0, 0, 0, 0, 0, 0, 0, 0, 0, 0, 0, 21, 32, 0, 0, 0, 0, 11, 11, 0, 11], "wmn": 6850, "wmt": 33584, "wmd": 32, "wmv": 16467, "wdn": 35, "wdt": 21, "wdd": -40, "wdv": 53, "tlv": "North Dakota"}