{"loc": "Butler", "iso": "US", "l1": "United States", "l2": "Alabama", "lvl": 3, "pop": 19448, "key": 10539, "isd": true, "ppd": 35.608000000000004, "med": 38.3, "p65": 15.413, "p70": 9.732000000000001, "hos": 2.77, "exp": 78.86, "adr": 3.0, "amn": 162690.0, "amv": 1179384.0, "amd": 4628.0, "amt": 1154928.0, "tmn": [1079, 771, 514, 668, 668, 719, 1388, 1234, 462, 617, 668, 1079, 925, 411, 668, 462, 668, 976, 565, 565, 205], "tmv": [2950, 0, 0, 0, 2913, 2024, 2876, 2739, 2336, 1790, 1886, 2554, 2257, 2903, 2781, 2047, 1978, 1647, 2163, 995, 2262], "tmd": [0, 0, 0, 0, 0, 0, 0, 52, 0, 0, 52, 0, 52, 206, 0, 0, 0, 206, 52, 0, 103], "wmn": 4114, "wmt": 592736, "wmd": 360, "wmv": 13878, "wdn": -24, "wdt": 0, "wdd": 0, "wdv": -16, "tlv": "Alabama"}