{"loc": "Burleigh", "iso": "US", "l1": "United States", "l2": "North Dakota", "lvl": 3, "pop": 95626, "key": 10531, "isd": true, "ppd": 35.608000000000004, "med": 38.3, "p65": 15.413, "p70": 9.732000000000001, "hos": 2.77, "exp": 78.86, "adr": 1.0, "amn": 161682.0, "amv": 720439.0, "amd": 1997.0, "amt": 1991100.0, "tmn": [156, 282, 31, 83, 292, 303, 188, 313, 219, 83, 62, 261, 282, 271, 230, 177, 41, 177, 198, 198, 219], "tmv": [12013, 14052, 10864, 8027, 7863, 7615, 10699, 12037, 10893, 10729, 6600, 5484, 7781, 9092, 10242, 10071, 9169, 6395, 4975, 6773, 8259], "tmd": [0, 0, 0, 0, 0, 0, 0, 11, 11, 0, 0, 0, 0, 0, 11, 0, 0, 0, 0, 0, 11], "wmn": 1245, "wmt": 17653, "wmd": 21, "wmv": 55887, "wdn": -17, "wdt": 13, "wdd": 0, "wdv": -11, "tlv": "North Dakota"}