{"loc": "Burnett", "iso": "US", "l1": "United States", "l2": "Wisconsin", "lvl": 3, "pop": 15414, "key": 10535, "isd": true, "ppd": 35.608000000000004, "med": 38.3, "p65": 15.413, "p70": 9.732000000000001, "hos": 2.77, "exp": 78.86, "adr": 1.0, "amn": 149280.0, "amv": 1283911.0, "amd": 2076.0, "amt": 1977029.0, "tmn": [2854, 778, 1881, 0, 1686, 0, 454, 1232, 519, 973, 454, 0, 0, 1297, 1297, 454, 648, 843, 0, 0, 908], "tmv": [2626, 2552, 2575, 2955, 1399, 770, 2354, 2306, 2307, 2345, 3781, 2315, 1328, 4158, 4126, 4122, 3797, 3784, 1119, 91, 0], "tmd": [0, 0, 0, 0, 0, 0, 0, 0, 0, 0, 130, 0, 0, 0, 0, 0, 0, 0, 0, 0, 0], "wmn": 4153, "wmt": 28979, "wmd": 0, "wmv": 17042, "wdn": -7, "wdt": 11, "wdd": -100, "wdv": -8, "tlv": "Wisconsin"}