{"loc": "Burleigh", "iso": "US", "l1": "United States", "l2": "North Dakota", "lvl": 3, "pop": 95626, "key": 10531, "isd": true, "ppd": 35.608000000000004, "med": 38.3, "p65": 15.413, "p70": 9.732000000000001, "hos": 2.77, "exp": 78.86, "adr": 1.0, "amn": 167569.0, "amv": 968912.0, "amd": 2050.0, "amt": 2072739.0, "tmn": [125, 167, 52, 41, 73, 52, 62, 188, 10, 31, 10, 20, 73, 20, 20, 41, 41, 0, 31, 31, 31], "tmv": [2452, 4248, 3485, 4157, 3682, 3252, 2518, 2835, 2495, 4865, 3672, 4016, 3766, 3121, 6234, 3276, 3244, 2575, 1851, 1965, 0], "tmd": [11, 0, 0, 0, 0, 0, 0, 0, 0, 0, 0, 0, 0, 11, 11, 0, 0, 0, 0, 11, 0], "wmn": 199, "wmt": 6917, "wmd": 21, "wmv": 19149, "wdn": -44, "wdt": -3, "wdd": 100, "wdv": -23, "tlv": "North Dakota"}