{"loc": "Butler", "iso": "US", "l1": "United States", "l2": "Ohio", "lvl": 3, "pop": 383134, "key": 10545, "isd": true, "ppd": 35.608000000000004, "med": 38.3, "p65": 15.413, "p70": 9.732000000000001, "hos": 2.77, "exp": 78.86, "adr": 1.0, "amn": 120621.0, "amv": 1160346.0, "amd": 1694.0, "amt": 1330989.0, "tmn": [362, 414, 313, 185, 571, 882, 613, 448, 522, 587, 216, 430, 391, 490, 801, 707, 255, 412, 563, 668, 576], "tmv": [3250, 3257, 2889, 2103, 1988, 3241, 2538, 4249, 2950, 0, 0, 0, 2913, 2024, 2876, 2739, 2336, 1790, 1886, 2554, 0], "tmd": [0, 0, 0, 0, 3, 0, 0, 0, 0, 0, 0, 0, 0, 0, 0, 0, 0, 0, 8, 0, 0], "wmn": 3986, "wmt": 26249, "wmd": 8, "wmv": 14183, "wdn": 29, "wdt": 12, "wdd": 0, "wdv": 17, "tlv": "Ohio"}