{"loc": "Butte", "iso": "US", "l1": "United States", "l2": "South Dakota", "lvl": 3, "pop": 10429, "key": 10549, "isd": true, "ppd": 35.608000000000004, "med": 38.3, "p65": 15.413, "p70": 9.732000000000001, "hos": 2.77, "exp": 78.86, "adr": 2.0, "amn": 101448.0, "amv": 798663.0, "amd": 1918.0, "amt": 891441.0, "tmn": [95, 191, 1054, 479, 0, 95, 0, 191, 0, 95, 0, 0, 95, 95, 287, 191, 95, 0, 0, 383, 287], "tmv": [7781, 9092, 10242, 10071, 9169, 6395, 4975, 6773, 8259, 8496, 10027, 6458, 3608, 3001, 5456, 7305, 8515, 7794, 7192, 5713, 4653], "tmd": [0, 0, 0, 0, 0, 0, 0, 0, 0, 0, 0, 0, 0, 0, 0, 0, 0, 0, 0, 0, 0], "wmn": 1247, "wmt": 8240, "wmd": 0, "wmv": 46632, "wdn": 160, "wdt": 1, "wdd": 0, "wdv": 0, "tlv": "South Dakota"}