{"loc": "Butler", "iso": "US", "l1": "United States", "l2": "Ohio", "lvl": 3, "pop": 383134, "key": 10545, "isd": true, "ppd": 35.608000000000004, "med": 38.3, "p65": 15.413, "p70": 9.732000000000001, "hos": 2.77, "exp": 78.86, "adr": 1.0, "amn": 111481.0, "amv": 1121684.0, "amd": 1644.0, "amt": 1272846.0, "tmn": [185, 255, 229, 208, 177, 180, 148, 203, 276, 263, 268, 216, 177, 216, 292, 281, 495, 362, 414, 313, 185], "tmv": [1875, 1986, 1986, 2786, 3007, 2017, 2605, 1830, 2139, 3106, 3068, 3187, 2953, 1851, 1966, 2813, 2807, 3250, 3257, 2889, 2103], "tmd": [0, 0, 0, 3, 0, 0, 0, 0, 0, 0, 0, 0, 0, 0, 8, 0, 0, 14, 0, 0, 0], "wmn": 2347, "wmt": 21576, "wmd": 21, "wmv": 19089, "wdn": 45, "wdt": 34, "wdd": 0, "wdv": 5, "tlv": "Ohio"}