{"loc": "Butler", "iso": "US", "l1": "United States", "l2": "Pennsylvania", "lvl": 3, "pop": 187853, "key": 10546, "isd": true, "ppd": 35.608000000000004, "med": 38.3, "p65": 15.413, "p70": 9.732000000000001, "hos": 2.77, "exp": 78.86, "adr": 2.0, "amn": 104348.0, "amv": 1136653.0, "amd": 2305.0, "amt": 1262683.0, "tmn": [127, 218, 415, 191, 239, 292, 196, 319, 356, 340, 388, 500, 287, 324, 372, 399, 495, 537, 612, 393, 340], "tmv": [1830, 2139, 3106, 3068, 3187, 2953, 1851, 1966, 2813, 2807, 3250, 3257, 2889, 2103, 1988, 3241, 2538, 4249, 2950, 0, 0], "tmd": [0, 0, 0, 6, 0, 0, 0, 6, 6, 0, 0, 0, 0, 0, 6, 0, 6, 6, 11, 0, 0], "wmn": 3152, "wmt": 20281, "wmd": 27, "wmv": 14970, "wdn": 25, "wdt": -18, "wdd": 150, "wdv": -22, "tlv": "Pennsylvania"}