{"loc": "Butler", "iso": "US", "l1": "United States", "l2": "Kansas", "lvl": 3, "pop": 66911, "key": 10541, "isd": true, "ppd": 35.608000000000004, "med": 38.3, "p65": 15.413, "p70": 9.732000000000001, "hos": 2.77, "exp": 78.86, "adr": 1.0, "amn": 150304.0, "amv": 1176126.0, "amd": 1689.0, "amt": 590345.0, "tmn": [1793, 0, 0, 0, 0, 3243, 0, 2196, 0, 0, 1345, 0, 1927, 0, 1853, 0, 0, 1120, 0, 1419, 0], "tmv": [4249, 2950, 0, 0, 0, 2913, 2024, 2876, 2739, 2336, 1790, 1886, 2554, 2257, 2903, 2781, 2047, 1978, 1647, 2163, 0], "tmd": [30, 0, 0, 0, 0, 15, 0, 15, 0, 0, 15, 0, 15, 0, 60, 0, 0, 15, 0, 0, 0], "wmn": 4394, "wmt": 9872, "wmd": 75, "wmv": 13523, "wdn": -20, "wdt": -21, "wdd": 67, "wdv": -18, "tlv": "Kansas"}