{"loc": "Butler", "iso": "US", "l1": "United States", "l2": "Ohio", "lvl": 3, "pop": 383134, "key": 10545, "isd": true, "ppd": 35.608000000000004, "med": 38.3, "p65": 15.413, "p70": 9.732000000000001, "hos": 2.77, "exp": 78.86, "adr": 1.0, "amn": 92336.0, "amv": 220982.0, "amd": 1222.0, "amt": 855013.0, "tmn": [242, 174, 339, 399, 323, 412, 287, 206, 221, 172, 174, 284, 242, 480, 127, 114, 224, 234, 263, 253, 221], "tmv": [6595, 3662, 2393, 4746, 4917, 6132, 6772, 6806, 0, 0, 3221, 4419, 5606, 5173, 5466, 3298, 2593, 4349, 5491, 6616, 7139], "tmd": [0, 6, 3, 0, 0, 0, 0, 0, 3, 0, 0, -5, 3, 3, 11, 3, 6, -2, 11, 11, 0], "wmn": 1441, "wmt": 20838, "wmd": 37, "wmv": 34956, "wdn": -19, "wdt": 28, "wdd": 1300, "wdv": 39, "tlv": "Ohio"}