{"loc": "Butler", "iso": "US", "l1": "United States", "l2": "Missouri", "lvl": 3, "pop": 42478, "key": 10543, "isd": true, "ppd": 35.608000000000004, "med": 38.3, "p65": 15.413, "p70": 9.732000000000001, "hos": 2.77, "exp": 78.86, "adr": 1.0, "amn": 157446.0, "amv": 1250395.0, "amd": 1671.0, "amt": 1199381.0, "tmn": [329, 188, 329, 659, 682, 376, 258, 47, 94, 635, 329, 800, 329, 329, 70, 47, 353, 94, 612, 423, 211], "tmv": [3777, 2988, 2423, 2905, 2661, 3390, 3489, 0, 0, 0, 2411, 3257, 3418, 2659, 2485, 1614, 1945, 2278, 2491, 2890, 0], "tmd": [0, 0, 24, 0, 0, 0, 0, 0, 0, 0, 24, 0, 0, 0, 0, 0, 0, 0, 0, 0, 0], "wmn": 1813, "wmt": 14016, "wmd": 0, "wmv": 13708, "wdn": -29, "wdt": -6, "wdd": -100, "wdv": 17, "tlv": "Missouri"}