{"loc": "Butte", "iso": "US", "l1": "United States", "l2": "California", "lvl": 3, "pop": 219186, "key": 10547, "isd": true, "ppd": 35.608000000000004, "med": 38.3, "p65": 15.413, "p70": 9.732000000000001, "hos": 2.77, "exp": 78.86, "adr": 1.0, "amn": 99372.0, "amv": 1179384.0, "amd": 1077.0, "amt": 2280887.0, "tmn": [707, 483, 419, 615, 237, 451, 807, 761, 177, 620, 561, 0, 1774, 392, 547, 415, 465, 328, 428, 1136, 269], "tmv": [2950, 0, 0, 0, 2913, 2024, 2876, 2739, 2336, 1790, 1886, 2554, 2257, 2903, 2781, 2047, 1978, 1647, 2163, 995, 2262], "tmd": [0, 14, 0, 0, 10, 0, 5, 5, -4, 0, 19, 5, 10, 10, 0, 0, 0, 5, 5, 14, 5], "wmn": 3591, "wmt": 59108, "wmd": 28, "wmv": 13878, "wdn": -16, "wdt": -9, "wdd": -33, "wdv": -16, "tlv": "California"}