{"loc": "Butler", "iso": "US", "l1": "United States", "l2": "Ohio", "lvl": 3, "pop": 383134, "key": 10545, "isd": true, "ppd": 35.608000000000004, "med": 38.3, "p65": 15.413, "p70": 9.732000000000001, "hos": 2.77, "exp": 78.86, "adr": 2.0, "amn": 106566.0, "amv": 0.0, "amd": 1608.0, "amt": 1222718.0, "tmn": [80, 88, 60, 60, 28, 167, 167, 120, 120, 140, 88, 60, 148, 164, 216, 99, 198, 104, 93, 185, 255], "tmv": [0, 0, 0, 0, 0, 0, 0, 0, 0, 0, 0, 0, 0, 0, 0, 0, 0, 0, 0, 0, 0], "tmd": [0, 0, 0, 0, 0, 0, 0, 0, 0, 0, 0, 0, 0, 0, 0, 0, 0, 0, 0, 0, 0], "wmn": 1154, "wmt": 11029, "wmd": 0, "wmv": 0, "wdn": 37, "wdt": -6, "wdd": 0, "wdv": 0, "tlv": "Ohio"}