{"loc": "Caddo", "iso": "US", "l1": "United States", "l2": "Oklahoma", "lvl": 3, "pop": 28762, "key": 10557, "isd": true, "ppd": 35.608000000000004, "med": 38.3, "p65": 15.413, "p70": 9.732000000000001, "hos": 2.77, "exp": 78.86, "adr": 1.0, "amn": 132258.0, "amv": 228357.0, "amd": 1947.0, "amt": 886875.0, "tmn": [208, 139, 312, 451, 312, 243, 312, 104, 173, 486, 139, 69, 173, 208, 0, 34, 139, 243, 312, 173, 0], "tmv": [3662, 2393, 4746, 4917, 6132, 6772, 6806, 0, 0, 3221, 4419, 5606, 5173, 5466, 3298, 2593, 4349, 5491, 6616, 7139, 7375], "tmd": [0, 0, 35, 0, 0, 0, 0, 0, 35, 35, 0, 0, 35, 0, 0, 0, 0, 35, 0, 0, 0], "wmn": 904, "wmt": 23702, "wmd": 35, "wmv": 36864, "wdn": -33, "wdt": 111, "wdd": -67, "wdv": 54, "tlv": "Oklahoma"}