{"loc": "Caddo", "iso": "US", "l1": "United States", "l2": "Louisiana", "lvl": 3, "pop": 240204, "key": 10556, "isd": true, "ppd": 35.608000000000004, "med": 38.3, "p65": 15.413, "p70": 9.732000000000001, "hos": 2.77, "exp": 78.86, "adr": 3.0, "amn": 101106.0, "amv": 153709.0, "amd": 2706.0, "amt": 1141432.0, "tmn": [1028, 657, 512, 761, 661, 437, 0, 994, 170, 437, 403, 2818, 174, 0, 453, 320, 287, 62, 541, 170, 0], "tmv": [3978, 2687, 2448, 3374, 4677, 5132, 5139, 4690, 3336, 1695, 3330, 4023, 4903, 6734, 6595, 3662, 2393, 4746, 4917, 6132, 6772], "tmd": [9, 5, 34, 5, 0, 21, 0, 9, 21, 5, 59, 9, 9, 0, 9, 5, 25, 9, 17, 13, 0], "wmn": 1836, "wmt": 35849, "wmd": 75, "wmv": 35221, "wdn": -63, "wdt": -5, "wdd": -31, "wdv": 23, "tlv": "Louisiana"}