{"loc": "Cabarrus", "iso": "US", "l1": "United States", "l2": "North Carolina", "lvl": 3, "pop": 216453, "key": 10553, "isd": true, "ppd": 35.608000000000004, "med": 38.3, "p65": 15.413, "p70": 9.732000000000001, "hos": 2.77, "exp": 78.86, "adr": 1.0, "amn": 151340.0, "amv": 1263117.0, "amd": 1543.0, "amt": 1593972.0, "tmn": [318, 480, 0, 0, 923, 152, 300, 304, 221, 0, 0, 785, 133, 198, 249, 180, 0, 0, 461, 87, 189], "tmv": [2661, 3390, 3489, 0, 0, 0, 2411, 3257, 3418, 2659, 2485, 1614, 1945, 2278, 2491, 2890, 2710, 2395, 1993, 2154, 3467], "tmd": [5, 10, 0, 0, 10, 19, 0, 0, 0, 0, 0, 5, 14, 0, 5, 10, 0, 0, 0, 0, 10], "wmn": 1169, "wmt": 23123, "wmd": 24, "wmv": 18105, "wdn": -29, "wdt": -6, "wdd": 25, "wdv": 3, "tlv": "North Carolina"}