{"loc": "Cabell", "iso": "US", "l1": "United States", "l2": "West Virginia", "lvl": 3, "pop": 91945, "key": 10554, "isd": true, "ppd": 35.608000000000004, "med": 38.3, "p65": 15.413, "p70": 9.732000000000001, "hos": 2.77, "exp": 78.86, "adr": 2.0, "amn": 142792.0, "amv": 1179384.0, "amd": 2382.0, "amt": 2125044.0, "tmn": [967, 880, 783, 815, 717, 1348, 1098, 1457, 4100, 652, 652, 1968, 1305, 1544, 1326, 880, 250, 946, 1479, 706, 1413], "tmv": [2950, 0, 0, 0, 2913, 2024, 2876, 2739, 2336, 1790, 1886, 2554, 2257, 2903, 2781, 2047, 1978, 1647, 2163, 995, 2262], "tmd": [11, 0, 0, 0, 33, 22, 11, 0, 0, 11, 11, 33, 0, 33, 0, 0, 55, 0, 33, 33, 11], "wmn": 7005, "wmt": 63389, "wmd": 131, "wmv": 13878, "wdn": -40, "wdt": -8, "wdd": 50, "wdv": -16, "tlv": "West Virginia"}