{"loc": "Caguas", "iso": "PR", "l1": "United States", "l2": "Puerto Rico", "lvl": 3, "pop": 124606, "key": 10558, "isd": true, "ppd": 35.608000000000004, "med": 38.3, "p65": 15.413, "p70": 9.732000000000001, "hos": 2.77, "exp": 78.86, "adr": 0.0, "amn": 37944.0, "amv": 306945.0, "amd": 0.0, "amt": 127532.0, "tmn": [72, 88, 136, 32, 48, 96, 88, 128, 104, 96, 0, 40, 8, 72, 0, 0, 601, 96, 64, 64, 56], "tmv": [5466, 3298, 2593, 4349, 5491, 6616, 7139, 7375, 5050, 5255, 5793, 6168, 7391, 8814, 7404, 5275, 4864, 6157, 7535, 8875, 0], "tmd": [0, 0, 0, 0, 0, 0, 0, 0, 0, 0, 0, 0, 0, 0, 0, 0, 0, 0, 0, 0, 0], "wmn": 883, "wmt": 82, "wmd": 0, "wmv": 40113, "wdn": 96, "wdt": -74, "wdd": 0, "wdv": -13, "tlv": "Puerto Rico"}