{"loc": "Caguas", "iso": "PR", "l1": "United States", "l2": "Puerto Rico", "lvl": 3, "pop": 124606, "key": 10558, "isd": true, "ppd": 35.608000000000004, "med": 38.3, "p65": 15.413, "p70": 9.732000000000001, "hos": 2.77, "exp": 78.86, "adr": 0.0, "amn": 43361.0, "amv": 591235.0, "amd": 0.0, "amt": 130151.0, "tmn": [144, 144, 240, 96, 96, 88, 152, 160, 224, 192, 72, 32, 120, 272, 529, 304, 329, 433, 489, 144, 401], "tmv": [10257, 10611, 9961, 7133, 5431, 8106, 10192, 12065, 12389, 10214, 6477, 4262, 8755, 10329, 12013, 14052, 10864, 8027, 7863, 7615, 0], "tmd": [0, 0, 0, 0, 0, 0, 0, 0, 0, 0, 0, 0, 0, 0, 0, 0, 0, 0, 0, 0, 0], "wmn": 2633, "wmt": 0, "wmd": 0, "wmv": 60438, "wdn": 145, "wdt": 0, "wdd": 0, "wdv": -6, "tlv": "Puerto Rico"}