{"loc": "Cabell", "iso": "US", "l1": "United States", "l2": "West Virginia", "lvl": 3, "pop": 91945, "key": 10554, "isd": true, "ppd": 35.608000000000004, "med": 38.3, "p65": 15.413, "p70": 9.732000000000001, "hos": 2.77, "exp": 78.86, "adr": 2.0, "amn": 84703.0, "amv": 220982.0, "amd": 1740.0, "amt": 1224446.0, "tmn": [380, 152, 576, 174, 424, 554, 402, 97, 130, 174, 500, 696, -97, 358, 43, 65, 326, 228, 239, 76, 206], "tmv": [6595, 3662, 2393, 4746, 4917, 6132, 6772, 6806, 0, 0, 3221, 4419, 5606, 5173, 5466, 3298, 2593, 4349, 5491, 6616, 7139], "tmd": [0, 11, 22, 22, 22, 0, 0, 22, 0, 0, 0, 0, 0, 11, 11, 0, 0, 0, 0, 0, 0], "wmn": 1186, "wmt": 33608, "wmd": 11, "wmv": 34956, "wdn": -36, "wdt": 9, "wdd": -67, "wdv": 39, "tlv": "West Virginia"}