{"loc": "Calaveras", "iso": "US", "l1": "United States", "l2": "California", "lvl": 3, "pop": 45905, "key": 10561, "isd": true, "ppd": 35.608000000000004, "med": 38.3, "p65": 15.413, "p70": 9.732000000000001, "hos": 2.77, "exp": 78.86, "adr": 2.0, "amn": 71452.0, "amv": 1157792.0, "amd": 1438.0, "amt": 2193810.0, "tmn": [871, 479, 653, 501, 958, 108, 718, 326, 413, 588, 392, 413, 348, 392, 370, 174, 392, 544, 609, 370, 588], "tmv": [2807, 3250, 3257, 2889, 2103, 1988, 3241, 2538, 4249, 2950, 0, 0, 0, 2913, 2024, 2876, 2739, 2336, 1790, 1886, 0], "tmd": [0, 0, 0, 0, 0, 0, 44, 0, 0, 0, 0, 0, 0, 0, 0, 44, 0, 0, 0, 0, 22], "wmn": 3050, "wmt": 49234, "wmd": 66, "wmv": 13653, "wdn": 6, "wdt": -25, "wdd": 0, "wdv": 8, "tlv": "California"}