{"loc": "Caldwell", "iso": "US", "l1": "United States", "l2": "Texas", "lvl": 3, "pop": 43664, "key": 10568, "isd": true, "ppd": 35.608000000000004, "med": 38.3, "p65": 15.413, "p70": 9.732000000000001, "hos": 2.77, "exp": 78.86, "adr": 2.0, "amn": 125069.0, "amv": 624865.0, "amd": 2176.0, "amt": 764692.0, "tmn": [0, 343, 137, 0, 389, 160, 22, 0, 183, 114, 91, 114, 45, 91, 0, 343, 160, 229, 91, -68, 0], "tmv": [9961, 7133, 5431, 8106, 10192, 12065, 12389, 10214, 6477, 4262, 8755, 10329, 12013, 14052, 10864, 8027, 7863, 7615, 10699, 12037, 10893], "tmd": [0, 0, 0, 0, 0, 23, 0, 0, 0, 23, 0, 0, 23, 0, 0, 0, 0, 0, 0, 0, 0], "wmn": 756, "wmt": 9442, "wmd": 0, "wmv": 68002, "wdn": 18, "wdt": -44, "wdd": -100, "wdv": 3, "tlv": "Texas"}