{"loc": "Caldwell", "iso": "US", "l1": "United States", "l2": "Texas", "lvl": 3, "pop": 43664, "key": 10568, "isd": true, "ppd": 35.608000000000004, "med": 38.3, "p65": 15.413, "p70": 9.732000000000001, "hos": 2.77, "exp": 78.86, "adr": 2.0, "amn": 192058.0, "amv": 1263117.0, "amd": 3481.0, "amt": 1201805.0, "tmn": [206, 0, 0, 0, 0, 0, 1305, 91, 91, 45, 0, 389, 183, 114, 45, 22, 137, 0, 137, 91, -68], "tmv": [2661, 3390, 3489, 0, 0, 0, 2411, 3257, 3418, 2659, 2485, 1614, 1945, 2278, 2491, 2890, 2710, 2395, 1993, 2154, 3467], "tmd": [0, 0, 0, 0, 0, 0, 46, 0, 23, 46, 0, 0, 0, 69, 23, 0, 0, 0, 0, 46, 0], "wmn": 367, "wmt": 16225, "wmd": 69, "wmv": 18105, "wdn": -60, "wdt": -4, "wdd": -50, "wdv": 3, "tlv": "Texas"}