{"loc": "Caledonia", "iso": "US", "l1": "United States", "l2": "Vermont", "lvl": 3, "pop": 29993, "key": 10569, "isd": true, "ppd": 35.608000000000004, "med": 38.3, "p65": 15.413, "p70": 9.732000000000001, "hos": 2.77, "exp": 78.86, "adr": 1.0, "amn": 37375.0, "amv": 1081852.0, "amd": 233.0, "amt": 2909873.0, "tmn": [0, 0, 0, 33, 0, 0, 33, 33, 0, 133, 166, 0, 0, 366, 100, 66, 133, 133, 0, 0, 0], "tmv": [1200, 2288, 2155, 2600, 2160, 2477, 1419, 1374, 2201, 2622, 2492, 2548, 2348, 1615, 1875, 1986, 1986, 2786, 3007, 2017, 0], "tmd": [0, 0, 0, 0, 0, 0, 0, 0, 0, 0, 0, 0, 0, 0, 0, 0, 0, 0, 0, 0, 0], "wmn": 434, "wmt": 36726, "wmd": 0, "wmv": 13660, "wdn": -38, "wdt": 37, "wdd": 0, "wdv": -10, "tlv": "Vermont"}