{"loc": "Caldwell", "iso": "US", "l1": "United States", "l2": "Missouri", "lvl": 3, "pop": 9020, "key": 10566, "isd": true, "ppd": 35.608000000000004, "med": 38.3, "p65": 15.413, "p70": 9.732000000000001, "hos": 2.77, "exp": 78.86, "adr": 2.0, "amn": 98115.0, "amv": 1003454.0, "amd": 1663.0, "amt": 940587.0, "tmn": [1441, 776, 665, 886, 221, 0, 0, 221, 110, 221, 332, 110, 0, 0, 110, 0, 110, 221, 0, 0, 110], "tmv": [3121, 6234, 3276, 3244, 2575, 1851, 1965, 1967, 2474, 1554, 2803, 3655, 3299, 2241, 4154, 4949, 1994, 3524, 1923, 0, 0], "tmd": [0, 0, 0, 0, 0, 0, 0, 0, 0, 0, 0, 0, 0, 0, 0, 0, 0, 0, 0, 0, 0], "wmn": 555, "wmt": 8525, "wmd": 0, "wmv": 16547, "wdn": -44, "wdt": -3, "wdd": 0, "wdv": -8, "tlv": "Missouri"}