{"loc": "Calcasieu", "iso": "US", "l1": "United States", "l2": "Louisiana", "lvl": 3, "pop": 203436, "key": 10562, "isd": true, "ppd": 35.608000000000004, "med": 38.3, "p65": 15.413, "p70": 9.732000000000001, "hos": 2.77, "exp": 78.86, "adr": 2.0, "amn": 160306.0, "amv": 1160346.0, "amd": 2733.0, "amt": 1900804.0, "tmn": [717, 0, 0, 0, 0, 3190, 639, 609, 0, 0, 0, 1287, 1867, 2103, 511, 0, 0, 0, 1002, 1164, 285], "tmv": [3250, 3257, 2889, 2103, 1988, 3241, 2538, 4249, 2950, 0, 0, 0, 2913, 2024, 2876, 2739, 2336, 1790, 1886, 2554, 0], "tmd": [15, 0, 0, 0, 0, 30, 10, 0, 0, 0, 0, 5, 50, 0, 40, 0, 0, 0, 5, 64, 25], "wmn": 2965, "wmt": 32041, "wmd": 133, "wmv": 14183, "wdn": -49, "wdt": 35, "wdd": 145, "wdv": 17, "tlv": "Louisiana"}