{"loc": "Callahan", "iso": "US", "l1": "United States", "l2": "Texas", "lvl": 3, "pop": 13943, "key": 10582, "isd": true, "ppd": 35.608000000000004, "med": 38.3, "p65": 15.413, "p70": 9.732000000000001, "hos": 2.77, "exp": 78.86, "adr": 3.0, "amn": 97468.0, "amv": 1100743.0, "amd": 3084.0, "amt": 988442.0, "tmn": [0, 430, 717, 286, 286, 932, 0, 0, 1147, 286, 286, 215, 358, 0, 0, 1004, 860, 358, 430, 430, 0], "tmv": [1419, 1374, 2201, 2622, 2492, 2548, 2348, 1615, 1875, 1986, 1986, 2786, 3007, 2017, 2605, 1830, 2139, 3106, 3068, 3187, 2953], "tmd": [0, 0, 0, 0, 0, 0, 0, 0, 0, 0, 0, 0, 0, 0, 0, 0, 72, 72, 0, 0, 0], "wmn": 3084, "wmt": 19995, "wmd": 144, "wmv": 18892, "wdn": 34, "wdt": 6, "wdd": 0, "wdv": 24, "tlv": "Texas"}