{"loc": "California", "iso": "US", "l1": "United States", "l2": "California", "lvl": 2, "pop": 39512223, "key": 10581, "isd": true, "ppd": 35.608000000000004, "med": 38.3, "p65": 15.413, "p70": 9.732000000000001, "hos": 2.77, "exp": 78.86, "adr": 2.0, "amn": 93565.0, "amv": 556863.0, "amd": 1528.0, "amt": 1412921.0, "tmn": [34, 86, 63, 71, 64, 87, 53, 50, 80, 59, 62, 65, 97, 22, 16, 154, 55, 61, 64, 92, 83], "tmv": [9226, 6156, 5181, 6849, 8594, 10257, 10611, 9961, 7133, 5431, 8106, 10192, 12065, 12389, 10214, 6477, 4262, 8755, 10329, 12013, 14052], "tmd": [3, 3, 5, 5, 13, 6, 5, 4, 3, 3, 4, 4, 6, 1, 2, 3, 3, 3, 4, 4, 3], "wmn": 529, "wmt": 32237, "wmd": 19, "wmv": 66105, "wdn": 20, "wdt": -20, "wdd": -12, "wdv": 1, "tlv": "California"}