{"loc": "Camden", "iso": "US", "l1": "United States", "l2": "New Jersey", "lvl": 3, "pop": 506471, "key": 10593, "isd": true, "ppd": 35.608000000000004, "med": 38.3, "p65": 15.413, "p70": 9.732000000000001, "hos": 2.77, "exp": 78.86, "adr": 2.0, "amn": 110539.0, "amv": 998006.0, "amd": 2646.0, "amt": 1641337.0, "tmn": [39, 25, 31, 33, 35, 15, 21, 11, 17, 21, 21, 21, 27, 27, 15, 19, 27, 51, 19, 33, 13], "tmv": [3672, 4016, 3766, 3121, 6234, 3276, 3244, 2575, 1851, 1965, 1967, 2474, 1554, 2803, 3655, 3299, 2241, 4154, 4949, 1994, 0], "tmd": [2, 0, 2, 4, 2, 4, 0, 0, 2, 2, 6, 0, 4, 0, 0, 0, 6, 2, 4, 4, 0], "wmn": 182, "wmt": 3324, "wmd": 16, "wmv": 20295, "wdn": 21, "wdt": 41, "wdd": 14, "wdv": 34, "tlv": "New Jersey"}