{"loc": "Camp", "iso": "US", "l1": "United States", "l2": "Texas", "lvl": 3, "pop": 13094, "key": 10599, "isd": true, "ppd": 35.608000000000004, "med": 38.3, "p65": 15.413, "p70": 9.732000000000001, "hos": 2.77, "exp": 78.86, "adr": 3.0, "amn": 145105.0, "amv": 1157792.0, "amd": 4200.0, "amt": 1084542.0, "tmn": [305, 1069, 1680, 2520, 0, 534, 1374, 1145, 2672, 381, 458, 840, 1451, 763, 840, 458, 229, 0, 0, 1680, 2749], "tmv": [2807, 3250, 3257, 2889, 2103, 1988, 3241, 2538, 4249, 2950, 0, 0, 0, 2913, 2024, 2876, 2739, 2336, 1790, 1886, 0], "tmd": [0, 77, 0, 0, 0, 77, 0, 0, 0, 0, 0, 0, 0, 0, 77, 153, 0, 0, 0, 0, 230], "wmn": 5957, "wmt": 29130, "wmd": 459, "wmv": 13653, "wdn": -23, "wdt": -9, "wdd": 0, "wdv": 8, "tlv": "Texas"}