{"loc": "Camden", "iso": "US", "l1": "United States", "l2": "New Jersey", "lvl": 3, "pop": 506471, "key": 10593, "isd": true, "ppd": 35.608000000000004, "med": 38.3, "p65": 15.413, "p70": 9.732000000000001, "hos": 2.77, "exp": 78.86, "adr": 2.0, "amn": 121600.0, "amv": 1144139.0, "amd": 2705.0, "amt": 1720210.0, "tmn": [463, 213, 181, 300, 221, 270, 231, 347, 337, 268, 232, 242, 276, 420, 256, 311, 231, 341, 11, 454, 319], "tmv": [3068, 3187, 2953, 1851, 1966, 2813, 2807, 3250, 3257, 2889, 2103, 1988, 3241, 2538, 4249, 2950, 0, 0, 0, 2913, 0], "tmd": [0, 2, 2, 0, 2, 0, 2, 4, 4, 0, 4, 2, 2, 4, 0, 2, 0, 2, 8, 2, 0], "wmn": 1928, "wmt": 7136, "wmd": 14, "wmv": 10114, "wdn": -9, "wdt": -19, "wdd": -30, "wdv": -48, "tlv": "New Jersey"}