{"loc": "Camden", "iso": "US", "l1": "United States", "l2": "North Carolina", "lvl": 3, "pop": 10867, "key": 10594, "isd": true, "ppd": 35.608000000000004, "med": 38.3, "p65": 15.413, "p70": 9.732000000000001, "hos": 2.77, "exp": 78.86, "adr": 1.0, "amn": 104445.0, "amv": 1263117.0, "amd": 736.0, "amt": 1593972.0, "tmn": [368, 276, 0, 0, 644, 184, 184, 184, 644, 0, 0, 1104, 184, 920, 644, 276, 0, 0, 736, 276, 276], "tmv": [2661, 3390, 3489, 0, 0, 0, 2411, 3257, 3418, 2659, 2485, 1614, 1945, 2278, 2491, 2890, 2710, 2395, 1993, 2154, 3467], "tmd": [0, 0, 0, 0, 0, 0, 0, 0, 0, 0, 0, 0, 0, 0, 0, 0, 0, 0, 0, 0, 0], "wmn": 2209, "wmt": 23123, "wmd": 0, "wmv": 18105, "wdn": -27, "wdt": -6, "wdd": 0, "wdv": 3, "tlv": "North Carolina"}