{"loc": "Cameron", "iso": "US", "l1": "United States", "l2": "Pennsylvania", "lvl": 3, "pop": 4447, "key": 10596, "isd": true, "ppd": 35.608000000000004, "med": 38.3, "p65": 15.413, "p70": 9.732000000000001, "hos": 2.77, "exp": 78.86, "adr": 3.0, "amn": 73758.0, "amv": 1100743.0, "amd": 2249.0, "amt": 1217605.0, "tmn": [0, 0, 0, 0, 0, 0, 0, 224, 224, 0, 449, 224, 0, 0, 0, 224, 224, 0, 449, 0, 224], "tmv": [1374, 2201, 2622, 2492, 2548, 2348, 1615, 1875, 1986, 1986, 2786, 3007, 2017, 2605, 1830, 2139, 3106, 3068, 3187, 2953, 0], "tmd": [0, 0, 0, 0, 0, 0, 0, 0, 0, 0, 0, 0, 0, 0, 0, 0, 0, 0, 0, 0, 0], "wmn": 1125, "wmt": 16388, "wmd": 0, "wmv": 16287, "wdn": 0, "wdt": 18, "wdd": 0, "wdv": 0, "tlv": "Pennsylvania"}