{"loc": "Camden", "iso": "US", "l1": "United States", "l2": "Missouri", "lvl": 3, "pop": 46305, "key": 10592, "isd": true, "ppd": 35.608000000000004, "med": 38.3, "p65": 15.413, "p70": 9.732000000000001, "hos": 2.77, "exp": 78.86, "adr": 2.0, "amn": 93640.0, "amv": 968912.0, "amd": 1922.0, "amt": 924253.0, "tmn": [86, 345, 43, -43, 64, 215, 151, 215, 194, 280, 323, 0, 172, 194, 604, 194, 302, 172, 302, 410, 86], "tmv": [2452, 4248, 3485, 4157, 3682, 3252, 2518, 2835, 2495, 4865, 3672, 4016, 3766, 3121, 6234, 3276, 3244, 2575, 1851, 1965, 0], "tmd": [0, 0, 0, 0, 0, 0, 0, 0, 0, 0, 0, 0, 22, 0, 0, 0, 0, 0, 0, 0, 0], "wmn": 2074, "wmt": 7543, "wmd": 0, "wmv": 19149, "wdn": 50, "wdt": -3, "wdd": -100, "wdv": -23, "tlv": "Missouri"}