{"loc": "Cameron", "iso": "US", "l1": "United States", "l2": "Texas", "lvl": 3, "pop": 423163, "key": 10597, "isd": true, "ppd": 35.608000000000004, "med": 38.3, "p65": 15.413, "p70": 9.732000000000001, "hos": 2.77, "exp": 78.86, "adr": 3.0, "amn": 132519.0, "amv": 1086287.0, "amd": 4110.0, "amt": 978706.0, "tmn": [0, 200, 786, 0, 0, 727, 345, 248, 18040, 1441, 0, 0, 1387, 777, 323, 699, 1226, 0, 0, 1323, 796], "tmv": [2155, 2600, 2160, 2477, 1419, 1374, 2201, 2622, 2492, 2548, 2348, 1615, 1875, 1986, 1986, 2786, 3007, 2017, 2605, 1830, 0], "tmd": [0, 0, 0, 0, 0, 22, 3, 5, 0, 0, 0, 0, 19, 8, 0, 12, 0, 0, 0, 17, 3], "wmn": 4370, "wmt": 20834, "wmd": 31, "wmv": 14234, "wdn": -80, "wdt": 14, "wdd": 0, "wdv": -8, "tlv": "Texas"}