{"loc": "Camden", "iso": "US", "l1": "United States", "l2": "Georgia", "lvl": 3, "pop": 54666, "key": 10591, "isd": true, "ppd": 35.608000000000004, "med": 38.3, "p65": 15.413, "p70": 9.732000000000001, "hos": 2.77, "exp": 78.86, "adr": 1.0, "amn": 73007.0, "amv": 861822.0, "amd": 677.0, "amt": 814991.0, "tmn": [0, 36, 36, 54, 73, 109, 54, 18, 18, 36, 128, 18, 36, 73, 0, 36, 128, 54, 91, 91, 36], "tmv": [6458, 3608, 3001, 5456, 7305, 8515, 7794, 7192, 5713, 4653, 4699, 5814, 5591, 7265, 6352, 4511, 3409, 5326, 6395, 6671, 7120], "tmd": [0, 0, 19, 0, 0, 0, 0, 0, 0, 0, 19, 0, 0, 0, 0, 0, 0, 0, 0, 0, 0], "wmn": 440, "wmt": 8936, "wmd": 0, "wmv": 39789, "wdn": 33, "wdt": -16, "wdd": -100, "wdv": -3, "tlv": "Georgia"}