{"loc": "Camden", "iso": "US", "l1": "United States", "l2": "North Carolina", "lvl": 3, "pop": 10867, "key": 10594, "isd": true, "ppd": 35.608000000000004, "med": 38.3, "p65": 15.413, "p70": 9.732000000000001, "hos": 2.77, "exp": 78.86, "adr": 1.0, "amn": 77482.0, "amv": 1141226.0, "amd": 736.0, "amt": 1383960.0, "tmn": [368, 368, 0, 0, 1564, 92, 736, 184, 644, 0, 0, 1564, 368, 276, 828, 552, 0, 0, 0, 828, 1288], "tmv": [3106, 3068, 3187, 2953, 1851, 1966, 2813, 2807, 3250, 3257, 2889, 2103, 1988, 3241, 2538, 4249, 2950, 0, 0, 0, 0], "tmd": [0, 0, 0, 0, 0, 0, 0, 0, 0, 0, 0, 0, 0, 0, 0, 0, 0, 0, 0, 0, 93], "wmn": 3497, "wmt": 35553, "wmd": 93, "wmv": 9740, "wdn": 15, "wdt": 13, "wdd": 0, "wdv": -50, "tlv": "North Carolina"}