{"loc": "Camden", "iso": "US", "l1": "United States", "l2": "Georgia", "lvl": 3, "pop": 54666, "key": 10591, "isd": true, "ppd": 35.608000000000004, "med": 38.3, "p65": 15.413, "p70": 9.732000000000001, "hos": 2.77, "exp": 78.86, "adr": 1.0, "amn": 76903.0, "amv": 1014221.0, "amd": 713.0, "amt": 867461.0, "tmn": [0, 73, 18, 54, 54, 36, 54, 36, 128, 219, 146, 128, 0, 0, 0, 603, 201, 164, 512, 0, 0], "tmv": [1851, 1965, 1967, 2474, 1554, 2803, 3655, 3299, 2241, 4154, 4949, 1994, 3524, 1923, 0, 0, 1326, 2107, 1883, 1818, 1779], "tmd": [0, 0, 0, 19, 0, 0, 0, 0, 0, 0, 0, 0, 0, 0, 0, 0, 0, 0, 0, 0, 0], "wmn": 1482, "wmt": 6440, "wmd": 0, "wmv": 8916, "wdn": 125, "wdt": 8, "wdd": 0, "wdv": -60, "tlv": "Georgia"}