{"loc": "Campbell", "iso": "US", "l1": "United States", "l2": "Tennessee", "lvl": 3, "pop": 39842, "key": 10603, "isd": true, "ppd": 35.608000000000004, "med": 38.3, "p65": 15.413, "p70": 9.732000000000001, "hos": 2.77, "exp": 78.86, "adr": 1.0, "amn": 99041.0, "amv": 343093.0, "amd": 1481.0, "amt": 1028940.0, "tmn": [125, 100, 0, 75, 25, 150, 200, 250, 150, 75, 0, 351, 426, 351, 326, 0, 0, 652, 200, 250, 175], "tmv": [6616, 7139, 7375, 5050, 5255, 5793, 6168, 7391, 8814, 7404, 5275, 4864, 6157, 7535, 8875, 13887, 4118, 6135, 5026, 6980, 0], "tmd": [0, 0, 0, 0, 0, 0, 0, 0, 0, 0, 0, 0, 0, 0, 0, 0, 0, 0, 0, 0, 0], "wmn": 1607, "wmt": 15137, "wmd": 0, "wmv": 45024, "wdn": 0, "wdt": 17, "wdd": 0, "wdv": -5, "tlv": "Tennessee"}