{"loc": "Campbell", "iso": "US", "l1": "United States", "l2": "Kentucky", "lvl": 3, "pop": 93584, "key": 10601, "isd": true, "ppd": 35.608000000000004, "med": 38.3, "p65": 15.413, "p70": 9.732000000000001, "hos": 2.77, "exp": 78.86, "adr": 1.0, "amn": 91511.0, "amv": 861822.0, "amd": 748.0, "amt": 1182041.0, "tmn": [32, 10, 64, 53, 53, 32, 224, 21, 0, 299, 128, 117, 85, 74, 106, 213, 192, 138, 181, 138, 149], "tmv": [6458, 3608, 3001, 5456, 7305, 8515, 7794, 7192, 5713, 4653, 4699, 5814, 5591, 7265, 6352, 4511, 3409, 5326, 6395, 6671, 7120], "tmd": [0, 0, 0, 0, 0, 0, 0, 0, 0, 0, 0, 0, 0, 0, 0, 0, 0, 0, 0, 0, 0], "wmn": 1122, "wmt": 11483, "wmd": 0, "wmv": 39789, "wdn": 54, "wdt": -5, "wdd": 0, "wdv": -3, "tlv": "Kentucky"}