{"loc": "Campbell", "iso": "US", "l1": "United States", "l2": "Kentucky", "lvl": 3, "pop": 93584, "key": 10601, "isd": true, "ppd": 35.608000000000004, "med": 38.3, "p65": 15.413, "p70": 9.732000000000001, "hos": 2.77, "exp": 78.86, "adr": 1.0, "amn": 132897.0, "amv": 1263117.0, "amd": 1015.0, "amt": 1634254.0, "tmn": [288, 0, 0, 1015, 406, 235, 427, 331, 0, 0, 587, 459, 470, 534, 160, 0, 0, 384, 96, 256, 373], "tmv": [3390, 3489, 0, 0, 0, 2411, 3257, 3418, 2659, 2485, 1614, 1945, 2278, 2491, 2890, 2710, 2395, 1993, 2154, 3467, 0], "tmd": [0, 0, 0, 11, 11, 0, 0, 0, 0, 0, 0, 0, 0, 33, 0, 0, 0, 0, 0, 0, 0], "wmn": 1272, "wmt": 21308, "wmd": 0, "wmv": 15613, "wdn": -47, "wdt": -6, "wdd": -100, "wdv": -8, "tlv": "Kentucky"}