{"loc": "Campbell", "iso": "US", "l1": "United States", "l2": "Wyoming", "lvl": 3, "pop": 46341, "key": 10605, "isd": true, "ppd": 35.608000000000004, "med": 38.3, "p65": 15.413, "p70": 9.732000000000001, "hos": 2.77, "exp": 78.86, "adr": 1.0, "amn": 114348.0, "amv": 1039887.0, "amd": 1359.0, "amt": 1403417.0, "tmn": [21, 0, 107, 0, 0, 151, 107, 129, 86, 107, 0, 0, 237, 172, 194, 129, 172, 0, 0, 258, 366], "tmv": [1326, 2107, 1883, 1818, 1779, 1363, 1036, 1655, 1721, 1666, 1928, 1520, 1539, 740, 1856, 2005, 1821, 2051, 2364, 1193, 1200], "tmd": [0, 0, 0, 0, 0, 0, 22, 0, 0, 0, 0, 0, 0, 0, 0, 0, 0, 0, 0, 0, 44], "wmn": 1123, "wmt": 12496, "wmd": 44, "wmv": 12494, "wdn": 53, "wdt": -26, "wdd": 0, "wdv": 16, "tlv": "Wyoming"}