{"loc": "Candler", "iso": "US", "l1": "United States", "l2": "Georgia", "lvl": 3, "pop": 10803, "key": 10611, "isd": true, "ppd": 35.608000000000004, "med": 38.3, "p65": 15.413, "p70": 9.732000000000001, "hos": 2.77, "exp": 78.86, "adr": 6.0, "amn": 111821.0, "amv": 1100743.0, "amd": 6387.0, "amt": 945217.0, "tmn": [462, 647, 185, 555, 370, 0, 0, 1203, 1295, 925, 2129, 555, 0, 0, 1573, 647, 1851, 2684, 1388, 0, 0], "tmv": [1419, 1374, 2201, 2622, 2492, 2548, 2348, 1615, 1875, 1986, 1986, 2786, 3007, 2017, 2605, 1830, 2139, 3106, 3068, 3187, 2953], "tmd": [0, 0, 0, 0, 0, 0, 0, 0, 0, 0, 0, 0, 0, 0, 0, 0, 0, 0, 93, 0, 0], "wmn": 8146, "wmt": 21087, "wmd": 93, "wmv": 18892, "wdn": 33, "wdt": 22, "wdd": 0, "wdv": 24, "tlv": "Georgia"}