{"loc": "Canyon", "iso": "US", "l1": "United States", "l2": "Idaho", "lvl": 3, "pop": 229849, "key": 10615, "isd": true, "ppd": 35.608000000000004, "med": 38.3, "p65": 15.413, "p70": 9.732000000000001, "hos": 2.77, "exp": 78.86, "adr": 1.0, "amn": 163177.0, "amv": 1204735.0, "amd": 1914.0, "amt": 541551.0, "tmn": [609, 774, 730, 121, 113, 565, 1331, 465, 582, 1096, 187, 104, 709, 1213, 1009, 1370, 1165, 600, 47, 1065, 1457], "tmv": [2554, 2257, 2903, 2781, 2047, 1978, 1647, 2163, 995, 2262, 2445, 2251, 1671, 0, 0, 2784, 2570, 2833, 3777, 2988, 0], "tmd": [9, 5, 22, 0, 0, 9, 5, 9, 27, 35, 0, 0, 22, 44, 22, 40, 0, 66, 0, 9, 0], "wmn": 6718, "wmt": 9057, "wmd": 135, "wmv": 14955, "wdn": 54, "wdt": -9, "wdd": 0, "wdv": 27, "tlv": "Idaho"}