{"loc": "Canyon", "iso": "US", "l1": "United States", "l2": "Idaho", "lvl": 3, "pop": 229849, "key": 10615, "isd": true, "ppd": 35.608000000000004, "med": 38.3, "p65": 15.413, "p70": 9.732000000000001, "hos": 2.77, "exp": 78.86, "adr": 1.0, "amn": 154245.0, "amv": 1179384.0, "amd": 1714.0, "amt": 527658.0, "tmn": [0, 0, 0, 1975, 1118, 822, 1070, 530, 330, 961, 909, 609, 774, 730, 121, 113, 565, 1331, 465, 582, 1096], "tmv": [2950, 0, 0, 0, 2913, 2024, 2876, 2739, 2336, 1790, 1886, 2554, 2257, 2903, 2781, 2047, 1978, 1647, 2163, 995, 2262], "tmd": [0, 0, 0, 31, 22, 14, 9, 0, 0, 14, 14, 9, 5, 22, 0, 0, 9, 5, 9, 27, 35], "wmn": 4277, "wmt": 10884, "wmd": 83, "wmv": 13878, "wdn": -12, "wdt": -3, "wdd": 36, "wdv": -16, "tlv": "Idaho"}