{"loc": "Cape Girardeau", "iso": "US", "l1": "United States", "l2": "Missouri", "lvl": 3, "pop": 78871, "key": 10616, "isd": true, "ppd": 35.608000000000004, "med": 38.3, "p65": 15.413, "p70": 9.732000000000001, "hos": 2.77, "exp": 78.86, "adr": 1.0, "amn": 145098.0, "amv": 1170335.0, "amd": 1889.0, "amt": 1122076.0, "tmn": [114, 633, 621, 697, 570, 202, 228, 215, 456, 608, 1572, 659, 380, 557, 824, 925, 760, 621, 494, 266, 164], "tmv": [1988, 3241, 2538, 4249, 2950, 0, 0, 0, 2913, 2024, 2876, 2739, 2336, 1790, 1886, 2554, 2257, 2903, 2781, 2047, 0], "tmd": [13, 0, 0, 0, 0, 0, 0, 0, 13, 0, 0, 0, 0, 0, 39, 0, 0, 0, 0, 0, 0], "wmn": 4058, "wmt": 20562, "wmd": 39, "wmv": 14431, "wdn": -9, "wdt": 14, "wdd": 200, "wdv": -2, "tlv": "Missouri"}