{"loc": "Carbon", "iso": "US", "l1": "United States", "l2": "Pennsylvania", "lvl": 3, "pop": 64182, "key": 10623, "isd": true, "ppd": 35.608000000000004, "med": 38.3, "p65": 15.413, "p70": 9.732000000000001, "hos": 2.77, "exp": 78.86, "adr": 3.0, "amn": 99748.0, "amv": 998006.0, "amd": 2742.0, "amt": 1141851.0, "tmn": [15, 0, 0, 15, 15, 15, 15, 0, 15, 15, 15, 31, 0, 31, 0, 15, 31, 0, 0, 15, 0], "tmv": [3672, 4016, 3766, 3121, 6234, 3276, 3244, 2575, 1851, 1965, 1967, 2474, 1554, 2803, 3655, 3299, 2241, 4154, 4949, 1994, 0], "tmd": [0, 0, 0, 0, 16, 0, 0, 0, 0, 0, 0, 16, 0, 0, 0, 0, 0, 0, 0, 0, 0], "wmn": 63, "wmt": 8321, "wmd": 0, "wmv": 20295, "wdn": -43, "wdt": -25, "wdd": -100, "wdv": 34, "tlv": "Pennsylvania"}