{"loc": "Caroline", "iso": "US", "l1": "United States", "l2": "Maryland", "lvl": 3, "pop": 33406, "key": 10629, "isd": true, "ppd": 35.608000000000004, "med": 38.3, "p65": 15.413, "p70": 9.732000000000001, "hos": 2.77, "exp": 78.86, "adr": 1.0, "amn": 70347.0, "amv": 959275.0, "amd": 898.0, "amt": 1768278.0, "tmn": [0, 0, 0, 0, 29, 29, 0, 29, 29, 29, 29, 29, 0, 29, 0, 0, 0, 29, 0, 0, 0], "tmv": [3714, 0, 0, 1543, 2452, 4248, 3485, 4157, 3682, 3252, 2518, 2835, 2495, 4865, 3672, 4016, 3766, 3121, 6234, 3276, 0], "tmd": [0, 0, 0, 0, 0, 0, 0, 0, 0, 0, 30, 0, 0, 0, 0, 0, 0, 0, 0, 0, 0], "wmn": 30, "wmt": 17290, "wmd": 0, "wmv": 24088, "wdn": -83, "wdt": -11, "wdd": -100, "wdv": 1, "tlv": "Maryland"}