{"loc": "Carbon", "iso": "US", "l1": "United States", "l2": "Pennsylvania", "lvl": 3, "pop": 64182, "key": 10623, "isd": true, "ppd": 35.608000000000004, "med": 38.3, "p65": 15.413, "p70": 9.732000000000001, "hos": 2.77, "exp": 78.86, "adr": 3.0, "amn": 100729.0, "amv": 1051569.0, "amd": 2742.0, "amt": 1175325.0, "tmn": [31, 15, 31, 15, 15, 0, 46, 124, 62, 31, 46, 109, 15, 46, 46, 31, 93, 15, 0, 140, 15], "tmv": [1036, 1655, 1721, 1666, 1928, 1520, 1539, 740, 1856, 2005, 1821, 2051, 2364, 1193, 1200, 2288, 2155, 2600, 2160, 2477, 0], "tmd": [0, 0, 0, 0, 0, 0, 0, 0, 0, 0, 0, 0, 0, 0, 0, 0, 0, 0, 0, 0, 0], "wmn": 343, "wmt": 10186, "wmd": 0, "wmv": 12884, "wdn": -21, "wdt": 31, "wdd": 0, "wdv": 7, "tlv": "Pennsylvania"}