{"loc": "Carroll", "iso": "US", "l1": "United States", "l2": "Maryland", "lvl": 3, "pop": 168447, "key": 10637, "isd": true, "ppd": 35.608000000000004, "med": 38.3, "p65": 15.413, "p70": 9.732000000000001, "hos": 2.77, "exp": 78.86, "adr": 3.0, "amn": 43628.0, "amv": 160515.0, "amd": 1229.0, "amt": 1238230.0, "tmn": [284, 314, 344, 314, 172, 379, 172, 106, 94, 142, 219, 142, 314, 124, 195, 136, 237, 130, 112, 106, 106], "tmv": [2448, 3374, 4677, 5132, 5139, 4690, 3336, 1695, 3330, 4023, 4903, 6734, 6595, 3662, 2393, 4746, 4917, 6132, 6772, 6806, 0], "tmd": [0, 12, 12, 0, 6, 0, 0, 0, 0, 24, 12, 12, 6, 0, 0, 12, 6, 0, 0, 0, 6], "wmn": 1028, "wmt": 37358, "wmd": 24, "wmv": 31769, "wdn": -10, "wdt": 2, "wdd": -56, "wdv": 3, "tlv": "Maryland"}