{"loc": "Carroll", "iso": "US", "l1": "United States", "l2": "Kentucky", "lvl": 3, "pop": 10631, "key": 10636, "isd": true, "ppd": 35.608000000000004, "med": 38.3, "p65": 15.413, "p70": 9.732000000000001, "hos": 2.77, "exp": 78.86, "adr": 2.0, "amn": 127834.0, "amv": 1121684.0, "amd": 1975.0, "amt": 1371785.0, "tmn": [1222, 470, 1599, 1410, 0, 0, 1410, 658, 1128, 1881, 1599, 0, 0, 3010, 1034, 2351, 1787, 1222, 0, 0, 3292], "tmv": [1875, 1986, 1986, 2786, 3007, 2017, 2605, 1830, 2139, 3106, 3068, 3187, 2953, 1851, 1966, 2813, 2807, 3250, 3257, 2889, 2103], "tmd": [0, 0, 0, 0, 0, 0, 0, 0, 0, 0, 0, 0, 0, 0, 0, 0, 0, 0, 0, 0, 0], "wmn": 9689, "wmt": 33085, "wmd": 0, "wmv": 19089, "wdn": 17, "wdt": 13, "wdd": 0, "wdv": 5, "tlv": "Kentucky"}