{"loc": "Carroll", "iso": "US", "l1": "United States", "l2": "Indiana", "lvl": 3, "pop": 20257, "key": 10634, "isd": true, "ppd": 35.608000000000004, "med": 38.3, "p65": 15.413, "p70": 9.732000000000001, "hos": 2.77, "exp": 78.86, "adr": 1.0, "amn": 103717.0, "amv": 1074040.0, "amd": 1185.0, "amt": 1711981.0, "tmn": [0, 0, 296, 98, 197, 394, 148, 0, 0, 444, 444, 197, 197, 493, 0, 0, 1431, 839, 394, 592, 543], "tmv": [2051, 2364, 1193, 1200, 2288, 2155, 2600, 2160, 2477, 1419, 1374, 2201, 2622, 2492, 2548, 2348, 1615, 1875, 1986, 1986, 0], "tmd": [0, 0, 0, 0, 0, 0, 0, 0, 0, 50, 0, 0, 0, 0, 0, 0, 0, 0, 0, 0, 50], "wmn": 3802, "wmt": 27670, "wmd": 50, "wmv": 12361, "wdn": 114, "wdt": 36, "wdd": 0, "wdv": -16, "tlv": "Indiana"}