{"loc": "Carroll", "iso": "US", "l1": "United States", "l2": "Georgia", "lvl": 3, "pop": 119992, "key": 10632, "isd": true, "ppd": 35.608000000000004, "med": 38.3, "p65": 15.413, "p70": 9.732000000000001, "hos": 2.77, "exp": 78.86, "adr": 2.0, "amn": 96498.0, "amv": 991062.0, "amd": 2050.0, "amt": 858636.0, "tmn": [25, 50, 0, 25, 41, 41, 41, 58, 16, 16, 16, 16, 25, -8, 33, 58, 41, 0, 33, 16, 41], "tmv": [2495, 4865, 3672, 4016, 3766, 3121, 6234, 3276, 3244, 2575, 1851, 1965, 1967, 2474, 1554, 2803, 3655, 3299, 2241, 4154, 0], "tmd": [0, 0, 0, 0, 0, 0, 0, 0, 0, 0, 0, 9, 0, 0, 0, 0, 0, 0, 0, 0, 0], "wmn": 226, "wmt": 7245, "wmd": 0, "wmv": 17709, "wdn": 59, "wdt": 1, "wdd": -100, "wdv": 2, "tlv": "Georgia"}