{"loc": "Carroll", "iso": "US", "l1": "United States", "l2": "Indiana", "lvl": 3, "pop": 20257, "key": 10634, "isd": true, "ppd": 35.608000000000004, "med": 38.3, "p65": 15.413, "p70": 9.732000000000001, "hos": 2.77, "exp": 78.86, "adr": 1.0, "amn": 130424.0, "amv": 1263117.0, "amd": 1728.0, "amt": 2138495.0, "tmn": [246, 0, 0, 987, 197, 246, 394, 296, 0, 0, 444, 345, 394, 246, 394, 0, 0, 246, 49, 345, 493], "tmv": [3390, 3489, 0, 0, 0, 2411, 3257, 3418, 2659, 2485, 1614, 1945, 2278, 2491, 2890, 2710, 2395, 1993, 2154, 3467, 0], "tmd": [0, 0, 0, 0, 0, 0, 0, 0, 0, 0, 0, 0, 50, 0, 50, 0, 0, 0, 0, 0, 50], "wmn": 1531, "wmt": 30318, "wmd": 99, "wmv": 15613, "wdn": -11, "wdt": -4, "wdd": 100, "wdv": -8, "tlv": "Indiana"}