{"loc": "Carroll", "iso": "US", "l1": "United States", "l2": "Kentucky", "lvl": 3, "pop": 10631, "key": 10636, "isd": true, "ppd": 35.608000000000004, "med": 38.3, "p65": 15.413, "p70": 9.732000000000001, "hos": 2.77, "exp": 78.86, "adr": 1.0, "amn": 150785.0, "amv": 1160346.0, "amd": 1975.0, "amt": 1471612.0, "tmn": [1222, 0, 0, 3292, 846, 3292, 1881, 1881, 0, 0, 0, 4232, 1316, 940, 2069, 0, 0, 3386, 846, 658, 1599], "tmv": [3250, 3257, 2889, 2103, 1988, 3241, 2538, 4249, 2950, 0, 0, 0, 2913, 2024, 2876, 2739, 2336, 1790, 1886, 2554, 0], "tmd": [0, 0, 0, 0, 0, 0, 0, 0, 0, 0, 0, 0, 0, 0, 0, 0, 0, 0, 0, 0, 0], "wmn": 8560, "wmt": 42101, "wmd": 0, "wmv": 14183, "wdn": 2, "wdt": 34, "wdd": 0, "wdv": 17, "tlv": "Kentucky"}