{"loc": "Carroll", "iso": "US", "l1": "United States", "l2": "Virginia", "lvl": 3, "pop": 29791, "key": 10643, "isd": true, "ppd": 35.608000000000004, "med": 38.3, "p65": 15.413, "p70": 9.732000000000001, "hos": 2.77, "exp": 78.86, "adr": 3.0, "amn": 69216.0, "amv": 170827.0, "amd": 1980.0, "amt": 665435.0, "tmn": [302, 234, 100, 33, 167, 134, 234, 201, 302, 369, 67, -33, 67, 201, 234, 33, 67, 134, 201, 134, 268], "tmv": [5132, 5139, 4690, 3336, 1695, 3330, 4023, 4903, 6734, 6595, 3662, 2393, 4746, 4917, 6132, 6772, 6806, 0, 0, 3221, 0], "tmd": [0, 0, 0, 34, 0, 0, 34, 34, -33, 0, 0, 0, 0, 0, 0, 0, 0, 0, 0, 0, 0], "wmn": 1075, "wmt": 18874, "wmd": 0, "wmv": 22933, "wdn": -9, "wdt": -20, "wdd": 0, "wdv": -32, "tlv": "Virginia"}