{"loc": "Carroll", "iso": "US", "l1": "United States", "l2": "Ohio", "lvl": 3, "pop": 26914, "key": 10641, "isd": true, "ppd": 35.608000000000004, "med": 38.3, "p65": 15.413, "p70": 9.732000000000001, "hos": 2.77, "exp": 78.86, "adr": 2.0, "amn": 75351.0, "amv": 1051569.0, "amd": 1821.0, "amt": 1206108.0, "tmn": [37, 111, 111, 74, 74, 0, 74, 74, 74, 37, 0, 0, 111, 222, 0, 74, 37, 111, 111, 111, 148], "tmv": [1036, 1655, 1721, 1666, 1928, 1520, 1539, 740, 1856, 2005, 1821, 2051, 2364, 1193, 1200, 2288, 2155, 2600, 2160, 2477, 0], "tmd": [0, 0, 0, 0, 0, 0, 0, 0, 0, 0, 0, 0, 0, 0, 0, 0, 0, 0, 0, 0, 0], "wmn": 595, "wmt": 10095, "wmd": 0, "wmv": 12884, "wdn": 14, "wdt": 18, "wdd": 0, "wdv": 7, "tlv": "Ohio"}