{"loc": "Carroll", "iso": "US", "l1": "United States", "l2": "Ohio", "lvl": 3, "pop": 26914, "key": 10641, "isd": true, "ppd": 35.608000000000004, "med": 38.3, "p65": 15.413, "p70": 9.732000000000001, "hos": 2.77, "exp": 78.86, "adr": 2.0, "amn": 114030.0, "amv": 1263117.0, "amd": 2415.0, "amt": 1461428.0, "tmn": [668, 817, 334, 408, 185, 668, 705, 371, 594, 334, 185, 408, 557, 371, 408, 408, 222, 222, 520, 445, 520], "tmv": [2661, 3390, 3489, 0, 0, 0, 2411, 3257, 3418, 2659, 2485, 1614, 1945, 2278, 2491, 2890, 2710, 2395, 1993, 2154, 3467], "tmd": [0, 0, 38, 0, 0, 38, 0, 0, 38, 38, 0, 0, 38, 0, 0, 0, 0, 0, 0, 0, 0], "wmn": 2750, "wmt": 18163, "wmd": 0, "wmv": 18105, "wdn": -3, "wdt": -6, "wdd": -100, "wdv": 3, "tlv": "Ohio"}