{"loc": "Carter", "iso": "US", "l1": "United States", "l2": "Oklahoma", "lvl": 3, "pop": 48111, "key": 10649, "isd": true, "ppd": 35.608000000000004, "med": 38.3, "p65": 15.413, "p70": 9.732000000000001, "hos": 2.77, "exp": 78.86, "adr": 1.0, "amn": 118434.0, "amv": 207226.0, "amd": 1185.0, "amt": 884770.0, "tmn": [852, 1018, 145, 769, 394, 956, 519, 374, 270, 145, 145, 394, 83, 249, 62, 249, 228, 124, 374, 1018, 581], "tmv": [6734, 6595, 3662, 2393, 4746, 4917, 6132, 6772, 6806, 0, 0, 3221, 4419, 5606, 5173, 5466, 3298, 2593, 4349, 5491, 0], "tmd": [0, 0, 0, 63, 21, 21, 0, 0, 0, 21, 0, 21, 0, 42, 21, 42, 63, 42, 42, 0, 42], "wmn": 2640, "wmt": 23102, "wmd": 250, "wmv": 26374, "wdn": 59, "wdt": 79, "wdd": 200, "wdv": -2, "tlv": "Oklahoma"}