{"loc": "Carter", "iso": "US", "l1": "United States", "l2": "Oklahoma", "lvl": 3, "pop": 48111, "key": 10649, "isd": true, "ppd": 35.608000000000004, "med": 38.3, "p65": 15.413, "p70": 9.732000000000001, "hos": 2.77, "exp": 78.86, "adr": 2.0, "amn": 125730.0, "amv": 647679.0, "amd": 2245.0, "amt": 993649.0, "tmn": [1101, 0, 0, 0, 0, 0, 0, 1434, 0, 0, 0, 0, 0, 0, 893, 0, 0, 0, 0, 0, 0], "tmv": [8106, 10192, 12065, 12389, 10214, 6477, 4262, 8755, 10329, 12013, 14052, 10864, 8027, 7863, 7615, 10699, 12037, 10893, 10729, 6600, 5484], "tmd": [0, 0, 0, 0, 0, 0, 0, 894, 0, 0, 0, 0, 0, 0, 0, 0, 0, 0, 0, 0, 0], "wmn": 894, "wmt": 20247, "wmd": 0, "wmv": 64060, "wdn": -38, "wdt": 55, "wdd": -100, "wdv": -11, "tlv": "Oklahoma"}