{"loc": "Carson City", "iso": "US", "l1": "United States", "l2": "Nevada", "lvl": 3, "pop": 55916, "key": 10644, "isd": true, "ppd": 35.608000000000004, "med": 38.3, "p65": 15.413, "p70": 9.732000000000001, "hos": 2.77, "exp": 78.86, "adr": 2.0, "amn": 169218.0, "amv": 1469622.0, "amd": 3130.0, "amt": 1590787.0, "tmn": [608, 178, 0, 0, 0, 0, 464, 715, 196, 304, 321, 0, 0, 232, 554, 71, 250, 0, 0, 0, 411], "tmv": [5133, 3959, 70, 3467, 2554, 1688, 4748, 5430, 6005, 6047, 6744, 4092, 2038, 5038, 5187, 5041, 4530, 2968, 283, 0, 0], "tmd": [18, 18, 0, 0, 0, 0, 18, 36, 18, 18, 0, 0, 0, 0, 36, 0, 0, 0, 0, 0, 0], "wmn": 1288, "wmt": 19827, "wmd": 36, "wmv": 18013, "wdn": -27, "wdt": -11, "wdd": -50, "wdv": -49, "tlv": "Nevada"}