{"loc": "Carroll", "iso": "US", "l1": "United States", "l2": "Ohio", "lvl": 3, "pop": 26914, "key": 10641, "isd": true, "ppd": 35.608000000000004, "med": 38.3, "p65": 15.413, "p70": 9.732000000000001, "hos": 2.77, "exp": 78.86, "adr": 2.0, "amn": 110909.0, "amv": 1240788.0, "amd": 2192.0, "amt": 1441651.0, "tmn": [371, 705, 705, 371, 483, 334, 668, 743, 668, 817, 334, 408, 185, 668, 705, 371, 594, 334, 185, 408, 557], "tmv": [0, 2784, 2570, 2833, 3777, 2988, 2423, 2905, 2661, 3390, 3489, 0, 0, 0, 2411, 3257, 3418, 2659, 2485, 1614, 0], "tmd": [38, 38, 38, 0, 0, 0, 0, 0, 0, 0, 0, 0, 0, 38, 0, 0, 0, 0, 0, 0, 0], "wmn": 3159, "wmt": 19305, "wmd": 0, "wmv": 15848, "wdn": -17, "wdt": -15, "wdd": -100, "wdv": 27, "tlv": "Ohio"}