{"loc": "Carroll", "iso": "US", "l1": "United States", "l2": "Virginia", "lvl": 3, "pop": 29791, "key": 10643, "isd": true, "ppd": 35.608000000000004, "med": 38.3, "p65": 15.413, "p70": 9.732000000000001, "hos": 2.77, "exp": 78.86, "adr": 2.0, "amn": 131718.0, "amv": 1263117.0, "amd": 3088.0, "amt": 1155159.0, "tmn": [436, 939, 0, 0, 0, 1611, 637, 772, 637, 0, 0, 1241, 335, 570, 402, 436, 0, 0, 839, 134, 369], "tmv": [2661, 3390, 3489, 0, 0, 0, 2411, 3257, 3418, 2659, 2485, 1614, 1945, 2278, 2491, 2890, 2710, 2395, 1993, 2154, 3467], "tmd": [0, 34, 0, 0, 0, 68, 68, 0, 0, 0, 0, 34, 0, 0, 34, 0, 0, 0, 0, 0, 0], "wmn": 2182, "wmt": 16572, "wmd": 34, "wmv": 18105, "wdn": -39, "wdt": -5, "wdd": 0, "wdv": 3, "tlv": "Virginia"}