{"loc": "Casey", "iso": "US", "l1": "United States", "l2": "Kentucky", "lvl": 3, "pop": 16159, "key": 10655, "isd": true, "ppd": 35.608000000000004, "med": 38.3, "p65": 15.413, "p70": 9.732000000000001, "hos": 2.77, "exp": 78.86, "adr": 3.0, "amn": 74448.0, "amv": 238664.0, "amd": 2042.0, "amt": 881973.0, "tmn": [309, 123, -123, 618, 61, 61, 309, 123, 495, 247, 61, 61, 371, 247, 247, 61, 185, 247, 61, 123, 185], "tmv": [4917, 6132, 6772, 6806, 0, 0, 3221, 4419, 5606, 5173, 5466, 3298, 2593, 4349, 5491, 6616, 7139, 7375, 5050, 5255, 0], "tmd": [0, 0, 62, 0, 0, 0, 0, 62, 0, 0, 0, 0, 0, 0, 0, 0, 0, 0, 0, 0, 0], "wmn": 1114, "wmt": 17345, "wmd": 0, "wmv": 36929, "wdn": -31, "wdt": -6, "wdd": -100, "wdv": 19, "tlv": "Kentucky"}