{"loc": "Cass", "iso": "US", "l1": "United States", "l2": "Michigan", "lvl": 3, "pop": 51787, "key": 10659, "isd": true, "ppd": 35.608000000000004, "med": 38.3, "p65": 15.413, "p70": 9.732000000000001, "hos": 2.77, "exp": 78.86, "adr": 1.0, "amn": 99156.0, "amv": 700431.0, "amd": 1390.0, "amt": 1264068.0, "tmn": [154, 617, 444, 675, 540, 0, 675, 502, 617, 405, 289, 366, 0, 946, 405, 463, 328, 366, 270, 0, 463], "tmv": [4262, 8755, 10329, 12013, 14052, 10864, 8027, 7863, 7615, 10699, 12037, 10893, 10729, 6600, 5484, 7781, 9092, 10242, 10071, 9169, 6395], "tmd": [0, 0, 0, 0, 20, 0, 0, 0, 0, 20, 0, 20, 0, 0, 0, 0, 0, 0, 0, 0, 0], "wmn": 2298, "wmt": 32594, "wmd": 0, "wmv": 58238, "wdn": -27, "wdt": -9, "wdd": -100, "wdv": -12, "tlv": "Michigan"}