{"loc": "Cass", "iso": "US", "l1": "United States", "l2": "Indiana", "lvl": 3, "pop": 37689, "key": 10657, "isd": true, "ppd": 35.608000000000004, "med": 38.3, "p65": 15.413, "p70": 9.732000000000001, "hos": 2.77, "exp": 78.86, "adr": 2.0, "amn": 150840.0, "amv": 635594.0, "amd": 2706.0, "amt": 1403061.0, "tmn": [265, 132, 185, 53, 53, 53, 79, 79, 159, 132, 53, 185, 26, 53, 53, 159, 79, 185, 132, 26, 26], "tmv": [5431, 8106, 10192, 12065, 12389, 10214, 6477, 4262, 8755, 10329, 12013, 14052, 10864, 8027, 7863, 7615, 10699, 12037, 10893, 10729, 0], "tmd": [0, 0, 0, 0, 0, 0, 0, 0, 0, 0, 0, 0, 0, 0, 0, 0, 0, 0, 0, 0, 0], "wmn": 664, "wmt": 34609, "wmd": 0, "wmv": 59839, "wdn": -4, "wdt": 27, "wdd": 0, "wdv": -12, "tlv": "Indiana"}