{"loc": "Carteret", "iso": "US", "l1": "United States", "l2": "North Carolina", "lvl": 3, "pop": 69473, "key": 10651, "isd": true, "ppd": 35.608000000000004, "med": 38.3, "p65": 15.413, "p70": 9.732000000000001, "hos": 2.77, "exp": 78.86, "adr": 1.0, "amn": 60383.0, "amv": 160515.0, "amd": 619.0, "amt": 933319.0, "tmn": [215, 331, 604, 0, 791, 230, 215, 1597, 1050, 820, 762, 129, 28, 129, 230, 187, 158, 143, 115, 273, 129], "tmv": [3374, 4677, 5132, 5139, 4690, 3336, 1695, 3330, 4023, 4903, 6734, 6595, 3662, 2393, 4746, 4917, 6132, 6772, 6806, 0, 0], "tmd": [0, 0, 0, 0, 0, 0, 0, 0, 15, 0, 15, 87, 0, 0, 202, 0, 0, 0, 0, 0, 29], "wmn": 1238, "wmt": 33409, "wmd": 231, "wmv": 29376, "wdn": -73, "wdt": -16, "wdd": 100, "wdv": -7, "tlv": "North Carolina"}