{"loc": "Cascade", "iso": "US", "l1": "United States", "l2": "Montana", "lvl": 3, "pop": 81366, "key": 10654, "isd": true, "ppd": 35.608000000000004, "med": 38.3, "p65": 15.413, "p70": 9.732000000000001, "hos": 2.77, "exp": 78.86, "adr": 2.0, "amn": 178723.0, "amv": 1242734.0, "amd": 2692.0, "amt": 1847842.0, "tmn": [1585, 737, 0, 0, 1794, 1646, 1229, 1413, 1683, 0, 0, 0, 1241, 1278, 1278, 958, 0, 0, 1056, 1868, 1056], "tmv": [2784, 2570, 2833, 3777, 2988, 2423, 2905, 2661, 3390, 3489, 0, 0, 0, 2411, 3257, 3418, 2659, 2485, 1614, 1945, 0], "tmd": [0, 0, 0, 0, 0, 25, 0, 13, 13, 0, 0, 0, 0, 13, 25, 0, 0, 0, 13, 0, 13], "wmn": 6219, "wmt": 52269, "wmd": 50, "wmv": 15382, "wdn": 11, "wdt": 39, "wdd": 33, "wdv": 29, "tlv": "Montana"}