{"loc": "Cass", "iso": "US", "l1": "United States", "l2": "Indiana", "lvl": 3, "pop": 37689, "key": 10657, "isd": true, "ppd": 35.608000000000004, "med": 38.3, "p65": 15.413, "p70": 9.732000000000001, "hos": 2.77, "exp": 78.86, "adr": 2.0, "amn": 138873.0, "amv": 160515.0, "amd": 2494.0, "amt": 1124983.0, "tmn": [238, 663, 981, 451, 1777, 159, 238, 265, 106, 636, 26, 849, 663, 610, 451, 583, 265, 185, 424, 79, 26], "tmv": [2448, 3374, 4677, 5132, 5139, 4690, 3336, 1695, 3330, 4023, 4903, 6734, 6595, 3662, 2393, 4746, 4917, 6132, 6772, 6806, 0], "tmd": [0, 0, 0, 0, 0, 0, 0, 27, 0, 637, 0, 54, 27, 0, 27, 0, 0, 27, 0, 0, 0], "wmn": 2017, "wmt": 40167, "wmd": 54, "wmv": 31769, "wdn": -36, "wdt": 3, "wdd": -93, "wdv": 3, "tlv": "Indiana"}