{"loc": "Casey", "iso": "US", "l1": "United States", "l2": "Kentucky", "lvl": 3, "pop": 16159, "key": 10655, "isd": true, "ppd": 35.608000000000004, "med": 38.3, "p65": 15.413, "p70": 9.732000000000001, "hos": 2.77, "exp": 78.86, "adr": 3.0, "amn": 73334.0, "amv": 197386.0, "amd": 2042.0, "amt": 864628.0, "tmn": [-61, 185, 742, 433, 0, 495, 990, 309, 123, -123, 618, 61, 61, 309, 123, 495, 247, 61, 61, 371, 247], "tmv": [4023, 4903, 6734, 6595, 3662, 2393, 4746, 4917, 6132, 6772, 6806, 0, 0, 3221, 4419, 5606, 5173, 5466, 3298, 2593, 0], "tmd": [0, 62, 0, 0, 0, 0, 0, 0, 0, 62, 0, 0, 0, 0, 62, 0, 0, 0, 0, 0, 0], "wmn": 1610, "wmt": 18517, "wmd": 62, "wmv": 26559, "wdn": 18, "wdt": 24, "wdd": 0, "wdv": -5, "tlv": "Kentucky"}