{"loc": "Castro", "iso": "US", "l1": "United States", "l2": "Texas", "lvl": 3, "pop": 7530, "key": 10668, "isd": true, "ppd": 35.608000000000004, "med": 38.3, "p65": 15.413, "p70": 9.732000000000001, "hos": 2.77, "exp": 78.86, "adr": 3.0, "amn": 179947.0, "amv": 1341580.0, "amd": 5046.0, "amt": 1241384.0, "tmn": [1062, 0, 0, 1195, 398, 0, 0, 1195, 132, 0, 664, 132, 0, 0, 132, 0, 132, 0, 664, 0, 0], "tmv": [4456, 4611, 4549, 5061, 2356, 1255, 4023, 4168, 4272, 4405, 5092, 2672, 1421, 3738, 4100, 4188, 3596, 4102, 1618, 109, 0], "tmd": [0, 0, 0, 0, 0, 0, 0, 0, 0, 0, 0, 133, 0, 0, 0, 0, 0, 0, 0, 0, 0], "wmn": 930, "wmt": 14074, "wmd": 0, "wmv": 17716, "wdn": -56, "wdt": 3, "wdd": -100, "wdv": -31, "tlv": "Texas"}