{"loc": "Cassia", "iso": "US", "l1": "United States", "l2": "Idaho", "lvl": 3, "pop": 24030, "key": 10665, "isd": true, "ppd": 35.608000000000004, "med": 38.3, "p65": 15.413, "p70": 9.732000000000001, "hos": 2.77, "exp": 78.86, "adr": 1.0, "amn": 127424.0, "amv": 1079834.0, "amd": 1165.0, "amt": 473787.0, "tmn": [332, 124, 208, 124, 41, 0, 0, 166, 83, 0, 124, 41, 0, 0, 249, 291, 208, 249, 291, 0, 0], "tmv": [1193, 1200, 2288, 2155, 2600, 2160, 2477, 1419, 1374, 2201, 2622, 2492, 2548, 2348, 1615, 1875, 1986, 1986, 2786, 3007, 0], "tmd": [0, 0, 0, 0, 0, 0, 0, 0, 0, 0, 0, 0, 0, 0, 0, 0, 0, 0, 0, 0, 0], "wmn": 1291, "wmt": 7189, "wmd": 0, "wmv": 13258, "wdn": 210, "wdt": 60, "wdd": 0, "wdv": -12, "tlv": "Idaho"}