{"loc": "Cass", "iso": "US", "l1": "United States", "l2": "Texas", "lvl": 3, "pop": 30026, "key": 10664, "isd": true, "ppd": 35.608000000000004, "med": 38.3, "p65": 15.413, "p70": 9.732000000000001, "hos": 2.77, "exp": 78.86, "adr": 3.0, "amn": 148605.0, "amv": 1250395.0, "amd": 4763.0, "amt": 1192653.0, "tmn": [0, 0, 865, 499, 366, 0, 0, 0, 0, 0, 3097, 399, 133, 499, 0, 0, 432, 33, 99, 199, 0], "tmv": [3777, 2988, 2423, 2905, 2661, 3390, 3489, 0, 0, 0, 2411, 3257, 3418, 2659, 2485, 1614, 1945, 2278, 2491, 2890, 0], "tmd": [0, 0, 67, 0, 34, 0, 0, 0, 0, 0, 200, 67, 0, 134, 0, 0, 34, 0, 0, 0, 0], "wmn": 767, "wmt": 16762, "wmd": 34, "wmv": 13708, "wdn": -81, "wdt": -21, "wdd": -92, "wdv": 17, "tlv": "Texas"}