{"loc": "Cassia", "iso": "US", "l1": "United States", "l2": "Idaho", "lvl": 3, "pop": 24030, "key": 10665, "isd": true, "ppd": 35.608000000000004, "med": 38.3, "p65": 15.413, "p70": 9.732000000000001, "hos": 2.77, "exp": 78.86, "adr": 1.0, "amn": 140033.0, "amv": 1157792.0, "amd": 1207.0, "amt": 512805.0, "tmn": [332, 624, 0, 0, 832, 873, 582, 457, 374, 0, 0, 0, 1248, 832, 582, 915, 374, 166, 416, 832, 291], "tmv": [2807, 3250, 3257, 2889, 2103, 1988, 3241, 2538, 4249, 2950, 0, 0, 0, 2913, 2024, 2876, 2739, 2336, 1790, 1886, 0], "tmd": [0, 0, 0, 0, 0, 0, 0, 42, 0, 0, 0, 0, 0, 0, 0, 0, 0, 0, 0, 0, 0], "wmn": 3579, "wmt": 10551, "wmd": 0, "wmv": 13653, "wdn": 23, "wdt": 11, "wdd": -100, "wdv": 8, "tlv": "Idaho"}