{"loc": "Cass", "iso": "US", "l1": "United States", "l2": "Missouri", "lvl": 3, "pop": 105780, "key": 10661, "isd": true, "ppd": 35.608000000000004, "med": 38.3, "p65": 15.413, "p70": 9.732000000000001, "hos": 2.77, "exp": 78.86, "adr": 1.0, "amn": 67659.0, "amv": 180853.0, "amd": 794.0, "amt": 712517.0, "tmn": [274, 113, 122, 132, 151, 274, 179, 226, 75, 56, 179, 179, 226, 151, 103, 94, 28, 170, 66, 132, 122], "tmv": [5139, 4690, 3336, 1695, 3330, 4023, 4903, 6734, 6595, 3662, 2393, 4746, 4917, 6132, 6772, 6806, 0, 0, 3221, 4419, 5606], "tmd": [0, 0, 0, 29, 0, 0, 0, 0, 0, 0, 0, 0, 57, 0, 0, 0, 0, 0, 0, 57, 0], "wmn": 719, "wmt": 10096, "wmd": 57, "wmv": 26827, "wdn": -34, "wdt": -29, "wdd": 0, "wdv": -24, "tlv": "Missouri"}