{"loc": "Cass", "iso": "US", "l1": "United States", "l2": "Minnesota", "lvl": 3, "pop": 29779, "key": 10660, "isd": true, "ppd": 35.608000000000004, "med": 38.3, "p65": 15.413, "p70": 9.732000000000001, "hos": 2.77, "exp": 78.86, "adr": 1.0, "amn": 157057.0, "amv": 1341580.0, "amd": 1679.0, "amt": 2209434.0, "tmn": [1947, 537, 470, 402, 0, 0, 2082, 1578, 604, 772, 705, 0, 0, 503, 1041, 839, 772, 1108, 0, 0, 503], "tmv": [4456, 4611, 4549, 5061, 2356, 1255, 4023, 4168, 4272, 4405, 5092, 2672, 1421, 3738, 4100, 4188, 3596, 4102, 1618, 109, 0], "tmd": [0, 0, 34, 0, 0, 0, 0, 0, 0, 0, 0, 0, 0, 0, 0, 68, 0, 34, 0, 0, 0], "wmn": 4265, "wmt": 37414, "wmd": 101, "wmv": 17716, "wdn": 2, "wdt": 11, "wdd": 0, "wdv": -31, "tlv": "Minnesota"}