{"loc": "Cass", "iso": "US", "l1": "United States", "l2": "North Dakota", "lvl": 3, "pop": 181923, "key": 10663, "isd": true, "ppd": 35.608000000000004, "med": 38.3, "p65": 15.413, "p70": 9.732000000000001, "hos": 2.77, "exp": 78.86, "adr": 1.0, "amn": 136222.0, "amv": 977712.0, "amd": 1154.0, "amt": 2076521.0, "tmn": [10, 43, 49, 32, 16, 49, 5, 10, 43, 5, 32, 27, 21, 0, 5, 49, 27, 5, 21, 16, 0], "tmv": [3682, 3252, 2518, 2835, 2495, 4865, 3672, 4016, 3766, 3121, 6234, 3276, 3244, 2575, 1851, 1965, 1967, 2474, 1554, 2803, 0], "tmd": [0, 0, 0, 0, 0, 0, 0, 0, 0, 0, 0, 0, 0, 0, 0, 0, 0, 0, 0, 6, 0], "wmn": 127, "wmt": 4902, "wmd": 6, "wmv": 12617, "wdn": -12, "wdt": -31, "wdd": 0, "wdv": -52, "tlv": "North Dakota"}