{"loc": "Cass", "iso": "US", "l1": "United States", "l2": "North Dakota", "lvl": 3, "pop": 181923, "key": 10663, "isd": true, "ppd": 35.608000000000004, "med": 38.3, "p65": 15.413, "p70": 9.732000000000001, "hos": 2.77, "exp": 78.86, "adr": 1.0, "amn": 132847.0, "amv": 705407.0, "amd": 1116.0, "amt": 1986800.0, "tmn": [346, 159, 527, 98, 148, 566, 340, 302, 340, 181, 109, 71, 406, 236, 214, 186, 175, 38, 192, 351, 181], "tmv": [10329, 12013, 14052, 10864, 8027, 7863, 7615, 10699, 12037, 10893, 10729, 6600, 5484, 7781, 9092, 10242, 10071, 9169, 6395, 4975, 0], "tmd": [0, 0, 0, 0, 0, 0, 0, 0, 6, 0, 0, 0, 6, 6, 0, 6, 0, 0, 0, 0, 0], "wmn": 1342, "wmt": 17029, "wmd": 6, "wmv": 49947, "wdn": -19, "wdt": 8, "wdd": -67, "wdv": -22, "tlv": "North Dakota"}