{"loc": "Catron", "iso": "US", "l1": "United States", "l2": "New Mexico", "lvl": 3, "pop": 3527, "key": 10675, "isd": true, "ppd": 35.608000000000004, "med": 38.3, "p65": 15.413, "p70": 9.732000000000001, "hos": 2.77, "exp": 78.86, "adr": 4.0, "amn": 56705.0, "amv": 1242734.0, "amd": 1985.0, "amt": 2270861.0, "tmn": [0, 0, 0, 0, 283, 283, 283, 0, 0, 0, 0, 0, 9356, 283, 1701, 2551, 0, 0, 850, 0, 283], "tmv": [2784, 2570, 2833, 3777, 2988, 2423, 2905, 2661, 3390, 3489, 0, 0, 0, 2411, 3257, 3418, 2659, 2485, 1614, 1945, 0], "tmd": [0, 0, 0, 0, 0, 0, 0, 0, 0, 0, 0, 0, 0, 0, 0, 0, 0, 0, 0, 0, 0], "wmn": 5388, "wmt": 35134, "wmd": 0, "wmv": 15382, "wdn": -44, "wdt": -16, "wdd": 0, "wdv": 29, "tlv": "New Mexico"}