{"loc": "Catoosa", "iso": "US", "l1": "United States", "l2": "Georgia", "lvl": 3, "pop": 67580, "key": 10674, "isd": true, "ppd": 35.608000000000004, "med": 38.3, "p65": 15.413, "p70": 9.732000000000001, "hos": 2.77, "exp": 78.86, "adr": 1.0, "amn": 91773.0, "amv": 664553.0, "amd": 1006.0, "amt": 769225.0, "tmn": [192, 340, 59, 133, 192, 177, 147, 133, 44, 29, 251, 192, 399, 325, 177, 147, 14, 340, 162, 399, 251], "tmv": [12389, 10214, 6477, 4262, 8755, 10329, 12013, 14052, 10864, 8027, 7863, 7615, 10699, 12037, 10893, 10729, 6600, 5484, 7781, 9092, 0], "tmd": [0, 0, 0, 0, 0, 0, 0, 0, 0, 0, 0, 15, 0, 15, 0, 0, 0, 0, 0, 0, 0], "wmn": 1495, "wmt": 10768, "wmd": 0, "wmv": 50581, "wdn": 9, "wdt": -1, "wdd": -100, "wdv": -29, "tlv": "Georgia"}