{"loc": "Catahoula", "iso": "US", "l1": "United States", "l2": "Louisiana", "lvl": 3, "pop": 9494, "key": 10670, "isd": true, "ppd": 35.608000000000004, "med": 38.3, "p65": 15.413, "p70": 9.732000000000001, "hos": 2.77, "exp": 78.86, "adr": 3.0, "amn": 174742.0, "amv": 1154115.0, "amd": 4740.0, "amt": 1880023.0, "tmn": [526, 2633, 1263, 842, 0, 0, 0, 0, 3686, 737, 1158, 0, 0, 0, 1053, 842, 1263, 947, 0, 0, 0], "tmv": [1966, 2813, 2807, 3250, 3257, 2889, 2103, 1988, 3241, 2538, 4249, 2950, 0, 0, 0, 2913, 2024, 2876, 2739, 2336, 0], "tmd": [106, 0, 0, 0, 0, 0, 0, 0, 316, 0, 0, 0, 0, 0, 0, 0, 106, 0, 0, 0, 0], "wmn": 4108, "wmt": 27894, "wmd": 106, "wmv": 12890, "wdn": -26, "wdt": -10, "wdd": -67, "wdv": -14, "tlv": "Louisiana"}