{"loc": "Cattaraugus", "iso": "US", "l1": "United States", "l2": "New York", "lvl": 3, "pop": 76117, "key": 10676, "isd": true, "ppd": 35.608000000000004, "med": 38.3, "p65": 15.413, "p70": 9.732000000000001, "hos": 2.77, "exp": 78.86, "adr": 2.0, "amn": 69814.0, "amv": 705407.0, "amd": 1090.0, "amt": 2600641.0, "tmn": [289, 275, 249, 223, 170, 289, 407, 394, 170, 486, 275, 144, 183, 249, 236, 170, 210, 131, 144, 157, 275], "tmv": [10329, 12013, 14052, 10864, 8027, 7863, 7615, 10699, 12037, 10893, 10729, 6600, 5484, 7781, 9092, 10242, 10071, 9169, 6395, 4975, 0], "tmd": [0, 0, 0, 14, 0, 0, 0, 0, 14, 0, 0, 0, 14, 0, 0, 0, 0, 0, 14, 0, 0], "wmn": 1327, "wmt": 70292, "wmd": 14, "wmv": 49947, "wdn": -30, "wdt": -8, "wdd": -50, "wdv": -22, "tlv": "New York"}