{"loc": "Catoosa", "iso": "US", "l1": "United States", "l2": "Georgia", "lvl": 3, "pop": 67580, "key": 10674, "isd": true, "ppd": 35.608000000000004, "med": 38.3, "p65": 15.413, "p70": 9.732000000000001, "hos": 2.77, "exp": 78.86, "adr": 1.0, "amn": 99260.0, "amv": 1018277.0, "amd": 1125.0, "amt": 872017.0, "tmn": [0, 0, -14, 0, 14, 14, 59, 59, 0, 0, 0, 177, 73, 133, 59, 0, 0, 73, 73, 192, 266], "tmv": [1554, 2803, 3655, 3299, 2241, 4154, 4949, 1994, 3524, 1923, 0, 0, 1326, 2107, 1883, 1818, 1779, 1363, 1036, 1655, 0], "tmd": [0, 0, 0, 0, 0, 0, 0, 0, 0, 0, 0, 30, 0, 0, 0, 0, 0, 0, 0, 0, 15], "wmn": 666, "wmt": 7104, "wmd": 15, "wmv": 9537, "wdn": 50, "wdt": 13, "wdd": -50, "wdv": -12, "tlv": "Georgia"}