{"loc": "Catahoula", "iso": "US", "l1": "United States", "l2": "Louisiana", "lvl": 3, "pop": 9494, "key": 10670, "isd": true, "ppd": 35.608000000000004, "med": 38.3, "p65": 15.413, "p70": 9.732000000000001, "hos": 2.77, "exp": 78.86, "adr": 3.0, "amn": 129977.0, "amv": 1037493.0, "amd": 4003.0, "amt": 1594341.0, "tmn": [0, 1685, 0, 0, 421, 0, 0, 737, -315, 210, 315, 105, 0, 0, 210, 0, 737, 947, 631, 0, 0], "tmv": [0, 0, 1326, 2107, 1883, 1818, 1779, 1363, 1036, 1655, 1721, 1666, 1928, 1520, 1539, 740, 1856, 2005, 1821, 2051, 2364], "tmd": [0, 0, 0, 0, 0, 0, 0, 0, 0, 0, 0, 0, 0, 0, 0, 0, 0, 0, 0, 0, 0], "wmn": 2528, "wmt": 23765, "wmd": 0, "wmv": 12380, "wdn": 140, "wdt": 36, "wdd": 0, "wdv": 14, "tlv": "Louisiana"}