{"loc": "Cedar", "iso": "US", "l1": "United States", "l2": "Missouri", "lvl": 3, "pop": 14349, "key": 10685, "isd": true, "ppd": 35.608000000000004, "med": 38.3, "p65": 15.413, "p70": 9.732000000000001, "hos": 2.77, "exp": 78.86, "adr": 2.0, "amn": 80215.0, "amv": 955999.0, "amd": 1464.0, "amt": 919366.0, "tmn": [139, 0, 0, 0, 69, 139, 139, 0, 0, 0, 69, 69, 139, 278, 278, 69, 0, 0, 139, 139, 139], "tmv": [4872, 3714, 0, 0, 1543, 2452, 4248, 3485, 4157, 3682, 3252, 2518, 2835, 2495, 4865, 3672, 4016, 3766, 3121, 6234, 0], "tmd": [0, 0, 0, 0, 0, 0, 0, 0, 0, 0, 0, 0, 0, 0, 0, 0, 0, 0, 0, 0, 0], "wmn": 767, "wmt": 7658, "wmd": 0, "wmv": 25677, "wdn": 38, "wdt": -7, "wdd": 0, "wdv": 14, "tlv": "Missouri"}