{"loc": "Cayuga", "iso": "US", "l1": "United States", "l2": "New York", "lvl": 3, "pop": 76576, "key": 10681, "isd": true, "ppd": 35.608000000000004, "med": 38.3, "p65": 15.413, "p70": 9.732000000000001, "hos": 2.77, "exp": 78.86, "adr": 1.0, "amn": 114579.0, "amv": 1263117.0, "amd": 1397.0, "amt": 3851190.0, "tmn": [444, 365, 287, 352, 483, 169, 404, 339, 430, 639, 261, 235, 169, 352, 235, 208, 365, 261, 300, 169, 208], "tmv": [2661, 3390, 3489, 0, 0, 0, 2411, 3257, 3418, 2659, 2485, 1614, 1945, 2278, 2491, 2890, 2710, 2395, 1993, 2154, 3467], "tmd": [0, 0, 0, 14, 0, 0, 0, 0, 0, 0, 0, 0, 0, 0, 0, 0, 0, 0, 0, 0, 0], "wmn": 1750, "wmt": 61296, "wmd": 0, "wmv": 18105, "wdn": -28, "wdt": -5, "wdd": 0, "wdv": 3, "tlv": "New York"}