{"loc": "Central Utah", "iso": "US", "l1": "United States", "l2": "Utah", "lvl": 3, "pop": 81954, "key": 10689, "isd": true, "ppd": 35.608000000000004, "med": 38.3, "p65": 15.413, "p70": 9.732000000000001, "hos": 2.77, "exp": 78.86, "adr": 1.0, "amn": 160370.0, "amv": 1227352.0, "amd": 1306.0, "amt": 1352752.0, "tmn": [866, 0, 0, 1561, 671, 951, 866, 549, 0, 0, 1244, 744, 744, 817, 671, 0, 0, 0, 1537, 780, 573], "tmv": [2262, 2445, 2251, 1671, 0, 0, 2784, 2570, 2833, 3777, 2988, 2423, 2905, 2661, 3390, 3489, 0, 0, 0, 2411, 0], "tmd": [0, 0, 0, 13, 13, 0, 25, 13, 0, 0, 0, 0, 13, 13, 62, 0, 0, 0, 37, 0, 0], "wmn": 3563, "wmt": 19940, "wmd": 98, "wmv": 9292, "wdn": -13, "wdt": 3, "wdd": 167, "wdv": -54, "tlv": "Utah"}