{"loc": "Cedar", "iso": "US", "l1": "United States", "l2": "Missouri", "lvl": 3, "pop": 14349, "key": 10685, "isd": true, "ppd": 35.608000000000004, "med": 38.3, "p65": 15.413, "p70": 9.732000000000001, "hos": 2.77, "exp": 78.86, "adr": 3.0, "amn": 48923.0, "amv": 220982.0, "amd": 1254.0, "amt": 728778.0, "tmn": [0, 69, 139, 69, 139, 69, 0, 0, 0, 0, 0, 0, 209, 0, 0, 69, -69, 209, 69, 69, 2160], "tmv": [6595, 3662, 2393, 4746, 4917, 6132, 6772, 6806, 0, 0, 3221, 4419, 5606, 5173, 5466, 3298, 2593, 4349, 5491, 6616, 7139], "tmd": [0, 0, 70, 0, 70, 70, 210, 0, 0, 0, 70, 0, 0, 0, 0, 0, 0, 0, 0, 0, 70], "wmn": 2509, "wmt": 14314, "wmd": 70, "wmv": 34956, "wdn": 1100, "wdt": 38, "wdd": 0, "wdv": 39, "tlv": "Missouri"}