{"loc": "Chaffee", "iso": "US", "l1": "United States", "l2": "Colorado", "lvl": 3, "pop": 20356, "key": 10695, "isd": true, "ppd": 35.608000000000004, "med": 38.3, "p65": 15.413, "p70": 9.732000000000001, "hos": 2.77, "exp": 78.86, "adr": 2.0, "amn": 72558.0, "amv": 306945.0, "amd": 1228.0, "amt": 1133284.0, "tmn": [0, 0, 393, 294, 245, 245, 294, 49, 589, 0, 442, 0, 0, 49, 0, 0, 49, 196, 196, 147, 49], "tmv": [5466, 3298, 2593, 4349, 5491, 6616, 7139, 7375, 5050, 5255, 5793, 6168, 7391, 8814, 7404, 5275, 4864, 6157, 7535, 8875, 0], "tmd": [0, 0, 0, 0, 0, 50, 0, 0, 0, 50, -49, 0, 0, 0, 0, 0, 0, 0, 0, 0, 0], "wmn": 639, "wmt": 31765, "wmd": 0, "wmv": 40113, "wdn": -43, "wdt": 20, "wdd": 0, "wdv": -13, "tlv": "Colorado"}