{"loc": "Cerro Gordo", "iso": "US", "l1": "United States", "l2": "Iowa", "lvl": 3, "pop": 42450, "key": 10691, "isd": true, "ppd": 35.608000000000004, "med": 38.3, "p65": 15.413, "p70": 9.732000000000001, "hos": 2.77, "exp": 78.86, "adr": 2.0, "amn": 120236.0, "amv": 448004.0, "amd": 2002.0, "amt": 433427.0, "tmn": [70, 141, 117, 141, 0, 70, 70, 23, 117, 70, 23, 0, 23, 188, 306, 0, 164, 94, 0, 94, 141], "tmv": [6157, 7535, 8875, 13887, 4118, 6135, 5026, 6980, 8171, 7842, 9493, 9226, 6156, 5181, 6849, 8594, 10257, 10611, 9961, 7133, 5431], "tmd": [0, 24, 24, 0, 0, 0, 0, 0, 0, 0, 0, 0, 0, 0, 0, 0, 0, 0, 0, 0, 0], "wmn": 801, "wmt": 4436, "wmd": 0, "wmv": 58839, "wdn": 79, "wdt": 24, "wdd": 0, "wdv": 11, "tlv": "Iowa"}