{"loc": "Centre", "iso": "US", "l1": "United States", "l2": "Pennsylvania", "lvl": 3, "pop": 162385, "key": 10690, "isd": true, "ppd": 35.608000000000004, "med": 38.3, "p65": 15.413, "p70": 9.732000000000001, "hos": 2.77, "exp": 78.86, "adr": 2.0, "amn": 80365.0, "amv": 244457.0, "amd": 1299.0, "amt": 825635.0, "tmn": [246, 498, 535, 153, 86, 449, 461, 307, 221, 455, 80, 418, 264, 203, 240, 332, 363, 36, 135, 209, 307], "tmv": [6132, 6772, 6806, 0, 0, 3221, 4419, 5606, 5173, 5466, 3298, 2593, 4349, 5491, 6616, 7139, 7375, 5050, 5255, 5793, 0], "tmd": [0, 7, 7, 7, 0, 0, 0, 0, 7, 7, 0, 0, 0, 0, 0, 0, 7, 0, 7, 7, 0], "wmn": 1626, "wmt": 25371, "wmd": 19, "wmv": 37231, "wdn": -17, "wdt": 28, "wdd": 50, "wdv": 16, "tlv": "Pennsylvania"}