{"loc": "Chambers", "iso": "US", "l1": "United States", "l2": "Alabama", "lvl": 3, "pop": 33254, "key": 10698, "isd": true, "ppd": 35.608000000000004, "med": 38.3, "p65": 15.413, "p70": 9.732000000000001, "hos": 2.77, "exp": 78.86, "adr": 3.0, "amn": 114663.0, "amv": 1029249.0, "amd": 3729.0, "amt": 555932.0, "tmn": [60, 0, 0, 0, 0, 390, 0, 180, 90, 0, 90, 0, 300, 90, 150, 90, 60, 90, 360, 120, 240], "tmv": [1994, 3524, 1923, 0, 0, 1326, 2107, 1883, 1818, 1779, 1363, 1036, 1655, 1721, 1666, 1928, 1520, 1539, 740, 1856, 0], "tmd": [0, 0, 0, 0, 0, 0, 0, 0, 0, 0, 0, 0, 31, 0, 0, 0, 0, 0, 0, 0, 0], "wmn": 1113, "wmt": 3746, "wmd": 0, "wmv": 9252, "wdn": 48, "wdt": 24, "wdd": -100, "wdv": -18, "tlv": "Alabama"}