{"loc": "Chaffee", "iso": "US", "l1": "United States", "l2": "Colorado", "lvl": 3, "pop": 20356, "key": 10695, "isd": true, "ppd": 35.608000000000004, "med": 38.3, "p65": 15.413, "p70": 9.732000000000001, "hos": 2.77, "exp": 78.86, "adr": 2.0, "amn": 70790.0, "amv": 220982.0, "amd": 1179.0, "amt": 1074979.0, "tmn": [294, -49, 147, 442, 294, 294, 147, 245, 0, 442, 98, 540, 294, 147, 0, 0, 393, 294, 245, 245, 294], "tmv": [6595, 3662, 2393, 4746, 4917, 6132, 6772, 6806, 0, 0, 3221, 4419, 5606, 5173, 5466, 3298, 2593, 4349, 5491, 6616, 7139], "tmd": [0, 0, 0, 0, 0, 0, 0, 0, 0, 0, 0, 0, 0, 0, 0, 0, 0, 0, 0, 50, 0], "wmn": 1474, "wmt": 35299, "wmd": 50, "wmv": 34956, "wdn": -17, "wdt": 29, "wdd": 0, "wdv": 39, "tlv": "Colorado"}