{"loc": "Centre", "iso": "US", "l1": "United States", "l2": "Pennsylvania", "lvl": 3, "pop": 162385, "key": 10690, "isd": true, "ppd": 35.608000000000004, "med": 38.3, "p65": 15.413, "p70": 9.732000000000001, "hos": 2.77, "exp": 78.86, "adr": 2.0, "amn": 81639.0, "amv": 290534.0, "amd": 1312.0, "amt": 844832.0, "tmn": [307, 221, 455, 80, 418, 264, 203, 240, 332, 363, 36, 135, 209, 307, 264, 258, 129, 104, 24, 270, 221], "tmv": [5606, 5173, 5466, 3298, 2593, 4349, 5491, 6616, 7139, 7375, 5050, 5255, 5793, 6168, 7391, 8814, 7404, 5275, 4864, 6157, 0], "tmd": [0, 7, 7, 0, 0, 0, 0, 0, 0, 7, 0, 7, 7, 0, 0, 13, 0, 0, 0, 0, 0], "wmn": 1275, "wmt": 19198, "wmd": 13, "wmv": 39909, "wdn": -22, "wdt": -24, "wdd": -33, "wdv": -8, "tlv": "Pennsylvania"}