{"loc": "Chambers", "iso": "US", "l1": "United States", "l2": "Alabama", "lvl": 3, "pop": 33254, "key": 10698, "isd": true, "ppd": 35.608000000000004, "med": 38.3, "p65": 15.413, "p70": 9.732000000000001, "hos": 2.77, "exp": 78.86, "adr": 3.0, "amn": 100319.0, "amv": 160515.0, "amd": 2827.0, "amt": 455919.0, "tmn": [1563, 661, 451, 0, 872, 210, 270, 421, 180, 300, 300, 120, 90, 511, 240, 421, 240, 150, 90, 120, 330], "tmv": [3374, 4677, 5132, 5139, 4690, 3336, 1695, 3330, 4023, 4903, 6734, 6595, 3662, 2393, 4746, 4917, 6132, 6772, 6806, 0, 0], "tmd": [0, 31, 0, 0, 0, 0, 61, 61, 31, 0, 0, 0, 0, 91, 151, 91, 61, 0, 0, 0, 0], "wmn": 1594, "wmt": 7678, "wmd": 301, "wmv": 29376, "wdn": -17, "wdt": -41, "wdd": 67, "wdv": -7, "tlv": "Alabama"}