{"loc": "Chandigarh", "iso": "IN", "l1": "India", "l2": "Chandigarh", "lvl": 2, "pop": 1158473, "key": 10707, "isd": true, "ppd": 450.41900000000004, "med": 28.2, "p65": 5.989, "p70": 3.4139999999999997, "hos": 0.53, "exp": 69.66, "adr": 1.0, "amn": 49839.0, "amv": 136149.0, "amd": 587.0, "amt": 412167.0, "tmn": [689, 742, 768, 673, 705, 655, 768, 750, 772, 744, 679, 669, 656, 561, 569, 573, 535, 454, 357, 348, 350], "tmv": [1179, 424, 1355, 1209, 1580, 1936, 1874, 1669, 587, 2024, 2002, 1581, 1678, 930, 1375, 511, 1134, 995, 883, 1069, 0], "tmd": [10, 7, 10, 10, 13, 8, 7, 8, 9, 7, 9, 13, 9, 7, 7, 9, 6, 6, 8, 9, 13], "wmn": 3189, "wmt": 19569, "wmd": 55, "wmv": 5972, "wdn": -34, "wdt": -8, "wdd": -7, "wdv": -43, "tlv": "Chandigarh"}