{"loc": "Chandigarh", "iso": "IN", "l1": "India", "l2": "Chandigarh", "lvl": 2, "pop": 1158473, "key": 10707, "isd": true, "ppd": 450.41900000000004, "med": 28.2, "p65": 5.989, "p70": 3.4139999999999997, "hos": 0.53, "exp": 69.66, "adr": 1.0, "amn": 53459.0, "amv": 320225.0, "amd": 698.0, "amt": 331480.0, "tmn": [10, 24, 12, 14, 10, 6, 8, 2, 6, 4, 5, 6, 16, 3, 12, 6, 1, 0, 5, 4, 3], "tmv": [2230, 2726, 7913, 0, 0, 956, 2981, 4514, 2639, 2900, 3153, 3794, 0, 0, 2627, 1723, 4033, 3235, 3817, 1481, 4866], "tmd": [0, 0, 0, 0, 0, 0, 0, 0, 0, 0, 0, 0, 0, 0, 0, 0, 0, 0, 0, 0, 0], "wmn": 33, "wmt": 8712, "wmd": 0, "wmv": 21787, "wdn": -27, "wdt": -8, "wdd": 0, "wdv": 28, "tlv": "India"}