{"loc": "Chamoli", "iso": "IN", "l1": "India", "l2": "Uttarakhand", "lvl": 3, "pop": 391114, "key": 10700, "isd": true, "ppd": 450.41900000000004, "med": 28.2, "p65": 5.989, "p70": 3.4139999999999997, "hos": 0.53, "exp": 69.66, "adr": 1.0, "amn": 9660.0, "amv": 92122.0, "amd": 49.0, "amt": 301445.0, "tmn": [5, 2, 2, 5, 5, 5, 7, 2, 25, 7, 40, 23, 17, 20, 20, 63, 74, 71, 155, 56, 61], "tmv": [1495, 2660, 3090, 2119, 2264, 2902, 2874, 2261, 2996, 2710, 2550, 2125, 2901, 1917, 2401, 1978, 1966, 1945, 891, 2374, 0], "tmd": [0, 0, 0, 0, 0, 0, 0, 0, 0, 0, 0, 0, 0, 0, 0, 0, 0, 11, 0, 0, 0], "wmn": 504, "wmt": 23135, "wmd": 11, "wmv": 11558, "wdn": 265, "wdt": 7, "wdd": 0, "wdv": -34, "tlv": "Uttarakhand"}