{"loc": "Champaign", "iso": "US", "l1": "United States", "l2": "Illinois", "lvl": 3, "pop": 209689, "key": 10701, "isd": true, "ppd": 35.608000000000004, "med": 38.3, "p65": 15.413, "p70": 9.732000000000001, "hos": 2.77, "exp": 78.86, "adr": 1.0, "amn": 84115.0, "amv": 170827.0, "amd": 572.0, "amt": 1372207.0, "tmn": [391, 247, 147, 243, 343, 577, 381, 371, 333, 414, 343, 319, 562, 410, 362, 305, 243, 324, 104, 104, 505], "tmv": [5132, 5139, 4690, 3336, 1695, 3330, 4023, 4903, 6734, 6595, 3662, 2393, 4746, 4917, 6132, 6772, 6806, 0, 0, 3221, 0], "tmd": [5, 5, 0, 0, 10, 10, 0, 0, 10, 5, 0, 0, 5, 0, 0, 24, 5, 15, 0, 0, 5], "wmn": 1951, "wmt": 37047, "wmd": 48, "wmv": 22933, "wdn": -29, "wdt": -16, "wdd": 150, "wdv": -32, "tlv": "Illinois"}