{"loc": "Champaign", "iso": "US", "l1": "United States", "l2": "Ohio", "lvl": 3, "pop": 38885, "key": 10702, "isd": true, "ppd": 35.608000000000004, "med": 38.3, "p65": 15.413, "p70": 9.732000000000001, "hos": 2.77, "exp": 78.86, "adr": 1.0, "amn": 133676.0, "amv": 1263117.0, "amd": 1903.0, "amt": 1463595.0, "tmn": [565, 180, 771, 205, 462, 900, 411, 642, 540, 385, 154, 334, 771, 257, 308, 411, 231, 51, 360, 694, 385], "tmv": [3390, 3489, 0, 0, 0, 2411, 3257, 3418, 2659, 2485, 1614, 1945, 2278, 2491, 2890, 2710, 2395, 1993, 2154, 3467, 0], "tmd": [0, 0, 0, 0, 0, 0, 26, 0, 0, 26, 0, 0, 0, 0, 0, 0, 0, 0, 26, 0, 0], "wmn": 2444, "wmt": 17885, "wmd": 26, "wmv": 15613, "wdn": -21, "wdt": -9, "wdd": 0, "wdv": -8, "tlv": "Ohio"}