{"loc": "Chandigarh", "iso": "IN", "l1": "India", "l2": "Chandigarh", "lvl": 3, "pop": 1055450, "key": 10706, "isd": true, "ppd": 450.41900000000004, "med": 28.2, "p65": 5.989, "p70": 3.4139999999999997, "hos": 0.53, "exp": 69.66, "adr": 1.0, "amn": 25824.0, "amv": 49847.0, "amd": 360.0, "amt": 270990.0, "tmn": [127, 136, 113, 140, 139, 190, 199, 202, 192, 226, 197, 202, 235, 214, 234, 278, 280, 259, 251, 252, 243], "tmv": [1488, 1101, 122, 2202, 1534, 1506, 1591, 1973, 1840, 334, 2484, 1700, 1669, 1709, 1887, 1565, 188, 422, 1406, 1495, 2660], "tmd": [0, 1, 0, 0, 1, 0, 0, 1, 1, 1, 1, 1, 1, 3, 4, 2, 3, 0, 2, 0, 1], "wmn": 1801, "wmt": 11939, "wmd": 12, "wmv": 9627, "wdn": 22, "wdt": -1, "wdd": 33, "wdv": -18, "tlv": "Chandigarh"}