{"loc": "Charkhi Dadri", "iso": "IN", "l1": "India", "l2": "Haryana", "lvl": 3, "pop": 502276, "key": 10712, "isd": true, "ppd": 450.41900000000004, "med": 28.2, "p65": 5.989, "p70": 3.4139999999999997, "hos": 0.53, "exp": 69.66, "adr": 2.0, "amn": 3102.0, "amv": 55058.0, "amd": 52.0, "amt": 224882.0, "tmn": [0, 0, 7, 0, 1, 0, 0, 3, 0, 0, 0, 5, 1, 5, 5, 3, 1, 1, 3, 0, 5], "tmv": [122, 2202, 1534, 1506, 1591, 1973, 1840, 334, 2484, 1700, 1669, 1709, 1887, 1565, 188, 422, 1406, 1495, 2660, 3090, 2119], "tmd": [0, 0, 0, 0, 0, 0, 0, 0, 0, 0, 0, 0, 0, 0, 0, 0, 0, 0, 0, 0, 0], "wmn": 24, "wmt": 5504, "wmd": 0, "wmv": 11384, "wdn": 33, "wdt": -2, "wdd": 0, "wdv": 0, "tlv": "Haryana"}