{"loc": "Channel Islands", "iso": "GB", "l1": "United Kingdom", "l2": "Channel Islands", "lvl": 2, "pop": 170499, "key": 10710, "isd": true, "ppd": 272.89799999999997, "med": 40.8, "p65": 18.517, "p70": 12.527000000000001, "hos": 2.54, "exp": 81.32, "adr": 2.0, "amn": 23689.0, "amv": 310687.0, "amd": 504.0, "amt": 1265725.0, "tmn": [64, 64, 111, 52, 58, 29, 29, 23, 17, 41, 11, 5, 23, 0, 5, 5, 5, 5, 23, 0, 5], "tmv": [6712, 7494, 8092, 7486, 3533, 4161, 5557, 7324, 6898, 5703, 5081, 2222, 3105, 5200, 7079, 7675, 7914, 6405, 3028, 0, 0], "tmd": [0, 0, 0, 0, 0, 12, 0, 0, 0, 0, 0, 0, 0, 0, 6, 0, 0, 0, 0, 0, 0], "wmn": 53, "wmt": 21686, "wmd": 6, "wmv": 32103, "wdn": -57, "wdt": -62, "wdd": 0, "wdv": -10, "tlv": "United Kingdom"}