{"loc": "Charles", "iso": "US", "l1": "United States", "l2": "Maryland", "lvl": 3, "pop": 163257, "key": 10715, "isd": true, "ppd": 35.608000000000004, "med": 38.3, "p65": 15.413, "p70": 9.732000000000001, "hos": 2.77, "exp": 78.86, "adr": 2.0, "amn": 89766.0, "amv": 1314721.0, "amd": 1605.0, "amt": 2376866.0, "tmn": [128, 171, 165, 214, 122, 98, 79, 67, 140, 140, 98, 67, 73, 42, 116, 79, 91, 110, 110, 79, 55], "tmv": [2351, 2413, 3899, 2384, 1362, 4330, 4389, 4534, 4456, 4953, 2304, 1233, 3937, 4025, 4080, 4142, 4614, 1985, 454, 175, 0], "tmd": [0, 13, 0, 7, 0, 13, 7, 0, 0, 0, 0, 0, 0, 0, 7, 0, 7, 0, 0, 0, 7], "wmn": 644, "wmt": 38077, "wmd": 19, "wmv": 15454, "wdn": 2, "wdt": 2, "wdd": 0, "wdv": -39, "tlv": "Maryland"}