{"loc": "Charles City", "iso": "US", "l1": "United States", "l2": "Virginia", "lvl": 3, "pop": 6963, "key": 10713, "isd": true, "ppd": 35.608000000000004, "med": 38.3, "p65": 15.413, "p70": 9.732000000000001, "hos": 2.77, "exp": 78.86, "adr": 3.0, "amn": 57016.0, "amv": 207226.0, "amd": 1580.0, "amt": 685916.0, "tmn": [287, 430, 574, -143, 574, 287, 287, 430, 143, 143, 574, 430, 287, 143, 143, 287, 143, 0, 143, 430, 143], "tmv": [6734, 6595, 3662, 2393, 4746, 4917, 6132, 6772, 6806, 0, 0, 3221, 4419, 5606, 5173, 5466, 3298, 2593, 4349, 5491, 0], "tmd": [0, 0, 0, 0, 0, 0, 0, 0, 0, 0, 0, 0, 0, 0, 0, 0, 0, 0, 0, 144, 0], "wmn": 1293, "wmt": 17694, "wmd": 144, "wmv": 26374, "wdn": -40, "wdt": 1, "wdd": 0, "wdv": -2, "tlv": "Virginia"}