{"loc": "Chariton", "iso": "US", "l1": "United States", "l2": "Missouri", "lvl": 3, "pop": 7426, "key": 10711, "isd": true, "ppd": 35.608000000000004, "med": 38.3, "p65": 15.413, "p70": 9.732000000000001, "hos": 2.77, "exp": 78.86, "adr": 1.0, "amn": 89012.0, "amv": 359108.0, "amd": 808.0, "amt": 766333.0, "tmn": [134, 0, 0, 134, 0, 0, 134, 0, 134, 0, 0, 0, 30972, 0, 403, 134, 0, 0, 134, 0, 134], "tmv": [7139, 7375, 5050, 5255, 5793, 6168, 7391, 8814, 7404, 5275, 4864, 6157, 7535, 8875, 13887, 4118, 6135, 5026, 6980, 8171, 7842], "tmd": [0, 0, 0, 0, 0, 0, 0, 0, 0, 0, 0, 0, 0, 0, 0, 0, 0, 0, 0, 0, 0], "wmn": 808, "wmt": 13465, "wmd": 0, "wmv": 52163, "wdn": -97, "wdt": 4, "wdd": 0, "wdv": 7, "tlv": "Missouri"}