{"loc": "Charlotte", "iso": "US", "l1": "United States", "l2": "Virginia", "lvl": 3, "pop": 11880, "key": 10719, "isd": true, "ppd": 35.608000000000004, "med": 38.3, "p65": 15.413, "p70": 9.732000000000001, "hos": 2.77, "exp": 78.86, "adr": 2.0, "amn": 103704.0, "amv": 1227352.0, "amd": 2104.0, "amt": 1123325.0, "tmn": [-168, 0, 0, 1683, 0, 336, 252, 505, 0, 0, 925, 168, 673, 925, 84, 0, 0, 0, 1767, 84, 589], "tmv": [2262, 2445, 2251, 1671, 0, 0, 2784, 2570, 2833, 3777, 2988, 2423, 2905, 2661, 3390, 3489, 0, 0, 0, 2411, 0], "tmd": [0, 0, 0, 0, 0, 85, 85, 0, 0, 0, 0, 0, 0, 0, 0, 0, 0, 0, 85, 0, 0], "wmn": 2526, "wmt": 17674, "wmd": 85, "wmv": 9292, "wdn": -21, "wdt": -8, "wdd": 0, "wdv": -54, "tlv": "Virginia"}