{"loc": "Charlotte", "iso": "US", "l1": "United States", "l2": "Virginia", "lvl": 3, "pop": 11880, "key": 10719, "isd": true, "ppd": 35.608000000000004, "med": 38.3, "p65": 15.413, "p70": 9.732000000000001, "hos": 2.77, "exp": 78.86, "adr": 2.0, "amn": 91414.0, "amv": 1157792.0, "amd": 1852.0, "amt": 1042063.0, "tmn": [589, 589, 0, 0, 1262, 420, 1430, 589, 420, 0, 0, 1515, 168, 252, 589, 841, 0, 0, 841, 420, 420], "tmv": [2807, 3250, 3257, 2889, 2103, 1988, 3241, 2538, 4249, 2950, 0, 0, 0, 2913, 2024, 2876, 2739, 2336, 1790, 1886, 0], "tmd": [0, 0, 0, 0, 0, 85, 0, 0, 0, 0, 0, 0, 0, 0, 0, 0, 0, 0, 0, 0, 0], "wmn": 3115, "wmt": 29872, "wmd": 0, "wmv": 13653, "wdn": 6, "wdt": 239, "wdd": 0, "wdv": 8, "tlv": "Virginia"}