{"loc": "Charlotte", "iso": "US", "l1": "United States", "l2": "Virginia", "lvl": 3, "pop": 11880, "key": 10719, "isd": true, "ppd": 35.608000000000004, "med": 38.3, "p65": 15.413, "p70": 9.732000000000001, "hos": 2.77, "exp": 78.86, "adr": 1.0, "amn": 62290.0, "amv": 201735.0, "amd": 926.0, "amt": 683083.0, "tmn": [841, 1262, 420, 168, 336, 673, 757, 336, 252, 252, 84, 336, 168, 168, 336, 252, 168, 168, 168, 0, 589], "tmv": [4903, 6734, 6595, 3662, 2393, 4746, 4917, 6132, 6772, 6806, 0, 0, 3221, 4419, 5606, 5173, 5466, 3298, 2593, 4349, 0], "tmd": [0, 0, 0, 0, 0, 0, 0, 0, 0, 0, 0, 0, 0, 0, -84, 0, 0, 0, 0, 85, 0], "wmn": 1684, "wmt": 17648, "wmd": 0, "wmv": 26489, "wdn": 5, "wdt": -6, "wdd": 0, "wdv": -3, "tlv": "Virginia"}