{"loc": "Charlottesville", "iso": "US", "l1": "United States", "l2": "Virginia", "lvl": 3, "pop": 47266, "key": 10720, "isd": true, "ppd": 35.608000000000004, "med": 38.3, "p65": 15.413, "p70": 9.732000000000001, "hos": 2.77, "exp": 78.86, "adr": 1.0, "amn": 77476.0, "amv": 244457.0, "amd": 994.0, "amt": 699696.0, "tmn": [888, 1015, 909, 275, 317, 1692, 2094, 2263, 1269, 1565, 232, 0, 211, 444, 507, 592, 465, 380, -126, 550, -42], "tmv": [6132, 6772, 6806, 0, 0, 3221, 4419, 5606, 5173, 5466, 3298, 2593, 4349, 5491, 6616, 7139, 7375, 5050, 5255, 5793, 0], "tmd": [0, 0, 0, 0, 0, 0, 0, 0, 0, 0, 0, 22, 0, 0, 0, 43, 22, 22, 43, 0, -21], "wmn": 2328, "wmt": 16614, "wmd": 106, "wmv": 37231, "wdn": -61, "wdt": -6, "wdd": 400, "wdv": 16, "tlv": "Virginia"}