{"loc": "Chatham", "iso": "US", "l1": "United States", "l2": "Georgia", "lvl": 3, "pop": 289430, "key": 10724, "isd": true, "ppd": 35.608000000000004, "med": 38.3, "p65": 15.413, "p70": 9.732000000000001, "hos": 2.77, "exp": 78.86, "adr": 2.0, "amn": 72511.0, "amv": 238664.0, "amd": 1299.0, "amt": 682974.0, "tmn": [449, 476, 435, 131, 124, 269, 252, 380, 190, 317, 200, 124, 331, 476, 245, 283, 255, 176, 138, 276, 200], "tmv": [4917, 6132, 6772, 6806, 0, 0, 3221, 4419, 5606, 5173, 5466, 3298, 2593, 4349, 5491, 6616, 7139, 7375, 5050, 5255, 0], "tmd": [0, 4, 11, 0, 14, 18, 7, 4, 18, 11, 0, 0, 11, 14, 7, 0, 4, 0, 4, 11, 14], "wmn": 1576, "wmt": 14566, "wmd": 39, "wmv": 36929, "wdn": -22, "wdt": -15, "wdd": -31, "wdv": 19, "tlv": "Georgia"}