{"loc": "Chatra", "iso": "IN", "l1": "India", "l2": "Jharkhand", "lvl": 3, "pop": 1042304, "key": 10726, "isd": true, "ppd": 450.41900000000004, "med": 28.2, "p65": 5.989, "p70": 3.4139999999999997, "hos": 0.53, "exp": 69.66, "adr": 1.0, "amn": 5213.0, "amv": 132066.0, "amd": 49.0, "amt": 201810.0, "tmn": [41, 277, 65, 42, 451, 58, 232, 62, 130, 105, 42, 186, 35, 92, 43, 256, 171, 28, 101, 76, 19], "tmv": [1705, 1575, 1605, 1977, 1179, 424, 1355, 1209, 1580, 1936, 1874, 1669, 587, 2024, 2002, 1581, 1678, 930, 1375, 511, 0], "tmd": [0, 3, 0, 2, 3, 0, 0, 2, 3, 1, 2, 8, 0, 0, 0, 0, 2, 0, 0, 0, 2], "wmn": 698, "wmt": 9424, "wmd": 4, "wmv": 8082, "wdn": 7, "wdt": -8, "wdd": -75, "wdv": -26, "tlv": "Jharkhand"}