{"loc": "Chatra", "iso": "IN", "l1": "India", "l2": "Jharkhand", "lvl": 3, "pop": 1042304, "key": 10726, "isd": true, "ppd": 450.41900000000004, "med": 28.2, "p65": 5.989, "p70": 3.4139999999999997, "hos": 0.53, "exp": 69.66, "adr": 1.0, "amn": 1396.0, "amv": 55058.0, "amd": 12.0, "amt": 153816.0, "tmn": [0, 0, 0, 0, 0, 0, 0, 0, 0, 0, 0, 0, 8, 2, 0, 0, 0, 2, 1, 0, 3], "tmv": [122, 2202, 1534, 1506, 1591, 1973, 1840, 334, 2484, 1700, 1669, 1709, 1887, 1565, 188, 422, 1406, 1495, 2660, 3090, 2119], "tmd": [0, 0, 0, 0, 0, 0, 0, 0, 0, 0, 0, 0, 0, 0, 0, 0, 0, 0, 0, 0, 1], "wmn": 9, "wmt": 2622, "wmd": 1, "wmv": 11384, "wdn": -25, "wdt": 23, "wdd": 0, "wdv": 0, "tlv": "Jharkhand"}