{"loc": "Chatham", "iso": "US", "l1": "United States", "l2": "North Carolina", "lvl": 3, "pop": 74470, "key": 10725, "isd": true, "ppd": 35.608000000000004, "med": 38.3, "p65": 15.413, "p70": 9.732000000000001, "hos": 2.77, "exp": 78.86, "adr": 2.0, "amn": 54008.0, "amv": 160515.0, "amd": 980.0, "amt": 933319.0, "tmn": [335, 456, 483, 0, 751, 241, 93, 966, 255, 255, 268, 349, 147, 120, 161, 402, 40, 134, 161, 201, 174], "tmv": [3374, 4677, 5132, 5139, 4690, 3336, 1695, 3330, 4023, 4903, 6734, 6595, 3662, 2393, 4746, 4917, 6132, 6772, 6806, 0, 0], "tmd": [0, 0, 14, 0, 0, 0, 0, 0, 0, 0, 0, 0, 0, 0, 0, 0, 27, 0, 0, 0, 14], "wmn": 1276, "wmt": 33409, "wmd": 41, "wmv": 29376, "wdn": -46, "wdt": -16, "wdd": 0, "wdv": -7, "tlv": "North Carolina"}