{"loc": "Chautauqua", "iso": "US", "l1": "United States", "l2": "New York", "lvl": 3, "pop": 126903, "key": 10730, "isd": true, "ppd": 35.608000000000004, "med": 38.3, "p65": 15.413, "p70": 9.732000000000001, "hos": 2.77, "exp": 78.86, "adr": 2.0, "amn": 79691.0, "amv": 1144139.0, "amd": 1198.0, "amt": 3412356.0, "tmn": [173, 197, 204, 433, 141, 118, 252, 677, 0, 614, 315, 275, 165, 338, 417, 323, 307, 559, 441, 275, 488], "tmv": [3068, 3187, 2953, 1851, 1966, 2813, 2807, 3250, 3257, 2889, 2103, 1988, 3241, 2538, 4249, 2950, 0, 0, 0, 2913, 0], "tmd": [0, 8, 0, 0, 0, 0, 8, 0, 0, 8, 0, 0, 0, 0, 0, 0, 0, 0, 8, 0, 0], "wmn": 2814, "wmt": 48156, "wmd": 8, "wmv": 10114, "wdn": 18, "wdt": -8, "wdd": 0, "wdv": -48, "tlv": "New York"}