{"loc": "Cheatham", "iso": "US", "l1": "United States", "l2": "Tennessee", "lvl": 3, "pop": 40667, "key": 10732, "isd": true, "ppd": 35.608000000000004, "med": 38.3, "p65": 15.413, "p70": 9.732000000000001, "hos": 2.77, "exp": 78.86, "adr": 1.0, "amn": 171490.0, "amv": 1255502.0, "amd": 1721.0, "amt": 1498009.0, "tmn": [270, 295, 245, 909, 0, 0, 688, 319, 368, 368, 122, 0, 0, 516, 98, 196, 172, 49, 0, 0, 0], "tmv": [2423, 2905, 2661, 3390, 3489, 0, 0, 0, 2411, 3257, 3418, 2659, 2485, 1614, 1945, 2278, 2491, 2890, 2710, 2395, 0], "tmd": [25, 25, 0, 0, 0, 0, 0, 0, 0, 0, 25, 0, 0, 0, 50, 25, 0, 0, 0, 0, 0], "wmn": 517, "wmt": 13143, "wmd": 74, "wmv": 14714, "wdn": -70, "wdt": -7, "wdd": 200, "wdv": -7, "tlv": "Tennessee"}