{"loc": "Chautauqua", "iso": "US", "l1": "United States", "l2": "New York", "lvl": 3, "pop": 126903, "key": 10730, "isd": true, "ppd": 35.608000000000004, "med": 38.3, "p65": 15.413, "p70": 9.732000000000001, "hos": 2.77, "exp": 78.86, "adr": 2.0, "amn": 57847.0, "amv": 233408.0, "amd": 969.0, "amt": 1974400.0, "tmn": [386, 244, 260, 244, 315, 110, 102, 126, 275, 141, 94, 260, 94, 31, 94, 346, 86, 157, 260, 118, 39], "tmv": [4746, 4917, 6132, 6772, 6806, 0, 0, 3221, 4419, 5606, 5173, 5466, 3298, 2593, 4349, 5491, 6616, 7139, 7375, 5050, 0], "tmd": [0, 16, 0, 8, 0, 0, 0, 0, 0, 0, 16, 0, 0, 8, 0, 0, 0, 0, 8, 0, 0], "wmn": 1104, "wmt": 84723, "wmd": 8, "wmv": 36022, "wdn": 8, "wdt": 17, "wdd": -67, "wdv": 21, "tlv": "New York"}