{"loc": "Chenango", "iso": "US", "l1": "United States", "l2": "New York", "lvl": 3, "pop": 47207, "key": 10738, "isd": true, "ppd": 35.608000000000004, "med": 38.3, "p65": 15.413, "p70": 9.732000000000001, "hos": 2.77, "exp": 78.86, "adr": 2.0, "amn": 86428.0, "amv": 1157792.0, "amd": 1801.0, "amt": 3462934.0, "tmn": [296, 317, 0, 466, 254, 317, 360, 466, 254, 381, 254, 190, 169, 127, 233, 381, 233, 317, 233, 233, 254], "tmv": [2807, 3250, 3257, 2889, 2103, 1988, 3241, 2538, 4249, 2950, 0, 0, 0, 2913, 2024, 2876, 2739, 2336, 1790, 1886, 0], "tmd": [0, 0, 0, 0, 0, 22, 0, 0, 22, 0, 0, 0, 0, 22, 0, 0, 0, 0, 0, 0, 0], "wmn": 1886, "wmt": 55904, "wmd": 0, "wmv": 13653, "wdn": 2, "wdt": 11, "wdd": -100, "wdv": 8, "tlv": "New York"}