{"loc": "Chechen Republic", "iso": "RU", "l1": "Russia", "l2": "Chechen Republic", "lvl": 2, "pop": 1436981, "key": 10734, "isd": true, "ppd": 8.823, "med": 39.6, "p65": 14.177999999999999, "p70": 9.392999999999999, "hos": 8.05, "exp": 72.58, "adr": 1.0, "amn": 8295.0, "amv": 117987.0, "amd": 84.0, "amt": 871456.0, "tmn": [7, 6, 7, 6, 9, 9, 9, 6, 7, 6, 8, 9, 7, 6, 7, 6, 7, 8, 6, 7, 8], "tmv": [1778, 561, 647, 1778, 3925, 2101, 1880, 2388, 897, 1104, 2153, 2630, 1345, 2093, 1584, 3195, 480, 2264, 1736, 2720, 0], "tmd": [0, 0, 0, 0, 0, 0, 0, 0, 0, 0, 0, 1, 0, 0, 0, 0, 0, 1, 0, 1, 0], "wmn": 54, "wmt": 7453, "wmd": 2, "wmv": 11983, "wdn": -1, "wdt": 2, "wdd": 100, "wdv": -5, "tlv": "Russia"}