{"loc": "Chelyabinsk Oblast", "iso": "RU", "l1": "Russia", "l2": "Chelyabinsk Oblast", "lvl": 2, "pop": 3493036, "key": 10736, "isd": true, "ppd": 8.823, "med": 39.6, "p65": 14.177999999999999, "p70": 9.392999999999999, "hos": 8.05, "exp": 72.58, "adr": 3.0, "amn": 20756.0, "amv": 401742.0, "amd": 602.0, "amt": 1118986.0, "tmn": [68, 70, 73, 75, 76, 78, 80, 81, 81, 82, 83, 84, 85, 85, 86, 87, 89, 90, 91, 92, 94], "tmv": [3493, 7231, 4856, 1625, 1623, 6061, 7290, 4289, 13332, 973, 2135, 973, 12611, 3514, 3779, 8834, 1333, 1235, 1621, 6149, 0], "tmd": [4, 4, 4, 4, 4, 4, 4, 5, 3, 4, 4, 4, 5, 4, 4, 4, 4, 4, 4, 5, 5], "wmn": 633, "wmt": 0, "wmd": 27, "wmv": 22954, "wdn": 8, "wdt": -100, "wdd": 9, "wdv": -39, "tlv": "Russia"}