{"loc": "Chelan", "iso": "US", "l1": "United States", "l2": "Washington", "lvl": 3, "pop": 77200, "key": 10735, "isd": true, "ppd": 35.608000000000004, "med": 38.3, "p65": 15.413, "p70": 9.732000000000001, "hos": 2.77, "exp": 78.86, "adr": 1.0, "amn": 157383.0, "amv": 1393875.0, "amd": 1541.0, "amt": 1307786.0, "tmn": [608, 0, 1476, 0, 0, 1463, 595, 738, 414, 544, 0, 0, 738, 297, 207, 0, 0, 0, 0, 893, 233], "tmv": [4933, 4463, 5576, 3317, 1660, 4353, 4663, 4819, 4832, 5563, 3334, 1728, 4724, 4234, 2965, 50, 2434, 1138, 149, 0, 0], "tmd": [0, 0, 13, 0, 0, 0, 26, 26, 26, 26, 0, 0, 0, 13, 0, 0, 0, 0, 0, 39, 0], "wmn": 1335, "wmt": 0, "wmd": 39, "wmv": 6738, "wdn": -51, "wdt": -100, "wdd": -57, "wdv": -77, "tlv": "Washington"}