{"loc": "Chechen Republic", "iso": "RU", "l1": "Russia", "l2": "Chechen Republic", "lvl": 2, "pop": 1436981, "key": 10734, "isd": true, "ppd": 8.823, "med": 39.6, "p65": 14.177999999999999, "p70": 9.392999999999999, "hos": 8.05, "exp": 72.58, "adr": 2.0, "amn": 10934.0, "amv": 411735.0, "amd": 215.0, "amt": 1118986.0, "tmn": [55, 59, 63, 66, 70, 74, 74, 77, 82, 86, 91, 86, 89, 91, 96, 85, 87, 84, 88, 86, 82], "tmv": [7231, 4856, 1625, 1623, 6061, 7290, 4289, 13332, 973, 2135, 973, 12611, 3514, 3779, 8834, 1333, 1235, 1621, 6149, 4072, 5920], "tmd": [3, 4, 5, 5, 6, 7, 7, 6, 3, 3, 7, 6, 0, 10, 2, 4, 3, 3, 7, 5, 7], "wmn": 612, "wmt": 0, "wmd": 28, "wmv": 29168, "wdn": 1, "wdt": -100, "wdd": -15, "wdv": -22, "tlv": "Russia"}