{"loc": "Chenango", "iso": "US", "l1": "United States", "l2": "New York", "lvl": 3, "pop": 47207, "key": 10738, "isd": true, "ppd": 35.608000000000004, "med": 38.3, "p65": 15.413, "p70": 9.732000000000001, "hos": 2.77, "exp": 78.86, "adr": 2.0, "amn": 74290.0, "amv": 968912.0, "amd": 1610.0, "amt": 2989584.0, "tmn": [42, 21, 42, 105, 105, 21, 63, 42, 21, 0, 63, 0, 21, 42, 42, 21, 0, 0, 0, 21, 42], "tmv": [2452, 4248, 3485, 4157, 3682, 3252, 2518, 2835, 2495, 4865, 3672, 4016, 3766, 3121, 6234, 3276, 3244, 2575, 1851, 1965, 0], "tmd": [0, 0, 0, 0, 0, 0, 0, 0, 0, 0, 0, 0, 0, 0, 0, 0, 0, 0, 0, 0, 0], "wmn": 128, "wmt": 32893, "wmd": 0, "wmv": 19149, "wdn": -33, "wdt": -15, "wdd": 0, "wdv": -23, "tlv": "New York"}