{"loc": "Chechen Republic", "iso": "RU", "l1": "Russia", "l2": "Chechen Republic", "lvl": 2, "pop": 1436981, "key": 10734, "isd": true, "ppd": 8.823, "med": 39.6, "p65": 14.177999999999999, "p70": 9.392999999999999, "hos": 8.05, "exp": 72.58, "adr": 1.0, "amn": 8367.0, "amv": 137805.0, "amd": 87.0, "amt": 885211.0, "tmn": [8, 9, 7, 6, 7, 6, 7, 8, 6, 7, 8, 9, 7, 6, 7, 6, 6, 6, 6, 6, 6], "tmv": [2153, 2630, 1345, 2093, 1584, 3195, 480, 2264, 1736, 2720, 2175, 3732, 494, 1114, 1656, 3335, 3289, 2127, 685, 934, 272], "tmd": [0, 1, 0, 0, 0, 0, 0, 1, 0, 1, 0, 1, 0, 1, 0, 0, 1, 0, 1, 0, 1], "wmn": 48, "wmt": 6194, "wmd": 3, "wmv": 12302, "wdn": -15, "wdt": -55, "wdd": -25, "wdv": -14, "tlv": "Russia"}