{"loc": "Chechen Republic", "iso": "RU", "l1": "Russia", "l2": "Chechen Republic", "lvl": 2, "pop": 1436981, "key": 10734, "isd": true, "ppd": 8.823, "med": 39.6, "p65": 14.177999999999999, "p70": 9.392999999999999, "hos": 8.05, "exp": 72.58, "adr": 1.0, "amn": 8095.0, "amv": 72635.0, "amd": 81.0, "amt": 814362.0, "tmn": [7, 9, 9, 7, 6, 7, 6, 9, 9, 9, 7, 8, 7, 6, 8, 6, 9, 7, 8, 7, 6], "tmv": [170, 2424, 1547, 1194, 1309, 407, 0, 0, 0, 626, 1894, 826, 384, 15331, 0, 0, 0, 0, 0, 0, 0], "tmd": [0, 0, 1, 0, 0, 0, 0, 0, 1, 0, 0, 0, 0, 0, 0, 1, 0, 0, 0, 0, 0], "wmn": 55, "wmt": 2315, "wmd": 1, "wmv": 0, "wdn": -6, "wdt": 84, "wdd": 0, "wdv": -100, "tlv": "Russia"}