{"loc": "Cherokee", "iso": "US", "l1": "United States", "l2": "South Carolina", "lvl": 3, "pop": 57300, "key": 10750, "isd": true, "ppd": 35.608000000000004, "med": 38.3, "p65": 15.413, "p70": 9.732000000000001, "hos": 2.77, "exp": 78.86, "adr": 3.0, "amn": 100070.0, "amv": 435440.0, "amd": 2548.0, "amt": 1089302.0, "tmn": [52, 104, 314, 226, 174, 261, 87, 87, 401, 122, 261, 331, 174, 139, 209, 139, 157, 383, 157, 261, 122], "tmv": [4864, 6157, 7535, 8875, 13887, 4118, 6135, 5026, 6980, 8171, 7842, 9493, 9226, 6156, 5181, 6849, 8594, 10257, 10611, 9961, 0], "tmd": [0, 0, 35, 0, 18, 18, 0, 0, 35, 0, 0, 0, 0, 18, 0, 0, 0, 0, 18, 0, 0], "wmn": 1432, "wmt": 28015, "wmd": 18, "wmv": 51456, "wdn": -6, "wdt": 7, "wdd": -67, "wdv": -3, "tlv": "South Carolina"}