{"loc": "Chester", "iso": "US", "l1": "United States", "l2": "Pennsylvania", "lvl": 3, "pop": 524989, "key": 10755, "isd": true, "ppd": 35.608000000000004, "med": 38.3, "p65": 15.413, "p70": 9.732000000000001, "hos": 2.77, "exp": 78.86, "adr": 2.0, "amn": 105570.0, "amv": 1393875.0, "amd": 1724.0, "amt": 1551228.0, "tmn": [238, 270, 232, 253, 287, 179, 260, 375, 342, 289, 260, 264, 257, 302, 268, 371, 241, 268, 205, 264, 371], "tmv": [4933, 4463, 5576, 3317, 1660, 4353, 4663, 4819, 4832, 5563, 3334, 1728, 4724, 4234, 2965, 50, 2434, 1138, 149, 0, 0], "tmd": [2, 0, 2, 0, 0, 4, 0, 4, 4, 2, 2, 0, 0, 2, 0, 2, 0, 0, 0, 0, 4], "wmn": 1993, "wmt": 21794, "wmd": 6, "wmv": 6738, "wdn": -5, "wdt": -12, "wdd": -57, "wdv": -77, "tlv": "Pennsylvania"}