{"loc": "Chesterfield", "iso": "US", "l1": "United States", "l2": "Virginia", "lvl": 3, "pop": 352802, "key": 10759, "isd": true, "ppd": 35.608000000000004, "med": 38.3, "p65": 15.413, "p70": 9.732000000000001, "hos": 2.77, "exp": 78.86, "adr": 1.0, "amn": 66332.0, "amv": 207226.0, "amd": 813.0, "amt": 685916.0, "tmn": [558, 833, 620, 629, 722, 958, 657, 901, 711, 402, 365, 289, 184, 359, 238, 255, 192, 269, 206, 189, 255], "tmv": [6734, 6595, 3662, 2393, 4746, 4917, 6132, 6772, 6806, 0, 0, 3221, 4419, 5606, 5173, 5466, 3298, 2593, 4349, 5491, 0], "tmd": [6, 0, 0, 6, 0, 0, 0, 0, -2, 0, 3, 3, -2, 0, 18, 26, 43, 40, 9, 18, 52], "wmn": 1608, "wmt": 17694, "wmd": 202, "wmv": 26374, "wdn": -50, "wdt": 1, "wdd": 0, "wdv": -2, "tlv": "Virginia"}