{"loc": "Cherokee", "iso": "US", "l1": "United States", "l2": "South Carolina", "lvl": 3, "pop": 57300, "key": 10750, "isd": true, "ppd": 35.608000000000004, "med": 38.3, "p65": 15.413, "p70": 9.732000000000001, "hos": 2.77, "exp": 78.86, "adr": 3.0, "amn": 103089.0, "amv": 591235.0, "amd": 2600.0, "amt": 1141172.0, "tmn": [383, 157, 261, 122, 139, 104, 104, 296, 226, 0, 174, 209, 244, 69, 174, 157, 698, 139, 69, 139, 69], "tmv": [10257, 10611, 9961, 7133, 5431, 8106, 10192, 12065, 12389, 10214, 6477, 4262, 8755, 10329, 12013, 14052, 10864, 8027, 7863, 7615, 0], "tmd": [0, 18, 0, 0, 0, 18, 0, 18, 0, 0, 0, 0, 0, 0, 0, 0, 0, 0, 0, 18, 0], "wmn": 1449, "wmt": 21365, "wmd": 18, "wmv": 60438, "wdn": 19, "wdt": -9, "wdd": 0, "wdv": -6, "tlv": "South Carolina"}