{"loc": "Chester", "iso": "US", "l1": "United States", "l2": "South Carolina", "lvl": 3, "pop": 32244, "key": 10756, "isd": true, "ppd": 35.608000000000004, "med": 38.3, "p65": 15.413, "p70": 9.732000000000001, "hos": 2.77, "exp": 78.86, "adr": 2.0, "amn": 114068.0, "amv": 207226.0, "amd": 2016.0, "amt": 964598.0, "tmn": [1054, 744, 496, 155, 279, 496, 1116, 682, 465, 403, 279, 527, 465, 775, 961, 1116, 341, 341, 496, 496, 806], "tmv": [6734, 6595, 3662, 2393, 4746, 4917, 6132, 6772, 6806, 0, 0, 3221, 4419, 5606, 5173, 5466, 3298, 2593, 4349, 5491, 0], "tmd": [0, 32, 0, 0, 0, 32, 0, 32, 32, 0, 63, 0, 0, 63, 0, 0, 0, 0, 32, 0, 0], "wmn": 4559, "wmt": 36070, "wmd": 32, "wmv": 26374, "wdn": 27, "wdt": 1, "wdd": -83, "wdv": -2, "tlv": "South Carolina"}