{"loc": "Cherokee", "iso": "US", "l1": "United States", "l2": "South Carolina", "lvl": 3, "pop": 57300, "key": 10750, "isd": true, "ppd": 35.608000000000004, "med": 38.3, "p65": 15.413, "p70": 9.732000000000001, "hos": 2.77, "exp": 78.86, "adr": 3.0, "amn": 106143.0, "amv": 830268.0, "amd": 2688.0, "amt": 1229193.0, "tmn": [87, 174, 87, 87, 279, 52, 17, 34, 34, 69, 87, 191, 122, 104, 34, 87, 17, 87, 453, 17, 0], "tmv": [4975, 6773, 8259, 8496, 10027, 6458, 3608, 3001, 5456, 7305, 8515, 7794, 7192, 5713, 4653, 4699, 5814, 5591, 7265, 8234, 0], "tmd": [0, 0, 18, 0, 0, 0, 0, 0, 0, 0, 0, 35, 0, 0, 0, 0, 0, 0, 0, 0, 0], "wmn": 699, "wmt": 14668, "wmd": 0, "wmv": 36259, "wdn": 8, "wdt": -14, "wdd": -100, "wdv": -19, "tlv": "South Carolina"}