{"loc": "Chester", "iso": "US", "l1": "United States", "l2": "South Carolina", "lvl": 3, "pop": 32244, "key": 10756, "isd": true, "ppd": 35.608000000000004, "med": 38.3, "p65": 15.413, "p70": 9.732000000000001, "hos": 2.77, "exp": 78.86, "adr": 2.0, "amn": 107462.0, "amv": 160515.0, "amd": 1861.0, "amt": 912293.0, "tmn": [465, 868, 589, 992, 837, 1054, 248, 186, 310, 248, 1581, 1054, 744, 496, 155, 279, 496, 1116, 682, 465, 403], "tmv": [2448, 3374, 4677, 5132, 5139, 4690, 3336, 1695, 3330, 4023, 4903, 6734, 6595, 3662, 2393, 4746, 4917, 6132, 6772, 6806, 0], "tmd": [0, 0, 94, 32, 0, 32, 32, 32, 0, 0, 32, 0, 32, 0, 0, 0, 32, 0, 32, 32, 0], "wmn": 3598, "wmt": 39298, "wmd": 94, "wmv": 31769, "wdn": -22, "wdt": -14, "wdd": 0, "wdv": 3, "tlv": "South Carolina"}