{"loc": "Chhindwara", "iso": "IN", "l1": "India", "l2": "Madhya Pradesh", "lvl": 3, "pop": 2090306, "key": 10765, "isd": true, "ppd": 450.41900000000004, "med": 28.2, "p65": 5.989, "p70": 3.4139999999999997, "hos": 0.53, "exp": 69.66, "adr": 2.0, "amn": 3012.0, "amv": 129247.0, "amd": 54.0, "amt": 100545.0, "tmn": [29, 21, 27, 20, 22, 26, 23, 28, 23, 22, 30, 19, 24, 23, 17, 15, 18, 17, 18, 17, 17], "tmv": [0, 0, 0, 2420, 1705, 1575, 1605, 1977, 1179, 424, 1355, 1209, 1580, 1936, 1874, 1669, 587, 2024, 2002, 1581, 1678], "tmd": [1, 1, 1, 1, 1, 1, 1, 1, 1, 1, 1, 1, 1, 0, 1, 1, 1, 1, 1, 1, 0], "wmn": 122, "wmt": 5337, "wmd": 4, "wmv": 11419, "wdn": -30, "wdt": 4, "wdd": -20, "wdv": 18, "tlv": "Madhya Pradesh"}