{"loc": "Chickasaw", "iso": "US", "l1": "United States", "l2": "Iowa", "lvl": 3, "pop": 11933, "key": 10769, "isd": true, "ppd": 35.608000000000004, "med": 38.3, "p65": 15.413, "p70": 9.732000000000001, "hos": 2.77, "exp": 78.86, "adr": 1.0, "amn": 122769.0, "amv": 1187231.0, "amd": 1508.0, "amt": 526489.0, "tmn": [0, 0, 0, 0, 0, 0, 1927, 0, 0, 0, 0, 0, 0, 3435, 0, 0, 0, 0, 0, 0, 4106], "tmv": [2024, 2876, 2739, 2336, 1790, 1886, 2554, 2257, 2903, 2781, 2047, 1978, 1647, 2163, 995, 2262, 2445, 2251, 1671, 1480, 0], "tmd": [0, 0, 0, 0, 0, 0, 0, 0, 0, 0, 0, 0, 0, 0, 0, 0, 0, 0, 0, 0, 0], "wmn": 4107, "wmt": 5975, "wmd": 0, "wmv": 11106, "wdn": 20, "wdt": -55, "wdd": 0, "wdv": -30, "tlv": "Iowa"}