{"loc": "Chilton", "iso": "US", "l1": "United States", "l2": "Alabama", "lvl": 3, "pop": 44428, "key": 10777, "isd": true, "ppd": 35.608000000000004, "med": 38.3, "p65": 15.413, "p70": 9.732000000000001, "hos": 2.77, "exp": 78.86, "adr": 2.0, "amn": 133317.0, "amv": 1141226.0, "amd": 2769.0, "amt": 562193.0, "tmn": [810, 810, 1485, 405, 472, 0, 0, 2295, 1395, 810, 382, 517, 1305, 742, 1170, 1035, 922, 517, 540, 562, 855], "tmv": [3106, 3068, 3187, 2953, 1851, 1966, 2813, 2807, 3250, 3257, 2889, 2103, 1988, 3241, 2538, 4249, 2950, 0, 0, 0, 0], "tmd": [0, 0, 0, 0, 0, 0, 0, 0, 0, 23, 0, 0, 0, 0, 0, 0, 23, 0, 0, 0, 46], "wmn": 5605, "wmt": 0, "wmd": 68, "wmv": 9740, "wdn": -25, "wdt": 0, "wdd": 200, "wdv": -50, "tlv": "Alabama"}