{"loc": "Chilton", "iso": "US", "l1": "United States", "l2": "Alabama", "lvl": 3, "pop": 44428, "key": 10777, "isd": true, "ppd": 35.608000000000004, "med": 38.3, "p65": 15.413, "p70": 9.732000000000001, "hos": 2.77, "exp": 78.86, "adr": 3.0, "amn": 100792.0, "amv": 968912.0, "amd": 2611.0, "amt": 543470.0, "tmn": [202, 45, 0, 0, 202, 0, 0, 0, 67, 0, 0, 202, 45, 0, 0, 90, 0, 0, 45, 0, -45], "tmv": [2452, 4248, 3485, 4157, 3682, 3252, 2518, 2835, 2495, 4865, 3672, 4016, 3766, 3121, 6234, 3276, 3244, 2575, 1851, 1965, 0], "tmd": [0, 0, 0, 0, 0, 0, 0, 23, 0, 0, 0, 0, 0, 0, 0, 0, 0, 0, 0, 0, 0], "wmn": 91, "wmt": 2397, "wmd": 0, "wmv": 19149, "wdn": -71, "wdt": -28, "wdd": -100, "wdv": -23, "tlv": "Alabama"}