{"loc": "Childress", "iso": "US", "l1": "United States", "l2": "Texas", "lvl": 3, "pop": 7306, "key": 10775, "isd": true, "ppd": 35.608000000000004, "med": 38.3, "p65": 15.413, "p70": 9.732000000000001, "hos": 2.77, "exp": 78.86, "adr": 1.0, "amn": 194224.0, "amv": 1136653.0, "amd": 2464.0, "amt": 1044759.0, "tmn": [136, -136, 136, 136, -410, 0, 0, 547, 0, -273, 0, 136, 0, 0, 0, 1505, 1368, 1094, 547, 0, 0], "tmv": [1830, 2139, 3106, 3068, 3187, 2953, 1851, 1966, 2813, 2807, 3250, 3257, 2889, 2103, 1988, 3241, 2538, 4249, 2950, 0, 0], "tmd": [0, 0, 0, 0, 0, 0, 0, 0, 0, 0, 0, 0, 0, 0, 137, 0, 0, 0, 0, 0, 0], "wmn": 4517, "wmt": 30965, "wmd": 137, "wmv": 14970, "wdn": 1000, "wdt": 35, "wdd": 0, "wdv": -22, "tlv": "Texas"}