{"loc": "Chippewa", "iso": "US", "l1": "United States", "l2": "Wisconsin", "lvl": 3, "pop": 64658, "key": 10781, "isd": true, "ppd": 35.608000000000004, "med": 38.3, "p65": 15.413, "p70": 9.732000000000001, "hos": 2.77, "exp": 78.86, "adr": 1.0, "amn": 138173.0, "amv": 1154115.0, "amd": 1624.0, "amt": 1735557.0, "tmn": [216, 463, 494, 231, 0, 0, 1082, 695, 572, 742, 881, 0, 0, 1082, 185, 726, 510, 1036, 0, 0, 1623], "tmv": [1966, 2813, 2807, 3250, 3257, 2889, 2103, 1988, 3241, 2538, 4249, 2950, 0, 0, 0, 2913, 2024, 2876, 2739, 2336, 0], "tmd": [0, 16, 0, 0, 0, 0, 0, 0, 31, 0, 16, 0, 0, 16, 0, 0, 0, 16, 0, 0, 0], "wmn": 4084, "wmt": 23708, "wmd": 16, "wmv": 12890, "wdn": 3, "wdt": -7, "wdd": -75, "wdv": -14, "tlv": "Wisconsin"}