{"loc": "Chippewa", "iso": "US", "l1": "United States", "l2": "Minnesota", "lvl": 3, "pop": 11800, "key": 10780, "isd": true, "ppd": 35.608000000000004, "med": 38.3, "p65": 15.413, "p70": 9.732000000000001, "hos": 2.77, "exp": 78.86, "adr": 2.0, "amn": 129068.0, "amv": 822034.0, "amd": 3220.0, "amt": 1570877.0, "tmn": [169, 338, 169, 338, 677, 423, 84, 0, 84, 169, 84, 0, 169, 0, 84, 84, 84, 0, 254, 84, 84], "tmv": [9169, 6395, 4975, 6773, 8259, 8496, 10027, 6458, 3608, 3001, 5456, 7305, 8515, 7794, 7192, 5713, 4653, 4699, 5814, 5591, 7265], "tmd": [0, 0, 0, 0, 0, 0, 0, 0, 0, 0, 0, 0, 0, 0, 0, 0, 0, 0, 0, 0, 0], "wmn": 678, "wmt": 25912, "wmd": 0, "wmv": 40931, "wdn": 33, "wdt": -18, "wdd": 0, "wdv": -3, "tlv": "Minnesota"}