{"loc": "Chippewa", "iso": "US", "l1": "United States", "l2": "Wisconsin", "lvl": 3, "pop": 64658, "key": 10781, "isd": true, "ppd": 35.608000000000004, "med": 38.3, "p65": 15.413, "p70": 9.732000000000001, "hos": 2.77, "exp": 78.86, "adr": 1.0, "amn": 140014.0, "amv": 1157792.0, "amd": 1624.0, "amt": 1755348.0, "tmn": [494, 231, 0, 0, 1082, 695, 572, 742, 881, 0, 0, 1082, 185, 726, 510, 1036, 0, 0, 1623, 804, 1036], "tmv": [2807, 3250, 3257, 2889, 2103, 1988, 3241, 2538, 4249, 2950, 0, 0, 0, 2913, 2024, 2876, 2739, 2336, 1790, 1886, 0], "tmd": [0, 0, 0, 0, 0, 0, 31, 0, 16, 0, 0, 16, 0, 0, 0, 16, 0, 0, 0, 0, 0], "wmn": 5011, "wmt": 32512, "wmd": 16, "wmv": 13653, "wdn": 38, "wdt": 29, "wdd": -50, "wdv": 8, "tlv": "Wisconsin"}