{"loc": "Chisago", "iso": "US", "l1": "United States", "l2": "Minnesota", "lvl": 3, "pop": 56579, "key": 10782, "isd": true, "ppd": 35.608000000000004, "med": 38.3, "p65": 15.413, "p70": 9.732000000000001, "hos": 2.77, "exp": 78.86, "adr": 1.0, "amn": 125771.0, "amv": 1165506.0, "amd": 1025.0, "amt": 1910031.0, "tmn": [0, 0, 318, 600, 353, 388, 247, 0, 0, 0, 742, 1343, 318, 459, 0, 0, 671, 1237, 441, 441, 530], "tmv": [3257, 2889, 2103, 1988, 3241, 2538, 4249, 2950, 0, 0, 0, 2913, 2024, 2876, 2739, 2336, 1790, 1886, 2554, 2257, 2903], "tmd": [0, 0, 0, 0, 0, 18, 0, 0, 0, 0, 0, 0, 0, 0, 0, 0, 0, 18, 0, 0, 18], "wmn": 3323, "wmt": 33582, "wmd": 36, "wmv": 16467, "wdn": 16, "wdt": 26, "wdd": 0, "wdv": 53, "tlv": "Minnesota"}