{"loc": "Chippewa", "iso": "US", "l1": "United States", "l2": "Minnesota", "lvl": 3, "pop": 11800, "key": 10780, "isd": true, "ppd": 35.608000000000004, "med": 38.3, "p65": 15.413, "p70": 9.732000000000001, "hos": 2.77, "exp": 78.86, "adr": 3.0, "amn": 120932.0, "amv": 511713.0, "amd": 3051.0, "amt": 1385589.0, "tmn": [169, 593, 423, 508, 169, 84, 0, 0, 169, -84, 169, 84, 0, 0, 84, 84, 84, 169, 0, 169, 84], "tmv": [6980, 8171, 7842, 9493, 9226, 6156, 5181, 6849, 8594, 10257, 10611, 9961, 7133, 5431, 8106, 10192, 12065, 12389, 10214, 6477, 4262], "tmd": [0, 0, 0, 0, 0, 0, 0, 0, 0, 0, 0, 0, 0, 0, 85, 0, 0, 0, 0, 0, 0], "wmn": 678, "wmt": 29300, "wmd": 85, "wmv": 63709, "wdn": 100, "wdt": -8, "wdd": 0, "wdv": 8, "tlv": "Minnesota"}