{"loc": "Chittorgarh", "iso": "IN", "l1": "India", "l2": "Rajasthan", "lvl": 3, "pop": 1544392, "key": 10787, "isd": true, "ppd": 450.41900000000004, "med": 28.2, "p65": 5.989, "p70": 3.4139999999999997, "hos": 0.53, "exp": 69.66, "adr": 1.0, "amn": 2604.0, "amv": 11319.0, "amd": 27.0, "amt": 78286.0, "tmn": [3, 11, 2, 0, 1, 0, 3, 0, 3, 1, 0, 0, 0, 0, 0, 0, 1, 1, 2, 0, 0], "tmv": [353, 335, 61, 0, 0, 246, 238, 478, 437, 281, 178, 245, 350, 332, 507, 499, 351, 42, 400, 555, 0], "tmd": [0, 0, 0, 0, 0, 0, 0, 0, 0, 0, 0, 0, 0, 0, 0, 0, 0, 0, 0, 0, 0], "wmn": 7, "wmt": 1294, "wmd": 0, "wmv": 2359, "wdn": 11, "wdt": -6, "wdd": 0, "wdv": 2, "tlv": "Rajasthan"}