{"loc": "Chippewa", "iso": "US", "l1": "United States", "l2": "Minnesota", "lvl": 3, "pop": 11800, "key": 10780, "isd": true, "ppd": 35.608000000000004, "med": 38.3, "p65": 15.413, "p70": 9.732000000000001, "hos": 2.77, "exp": 78.86, "adr": 2.0, "amn": 155678.0, "amv": 1227352.0, "amd": 3305.0, "amt": 2058475.0, "tmn": [254, 0, 0, 169, 677, 84, 169, 677, 0, 0, 762, 847, 677, 84, 1355, 0, 0, 1016, 1525, 84, 593], "tmv": [2262, 2445, 2251, 1671, 0, 0, 2784, 2570, 2833, 3777, 2988, 2423, 2905, 2661, 3390, 3489, 0, 0, 0, 2411, 0], "tmd": [0, 0, 0, 0, 0, 0, 0, 0, 0, 0, 0, 0, 0, 0, 0, 0, 0, 0, 0, 0, 0], "wmn": 4577, "wmt": 36469, "wmd": 0, "wmv": 9292, "wdn": 50, "wdt": -11, "wdd": 0, "wdv": -54, "tlv": "Minnesota"}