{"loc": "Chisago", "iso": "US", "l1": "United States", "l2": "Minnesota", "lvl": 3, "pop": 56579, "key": 10782, "isd": true, "ppd": 35.608000000000004, "med": 38.3, "p65": 15.413, "p70": 9.732000000000001, "hos": 2.77, "exp": 78.86, "adr": 1.0, "amn": 90334.0, "amv": 343093.0, "amd": 848.0, "amt": 1298967.0, "tmn": [247, 123, 123, 159, 106, 88, 141, 123, 123, 212, 17, 176, 176, 194, 123, 123, 194, 212, 70, 88, 70], "tmv": [6616, 7139, 7375, 5050, 5255, 5793, 6168, 7391, 8814, 7404, 5275, 4864, 6157, 7535, 8875, 13887, 4118, 6135, 5026, 6980, 0], "tmd": [0, 0, 18, 0, 0, 0, 0, 0, 0, 0, 0, 36, 0, 0, 0, 0, 0, 0, 0, 18, 0], "wmn": 884, "wmt": 27690, "wmd": 18, "wmv": 45024, "wdn": -14, "wdt": 7, "wdd": -50, "wdv": -5, "tlv": "Minnesota"}