{"loc": "Chisago", "iso": "US", "l1": "United States", "l2": "Minnesota", "lvl": 3, "pop": 56579, "key": 10782, "isd": true, "ppd": 35.608000000000004, "med": 38.3, "p65": 15.413, "p70": 9.732000000000001, "hos": 2.77, "exp": 78.86, "adr": 1.0, "amn": 143428.0, "amv": 1227352.0, "amd": 1078.0, "amt": 2058475.0, "tmn": [813, 0, 0, 477, 1431, 689, 636, 671, 0, 0, 1078, 1714, 936, 565, 866, 0, 0, 1131, 1979, 583, 972], "tmv": [2262, 2445, 2251, 1671, 0, 0, 2784, 2570, 2833, 3777, 2988, 2423, 2905, 2661, 3390, 3489, 0, 0, 0, 2411, 0], "tmd": [0, 0, 0, 0, 0, 0, 0, 18, 0, 0, 0, 0, 36, 0, 0, 0, 0, 0, 0, 0, 0], "wmn": 5533, "wmt": 36469, "wmd": 0, "wmv": 9292, "wdn": 11, "wdt": -11, "wdd": -100, "wdv": -54, "tlv": "Minnesota"}