{"loc": "Choctaw", "iso": "US", "l1": "United States", "l2": "Mississippi", "lvl": 3, "pop": 8210, "key": 10790, "isd": true, "ppd": 35.608000000000004, "med": 38.3, "p65": 15.413, "p70": 9.732000000000001, "hos": 2.77, "exp": 78.86, "adr": 2.0, "amn": 101827.0, "amv": 1054363.0, "amd": 2314.0, "amt": 696620.0, "tmn": [0, 0, 0, 0, 365, 121, 0, 243, 487, 0, 0, 487, 121, 243, 365, 365, 0, 0, 243, 365, 609], "tmv": [1721, 1666, 1928, 1520, 1539, 740, 1856, 2005, 1821, 2051, 2364, 1193, 1200, 2288, 2155, 2600, 2160, 2477, 1419, 1374, 0], "tmd": [0, 0, 0, 0, 0, 0, 0, 0, 0, 0, 0, 0, 0, 0, 0, 0, 0, 0, 0, 0, 0], "wmn": 1949, "wmt": 9927, "wmd": 0, "wmv": 12189, "wdn": 23, "wdt": 39, "wdd": 0, "wdv": -6, "tlv": "Mississippi"}