{"loc": "Christian", "iso": "US", "l1": "United States", "l2": "Illinois", "lvl": 3, "pop": 32304, "key": 10795, "isd": true, "ppd": 35.608000000000004, "med": 38.3, "p65": 15.413, "p70": 9.732000000000001, "hos": 2.77, "exp": 78.86, "adr": 2.0, "amn": 104383.0, "amv": 343093.0, "amd": 2198.0, "amt": 1523008.0, "tmn": [92, 123, 123, 0, 309, 216, 61, 61, 123, 185, 154, 61, 92, 216, 0, 61, 61, 61, 30, 123, 247], "tmv": [6616, 7139, 7375, 5050, 5255, 5793, 6168, 7391, 8814, 7404, 5275, 4864, 6157, 7535, 8875, 13887, 4118, 6135, 5026, 6980, 0], "tmd": [31, 0, 31, 0, 0, 0, 0, 0, 31, 0, 31, 0, 31, 0, 0, 0, 0, 0, 0, 0, 0], "wmn": 589, "wmt": 39026, "wmd": 0, "wmv": 45024, "wdn": -34, "wdt": 19, "wdd": -100, "wdv": -5, "tlv": "Illinois"}