{"loc": "Christian", "iso": "US", "l1": "United States", "l2": "Kentucky", "lvl": 3, "pop": 70461, "key": 10796, "isd": true, "ppd": 35.608000000000004, "med": 38.3, "p65": 15.413, "p70": 9.732000000000001, "hos": 2.77, "exp": 78.86, "adr": 1.0, "amn": 106797.0, "amv": 0.0, "amd": 1533.0, "amt": 1295860.0, "tmn": [283, 42, 0, 0, 241, 28, 411, 184, 241, 0, 0, 581, 482, 482, 439, 170, 0, 0, 780, 326, 255], "tmv": [0, 0, 0, 0, 0, 0, 0, 0, 0, 0, 0, 0, 0, 0, 0, 0, 0, 0, 0, 0, 0], "tmd": [0, 15, 0, 0, 0, 0, 0, 0, 0, 0, 0, 0, 0, 0, 0, 0, 0, 0, 0, 0, 0], "wmn": 1973, "wmt": 19361, "wmd": 0, "wmv": 0, "wdn": 0, "wdt": 26, "wdd": 0, "wdv": 0, "tlv": "Kentucky"}