{"loc": "Christian", "iso": "US", "l1": "United States", "l2": "Kentucky", "lvl": 3, "pop": 70461, "key": 10796, "isd": true, "ppd": 35.608000000000004, "med": 38.3, "p65": 15.413, "p70": 9.732000000000001, "hos": 2.77, "exp": 78.86, "adr": 1.0, "amn": 125715.0, "amv": 1157792.0, "amd": 1632.0, "amt": 1465611.0, "tmn": [425, 525, 0, 0, 993, 723, 581, 624, 823, 0, 0, 0, 1788, 553, 1759, 1234, 0, 0, 1291, 922, 1759], "tmv": [2807, 3250, 3257, 2889, 2103, 1988, 3241, 2538, 4249, 2950, 0, 0, 0, 2913, 2024, 2876, 2739, 2336, 1790, 1886, 0], "tmd": [0, 0, 0, 0, 0, 0, 57, 0, 0, 0, 0, 0, 15, 0, 0, 0, 0, 0, 0, 29, 0], "wmn": 6969, "wmt": 53738, "wmd": 29, "wmv": 13653, "wdn": 84, "wdt": 137, "wdd": 100, "wdv": 8, "tlv": "Kentucky"}