{"loc": "Clackamas", "iso": "US", "l1": "United States", "l2": "Oregon", "lvl": 3, "pop": 418187, "key": 10808, "isd": true, "ppd": 35.608000000000004, "med": 38.3, "p65": 15.413, "p70": 9.732000000000001, "hos": 2.77, "exp": 78.86, "adr": 1.0, "amn": 70665.0, "amv": 1242734.0, "amd": 734.0, "amt": 1739459.0, "tmn": [313, 136, 0, 0, 621, 282, 205, 164, 224, 0, 0, 509, 205, 260, 208, 150, 0, 0, 612, 215, 265], "tmv": [2784, 2570, 2833, 3777, 2988, 2423, 2905, 2661, 3390, 3489, 0, 0, 0, 2411, 3257, 3418, 2659, 2485, 1614, 1945, 0], "tmd": [3, 3, 0, 0, 0, 0, 5, 24, 0, 0, 0, 3, 15, 10, 3, 3, 0, 0, 0, 5, 3], "wmn": 1452, "wmt": 32951, "wmd": 12, "wmv": 15382, "wdn": 6, "wdt": 0, "wdd": -76, "wdv": 29, "tlv": "Oregon"}