{"loc": "Chuvashia Republic", "iso": "RU", "l1": "Russia", "l2": "Chuvashia Republic", "lvl": 2, "pop": 1231117, "key": 10801, "isd": true, "ppd": 8.823, "med": 39.6, "p65": 14.177999999999999, "p70": 9.392999999999999, "hos": 8.05, "exp": 72.58, "adr": 5.0, "amn": 18042.0, "amv": 53572.0, "amd": 923.0, "amt": 791605.0, "tmn": [47, 43, 44, 43, 40, 38, 41, 41, 38, 38, 36, 36, 35, 36, 33, 32, 32, 31, 31, 35, 34], "tmv": [0, 0, 0, 0, 74, 1641, 3572, 1994, 1932, 490, 95, 170, 2424, 1547, 1194, 1309, 407, 0, 0, 0, 0], "tmd": [5, 4, 5, 5, 5, 5, 3, 5, 5, 6, 5, 5, 5, 5, 4, 5, 5, 5, 4, 6, 7], "wmn": 233, "wmt": 0, "wmd": 34, "wmv": 2912, "wdn": -12, "wdt": -100, "wdd": 0, "wdv": -66, "tlv": "Russia"}