{"loc": "Clackamas", "iso": "US", "l1": "United States", "l2": "Oregon", "lvl": 3, "pop": 418187, "key": 10808, "isd": true, "ppd": 35.608000000000004, "med": 38.3, "p65": 15.413, "p70": 9.732000000000001, "hos": 2.77, "exp": 78.86, "adr": 1.0, "amn": 32529.0, "amv": 290534.0, "amd": 459.0, "amt": 925987.0, "tmn": [66, 57, 4, 59, 88, 69, 50, 43, 69, 54, 45, 26, 38, 54, 0, 16, 62, 59, 105, 35, 88], "tmv": [5606, 5173, 5466, 3298, 2593, 4349, 5491, 6616, 7139, 7375, 5050, 5255, 5793, 6168, 7391, 8814, 7404, 5275, 4864, 6157, 0], "tmd": [0, 0, 3, 0, 0, 12, 0, 0, 0, 0, 0, 3, 17, 17, 0, 3, 0, 0, 0, 0, 3], "wmn": 369, "wmt": 28009, "wmd": 5, "wmv": 39909, "wdn": 11, "wdt": -55, "wdd": -87, "wdv": -8, "tlv": "Oregon"}