{"loc": "Citrus", "iso": "US", "l1": "United States", "l2": "Florida", "lvl": 3, "pop": 149657, "key": 10806, "isd": true, "ppd": 35.608000000000004, "med": 38.3, "p65": 15.413, "p70": 9.732000000000001, "hos": 2.77, "exp": 78.86, "adr": 4.0, "amn": 69419.0, "amv": 490759.0, "amd": 2887.0, "amt": 1092051.0, "tmn": [73, 46, 120, 307, 86, 20, 287, 106, 20, 73, 133, 113, 153, 140, 100, 80, 133, 106, 140, 133, 227], "tmv": [4118, 6135, 5026, 6980, 8171, 7842, 9493, 9226, 6156, 5181, 6849, 8594, 10257, 10611, 9961, 7133, 5431, 8106, 10192, 12065, 12389], "tmd": [14, 0, 14, 0, 7, 0, 0, 0, 0, 0, 7, 0, 21, 7, 21, 0, 0, 7, 0, 21, 0], "wmn": 923, "wmt": 18701, "wmd": 47, "wmv": 65281, "wdn": 24, "wdt": -115, "wdd": 40, "wdv": 15, "tlv": "Florida"}