{"loc": "Cibola", "iso": "US", "l1": "United States", "l2": "New Mexico", "lvl": 3, "pop": 26675, "key": 10803, "isd": true, "ppd": 35.608000000000004, "med": 38.3, "p65": 15.413, "p70": 9.732000000000001, "hos": 2.77, "exp": 78.86, "adr": 4.0, "amn": 116364.0, "amv": 1136653.0, "amd": 4873.0, "amt": 2005308.0, "tmn": [149, 299, 187, 337, 337, 0, 0, 262, 412, 149, 712, 337, 0, 0, 374, 224, 112, 749, 112, 0, 0], "tmv": [2605, 1830, 2139, 3106, 3068, 3187, 2953, 1851, 1966, 2813, 2807, 3250, 3257, 2889, 2103, 1988, 3241, 2538, 4249, 2950, 0], "tmd": [0, 0, 0, 0, 0, 0, 0, 0, 0, 0, 38, 38, 0, 0, 0, 0, 0, 0, 0, 0, 0], "wmn": 1575, "wmt": 49490, "wmd": 0, "wmv": 17074, "wdn": -16, "wdt": 6, "wdd": -100, "wdv": -9, "tlv": "New Mexico"}