{"loc": "Cibola", "iso": "US", "l1": "United States", "l2": "New Mexico", "lvl": 3, "pop": 26675, "key": 10803, "isd": true, "ppd": 35.608000000000004, "med": 38.3, "p65": 15.413, "p70": 9.732000000000001, "hos": 2.77, "exp": 78.86, "adr": 4.0, "amn": 110590.0, "amv": 1054363.0, "amd": 4799.0, "amt": 1829300.0, "tmn": [0, 0, 0, 0, 262, 37, 0, 74, 0, 0, 0, 74, 37, 74, 37, 37, 0, 0, 224, 74, 224], "tmv": [1721, 1666, 1928, 1520, 1539, 740, 1856, 2005, 1821, 2051, 2364, 1193, 1200, 2288, 2155, 2600, 2160, 2477, 1419, 1374, 0], "tmd": [0, 75, 0, 0, 0, 0, 0, 0, 0, 0, 0, 0, 0, 0, 0, 0, 0, 0, 0, 0, 0], "wmn": 600, "wmt": 22690, "wmd": 0, "wmv": 12189, "wdn": 129, "wdt": 11, "wdd": 0, "wdv": -6, "tlv": "New Mexico"}