{"loc": "Clackamas", "iso": "US", "l1": "United States", "l2": "Oregon", "lvl": 3, "pop": 418187, "key": 10808, "isd": true, "ppd": 35.608000000000004, "med": 38.3, "p65": 15.413, "p70": 9.732000000000001, "hos": 2.77, "exp": 78.86, "adr": 1.0, "amn": 45666.0, "amv": 991062.0, "amd": 562.0, "amt": 1285214.0, "tmn": [78, 66, 59, 59, 59, 43, 52, 81, 78, 47, 16, 50, 33, 33, 47, 57, 43, 26, 9, 43, 50], "tmv": [2495, 4865, 3672, 4016, 3766, 3121, 6234, 3276, 3244, 2575, 1851, 1965, 1967, 2474, 1554, 2803, 3655, 3299, 2241, 4154, 0], "tmd": [0, 0, 0, 0, 3, 0, 0, 0, 0, 0, 0, 0, 0, 0, 0, 0, 0, 0, 0, 0, 0], "wmn": 278, "wmt": 15514, "wmd": 0, "wmv": 17709, "wdn": -19, "wdt": -2, "wdd": 0, "wdv": 2, "tlv": "Oregon"}