{"loc": "Churu", "iso": "IN", "l1": "India", "l2": "Rajasthan", "lvl": 3, "pop": 2041172, "key": 10800, "isd": true, "ppd": 450.41900000000004, "med": 28.2, "p65": 5.989, "p70": 3.4139999999999997, "hos": 0.53, "exp": 69.66, "adr": 0.0, "amn": 7288.0, "amv": 132066.0, "amd": 35.0, "amt": 122162.0, "tmn": [54, 73, 50, 136, 134, 149, 379, 162, 259, 249, 299, 312, 207, 246, 104, 350, 194, 167, 151, 87, 196], "tmv": [1705, 1575, 1605, 1977, 1179, 424, 1355, 1209, 1580, 1936, 1874, 1669, 587, 2024, 2002, 1581, 1678, 930, 1375, 511, 0], "tmd": [1, 1, 1, 1, 0, 1, 0, 0, 0, 1, 0, 1, 1, 1, 0, 0, 0, 0, 3, 1, 1], "wmn": 1252, "wmt": 5681, "wmd": 5, "wmv": 8082, "wdn": -28, "wdt": -17, "wdd": 80, "wdv": -26, "tlv": "Rajasthan"}