{"loc": "Clackamas", "iso": "US", "l1": "United States", "l2": "Oregon", "lvl": 3, "pop": 418187, "key": 10808, "isd": true, "ppd": 35.608000000000004, "med": 38.3, "p65": 15.413, "p70": 9.732000000000001, "hos": 2.77, "exp": 78.86, "adr": 1.0, "amn": 65978.0, "amv": 1187231.0, "amd": 662.0, "amt": 1632567.0, "tmn": [325, 485, 341, 0, 0, 954, 380, 198, 208, 614, 0, 0, 609, 263, 521, 322, 363, 0, 0, 767, 203], "tmv": [2913, 2024, 2876, 2739, 2336, 1790, 1886, 2554, 2257, 2903, 2781, 2047, 1978, 1647, 2163, 995, 2262, 2445, 2251, 1671, 1480], "tmd": [3, 5, 3, 0, 0, 8, 0, 5, 0, 5, 0, 0, 3, 10, 0, 0, 0, 0, 0, 5, 0], "wmn": 2179, "wmt": 37302, "wmd": 5, "wmv": 13270, "wdn": 15, "wdt": 11, "wdd": -78, "wdv": -18, "tlv": "Oregon"}