{"loc": "Citrus", "iso": "US", "l1": "United States", "l2": "Florida", "lvl": 3, "pop": 149657, "key": 10806, "isd": true, "ppd": 35.608000000000004, "med": 38.3, "p65": 15.413, "p70": 9.732000000000001, "hos": 2.77, "exp": 78.86, "adr": 4.0, "amn": 68811.0, "amv": 448004.0, "amd": 2860.0, "amt": 1092051.0, "tmn": [93, 147, 173, 173, 73, 46, 120, 307, 86, 20, 287, 106, 20, 73, 133, 113, 153, 140, 100, 80, 133], "tmv": [6157, 7535, 8875, 13887, 4118, 6135, 5026, 6980, 8171, 7842, 9493, 9226, 6156, 5181, 6849, 8594, 10257, 10611, 9961, 7133, 5431], "tmd": [7, 7, 27, -6, 14, 0, 14, 0, 7, 0, 0, 0, 0, 0, 7, 0, 21, 7, 21, 0, 0], "wmn": 856, "wmt": -126330, "wmd": 54, "wmv": 58839, "wdn": -5, "wdt": -617, "wdd": 700, "wdv": 11, "tlv": "Florida"}