{"loc": "Clarendon", "iso": "US", "l1": "United States", "l2": "South Carolina", "lvl": 3, "pop": 33745, "key": 10814, "isd": true, "ppd": 35.608000000000004, "med": 38.3, "p65": 15.413, "p70": 9.732000000000001, "hos": 2.77, "exp": 78.86, "adr": 3.0, "amn": 99541.0, "amv": 635594.0, "amd": 3230.0, "amt": 1156325.0, "tmn": [29, 207, -325, 148, 444, 0, -207, 118, 207, 118, 29, 148, 0, 29, 237, 88, 29, 207, 207, 148, 59], "tmv": [5431, 8106, 10192, 12065, 12389, 10214, 6477, 4262, 8755, 10329, 12013, 14052, 10864, 8027, 7863, 7615, 10699, 12037, 10893, 10729, 0], "tmd": [0, 0, 0, 0, 60, 0, 0, 0, 0, 0, -29, 30, 0, 0, 0, 60, 0, 0, 0, 0, 0], "wmn": 978, "wmt": 21875, "wmd": 60, "wmv": 59839, "wdn": 50, "wdt": -15, "wdd": 0, "wdv": -12, "tlv": "South Carolina"}