{"loc": "Clare", "iso": "US", "l1": "United States", "l2": "Michigan", "lvl": 3, "pop": 30950, "key": 10813, "isd": true, "ppd": 35.608000000000004, "med": 38.3, "p65": 15.413, "p70": 9.732000000000001, "hos": 2.77, "exp": 78.86, "adr": 3.0, "amn": 147205.0, "amv": 1393875.0, "amd": 3780.0, "amt": 1856655.0, "tmn": [1260, 0, 2067, 0, 0, 2423, 0, 1453, 0, 1453, 0, 0, 2584, 0, 1389, 0, 0, 0, 0, 2972, 0], "tmv": [4933, 4463, 5576, 3317, 1660, 4353, 4663, 4819, 4832, 5563, 3334, 1728, 4724, 4234, 2965, 50, 2434, 1138, 149, 0, 0], "tmd": [97, 0, 0, 0, 0, 65, 0, 0, 0, 33, 0, 0, 0, 0, 97, 0, 0, 0, 0, 33, 0], "wmn": 4362, "wmt": 8801, "wmd": 130, "wmv": 6738, "wdn": -21, "wdt": -74, "wdd": 300, "wdv": -77, "tlv": "Michigan"}