{"loc": "Clarendon", "iso": "US", "l1": "United States", "l2": "South Carolina", "lvl": 3, "pop": 33745, "key": 10814, "isd": true, "ppd": 35.608000000000004, "med": 38.3, "p65": 15.413, "p70": 9.732000000000001, "hos": 2.77, "exp": 78.86, "adr": 3.0, "amn": 86768.0, "amv": 197386.0, "amd": 2963.0, "amt": 952724.0, "tmn": [414, 503, 681, 503, 207, 592, 622, 622, 829, 622, 1303, 177, 177, 177, 296, 1007, 503, 622, 207, 59, 325], "tmv": [4023, 4903, 6734, 6595, 3662, 2393, 4746, 4917, 6132, 6772, 6806, 0, 0, 3221, 4419, 5606, 5173, 5466, 3298, 2593, 0], "tmd": [60, 30, 0, 0, 0, 0, 30, 30, 0, 0, 0, 30, 30, 30, 0, 0, 0, 89, 0, 30, 60], "wmn": 3023, "wmt": 34098, "wmd": 178, "wmv": 26559, "wdn": -23, "wdt": -10, "wdd": 50, "wdv": -5, "tlv": "South Carolina"}