{"loc": "Clallam", "iso": "US", "l1": "United States", "l2": "Washington", "lvl": 3, "pop": 77331, "key": 10812, "isd": true, "ppd": 35.608000000000004, "med": 38.3, "p65": 15.413, "p70": 9.732000000000001, "hos": 2.77, "exp": 78.86, "adr": 1.0, "amn": 20186.0, "amv": 1031255.0, "amd": 194.0, "amt": 1046957.0, "tmn": [0, 0, 0, 116, 51, 77, 77, 0, 0, 168, 90, 25, 103, 142, 0, 0, 258, 116, 155, 77, 0], "tmv": [3524, 1923, 0, 0, 1326, 2107, 1883, 1818, 1779, 1363, 1036, 1655, 1721, 1666, 1928, 1520, 1539, 740, 1856, 2005, 0], "tmd": [0, 0, 0, 0, 13, 0, 0, 0, 0, 0, 13, 0, 13, 0, 0, 0, 0, 0, 0, 0, 0], "wmn": 608, "wmt": 14768, "wmd": 0, "wmv": 9591, "wdn": 15, "wdt": -20, "wdd": -100, "wdv": -13, "tlv": "Washington"}