{"loc": "Clallam", "iso": "US", "l1": "United States", "l2": "Washington", "lvl": 3, "pop": 77331, "key": 10812, "isd": true, "ppd": 35.608000000000004, "med": 38.3, "p65": 15.413, "p70": 9.732000000000001, "hos": 2.77, "exp": 78.86, "adr": 1.0, "amn": 16798.0, "amv": 841634.0, "amd": 129.0, "amt": 897936.0, "tmn": [129, 90, 38, 0, 181, 116, 129, 64, 38, 90, 0, 103, 38, 38, 103, 51, 12, 0, 77, 25, 64], "tmv": [8259, 8496, 10027, 6458, 3608, 3001, 5456, 7305, 8515, 7794, 7192, 5713, 4653, 4699, 5814, 5591, 7265, 6352, 4511, 3409, 5326], "tmd": [0, 0, 0, 0, 0, 0, 0, 0, 0, 0, 0, 13, 0, 0, 0, 0, 0, 0, 13, 0, 0], "wmn": 337, "wmt": 13975, "wmd": 13, "wmv": 38272, "wdn": -10, "wdt": -13, "wdd": 0, "wdv": -17, "tlv": "Washington"}