{"loc": "Clare", "iso": "US", "l1": "United States", "l2": "Michigan", "lvl": 3, "pop": 30950, "key": 10813, "isd": true, "ppd": 35.608000000000004, "med": 38.3, "p65": 15.413, "p70": 9.732000000000001, "hos": 2.77, "exp": 78.86, "adr": 3.0, "amn": 93086.0, "amv": 1170335.0, "amd": 2908.0, "amt": 1581928.0, "tmn": [0, 775, 0, 516, 0, 0, 0, 710, 226, 0, 678, 0, 0, 1033, 0, 1001, 0, 840, 0, 0, 1130], "tmv": [1988, 3241, 2538, 4249, 2950, 0, 0, 0, 2913, 2024, 2876, 2739, 2336, 1790, 1886, 2554, 2257, 2903, 2781, 2047, 0], "tmd": [0, 0, 0, 33, 0, 0, 0, 0, 0, 0, 0, 0, 0, 0, 0, 0, 0, 0, 0, 0, 33], "wmn": 2973, "wmt": 24721, "wmd": 33, "wmv": 14431, "wdn": 12, "wdt": 32, "wdd": 0, "wdv": -2, "tlv": "Michigan"}