{"loc": "Clark", "iso": "US", "l1": "United States", "l2": "Indiana", "lvl": 3, "pop": 118302, "key": 10819, "isd": true, "ppd": 35.608000000000004, "med": 38.3, "p65": 15.413, "p70": 9.732000000000001, "hos": 2.77, "exp": 78.86, "adr": 2.0, "amn": 100463.0, "amv": 201735.0, "amd": 1513.0, "amt": 1173834.0, "tmn": [431, 422, 262, 177, 363, 278, 236, 304, 169, 152, 202, 202, 202, 118, 185, 236, 135, 169, 143, 143, 211], "tmv": [4903, 6734, 6595, 3662, 2393, 4746, 4917, 6132, 6772, 6806, 0, 0, 3221, 4419, 5606, 5173, 5466, 3298, 2593, 4349, 0], "tmd": [0, 9, 0, 0, 43, 0, 9, 17, 9, 9, 0, 9, 17, 0, 0, 0, 0, 0, 0, 0, 0], "wmn": 1226, "wmt": 37408, "wmd": 0, "wmv": 26489, "wdn": -9, "wdt": 12, "wdd": -100, "wdv": -3, "tlv": "Indiana"}