{"loc": "Claiborne", "iso": "US", "l1": "United States", "l2": "Tennessee", "lvl": 3, "pop": 31959, "key": 10811, "isd": true, "ppd": 35.608000000000004, "med": 38.3, "p65": 15.413, "p70": 9.732000000000001, "hos": 2.77, "exp": 78.86, "adr": 2.0, "amn": 97124.0, "amv": 664553.0, "amd": 2315.0, "amt": 1104593.0, "tmn": [0, 0, 594, 187, 125, 187, 281, 0, 0, 281, 125, 93, 281, 219, 0, 0, 219, -31, 375, 625, 344], "tmv": [12389, 10214, 6477, 4262, 8755, 10329, 12013, 14052, 10864, 8027, 7863, 7615, 10699, 12037, 10893, 10729, 6600, 5484, 7781, 9092, 0], "tmd": [0, 0, 0, 0, 0, 0, -31, 0, 0, 0, 0, 0, 0, 0, 0, 0, 0, 0, 0, 0, 0], "wmn": 1534, "wmt": 16965, "wmd": 0, "wmv": 50581, "wdn": 53, "wdt": 20, "wdd": 0, "wdv": -29, "tlv": "Tennessee"}