{"loc": "Claiborne", "iso": "US", "l1": "United States", "l2": "Tennessee", "lvl": 3, "pop": 31959, "key": 10811, "isd": true, "ppd": 35.608000000000004, "med": 38.3, "p65": 15.413, "p70": 9.732000000000001, "hos": 2.77, "exp": 78.86, "adr": 2.0, "amn": 102412.0, "amv": 1031255.0, "amd": 2315.0, "amt": 1220737.0, "tmn": [0, 0, 0, 125, 156, 125, 0, 0, 0, 93, 125, 62, 0, 0, 0, 187, 156, 31, 125, 156, 0], "tmv": [3524, 1923, 0, 0, 1326, 2107, 1883, 1818, 1779, 1363, 1036, 1655, 1721, 1666, 1928, 1520, 1539, 740, 1856, 2005, 0], "tmd": [0, 0, 0, 0, 0, 0, 0, 0, 0, 0, 0, 0, 0, 0, 0, 0, 0, 0, 0, 0, 0], "wmn": 658, "wmt": 7929, "wmd": 0, "wmv": 9591, "wdn": 133, "wdt": 14, "wdd": 0, "wdv": -13, "tlv": "Tennessee"}