{"loc": "Clarke", "iso": "US", "l1": "United States", "l2": "Alabama", "lvl": 3, "pop": 23622, "key": 10828, "isd": true, "ppd": 35.608000000000004, "med": 38.3, "p65": 15.413, "p70": 9.732000000000001, "hos": 2.77, "exp": 78.86, "adr": 2.0, "amn": 147236.0, "amv": 511713.0, "amd": 2540.0, "amt": 493901.0, "tmn": [42, 169, 84, 84, 84, 42, 84, -127, -338, -296, 42, 42, 0, -254, 127, -42, -211, 0, 42, 0, 84], "tmv": [6980, 8171, 7842, 9493, 9226, 6156, 5181, 6849, 8594, 10257, 10611, 9961, 7133, 5431, 8106, 10192, 12065, 12389, 10214, 6477, 4262], "tmd": [0, 0, 43, 0, 0, 0, 0, 43, 0, 0, 0, 0, 0, 0, 43, 0, 43, 0, 0, 0, 0], "wmn": 0, "wmt": 4234, "wmd": 85, "wmv": 63709, "wdn": -100, "wdt": -2, "wdd": 100, "wdv": 8, "tlv": "Alabama"}