{"loc": "Clark", "iso": "US", "l1": "United States", "l2": "Missouri", "lvl": 3, "pop": 6797, "key": 10822, "isd": true, "ppd": 35.608000000000004, "med": 38.3, "p65": 15.413, "p70": 9.732000000000001, "hos": 2.77, "exp": 78.86, "adr": 1.0, "amn": 106076.0, "amv": 1016621.0, "amd": 1177.0, "amt": 949537.0, "tmn": [0, 0, 0, 147, 0, 147, 294, 0, 0, 147, 0, 0, 0, 0, 0, 0, 0, 0, 0, 0, 294], "tmv": [1967, 2474, 1554, 2803, 3655, 3299, 2241, 4154, 4949, 1994, 3524, 1923, 0, 0, 1326, 2107, 1883, 1818, 1779, 1363, 1036], "tmd": [0, 0, 0, 0, 0, 0, 0, 0, 0, 0, 0, 0, 0, 0, 0, 0, 0, 0, 0, 0, 0], "wmn": 295, "wmt": 8950, "wmd": 0, "wmv": 11315, "wdn": 100, "wdt": 5, "wdd": 0, "wdv": -32, "tlv": "Missouri"}