{"loc": "Clark", "iso": "US", "l1": "United States", "l2": "South Dakota", "lvl": 3, "pop": 3736, "key": 10825, "isd": true, "ppd": 35.608000000000004, "med": 38.3, "p65": 15.413, "p70": 9.732000000000001, "hos": 2.77, "exp": 78.86, "adr": 1.0, "amn": 130086.0, "amv": 1176126.0, "amd": 1338.0, "amt": 1055988.0, "tmn": [0, 0, 0, 0, 0, 0, 535, 535, 0, 0, 0, 802, 0, 0, 0, 0, 0, 0, 535, 0, 1605], "tmv": [4249, 2950, 0, 0, 0, 2913, 2024, 2876, 2739, 2336, 1790, 1886, 2554, 2257, 2903, 2781, 2047, 1978, 1647, 2163, 0], "tmd": [0, 0, 0, 0, 0, 0, 0, 0, 0, 0, 0, 0, 0, 0, 0, 0, 0, 0, 0, 0, 0], "wmn": 2142, "wmt": 18674, "wmd": 0, "wmv": 13523, "wdn": 60, "wdt": -2, "wdd": 0, "wdv": -18, "tlv": "South Dakota"}