{"loc": "Clark", "iso": "US", "l1": "United States", "l2": "Ohio", "lvl": 3, "pop": 134083, "key": 10824, "isd": true, "ppd": 35.608000000000004, "med": 38.3, "p65": 15.413, "p70": 9.732000000000001, "hos": 2.77, "exp": 78.86, "adr": 2.0, "amn": 142732.0, "amv": 1212726.0, "amd": 2543.0, "amt": 1407986.0, "tmn": [827, 529, 551, 633, 626, 842, 701, 626, 484, 313, 693, 566, 723, 469, 730, 432, 387, 678, 633, 432, 671], "tmv": [2781, 2047, 1978, 1647, 2163, 995, 2262, 2445, 2251, 1671, 0, 0, 2784, 2570, 2833, 3777, 2988, 2423, 2905, 2661, 0], "tmd": [8, 0, 8, 8, 0, 0, 0, 0, 0, 0, 0, 0, 0, 0, 0, 0, 0, 0, 0, 0, 45], "wmn": 3968, "wmt": 22640, "wmd": 45, "wmv": 17591, "wdn": 2, "wdt": -7, "wdd": 0, "wdv": 50, "tlv": "Ohio"}