{"loc": "Clark", "iso": "US", "l1": "United States", "l2": "South Dakota", "lvl": 3, "pop": 3736, "key": 10825, "isd": true, "ppd": 35.608000000000004, "med": 38.3, "p65": 15.413, "p70": 9.732000000000001, "hos": 2.77, "exp": 78.86, "adr": 1.0, "amn": 100107.0, "amv": 258018.0, "amd": 1338.0, "amt": 789520.0, "tmn": [0, 0, 535, 535, 0, 0, -267, 0, 0, 802, 267, 535, 535, 267, 0, 0, 267, 535, 0, 0, 0], "tmv": [6806, 0, 0, 3221, 4419, 5606, 5173, 5466, 3298, 2593, 4349, 5491, 6616, 7139, 7375, 5050, 5255, 5793, 6168, 7391, 0], "tmd": [0, 0, 0, 0, 0, 268, 0, 0, 0, 0, 0, 0, 0, 0, 0, 0, 0, 0, 0, 0, 0], "wmn": 803, "wmt": 312470, "wmd": 0, "wmv": 37036, "wdn": -67, "wdt": 5791, "wdd": 0, "wdv": 6, "tlv": "South Dakota"}