{"loc": "Clarke", "iso": "US", "l1": "United States", "l2": "Georgia", "lvl": 3, "pop": 128331, "key": 10829, "isd": true, "ppd": 35.608000000000004, "med": 38.3, "p65": 15.413, "p70": 9.732000000000001, "hos": 2.77, "exp": 78.86, "adr": 1.0, "amn": 120119.0, "amv": 1031255.0, "amd": 1161.0, "amt": 880867.0, "tmn": [0, 0, 0, 140, 77, 132, 46, 0, 0, 124, 62, 116, 85, 38, 0, 0, 210, 101, 124, 116, 187], "tmv": [3524, 1923, 0, 0, 1326, 2107, 1883, 1818, 1779, 1363, 1036, 1655, 1721, 1666, 1928, 1520, 1539, 740, 1856, 2005, 0], "tmd": [0, 0, 0, 0, 0, 0, -7, 0, 0, 0, 0, 0, 0, 0, 0, 0, 0, 0, 0, 0, 8], "wmn": 741, "wmt": 7589, "wmd": 8, "wmv": 9591, "wdn": 73, "wdt": 4, "wdd": 0, "wdv": -13, "tlv": "Georgia"}