{"loc": "Clark", "iso": "US", "l1": "United States", "l2": "Washington", "lvl": 3, "pop": 488241, "key": 10826, "isd": true, "ppd": 35.608000000000004, "med": 38.3, "p65": 15.413, "p70": 9.732000000000001, "hos": 2.77, "exp": 78.86, "adr": 1.0, "amn": 39382.0, "amv": 279512.0, "amd": 479.0, "amt": 713416.0, "tmn": [180, 24, 71, 124, 0, 126, 65, 98, 102, 112, 108, 0, 96, 86, 47, 81, 79, 79, 0, 67, 108], "tmv": [3221, 4419, 5606, 5173, 5466, 3298, 2593, 4349, 5491, 6616, 7139, 7375, 5050, 5255, 5793, 6168, 7391, 8814, 7404, 5275, 0], "tmd": [7, 5, 3, 0, 0, 3, 7, -2, 3, 0, 0, 0, 0, 5, 3, 3, 0, 0, 0, 3, 3], "wmn": 465, "wmt": 19995, "wmd": 9, "wmv": 40849, "wdn": -23, "wdt": -5, "wdd": 100, "wdv": -1, "tlv": "Washington"}