{"loc": "Clark", "iso": "US", "l1": "United States", "l2": "Ohio", "lvl": 3, "pop": 134083, "key": 10824, "isd": true, "ppd": 35.608000000000004, "med": 38.3, "p65": 15.413, "p70": 9.732000000000001, "hos": 2.77, "exp": 78.86, "adr": 3.0, "amn": 89631.0, "amv": 170827.0, "amd": 2394.0, "amt": 829100.0, "tmn": [686, 559, 357, 313, 417, 253, 350, 253, 387, 231, 186, 275, 275, 171, 320, 238, 126, 201, 156, 126, 171], "tmv": [5132, 5139, 4690, 3336, 1695, 3330, 4023, 4903, 6734, 6595, 3662, 2393, 4746, 4917, 6132, 6772, 6806, 0, 0, 3221, 0], "tmd": [8, 0, 0, 15, 8, 15, 8, 8, 15, 8, 0, 0, 8, 0, 0, 0, 0, 0, -29, 0, 23], "wmn": 1343, "wmt": 18975, "wmd": -7, "wmv": 22933, "wdn": -25, "wdt": -13, "wdd": -120, "wdv": -32, "tlv": "Ohio"}