{"loc": "Clark", "iso": "US", "l1": "United States", "l2": "Washington", "lvl": 3, "pop": 488241, "key": 10826, "isd": true, "ppd": 35.608000000000004, "med": 38.3, "p65": 15.413, "p70": 9.732000000000001, "hos": 2.77, "exp": 78.86, "adr": 1.0, "amn": 38514.0, "amv": 201735.0, "amd": 467.0, "amt": 678606.0, "tmn": [221, 77, 0, 315, 90, -69, 118, 102, 83, 0, 0, 149, 180, 24, 71, 124, 0, 126, 65, 98, 102], "tmv": [4903, 6734, 6595, 3662, 2393, 4746, 4917, 6132, 6772, 6806, 0, 0, 3221, 4419, 5606, 5173, 5466, 3298, 2593, 4349, 0], "tmd": [13, 0, 0, 0, 11, 3, 3, 3, 0, 0, 0, 5, 7, 5, 3, 0, 0, 3, 7, -2, 3], "wmn": 590, "wmt": 22295, "wmd": 11, "wmv": 26489, "wdn": 9, "wdt": -7, "wdd": -38, "wdv": -3, "tlv": "Washington"}