{"loc": "Clark", "iso": "US", "l1": "United States", "l2": "Ohio", "lvl": 3, "pop": 134083, "key": 10824, "isd": true, "ppd": 35.608000000000004, "med": 38.3, "p65": 15.413, "p70": 9.732000000000001, "hos": 2.77, "exp": 78.86, "adr": 2.0, "amn": 106561.0, "amv": 1018277.0, "amd": 2290.0, "amt": 1182046.0, "tmn": [14, 7, 29, 0, 37, 14, 29, 14, 0, 0, 22, 0, -7, 0, 22, 29, 37, -7, 14, 14, 37], "tmv": [1554, 2803, 3655, 3299, 2241, 4154, 4949, 1994, 3524, 1923, 0, 0, 1326, 2107, 1883, 1818, 1779, 1363, 1036, 1655, 0], "tmd": [0, 0, 0, 0, 0, 0, 0, 0, 0, 0, 0, 0, 0, 0, 0, 0, 0, 0, 8, 0, 0], "wmn": 150, "wmt": 8098, "wmd": 8, "wmv": 9537, "wdn": 400, "wdt": 6, "wdd": 0, "wdv": -12, "tlv": "Ohio"}