{"loc": "Clay", "iso": "US", "l1": "United States", "l2": "Alabama", "lvl": 3, "pop": 13235, "key": 10834, "isd": true, "ppd": 35.608000000000004, "med": 38.3, "p65": 15.413, "p70": 9.732000000000001, "hos": 2.77, "exp": 78.86, "adr": 3.0, "amn": 187911.0, "amv": 1318760.0, "amd": 5289.0, "amt": 1251618.0, "tmn": [982, 226, 0, 0, 1662, -75, 302, 0, 528, 226, 0, 377, -75, 75, 226, 226, 75, 0, 302, 0, 226], "tmv": [3907, 2388, 1363, 4340, 4401, 4549, 4472, 4977, 2311, 1237, 3968, 4080, 4140, 4246, 4837, 2345, 1101, 1959, 281, 0, 0], "tmd": [0, 0, 0, 0, 0, 0, 0, 0, 0, 0, 0, 76, 0, 0, 0, 76, 0, 0, 0, 0, 0], "wmn": 1058, "wmt": 12266, "wmd": 76, "wmv": 10525, "wdn": -7, "wdt": 0, "wdd": 0, "wdv": -58, "tlv": "Alabama"}