{"loc": "Clay", "iso": "US", "l1": "United States", "l2": "Alabama", "lvl": 3, "pop": 13235, "key": 10834, "isd": true, "ppd": 35.608000000000004, "med": 38.3, "p65": 15.413, "p70": 9.732000000000001, "hos": 2.77, "exp": 78.86, "adr": 3.0, "amn": 174386.0, "amv": 1187231.0, "amd": 4987.0, "amt": 1169767.0, "tmn": [2115, 1208, 1133, 302, 831, 1586, 906, 755, 377, 604, 680, 528, 302, 1208, 831, 377, 1208, 151, 528, 528, 680], "tmv": [2024, 2876, 2739, 2336, 1790, 1886, 2554, 2257, 2903, 2781, 2047, 1978, 1647, 2163, 995, 2262, 2445, 2251, 1671, 1480, 0], "tmd": [0, 0, 0, 0, 0, 0, 0, 76, 0, 0, 0, 0, 76, 76, 76, 76, 0, 0, 0, 76, 0], "wmn": 4307, "wmt": 595810, "wmd": 227, "wmv": 11106, "wdn": -3, "wdt": 0, "wdd": 0, "wdv": -30, "tlv": "Alabama"}