{"loc": "Clay", "iso": "US", "l1": "United States", "l2": "Alabama", "lvl": 3, "pop": 13235, "key": 10834, "isd": true, "ppd": 35.608000000000004, "med": 38.3, "p65": 15.413, "p70": 9.732000000000001, "hos": 2.77, "exp": 78.86, "adr": 3.0, "amn": 166755.0, "amv": 1165506.0, "amd": 4609.0, "amt": 562193.0, "tmn": [2040, 1964, 906, 2191, 906, 302, 1435, 755, 302, 528, 680, 1284, 2115, 1208, 1133, 302, 831, 1586, 906, 755, 377], "tmv": [3257, 2889, 2103, 1988, 3241, 2538, 4249, 2950, 0, 0, 0, 2913, 2024, 2876, 2739, 2336, 1790, 1886, 2554, 2257, 2903], "tmd": [0, 0, 0, 0, 0, 0, 0, 0, 0, 0, 0, 0, 0, 0, 0, 0, 0, 0, 0, 76, 0], "wmn": 5894, "wmt": 0, "wmd": 76, "wmv": 16467, "wdn": -14, "wdt": 0, "wdd": 0, "wdv": 53, "tlv": "Alabama"}