{"loc": "Clarke", "iso": "US", "l1": "United States", "l2": "Virginia", "lvl": 3, "pop": 14619, "key": 10832, "isd": true, "ppd": 35.608000000000004, "med": 38.3, "p65": 15.413, "p70": 9.732000000000001, "hos": 2.77, "exp": 78.86, "adr": 2.0, "amn": 65600.0, "amv": 720439.0, "amd": 1300.0, "amt": 819495.0, "tmn": [0, 136, 136, 68, 615, 136, 68, 0, 273, 136, 273, 273, 205, 136, 273, 68, 136, 136, 0, 0, 68], "tmv": [12013, 14052, 10864, 8027, 7863, 7615, 10699, 12037, 10893, 10729, 6600, 5484, 7781, 9092, 10242, 10071, 9169, 6395, 4975, 6773, 8259], "tmd": [0, 0, 0, 0, 0, 0, 0, 0, 0, 0, 0, 0, 0, 0, 0, 0, 0, 0, 0, 0, 0], "wmn": 685, "wmt": 14633, "wmd": 0, "wmv": 55887, "wdn": -47, "wdt": 0, "wdd": 0, "wdv": -11, "tlv": "Virginia"}