{"loc": "Clay", "iso": "US", "l1": "United States", "l2": "Alabama", "lvl": 3, "pop": 13235, "key": 10834, "isd": true, "ppd": 35.608000000000004, "med": 38.3, "p65": 15.413, "p70": 9.732000000000001, "hos": 2.77, "exp": 78.86, "adr": 4.0, "amn": 121118.0, "amv": 991062.0, "amd": 4458.0, "amt": 546740.0, "tmn": [151, 0, 0, 453, 0, 0, 0, -75, 0, 0, 75, 0, 0, 0, 75, 0, 0, 0, 0, 75, 0], "tmv": [2495, 4865, 3672, 4016, 3766, 3121, 6234, 3276, 3244, 2575, 1851, 1965, 1967, 2474, 1554, 2803, 3655, 3299, 2241, 4154, 0], "tmd": [0, 0, 0, 0, 0, 0, 0, 0, 0, 0, 0, 0, 0, 0, 0, 0, 0, 0, 0, 0, 0], "wmn": 152, "wmt": 2398, "wmd": 0, "wmv": 17709, "wdn": 0, "wdt": -14, "wdd": 0, "wdv": 2, "tlv": "Alabama"}