{"loc": "Clay", "iso": "US", "l1": "United States", "l2": "Indiana", "lvl": 3, "pop": 26225, "key": 10839, "isd": true, "ppd": 35.608000000000004, "med": 38.3, "p65": 15.413, "p70": 9.732000000000001, "hos": 2.77, "exp": 78.86, "adr": 1.0, "amn": 159009.0, "amv": 1227352.0, "amd": 2288.0, "amt": 2076591.0, "tmn": [800, 0, 0, 1296, 381, 724, 419, 533, 0, 0, 762, 381, 457, 571, 1182, 0, 0, 343, 152, 610, 610], "tmv": [2262, 2445, 2251, 1671, 0, 0, 2784, 2570, 2833, 3777, 2988, 2423, 2905, 2661, 3390, 3489, 0, 0, 0, 2411, 0], "tmd": [0, 0, 0, 39, 0, 0, 0, 0, 0, 0, 0, 39, 0, 0, 39, 0, 0, 0, 0, 0, 0], "wmn": 2898, "wmt": 34800, "wmd": 39, "wmv": 9292, "wdn": 7, "wdt": -3, "wdd": 0, "wdv": -54, "tlv": "Indiana"}