{"loc": "Clay", "iso": "US", "l1": "United States", "l2": "Kentucky", "lvl": 3, "pop": 19901, "key": 10842, "isd": true, "ppd": 35.608000000000004, "med": 38.3, "p65": 15.413, "p70": 9.732000000000001, "hos": 2.77, "exp": 78.86, "adr": 1.0, "amn": 229938.0, "amv": 1144139.0, "amd": 2512.0, "amt": 1429512.0, "tmn": [904, 0, 0, 8140, 1457, 5426, 2663, 1205, 0, 0, 7286, 1959, 2160, 2009, 1758, 0, 0, 0, 8642, 1909, 2261], "tmv": [3068, 3187, 2953, 1851, 1966, 2813, 2807, 3250, 3257, 2889, 2103, 1988, 3241, 2538, 4249, 2950, 0, 0, 0, 2913, 0], "tmd": [0, 0, 0, 0, 0, 101, 0, 0, 0, 0, 0, 0, 0, 0, 0, 0, 0, 0, 101, 0, 0], "wmn": 14573, "wmt": 31340, "wmd": 101, "wmv": 10114, "wdn": 0, "wdt": -16, "wdd": 0, "wdv": -48, "tlv": "Kentucky"}