{"loc": "Clay", "iso": "US", "l1": "United States", "l2": "Iowa", "lvl": 3, "pop": 16016, "key": 10840, "isd": true, "ppd": 35.608000000000004, "med": 38.3, "p65": 15.413, "p70": 9.732000000000001, "hos": 2.77, "exp": 78.86, "adr": 1.0, "amn": 119880.0, "amv": 343093.0, "amd": 1561.0, "amt": 426384.0, "tmn": [124, 0, 0, 187, 124, 187, 187, 187, 0, 62, 811, 624, 811, 187, 374, 249, 0, 312, 561, 374, 374], "tmv": [6616, 7139, 7375, 5050, 5255, 5793, 6168, 7391, 8814, 7404, 5275, 4864, 6157, 7535, 8875, 13887, 4118, 6135, 5026, 6980, 0], "tmd": [0, 0, 0, 0, 0, 0, 0, 0, 0, 0, 0, 0, 0, 0, 0, 0, 0, 0, 0, 0, 0], "wmn": 2248, "wmt": 3694, "wmd": 0, "wmv": 45024, "wdn": -16, "wdt": -4, "wdd": 0, "wdv": -5, "tlv": "Iowa"}