{"loc": "Clay", "iso": "US", "l1": "United States", "l2": "Iowa", "lvl": 3, "pop": 16016, "key": 10840, "isd": true, "ppd": 35.608000000000004, "med": 38.3, "p65": 15.413, "p70": 9.732000000000001, "hos": 2.77, "exp": 78.86, "adr": 1.0, "amn": 133866.0, "amv": 749030.0, "amd": 1561.0, "amt": 453450.0, "tmn": [374, 62, 312, 312, 437, 124, 62, 437, 187, 312, 124, 187, 0, 187, 124, 62, 187, 62, 62, 0, 0], "tmv": [7863, 7615, 10699, 12037, 10893, 10729, 6600, 5484, 7781, 9092, 10242, 10071, 9169, 6395, 4975, 6773, 8259, 8496, 10027, 6458, 3608], "tmd": [0, 0, 0, 0, 0, 0, 0, 0, 0, 0, 0, 0, 0, 0, 0, 0, 0, 0, 0, 0, 0], "wmn": 500, "wmt": 3720, "wmd": 0, "wmv": 48600, "wdn": -65, "wdt": -5, "wdd": 0, "wdv": -17, "tlv": "Iowa"}