{"loc": "Clearwater", "iso": "US", "l1": "United States", "l2": "Idaho", "lvl": 3, "pop": 8756, "key": 10856, "isd": true, "ppd": 35.608000000000004, "med": 38.3, "p65": 15.413, "p70": 9.732000000000001, "hos": 2.77, "exp": 78.86, "adr": 1.0, "amn": 150525.0, "amv": 1121684.0, "amd": 1827.0, "amt": 488110.0, "tmn": [1256, 1027, 1370, 456, 0, 0, 1713, 571, 1713, 799, 799, 0, 0, 2398, 2398, 799, 1027, 1484, 0, 0, 2969], "tmv": [1875, 1986, 1986, 2786, 3007, 2017, 2605, 1830, 2139, 3106, 3068, 3187, 2953, 1851, 1966, 2813, 2807, 3250, 3257, 2889, 2103], "tmd": [0, 0, 0, 229, 0, 0, 0, 0, 0, 0, 0, 0, 0, 0, 0, 0, 0, 0, 0, 0, 0], "wmn": 8680, "wmt": 7861, "wmd": 0, "wmv": 19089, "wdn": 38, "wdt": 22, "wdd": 0, "wdv": 5, "tlv": "Idaho"}