{"loc": "Clearwater", "iso": "US", "l1": "United States", "l2": "Idaho", "lvl": 3, "pop": 8756, "key": 10856, "isd": true, "ppd": 35.608000000000004, "med": 38.3, "p65": 15.413, "p70": 9.732000000000001, "hos": 2.77, "exp": 78.86, "adr": 2.0, "amn": 176565.0, "amv": 1187231.0, "amd": 2741.0, "amt": 534057.0, "tmn": [1484, 1713, 114, 0, 1941, 1370, 1370, 685, 456, 114, 0, 913, 342, 799, 114, 114, 0, 0, 1256, 913, 342], "tmv": [2024, 2876, 2739, 2336, 1790, 1886, 2554, 2257, 2903, 2781, 2047, 1978, 1647, 2163, 995, 2262, 2445, 2251, 1671, 1480, 0], "tmd": [229, 0, 0, 0, 115, 229, 0, 0, 0, 0, 0, 0, 0, 0, 0, 0, 0, 0, 229, 0, 0], "wmn": 2741, "wmt": 10048, "wmd": 229, "wmv": 11106, "wdn": -17, "wdt": -10, "wdd": 0, "wdv": -30, "tlv": "Idaho"}