{"loc": "Clayton", "iso": "US", "l1": "United States", "l2": "Georgia", "lvl": 3, "pop": 292256, "key": 10852, "isd": true, "ppd": 35.608000000000004, "med": 38.3, "p65": 15.413, "p70": 9.732000000000001, "hos": 2.77, "exp": 78.86, "adr": 2.0, "amn": 90421.0, "amv": 752032.0, "amd": 1605.0, "amt": 789672.0, "tmn": [208, 174, 222, 218, 184, 119, 157, 174, 229, 246, 195, 88, 92, 222, 177, 270, 174, 150, 95, 106, 130], "tmv": [7615, 10699, 12037, 10893, 10729, 6600, 5484, 7781, 9092, 10242, 10071, 9169, 6395, 4975, 6773, 8259, 8496, 10027, 6458, 3608, 3001], "tmd": [14, 21, 4, 7, 0, 4, 0, 7, 18, 4, 14, 0, 0, 0, 7, 4, 0, 0, 0, 4, 0], "wmn": 1106, "wmt": 13422, "wmd": 14, "wmv": 46626, "wdn": -12, "wdt": 16, "wdd": -67, "wdv": -19, "tlv": "Georgia"}