{"loc": "Clay", "iso": "US", "l1": "United States", "l2": "West Virginia", "lvl": 3, "pop": 8508, "key": 10851, "isd": true, "ppd": 35.608000000000004, "med": 38.3, "p65": 15.413, "p70": 9.732000000000001, "hos": 2.77, "exp": 78.86, "adr": 2.0, "amn": 151504.0, "amv": 1303449.0, "amd": 2351.0, "amt": 2434944.0, "tmn": [822, 705, 0, 352, 1527, 352, 587, 822, 587, 117, 352, 940, 352, 352, 1057, 1175, -235, 117, 1410, 1175, 940], "tmv": [780, 2376, 2334, 2342, 2403, 3887, 2378, 1359, 4316, 4363, 4502, 4400, 4864, 2267, 1210, 3657, 3104, 3335, 2510, 342, 0], "tmd": [0, 0, 0, 118, 0, 118, 0, 0, 0, 0, 118, 0, 0, 0, 0, 0, 0, 0, 0, 0, 0], "wmn": 5642, "wmt": 41849, "wmd": 0, "wmv": 14161, "wdn": 60, "wdt": -10, "wdd": -100, "wdv": -46, "tlv": "West Virginia"}