{"loc": "Cleveland", "iso": "US", "l1": "United States", "l2": "Arkansas", "lvl": 3, "pop": 7956, "key": 10861, "isd": true, "ppd": 35.608000000000004, "med": 38.3, "p65": 15.413, "p70": 9.732000000000001, "hos": 2.77, "exp": 78.86, "adr": 2.0, "amn": 185143.0, "amv": 1476857.0, "amd": 4274.0, "amt": 1429218.0, "tmn": [125, 0, 0, 0, 0, 125, 0, 251, 754, 125, 0, 0, -125, 251, 377, 1382, 754, 0, 0, 125, 125], "tmv": [70, 3476, 2565, 1693, 4764, 5451, 6033, 6077, 6801, 4120, 2054, 5104, 5248, 5184, 4986, 5175, 2683, 957, 367, 0, 0], "tmd": [0, 0, 0, 0, 0, 0, 0, 0, 0, 0, 0, 0, 0, 0, 0, 126, 0, 0, 0, 0, 0], "wmn": 2766, "wmt": 12962, "wmd": 126, "wmv": 14171, "wdn": 120, "wdt": -5, "wdd": 0, "wdv": -59, "tlv": "Arkansas"}