{"loc": "Cleveland", "iso": "US", "l1": "United States", "l2": "North Carolina", "lvl": 3, "pop": 97947, "key": 10862, "isd": true, "ppd": 35.608000000000004, "med": 38.3, "p65": 15.413, "p70": 9.732000000000001, "hos": 2.77, "exp": 78.86, "adr": 2.0, "amn": 175238.0, "amv": 1187231.0, "amd": 2930.0, "amt": 1490940.0, "tmn": [663, 643, 0, 0, 4083, 796, 1061, 1031, 1837, 0, 0, 2082, 1459, 745, 1123, 918, 0, 0, 2399, 398, 980], "tmv": [2024, 2876, 2739, 2336, 1790, 1886, 2554, 2257, 2903, 2781, 2047, 1978, 1647, 2163, 995, 2262, 2445, 2251, 1671, 1480, 0], "tmd": [21, 0, 0, 0, 31, 72, 21, 21, 11, 0, 0, 31, 0, 31, 31, 0, 0, 0, 31, 0, 41], "wmn": 5820, "wmt": 34091, "wmd": 103, "wmv": 11106, "wdn": -19, "wdt": -14, "wdd": 11, "wdv": -30, "tlv": "North Carolina"}