{"loc": "Clinton", "iso": "US", "l1": "United States", "l2": "Indiana", "lvl": 3, "pop": 32399, "key": 10866, "isd": true, "ppd": 35.608000000000004, "med": 38.3, "p65": 15.413, "p70": 9.732000000000001, "hos": 2.77, "exp": 78.86, "adr": 1.0, "amn": 187753.0, "amv": 1354464.0, "amd": 2346.0, "amt": 2238892.0, "tmn": [370, 123, 92, 154, 462, 771, 185, 339, 370, 123, 277, 308, 185, 617, 370, 246, 216, 401, 493, 586, 401], "tmv": [2361, 1265, 4095, 4257, 4381, 4544, 5255, 2753, 1460, 3910, 4355, 4594, 4119, 5128, 2996, 1521, 3915, 2663, 347, 0, 0], "tmd": [0, 0, 31, 0, 31, 0, 0, 0, 0, 0, 31, 0, 0, 0, 0, 0, 0, 0, 0, 0, 31], "wmn": 2717, "wmt": 33319, "wmd": 31, "wmv": 11446, "wdn": 22, "wdt": -1, "wdd": 0, "wdv": -57, "tlv": "Indiana"}