{"loc": "Cleveland", "iso": "US", "l1": "United States", "l2": "Arkansas", "lvl": 3, "pop": 7956, "key": 10861, "isd": true, "ppd": 35.608000000000004, "med": 38.3, "p65": 15.413, "p70": 9.732000000000001, "hos": 2.77, "exp": 78.86, "adr": 3.0, "amn": 135621.0, "amv": 1038686.0, "amd": 3519.0, "amt": 1082941.0, "tmn": [125, 502, 502, 754, 0, 0, 879, 377, 251, 377, 879, 0, 0, 879, 754, 879, 754, 1382, 125, 251, 125], "tmv": [0, 1326, 2107, 1883, 1818, 1779, 1363, 1036, 1655, 1721, 1666, 1928, 1520, 1539, 740, 1856, 2005, 1821, 2051, 2364, 1193], "tmd": [0, 0, 0, 0, 0, 0, 0, 126, 0, 0, 0, 0, 0, 0, 0, 0, 0, 126, 0, 0, 126], "wmn": 4274, "wmt": 22414, "wmd": 252, "wmv": 12034, "wdn": 55, "wdt": 63, "wdd": 100, "wdv": 9, "tlv": "Arkansas"}