{"loc": "Clinton", "iso": "US", "l1": "United States", "l2": "New York", "lvl": 3, "pop": 80485, "key": 10871, "isd": true, "ppd": 35.608000000000004, "med": 38.3, "p65": 15.413, "p70": 9.732000000000001, "hos": 2.77, "exp": 78.86, "adr": 1.0, "amn": 57290.0, "amv": 664553.0, "amd": 410.0, "amt": 2553215.0, "tmn": [248, 298, 273, 285, 285, 273, 335, 323, 248, 49, 298, 86, 360, 124, 211, 273, 161, 173, 62, 111, 248], "tmv": [12389, 10214, 6477, 4262, 8755, 10329, 12013, 14052, 10864, 8027, 7863, 7615, 10699, 12037, 10893, 10729, 6600, 5484, 7781, 9092, 0], "tmd": [0, 0, 0, 13, 0, 0, 0, 0, 0, 13, 0, 0, 0, 0, 0, 0, 0, 0, 13, 0, 0], "wmn": 1243, "wmt": 76143, "wmd": 13, "wmv": 50581, "wdn": -17, "wdt": -2, "wdd": 0, "wdv": -29, "tlv": "New York"}