{"loc": "Cobb", "iso": "US", "l1": "United States", "l2": "Georgia", "lvl": 3, "pop": 760141, "key": 10879, "isd": true, "ppd": 35.608000000000004, "med": 38.3, "p65": 15.413, "p70": 9.732000000000001, "hos": 2.77, "exp": 78.86, "adr": 1.0, "amn": 105229.0, "amv": 955999.0, "amd": 1448.0, "amt": 845478.0, "tmn": [43, 23, 28, 17, 43, 44, 52, 23, 32, 24, 26, 31, 43, 36, 30, 24, 22, 23, 35, 52, 47], "tmv": [4872, 3714, 0, 0, 1543, 2452, 4248, 3485, 4157, 3682, 3252, 2518, 2835, 2495, 4865, 3672, 4016, 3766, 3121, 6234, 0], "tmd": [0, 0, 0, 0, 3, 4, 3, 2, 0, 0, 3, 0, 4, 4, 0, 0, 0, 0, 2, 3, 3], "wmn": 237, "wmt": 7595, "wmd": 7, "wmv": 25677, "wdn": 8, "wdt": -9, "wdd": -44, "wdv": 14, "tlv": "Georgia"}