{"loc": "Clinton", "iso": "US", "l1": "United States", "l2": "New York", "lvl": 3, "pop": 80485, "key": 10871, "isd": true, "ppd": 35.608000000000004, "med": 38.3, "p65": 15.413, "p70": 9.732000000000001, "hos": 2.77, "exp": 78.86, "adr": 1.0, "amn": 63254.0, "amv": 1121684.0, "amd": 410.0, "amt": 3351756.0, "tmn": [37, 99, 24, 99, 49, 49, 12, 24, 86, 62, 37, 111, 136, 24, 37, 273, 74, 0, 521, 211, 111], "tmv": [1986, 1986, 2786, 3007, 2017, 2605, 1830, 2139, 3106, 3068, 3187, 2953, 1851, 1966, 2813, 2807, 3250, 3257, 2889, 2103, 0], "tmd": [0, 0, 0, 0, 0, 0, 0, 0, 0, 0, 0, 0, 0, 0, 0, 0, 0, 0, 0, 0, 0], "wmn": 1231, "wmt": 51492, "wmd": 0, "wmv": 17122, "wdn": 154, "wdt": 1, "wdd": 0, "wdv": -6, "tlv": "New York"}