{"loc": "Clinton", "iso": "US", "l1": "United States", "l2": "Ohio", "lvl": 3, "pop": 41968, "key": 10872, "isd": true, "ppd": 35.608000000000004, "med": 38.3, "p65": 15.413, "p70": 9.732000000000001, "hos": 2.77, "exp": 78.86, "adr": 2.0, "amn": 78179.0, "amv": 153709.0, "amd": 1430.0, "amt": 817837.0, "tmn": [142, 190, 571, 524, 714, 833, 333, 309, 476, 524, 643, 285, 452, 595, 190, 95, 857, 428, 309, 309, 262], "tmv": [3978, 2687, 2448, 3374, 4677, 5132, 5139, 4690, 3336, 1695, 3330, 4023, 4903, 6734, 6595, 3662, 2393, 4746, 4917, 6132, 6772], "tmd": [0, 0, 24, 48, 0, 0, 0, 0, 0, 0, 0, 0, 0, 0, 0, 0, 0, 0, 24, 286, 24], "wmn": 2455, "wmt": 21250, "wmd": 334, "wmv": 35221, "wdn": -25, "wdt": -11, "wdd": 0, "wdv": 23, "tlv": "Ohio"}