{"loc": "Cobb", "iso": "US", "l1": "United States", "l2": "Georgia", "lvl": 3, "pop": 760141, "key": 10879, "isd": true, "ppd": 35.608000000000004, "med": 38.3, "p65": 15.413, "p70": 9.732000000000001, "hos": 2.77, "exp": 78.86, "adr": 1.0, "amn": 90123.0, "amv": 194792.0, "amd": 1173.0, "amt": 666489.0, "tmn": [422, 568, 486, 399, 332, 224, 276, 224, 439, 422, 380, 176, 227, 230, 378, 315, 347, 269, 144, 256, 294], "tmv": [3330, 4023, 4903, 6734, 6595, 3662, 2393, 4746, 4917, 6132, 6772, 6806, 0, 0, 3221, 4419, 5606, 5173, 5466, 3298, 0], "tmd": [16, 10, 7, 11, 0, 6, 23, 8, 6, 16, 11, 2, 2, 25, 10, -3, 20, 11, 0, 3, 12], "wmn": 2008, "wmt": 17050, "wmd": 50, "wmv": 27187, "wdn": -4, "wdt": -2, "wdd": -25, "wdv": -7, "tlv": "Georgia"}