{"loc": "Clinton", "iso": "US", "l1": "United States", "l2": "New York", "lvl": 3, "pop": 80485, "key": 10871, "isd": true, "ppd": 35.608000000000004, "med": 38.3, "p65": 15.413, "p70": 9.732000000000001, "hos": 2.77, "exp": 78.86, "adr": 1.0, "amn": 61303.0, "amv": 1072054.0, "amd": 410.0, "amt": 3212746.0, "tmn": [0, 0, 0, 12, 12, 37, 24, 37, 62, 24, 37, 37, 24, 24, 74, 124, 62, 49, 37, 37, 99], "tmv": [1821, 2051, 2364, 1193, 1200, 2288, 2155, 2600, 2160, 2477, 1419, 1374, 2201, 2622, 2492, 2548, 2348, 1615, 1875, 1986, 0], "tmd": [0, 0, 0, 0, 0, 0, 0, 0, 0, 0, 0, 0, 0, 0, 0, 0, 0, 0, 0, 0, 0], "wmn": 485, "wmt": 44727, "wmd": 0, "wmv": 12867, "wdn": 95, "wdt": 24, "wdd": 0, "wdv": -13, "tlv": "New York"}