{"loc": "Coffee", "iso": "US", "l1": "United States", "l2": "Georgia", "lvl": 3, "pop": 43273, "key": 10886, "isd": true, "ppd": 35.608000000000004, "med": 38.3, "p65": 15.413, "p70": 9.732000000000001, "hos": 2.77, "exp": 78.86, "adr": 3.0, "amn": 181661.0, "amv": 1283911.0, "amd": 5315.0, "amt": 1172228.0, "tmn": [231, 254, 207, 0, 0, 323, 254, 300, 439, 115, 0, 0, 254, 115, 161, 138, 92, 0, 0, 161, 69], "tmv": [2552, 2575, 2955, 1399, 770, 2354, 2306, 2307, 2345, 3781, 2315, 1328, 4158, 4126, 4122, 3797, 3784, 1119, 91, 0, 0], "tmd": [24, 70, 70, 0, 0, 47, 0, 0, 0, 47, 0, 0, 24, 0, 0, 0, 24, 0, 0, 116, 24], "wmn": 624, "wmt": 15690, "wmd": 162, "wmv": 12915, "wdn": -49, "wdt": 6, "wdd": 133, "wdv": -37, "tlv": "Georgia"}