{"loc": "Coffee", "iso": "US", "l1": "United States", "l2": "Alabama", "lvl": 3, "pop": 52342, "key": 10885, "isd": true, "ppd": 35.608000000000004, "med": 38.3, "p65": 15.413, "p70": 9.732000000000001, "hos": 2.77, "exp": 78.86, "adr": 2.0, "amn": 102824.0, "amv": 448004.0, "amd": 2063.0, "amt": 489668.0, "tmn": [114, 114, 19, 19, 57, 821, 38, 57, 38, 0, 38, 38, 95, -57, 248, 171, 95, 19, 38, 57, 57], "tmv": [6157, 7535, 8875, 13887, 4118, 6135, 5026, 6980, 8171, 7842, 9493, 9226, 6156, 5181, 6849, 8594, 10257, 10611, 9961, 7133, 5431], "tmd": [0, 0, 0, 20, 0, 0, 0, 0, 0, 39, 0, 0, 0, 0, 0, 0, 20, 0, 0, 0, 0], "wmn": 688, "wmt": 4308, "wmd": 20, "wmv": 58839, "wdn": 227, "wdt": -16, "wdd": -50, "wdv": 11, "tlv": "Alabama"}