{"loc": "Coffee", "iso": "US", "l1": "United States", "l2": "Alabama", "lvl": 3, "pop": 52342, "key": 10885, "isd": true, "ppd": 35.608000000000004, "med": 38.3, "p65": 15.413, "p70": 9.732000000000001, "hos": 2.77, "exp": 78.86, "adr": 2.0, "amn": 100073.0, "amv": 220982.0, "amd": 1949.0, "amt": 466422.0, "tmn": [286, 95, 229, 248, 171, 210, 229, 19, 114, 114, 152, 477, 95, -19, 191, 57, 210, 133, 19, 95, 57], "tmv": [6595, 3662, 2393, 4746, 4917, 6132, 6772, 6806, 0, 0, 3221, 4419, 5606, 5173, 5466, 3298, 2593, 4349, 5491, 6616, 7139], "tmd": [0, 0, 77, 153, 0, 0, 20, 0, 0, 0, 0, 0, 58, 39, 0, 0, 58, 20, 39, 0, 0], "wmn": 765, "wmt": 6743, "wmd": 115, "wmv": 34956, "wdn": -20, "wdt": 14, "wdd": 20, "wdv": 39, "tlv": "Alabama"}