{"loc": "Cochise", "iso": "US", "l1": "United States", "l2": "Arizona", "lvl": 3, "pop": 125922, "key": 10880, "isd": true, "ppd": 35.608000000000004, "med": 38.3, "p65": 15.413, "p70": 9.732000000000001, "hos": 2.77, "exp": 78.86, "adr": 2.0, "amn": 97473.0, "amv": 1025114.0, "amd": 2335.0, "amt": 1440709.0, "tmn": [23, 0, 31, 15, 0, 15, 0, 71, 15, 15, 47, -7, 15, 39, 0, 55, 87, 95, 15, 0, 55], "tmv": [3299, 2241, 4154, 4949, 1994, 3524, 1923, 0, 0, 1326, 2107, 1883, 1818, 1779, 1363, 1036, 1655, 1721, 1666, 1928, 1520], "tmd": [0, 0, 0, 0, 0, 0, 0, 0, 0, 0, 0, 0, 0, 0, 0, 0, 0, 0, 0, 0, 8], "wmn": 310, "wmt": 14156, "wmd": 8, "wmv": 10893, "wdn": 56, "wdt": 16, "wdd": 0, "wdv": 22, "tlv": "Arizona"}