{"loc": "Coffee", "iso": "US", "l1": "United States", "l2": "Alabama", "lvl": 3, "pop": 52342, "key": 10885, "isd": true, "ppd": 35.608000000000004, "med": 38.3, "p65": 15.413, "p70": 9.732000000000001, "hos": 2.77, "exp": 78.86, "adr": 2.0, "amn": 112395.0, "amv": 1025114.0, "amd": 2484.0, "amt": 554239.0, "tmn": [0, 248, 0, 210, 0, 0, 0, 0, 687, 0, 305, 343, 0, 191, 0, 573, 611, 286, 229, 267, 305], "tmv": [2241, 4154, 4949, 1994, 3524, 1923, 0, 0, 1326, 2107, 1883, 1818, 1779, 1363, 1036, 1655, 1721, 1666, 1928, 1520, 0], "tmd": [0, 0, 0, 20, 0, 0, 0, 0, 20, 0, 0, 0, 0, 0, 0, 0, 0, 0, 0, 0, 0], "wmn": 2274, "wmt": 3660, "wmd": 0, "wmv": 9530, "wdn": 49, "wdt": 24, "wdd": -100, "wdv": -7, "tlv": "Alabama"}