{"loc": "Coffee", "iso": "US", "l1": "United States", "l2": "Georgia", "lvl": 3, "pop": 43273, "key": 10886, "isd": true, "ppd": 35.608000000000004, "med": 38.3, "p65": 15.413, "p70": 9.732000000000001, "hos": 2.77, "exp": 78.86, "adr": 3.0, "amn": 123426.0, "amv": 973354.0, "amd": 4113.0, "amt": 851391.0, "tmn": [46, 92, 23, 0, 23, 92, 23, -23, -46, 23, 0, 0, 0, 0, 92, -23, 46, 0, 0, 115, 115], "tmv": [4248, 3485, 4157, 3682, 3252, 2518, 2835, 2495, 4865, 3672, 4016, 3766, 3121, 6234, 3276, 3244, 2575, 1851, 1965, 1967, 2474], "tmd": [0, 24, 0, 0, 0, 0, 0, 0, 0, 0, 0, 0, 24, 24, 24, 24, 0, 0, 0, 0, 0], "wmn": 347, "wmt": 7197, "wmd": 47, "wmv": 17355, "wdn": -850, "wdt": -8, "wdd": 0, "wdv": -38, "tlv": "Georgia"}