{"loc": "Coconino", "iso": "US", "l1": "United States", "l2": "Arizona", "lvl": 3, "pop": 143476, "key": 10883, "isd": true, "ppd": 35.608000000000004, "med": 38.3, "p65": 15.413, "p70": 9.732000000000001, "hos": 2.77, "exp": 78.86, "adr": 2.0, "amn": 114026.0, "amv": 197386.0, "amd": 2140.0, "amt": 510742.0, "tmn": [299, 1017, 592, 174, 418, 522, 209, 243, 285, 188, 376, 320, 264, 48, 348, 327, 167, 327, 174, 118, 432], "tmv": [4023, 4903, 6734, 6595, 3662, 2393, 4746, 4917, 6132, 6772, 6806, 0, 0, 3221, 4419, 5606, 5173, 5466, 3298, 2593, 0], "tmd": [21, 21, 0, 0, 0, 49, 14, 14, 14, 7, 0, 0, 0, 0, 21, 7, 0, 7, 0, 0, 0], "wmn": 1896, "wmt": 9472, "wmd": 35, "wmv": 26559, "wdn": 10, "wdt": -2, "wdd": 0, "wdv": -5, "tlv": "Arizona"}