{"loc": "Coconino", "iso": "US", "l1": "United States", "l2": "Arizona", "lvl": 3, "pop": 143476, "key": 10883, "isd": true, "ppd": 35.608000000000004, "med": 38.3, "p65": 15.413, "p70": 9.732000000000001, "hos": 2.77, "exp": 78.86, "adr": 2.0, "amn": 167889.0, "amv": 1318760.0, "amd": 2586.0, "amt": 1920589.0, "tmn": [676, 676, 13, 13, 48, 1700, 453, 801, 376, 522, 390, 202, 480, 306, 529, 404, 369, 376, 1017, 578, 592], "tmv": [3907, 2388, 1363, 4340, 4401, 4549, 4472, 4977, 2311, 1237, 3968, 4080, 4140, 4246, 4837, 2345, 1101, 1959, 281, 0, 0], "tmd": [0, 0, 0, 0, 14, 7, -6, 7, 7, 0, 0, -6, 28, 0, 14, 14, 0, 0, 14, 0, 0], "wmn": 3869, "wmt": 33555, "wmd": 42, "wmv": 10525, "wdn": 26, "wdt": 15, "wdd": 20, "wdv": -58, "tlv": "Arizona"}