{"loc": "Coconino", "iso": "US", "l1": "United States", "l2": "Arizona", "lvl": 3, "pop": 143476, "key": 10883, "isd": true, "ppd": 35.608000000000004, "med": 38.3, "p65": 15.413, "p70": 9.732000000000001, "hos": 2.77, "exp": 78.86, "adr": 2.0, "amn": 124641.0, "amv": 841634.0, "amd": 2314.0, "amt": 1305134.0, "tmn": [41, 132, 90, 104, 48, 83, 97, 69, 167, 111, 90, 69, 83, 62, 13, 6, 20, 20, 6, 6, -97], "tmv": [8259, 8496, 10027, 6458, 3608, 3001, 5456, 7305, 8515, 7794, 7192, 5713, 4653, 4699, 5814, 5591, 7265, 6352, 4511, 3409, 5326], "tmd": [0, 0, 0, 0, 0, 0, 0, 7, -6, 7, 0, 0, 0, 0, 0, 0, 0, 0, 0, 0, 14], "wmn": -20, "wmt": 16281, "wmd": 14, "wmv": 38272, "wdn": -103, "wdt": -15, "wdd": 100, "wdv": -17, "tlv": "Arizona"}