{"loc": "Cole", "iso": "US", "l1": "United States", "l2": "Missouri", "lvl": 3, "pop": 76745, "key": 10892, "isd": true, "ppd": 35.608000000000004, "med": 38.3, "p65": 15.413, "p70": 9.732000000000001, "hos": 2.77, "exp": 78.86, "adr": 1.0, "amn": 161014.0, "amv": 1157792.0, "amd": 2111.0, "amt": 1105669.0, "tmn": [338, 325, 469, 156, 325, 247, 508, 390, 390, 377, 169, 130, 143, 456, 416, 443, 443, 156, 195, 299, 416], "tmv": [2807, 3250, 3257, 2889, 2103, 1988, 3241, 2538, 4249, 2950, 0, 0, 0, 2913, 2024, 2876, 2739, 2336, 1790, 1886, 0], "tmd": [0, 0, 0, 0, 0, 92, 0, -13, 0, 0, 0, 0, 0, 92, 0, 0, 0, 0, 0, 27, 0], "wmn": 2372, "wmt": 18965, "wmd": 27, "wmv": 13653, "wdn": 15, "wdt": 6, "wdd": -67, "wdv": 8, "tlv": "Missouri"}