{"loc": "Coles", "iso": "US", "l1": "United States", "l2": "Illinois", "lvl": 3, "pop": 50621, "key": 10894, "isd": true, "ppd": 35.608000000000004, "med": 38.3, "p65": 15.413, "p70": 9.732000000000001, "hos": 2.77, "exp": 78.86, "adr": 2.0, "amn": 114063.0, "amv": 973354.0, "amd": 1995.0, "amt": 2015151.0, "tmn": [158, 19, 0, 0, 39, 19, 39, 19, 0, 19, 59, 39, 59, 19, 19, 0, 0, 79, -19, 19, 0], "tmv": [4248, 3485, 4157, 3682, 3252, 2518, 2835, 2495, 4865, 3672, 4016, 3766, 3121, 6234, 3276, 3244, 2575, 1851, 1965, 1967, 2474], "tmd": [0, 20, 0, 0, 0, 0, 0, 0, 0, 0, 0, 0, 0, 0, 0, 0, 0, 0, 0, 0, 20], "wmn": 99, "wmt": 20871, "wmd": 20, "wmv": 17355, "wdn": -55, "wdt": -5, "wdd": 0, "wdv": -38, "tlv": "Illinois"}