{"loc": "Coles", "iso": "US", "l1": "United States", "l2": "Illinois", "lvl": 3, "pop": 50621, "key": 10894, "isd": true, "ppd": 35.608000000000004, "med": 38.3, "p65": 15.413, "p70": 9.732000000000001, "hos": 2.77, "exp": 78.86, "adr": 2.0, "amn": 154541.0, "amv": 1227352.0, "amd": 2390.0, "amt": 2639190.0, "tmn": [454, 0, 0, 1145, 454, 592, 651, 612, 0, 0, 987, 592, 553, 355, 592, 0, 0, 0, 987, 493, 256], "tmv": [2262, 2445, 2251, 1671, 0, 0, 2784, 2570, 2833, 3777, 2988, 2423, 2905, 2661, 3390, 3489, 0, 0, 0, 2411, 0], "tmd": [0, 0, 0, 0, 0, 40, 20, 20, 0, 0, 0, 0, 0, 40, 0, 0, 0, 0, 20, 20, 0], "wmn": 2332, "wmt": 64238, "wmd": 40, "wmv": 9292, "wdn": -25, "wdt": -13, "wdd": -33, "wdv": -54, "tlv": "Illinois"}