{"loc": "Colleton", "iso": "US", "l1": "United States", "l2": "South Carolina", "lvl": 3, "pop": 37677, "key": 10898, "isd": true, "ppd": 35.608000000000004, "med": 38.3, "p65": 15.413, "p70": 9.732000000000001, "hos": 2.77, "exp": 78.86, "adr": 3.0, "amn": 148711.0, "amv": 1242734.0, "amd": 4990.0, "amt": 1806772.0, "tmn": [451, 159, 0, 0, 796, 106, 132, 238, 212, 0, 0, 610, 26, 106, 106, 106, 0, 0, 212, 53, 79], "tmv": [2784, 2570, 2833, 3777, 2988, 2423, 2905, 2661, 3390, 3489, 0, 0, 0, 2411, 3257, 3418, 2659, 2485, 1614, 1945, 0], "tmd": [0, 27, 0, 0, 80, 0, 54, 0, 0, 0, 0, 107, 0, 0, 0, 0, 0, 0, 0, 0, 0], "wmn": 558, "wmt": 29824, "wmd": 0, "wmv": 15382, "wdn": -53, "wdt": -7, "wdd": -100, "wdv": 29, "tlv": "South Carolina"}