{"loc": "Coles", "iso": "US", "l1": "United States", "l2": "Illinois", "lvl": 3, "pop": 50621, "key": 10894, "isd": true, "ppd": 35.608000000000004, "med": 38.3, "p65": 15.413, "p70": 9.732000000000001, "hos": 2.77, "exp": 78.86, "adr": 2.0, "amn": 157168.0, "amv": 1255502.0, "amd": 2509.0, "amt": 2721992.0, "tmn": [592, 553, 355, 592, 0, 0, 0, 987, 493, 256, 395, 0, 0, 276, 434, 177, 138, 454, 0, 0, 750], "tmv": [2423, 2905, 2661, 3390, 3489, 0, 0, 0, 2411, 3257, 3418, 2659, 2485, 1614, 1945, 2278, 2491, 2890, 2710, 2395, 0], "tmd": [0, 0, 40, 0, 0, 0, 0, 20, 20, 0, 0, 0, 0, 20, 0, 40, 0, 20, 0, 0, 40], "wmn": 1956, "wmt": 61064, "wmd": 99, "wmv": 14714, "wdn": -19, "wdt": -1, "wdd": 67, "wdv": -7, "tlv": "Illinois"}