{"loc": "Colbert", "iso": "US", "l1": "United States", "l2": "Alabama", "lvl": 3, "pop": 55241, "key": 10891, "isd": true, "ppd": 35.608000000000004, "med": 38.3, "p65": 15.413, "p70": 9.732000000000001, "hos": 2.77, "exp": 78.86, "adr": 2.0, "amn": 167249.0, "amv": 1341580.0, "amd": 3747.0, "amt": 1259231.0, "tmn": [543, 3095, 669, 126, 0, 72, 54, 235, 126, 144, 289, 217, 54, 108, 108, -18, 217, 162, 217, 18, 108], "tmv": [4456, 4611, 4549, 5061, 2356, 1255, 4023, 4168, 4272, 4405, 5092, 2672, 1421, 3738, 4100, 4188, 3596, 4102, 1618, 109, 0], "tmd": [0, 0, 0, 0, 19, 0, 0, 0, 19, 19, 37, 19, 0, 0, 0, -18, 0, 0, 19, 0, 0], "wmn": 815, "wmt": 13522, "wmd": 0, "wmv": 17716, "wdn": -31, "wdt": 17, "wdd": -100, "wdv": -31, "tlv": "Alabama"}