{"loc": "Colquitt", "iso": "US", "l1": "United States", "l2": "Georgia", "lvl": 3, "pop": 45600, "key": 10906, "isd": true, "ppd": 35.608000000000004, "med": 38.3, "p65": 15.413, "p70": 9.732000000000001, "hos": 2.77, "exp": 78.86, "adr": 2.0, "amn": 100439.0, "amv": 448004.0, "amd": 2478.0, "amt": 731308.0, "tmn": [43, 109, 65, 109, 65, 153, 416, 43, 43, 109, 65, 109, 0, 153, 21, 175, 394, 635, 21, 0, 197], "tmv": [6157, 7535, 8875, 13887, 4118, 6135, 5026, 6980, 8171, 7842, 9493, 9226, 6156, 5181, 6849, 8594, 10257, 10611, 9961, 7133, 5431], "tmd": [0, 0, 0, 0, 0, 0, 22, 0, 0, 0, 0, 0, 0, 22, 22, 66, 0, 0, 0, 0, 0], "wmn": 1448, "wmt": 11628, "wmd": 88, "wmv": 58839, "wdn": 175, "wdt": -7, "wdd": 300, "wdv": 11, "tlv": "Georgia"}