{"loc": "Colorado", "iso": "US", "l1": "United States", "l2": "Texas", "lvl": 3, "pop": 21493, "key": 10904, "isd": true, "ppd": 35.608000000000004, "med": 38.3, "p65": 15.413, "p70": 9.732000000000001, "hos": 2.77, "exp": 78.86, "adr": 2.0, "amn": 69790.0, "amv": 160515.0, "amd": 1117.0, "amt": 648738.0, "tmn": [279, 930, 279, 1302, 232, 0, 1023, 511, 511, 186, 465, 558, 418, 0, 232, 697, 558, 93, 186, 93, 46], "tmv": [3374, 4677, 5132, 5139, 4690, 3336, 1695, 3330, 4023, 4903, 6734, 6595, 3662, 2393, 4746, 4917, 6132, 6772, 6806, 0, 0], "tmd": [0, 47, 0, 0, 0, 0, 0, 47, 0, 0, 0, 47, 0, 0, 0, 47, 0, 0, 0, 0, 0], "wmn": 1908, "wmt": 17557, "wmd": 47, "wmv": 29376, "wdn": -28, "wdt": -27, "wdd": -50, "wdv": -7, "tlv": "Texas"}