{"loc": "Colonial Heights", "iso": "US", "l1": "United States", "l2": "Virginia", "lvl": 3, "pop": 17370, "key": 10903, "isd": true, "ppd": 35.608000000000004, "med": 38.3, "p65": 15.413, "p70": 9.732000000000001, "hos": 2.77, "exp": 78.86, "adr": 3.0, "amn": 114680.0, "amv": 1102595.0, "amd": 3454.0, "amt": 981806.0, "tmn": [287, 575, 805, 0, 0, 863, 402, 633, 518, 633, 0, 0, 1496, 402, 287, 518, 460, 0, 0, 1151, 921], "tmv": [2201, 2622, 2492, 2548, 2348, 1615, 1875, 1986, 1986, 2786, 3007, 2017, 2605, 1830, 2139, 3106, 3068, 3187, 2953, 1851, 0], "tmd": [0, 0, 0, 0, 0, 0, 0, 0, 0, 0, 0, 0, 0, 0, 0, 0, 0, 0, 0, 0, 0], "wmn": 3340, "wmt": 15827, "wmd": 0, "wmv": 16308, "wdn": -9, "wdt": 10, "wdd": 0, "wdv": 1, "tlv": "Virginia"}