{"loc": "Columbia", "iso": "US", "l1": "United States", "l2": "Arkansas", "lvl": 3, "pop": 23457, "key": 10907, "isd": true, "ppd": 35.608000000000004, "med": 38.3, "p65": 15.413, "p70": 9.732000000000001, "hos": 2.77, "exp": 78.86, "adr": 2.0, "amn": 99757.0, "amv": 749030.0, "amd": 2387.0, "amt": 986656.0, "tmn": [42, 42, 42, 42, 42, 0, 42, 0, 0, 0, 0, 0, 0, 0, 0, 0, 0, 0, 85, 0, 0], "tmv": [7863, 7615, 10699, 12037, 10893, 10729, 6600, 5484, 7781, 9092, 10242, 10071, 9169, 6395, 4975, 6773, 8259, 8496, 10027, 6458, 3608], "tmd": [0, 0, 0, 0, 0, 0, 0, 0, 0, 0, 43, 0, 0, 0, 0, 0, 0, 0, 0, 0, 0], "wmn": 86, "wmt": 8110, "wmd": 0, "wmv": 48600, "wdn": 0, "wdt": 2, "wdd": -100, "wdv": -17, "tlv": "Arkansas"}