{"loc": "Colorado", "iso": "US", "l1": "United States", "l2": "Colorado", "lvl": 2, "pop": 5758736, "key": 10905, "isd": true, "ppd": 35.608000000000004, "med": 38.3, "p65": 15.413, "p70": 9.732000000000001, "hos": 2.77, "exp": 78.86, "adr": 1.0, "amn": 71955.0, "amv": 160515.0, "amd": 1012.0, "amt": 1017812.0, "tmn": [194, 291, 250, 299, 270, 202, 159, 162, 213, 275, 330, 260, 186, 164, 162, 130, 299, 363, 209, 148, 92], "tmv": [2448, 3374, 4677, 5132, 5139, 4690, 3336, 1695, 3330, 4023, 4903, 6734, 6595, 3662, 2393, 4746, 4917, 6132, 6772, 6806, 0], "tmd": [1, 7, 3, 5, 5, 4, 1, 2, 3, 4, 4, 3, 2, 1, 3, 5, 2, 2, 5, 2, 1], "wmn": 1406, "wmt": 32837, "wmd": 17, "wmv": 31769, "wdn": -12, "wdt": -7, "wdd": 1, "wdv": 3, "tlv": "Colorado"}