{"loc": "Colonial Heights", "iso": "US", "l1": "United States", "l2": "Virginia", "lvl": 3, "pop": 17370, "key": 10903, "isd": true, "ppd": 35.608000000000004, "med": 38.3, "p65": 15.413, "p70": 9.732000000000001, "hos": 2.77, "exp": 78.86, "adr": 4.0, "amn": 84226.0, "amv": 343093.0, "amd": 3282.0, "amt": 728773.0, "tmn": [633, 460, 460, 690, 460, 115, 402, 287, 1208, 345, 57, 633, -230, 57, 345, 402, 345, 57, 460, 115, 633], "tmv": [6616, 7139, 7375, 5050, 5255, 5793, 6168, 7391, 8814, 7404, 5275, 4864, 6157, 7535, 8875, 13887, 4118, 6135, 5026, 6980, 0], "tmd": [58, 0, 0, 0, 0, 231, 0, 58, 116, 58, 58, 116, 58, 0, 0, 0, 0, 0, 58, 173, 0], "wmn": 2361, "wmt": 16093, "wmd": 231, "wmv": 45024, "wdn": 0, "wdt": 24, "wdd": -50, "wdv": -5, "tlv": "Virginia"}