{"loc": "Columbia", "iso": "US", "l1": "United States", "l2": "Georgia", "lvl": 3, "pop": 156714, "key": 10909, "isd": true, "ppd": 35.608000000000004, "med": 38.3, "p65": 15.413, "p70": 9.732000000000001, "hos": 2.77, "exp": 78.86, "adr": 1.0, "amn": 158907.0, "amv": 1283911.0, "amd": 1889.0, "amt": 1172228.0, "tmn": [242, 204, 248, 0, 0, 357, 236, 204, 82, 159, 0, 0, 204, 242, 229, 146, 140, 0, 0, 197, 121], "tmv": [2552, 2575, 2955, 1399, 770, 2354, 2306, 2307, 2345, 3781, 2315, 1328, 4158, 4126, 4122, 3797, 3784, 1119, 91, 0, 0], "tmd": [7, 7, 20, 0, 0, 20, 20, 20, 7, 0, 0, 0, 13, 20, 0, 13, 0, 0, 0, 7, 0], "wmn": 836, "wmt": 15690, "wmd": 20, "wmv": 12915, "wdn": -6, "wdt": 6, "wdd": -67, "wdv": -37, "tlv": "Georgia"}