{"loc": "Collin", "iso": "US", "l1": "United States", "l2": "Texas", "lvl": 3, "pop": 1034730, "key": 10900, "isd": true, "ppd": 35.608000000000004, "med": 38.3, "p65": 15.413, "p70": 9.732000000000001, "hos": 2.77, "exp": 78.86, "adr": 1.0, "amn": 77007.0, "amv": 153709.0, "amd": 658.0, "amt": 648738.0, "tmn": [806, 445, 976, 739, 662, 488, 323, 845, 640, 780, 410, 594, 343, 315, 290, 573, 400, 663, 473, 409, 0], "tmv": [2687, 2448, 3374, 4677, 5132, 5139, 4690, 3336, 1695, 3330, 4023, 4903, 6734, 6595, 3662, 2393, 4746, 4917, 6132, 6772, 0], "tmd": [2, 6, 11, 11, 5, 7, 4, 3, 9, 10, 9, 10, 7, 2, 2, 7, 9, 8, 16, 8, 4], "wmn": 2812, "wmt": 25468, "wmd": 53, "wmv": 28625, "wdn": -28, "wdt": 10, "wdd": 8, "wdv": -7, "tlv": "Texas"}