{"loc": "Columbia", "iso": "US", "l1": "United States", "l2": "Arkansas", "lvl": 3, "pop": 23457, "key": 10907, "isd": true, "ppd": 35.608000000000004, "med": 38.3, "p65": 15.413, "p70": 9.732000000000001, "hos": 2.77, "exp": 78.86, "adr": 2.0, "amn": 106450.0, "amv": 1027393.0, "amd": 2473.0, "amt": 1064441.0, "tmn": [42, 170, 85, 0, 0, 554, 85, 213, 255, 213, 0, 0, 639, 298, 85, 85, 255, 0, 0, 426, 468], "tmv": [4154, 4949, 1994, 3524, 1923, 0, 0, 1326, 2107, 1883, 1818, 1779, 1363, 1036, 1655, 1721, 1666, 1928, 1520, 1539, 740], "tmd": [0, 0, 0, 0, 0, 0, 0, 0, 0, 0, 0, 0, 43, 0, 0, 0, 0, 0, 0, 0, 0], "wmn": 1322, "wmt": 11674, "wmd": 0, "wmv": 10773, "wdn": -18, "wdt": 4, "wdd": -100, "wdv": -5, "tlv": "Arkansas"}