{"loc": "Colusa", "iso": "US", "l1": "United States", "l2": "California", "lvl": 3, "pop": 21547, "key": 10917, "isd": true, "ppd": 35.608000000000004, "med": 38.3, "p65": 15.413, "p70": 9.732000000000001, "hos": 2.77, "exp": 78.86, "adr": 1.0, "amn": 98761.0, "amv": 220982.0, "amd": 603.0, "amt": 1220369.0, "tmn": [0, 742, 1206, 464, 603, 0, 0, 0, 0, 788, 1113, 0, 324, 0, 0, 139, 232, 92, 46, 0, 0], "tmv": [6595, 3662, 2393, 4746, 4917, 6132, 6772, 6806, 0, 0, 3221, 4419, 5606, 5173, 5466, 3298, 2593, 4349, 5491, 6616, 7139], "tmd": [0, 0, 0, 0, 0, 0, 0, 0, 0, 47, 47, 0, 0, 0, 0, 0, 0, 0, 0, 0, 0], "wmn": 511, "wmt": 35575, "wmd": 0, "wmv": 34956, "wdn": -77, "wdt": 0, "wdd": -100, "wdv": 39, "tlv": "California"}