{"loc": "Columbia", "iso": "US", "l1": "United States", "l2": "New York", "lvl": 3, "pop": 59461, "key": 10910, "isd": true, "ppd": 35.608000000000004, "med": 38.3, "p65": 15.413, "p70": 9.732000000000001, "hos": 2.77, "exp": 78.86, "adr": 2.0, "amn": 85098.0, "amv": 1259649.0, "amd": 1867.0, "amt": 3846411.0, "tmn": [168, 151, 319, 84, 84, 269, 134, 184, 134, 353, 134, 151, 184, 117, 235, 184, 269, 201, 100, 168, 117], "tmv": [2905, 2661, 3390, 3489, 0, 0, 0, 2411, 3257, 3418, 2659, 2485, 1614, 1945, 2278, 2491, 2890, 2710, 2395, 1993, 2154], "tmd": [0, 0, 17, 0, 0, 0, 0, 0, 0, 0, 0, 0, 0, 0, 0, 0, 0, 0, 0, 0, 0], "wmn": 1279, "wmt": 62623, "wmd": 0, "wmv": 16916, "wdn": 1, "wdt": -2, "wdd": 0, "wdv": -5, "tlv": "New York"}