{"loc": "Comal", "iso": "US", "l1": "United States", "l2": "Texas", "lvl": 3, "pop": 156209, "key": 10918, "isd": true, "ppd": 35.608000000000004, "med": 38.3, "p65": 15.413, "p70": 9.732000000000001, "hos": 2.77, "exp": 78.86, "adr": 3.0, "amn": 59459.0, "amv": 274237.0, "amd": 1735.0, "amt": 686559.0, "tmn": [0, 0, 0, 0, 0, 0, 0, 313, 307, 480, 313, 249, 0, 0, 544, 83, 160, 140, 256, 0, 0], "tmv": [0, 3221, 4419, 5606, 5173, 5466, 3298, 2593, 4349, 5491, 6616, 7139, 7375, 5050, 5255, 5793, 6168, 7391, 8814, 7404, 0], "tmd": [0, 7, 0, 7, 0, 0, 0, 20, 20, 7, 0, 0, 0, 0, 26, 13, 13, 13, 0, 0, 0], "wmn": 1185, "wmt": 10767, "wmd": 65, "wmv": 40829, "wdn": -29, "wdt": -21, "wdd": 43, "wdv": 6, "tlv": "Texas"}