{"loc": "Columbia", "iso": "US", "l1": "United States", "l2": "Wisconsin", "lvl": 3, "pop": 57532, "key": 10914, "isd": true, "ppd": 35.608000000000004, "med": 38.3, "p65": 15.413, "p70": 9.732000000000001, "hos": 2.77, "exp": 78.86, "adr": 1.0, "amn": 103004.0, "amv": 1005306.0, "amd": 1269.0, "amt": 1562182.0, "tmn": [52, 0, 0, 0, 17, 17, -34, 86, 17, 0, 0, 17, -34, 0, 0, 0, 0, 0, 17, 0, 0], "tmv": [6234, 3276, 3244, 2575, 1851, 1965, 1967, 2474, 1554, 2803, 3655, 3299, 2241, 4154, 4949, 1994, 3524, 1923, 0, 0, 0], "tmd": [0, 0, 0, 0, 0, 0, 0, 0, 0, 0, 0, 0, 0, 0, 0, 0, 0, 0, 35, 0, 0], "wmn": 18, "wmt": 12505, "wmd": 35, "wmv": 12392, "wdn": -80, "wdt": 26, "wdd": 0, "wdv": -39, "tlv": "Wisconsin"}