{"loc": "Columbia", "iso": "US", "l1": "United States", "l2": "New York", "lvl": 3, "pop": 59461, "key": 10910, "isd": true, "ppd": 35.608000000000004, "med": 38.3, "p65": 15.413, "p70": 9.732000000000001, "hos": 2.77, "exp": 78.86, "adr": 2.0, "amn": 86258.0, "amv": 1283911.0, "amd": 1884.0, "amt": 3883444.0, "tmn": [134, 184, 134, 353, 134, 151, 184, 117, 235, 184, 269, 201, 100, 168, 117, 168, 184, 403, 218, 117, 67], "tmv": [2626, 2552, 2575, 2955, 1399, 770, 2354, 2306, 2307, 2345, 3781, 2315, 1328, 4158, 4126, 4122, 3797, 3784, 1119, 91, 0], "tmd": [0, 0, 0, 0, 0, 0, 0, 0, 0, 0, 0, 0, 0, 0, 0, 0, 17, 0, 0, 0, 0], "wmn": 1279, "wmt": 43490, "wmd": 17, "wmv": 17042, "wdn": 0, "wdt": -30, "wdd": 0, "wdv": -8, "tlv": "New York"}