{"loc": "Columbia", "iso": "US", "l1": "United States", "l2": "New York", "lvl": 3, "pop": 59461, "key": 10910, "isd": true, "ppd": 35.608000000000004, "med": 38.3, "p65": 15.413, "p70": 9.732000000000001, "hos": 2.77, "exp": 78.86, "adr": 2.0, "amn": 78287.0, "amv": 1176126.0, "amd": 1816.0, "amt": 3526282.0, "tmn": [84, 151, 285, 168, 168, 201, 134, 134, 134, 353, 252, 134, 201, 269, 386, 168, 369, 470, 84, 319, 386], "tmv": [2538, 4249, 2950, 0, 0, 0, 2913, 2024, 2876, 2739, 2336, 1790, 1886, 2554, 2257, 2903, 2781, 2047, 1978, 1647, 2163], "tmd": [0, 17, 0, 0, 17, 0, 0, 0, 0, 0, 0, 0, 0, 0, 0, 0, 0, 0, 0, 17, 0], "wmn": 2187, "wmt": 63348, "wmd": 17, "wmv": 15780, "wdn": 48, "wdt": 13, "wdd": 0, "wdv": -3, "tlv": "New York"}