{"loc": "Columbia", "iso": "US", "l1": "United States", "l2": "New York", "lvl": 3, "pop": 59461, "key": 10910, "isd": true, "ppd": 35.608000000000004, "med": 38.3, "p65": 15.413, "p70": 9.732000000000001, "hos": 2.77, "exp": 78.86, "adr": 3.0, "amn": 68364.0, "amv": 949764.0, "amd": 1749.0, "amt": 2961856.0, "tmn": [0, 50, 0, 16, 0, 16, 0, 0, 184, 33, 0, 0, 33, 0, 0, 16, 33, 0, 0, 0, 16], "tmv": [4173, 4872, 3714, 0, 0, 1543, 2452, 4248, 3485, 4157, 3682, 3252, 2518, 2835, 2495, 4865, 3672, 4016, 3766, 3121, 0], "tmd": [17, 0, 0, 0, 0, 0, 0, 0, 0, 0, 0, 0, 0, 0, 0, 0, 0, 0, 0, 0, 0], "wmn": 68, "wmt": 37994, "wmd": 0, "wmv": 21938, "wdn": -73, "wdt": -11, "wdd": 0, "wdv": -9, "tlv": "New York"}