{"loc": "Comanche", "iso": "US", "l1": "United States", "l2": "Kansas", "lvl": 3, "pop": 1700, "key": 10919, "isd": true, "ppd": 35.608000000000004, "med": 38.3, "p65": 15.413, "p70": 9.732000000000001, "hos": 2.77, "exp": 78.86, "adr": 5.0, "amn": 154706.0, "amv": 1242734.0, "amd": 7059.0, "amt": 616857.0, "tmn": [0, 1176, 0, 0, 1764, 0, 1176, 0, 588, 0, 0, 4117, 0, 6470, 0, 8823, 0, 0, 2352, 0, 7058], "tmv": [2784, 2570, 2833, 3777, 2988, 2423, 2905, 2661, 3390, 3489, 0, 0, 0, 2411, 3257, 3418, 2659, 2485, 1614, 1945, 0], "tmd": [0, 0, 0, 0, 0, 0, 0, 0, 0, 0, 0, 0, 0, 0, 0, 0, 0, 0, 0, 0, 589], "wmn": 18236, "wmt": 6356, "wmd": 589, "wmv": 15382, "wdn": 63, "wdt": -6, "wdd": 0, "wdv": 29, "tlv": "Kansas"}