{"loc": "Connecticut", "iso": "US", "l1": "United States", "l2": "Connecticut", "lvl": 2, "pop": 3565287, "key": 10929, "isd": true, "ppd": 35.608000000000004, "med": 38.3, "p65": 15.413, "p70": 9.732000000000001, "hos": 2.77, "exp": 78.86, "adr": 2.0, "amn": 97833.0, "amv": 966947.0, "amd": 2320.0, "amt": 2435542.0, "tmn": [32, 19, 40, 0, 0, 55, 18, 30, 15, 8, 0, 0, 32, 15, 10, 9, 19, 0, 0, 25, 12], "tmv": [1543, 2452, 4248, 3485, 4157, 3682, 3252, 2518, 2835, 2495, 4865, 3672, 4016, 3766, 3121, 6234, 3276, 3244, 2575, 1851, 0], "tmd": [1, 0, 1, 0, 0, 2, 1, 1, 1, 1, 0, 0, 1, 0, 1, 1, 2, 0, 0, 0, 1], "wmn": 79, "wmt": 16074, "wmd": 3, "wmv": 20305, "wdn": -23, "wdt": -14, "wdd": 0, "wdv": -16, "tlv": "Connecticut"}