{"loc": "Conecuh", "iso": "US", "l1": "United States", "l2": "Alabama", "lvl": 3, "pop": 12067, "key": 10926, "isd": true, "ppd": 35.608000000000004, "med": 38.3, "p65": 15.413, "p70": 9.732000000000001, "hos": 2.77, "exp": 78.86, "adr": 3.0, "amn": 104334.0, "amv": 1064228.0, "amd": 2735.0, "amt": 562193.0, "tmn": [248, 248, 165, 82, 165, 82, 82, 331, 828, 82, 0, 0, 828, 580, 662, 0, 745, 828, 580, 994, 0], "tmv": [1539, 740, 1856, 2005, 1821, 2051, 2364, 1193, 1200, 2288, 2155, 2600, 2160, 2477, 1419, 1374, 2201, 2622, 2492, 2548, 0], "tmd": [0, 0, 0, 0, 0, 0, 0, 0, 0, 0, 0, 0, 166, 0, 0, 0, 0, 0, 83, 0, 0], "wmn": 3813, "wmt": 0, "wmd": 83, "wmv": 12659, "wdn": 44, "wdt": -100, "wdd": -50, "wdv": -10, "tlv": "Alabama"}