{"loc": "Cooke", "iso": "US", "l1": "United States", "l2": "Texas", "lvl": 3, "pop": 41257, "key": 10937, "isd": true, "ppd": 35.608000000000004, "med": 38.3, "p65": 15.413, "p70": 9.732000000000001, "hos": 2.77, "exp": 78.86, "adr": 2.0, "amn": 123470.0, "amv": 1259649.0, "amd": 2424.0, "amt": 1199404.0, "tmn": [363, 266, 0, 0, 0, 0, 0, 1478, 266, 169, 121, 0, 0, 315, 96, 193, 121, 169, 0, 0, 315], "tmv": [2905, 2661, 3390, 3489, 0, 0, 0, 2411, 3257, 3418, 2659, 2485, 1614, 1945, 2278, 2491, 2890, 2710, 2395, 1993, 2154], "tmd": [25, 25, 0, 0, 0, 0, 0, 73, 0, 49, 49, 0, 0, 0, 0, 25, 0, 0, 25, 0, 0], "wmn": 897, "wmt": 16869, "wmd": 49, "wmv": 16916, "wdn": -62, "wdt": 6, "wdd": -71, "wdv": -5, "tlv": "Texas"}