{"loc": "Cook", "iso": "US", "l1": "United States", "l2": "Illinois", "lvl": 3, "pop": 5150233, "key": 10935, "isd": true, "ppd": 35.608000000000004, "med": 38.3, "p65": 15.413, "p70": 9.732000000000001, "hos": 2.77, "exp": 78.86, "adr": 2.0, "amn": 104656.0, "amv": 752032.0, "amd": 1943.0, "amt": 1809489.0, "tmn": [273, 304, 246, 204, 166, 203, 193, 245, 242, 239, 160, 162, 188, 180, 270, 226, 223, 149, 163, 169, 176], "tmv": [10699, 12037, 10893, 10729, 6600, 5484, 7781, 9092, 10242, 10071, 9169, 6395, 4975, 6773, 8259, 8496, 10027, 6458, 3608, 3001, 0], "tmd": [2, 1, 3, 1, 3, 1, 2, 3, 2, 2, 4, 2, 3, 4, 3, 2, 2, 2, 4, 2, 3], "wmn": 1379, "wmt": 43246, "wmd": 16, "wmv": 39852, "wdn": -3, "wdt": 1, "wdd": 1, "wdv": -30, "tlv": "Illinois"}