{"loc": "Converse", "iso": "US", "l1": "United States", "l2": "Wyoming", "lvl": 3, "pop": 13822, "key": 10931, "isd": true, "ppd": 35.608000000000004, "med": 38.3, "p65": 15.413, "p70": 9.732000000000001, "hos": 2.77, "exp": 78.86, "adr": 1.0, "amn": 156490.0, "amv": 1259649.0, "amd": 2315.0, "amt": 1811602.0, "tmn": [868, 1157, 1085, 0, 0, 1446, 940, 434, 940, 868, 0, 0, 1519, 2387, 506, 217, 144, 0, 0, 723, 868], "tmv": [2905, 2661, 3390, 3489, 0, 0, 0, 2411, 3257, 3418, 2659, 2485, 1614, 1945, 2278, 2491, 2890, 2710, 2395, 1993, 2154], "tmd": [0, 0, 0, 0, 0, 0, 73, 0, 0, 0, 0, 0, 0, 73, 0, 0, 0, 0, 0, 0, 0], "wmn": 2460, "wmt": 30409, "wmd": 0, "wmv": 16916, "wdn": -60, "wdt": 6, "wdd": -100, "wdv": -5, "tlv": "Wyoming"}