{"loc": "Cook", "iso": "US", "l1": "United States", "l2": "Illinois", "lvl": 3, "pop": 5150233, "key": 10935, "isd": true, "ppd": 35.608000000000004, "med": 38.3, "p65": 15.413, "p70": 9.732000000000001, "hos": 2.77, "exp": 78.86, "adr": 2.0, "amn": 126200.0, "amv": 1314721.0, "amd": 2203.0, "amt": 2877062.0, "tmn": [153, 133, 172, 0, 0, 376, 132, 109, 172, 181, 0, 0, 435, 144, 70, 270, 177, 0, 0, 482, 106], "tmv": [2351, 2413, 3899, 2384, 1362, 4330, 4389, 4534, 4456, 4953, 2304, 1233, 3937, 4025, 4080, 4142, 4614, 1985, 454, 175, 0], "tmd": [2, 2, 2, 0, 0, 4, 4, 2, 3, 1, 0, 0, 4, 3, 3, 2, 2, 0, 0, 2, 2], "wmn": 1108, "wmt": 67658, "wmd": 9, "wmv": 15454, "wdn": 6, "wdt": 8, "wdd": -19, "wdv": -39, "tlv": "Illinois"}