{"loc": "Cooper", "iso": "US", "l1": "United States", "l2": "Missouri", "lvl": 3, "pop": 17709, "key": 10938, "isd": true, "ppd": 35.608000000000004, "med": 38.3, "p65": 15.413, "p70": 9.732000000000001, "hos": 2.77, "exp": 78.86, "adr": 1.0, "amn": 108081.0, "amv": 830268.0, "amd": 1525.0, "amt": 883770.0, "tmn": [0, 56, 0, 282, 0, 56, 0, 0, 0, 0, 56, 0, 56, 56, 0, 0, 0, 56, 56, 0, 56], "tmv": [6395, 4975, 6773, 8259, 8496, 10027, 6458, 3608, 3001, 5456, 7305, 8515, 7794, 7192, 5713, 4653, 4699, 5814, 5591, 7265, 8234], "tmd": [0, 0, 0, 0, 0, 0, 0, 0, 0, 0, 0, 0, 0, 0, 0, 0, 0, 0, 0, 0, 0], "wmn": 170, "wmt": 9337, "wmd": 0, "wmv": 41972, "wdn": 0, "wdt": -26, "wdd": 0, "wdv": -2, "tlv": "Missouri"}