{"loc": "Copiah", "iso": "US", "l1": "United States", "l2": "Mississippi", "lvl": 3, "pop": 28065, "key": 10942, "isd": true, "ppd": 35.608000000000004, "med": 38.3, "p65": 15.413, "p70": 9.732000000000001, "hos": 2.77, "exp": 78.86, "adr": 2.0, "amn": 102761.0, "amv": 448004.0, "amd": 2174.0, "amt": 615665.0, "tmn": [178, 249, 106, 356, 142, 0, 71, 142, 249, 0, 106, 320, 0, 285, 249, 35, 106, 71, 213, 35, 35], "tmv": [6157, 7535, 8875, 13887, 4118, 6135, 5026, 6980, 8171, 7842, 9493, 9226, 6156, 5181, 6849, 8594, 10257, 10611, 9961, 7133, 5431], "tmd": [0, 0, 0, 0, 0, 0, 0, 36, 0, 0, 0, 0, 0, 0, 36, 0, 0, 0, 0, 0, 0], "wmn": 749, "wmt": 4708, "wmd": 36, "wmv": 58839, "wdn": -32, "wdt": -7, "wdd": 0, "wdv": 11, "tlv": "Mississippi"}