{"loc": "Cortland", "iso": "US", "l1": "United States", "l2": "New York", "lvl": 3, "pop": 47581, "key": 10947, "isd": true, "ppd": 35.608000000000004, "med": 38.3, "p65": 15.413, "p70": 9.732000000000001, "hos": 2.77, "exp": 78.86, "adr": 1.0, "amn": 109708.0, "amv": 1227352.0, "amd": 1618.0, "amt": 3733498.0, "tmn": [462, 672, 294, 231, 399, 315, 462, 525, 315, 546, 273, 378, 336, 483, 483, 483, 189, 147, 252, 294, 441], "tmv": [2262, 2445, 2251, 1671, 0, 0, 2784, 2570, 2833, 3777, 2988, 2423, 2905, 2661, 3390, 3489, 0, 0, 0, 2411, 0], "tmd": [22, 0, 0, 0, 0, 0, 22, 0, 0, 22, 22, 0, 0, 43, 0, 0, 0, 0, 0, 0, 22], "wmn": 2291, "wmt": 64276, "wmd": 22, "wmv": 9292, "wdn": -20, "wdt": -6, "wdd": -75, "wdv": -54, "tlv": "New York"}