{"loc": "Corozal", "iso": "PR", "l1": "United States", "l2": "Puerto Rico", "lvl": 3, "pop": 32293, "key": 10945, "isd": true, "ppd": 35.608000000000004, "med": 38.3, "p65": 15.413, "p70": 9.732000000000001, "hos": 2.77, "exp": 78.86, "adr": 0.0, "amn": 33196.0, "amv": 160515.0, "amd": 0.0, "amt": 126590.0, "tmn": [0, 123, 30, -30, 61, 61, 61, 0, 0, 0, 0, 123, 0, 30, 0, 30, 61, 61, 92, 61, 216], "tmv": [3374, 4677, 5132, 5139, 4690, 3336, 1695, 3330, 4023, 4903, 6734, 6595, 3662, 2393, 4746, 4917, 6132, 6772, 6806, 0, 0], "tmd": [0, 0, 0, 0, 0, 0, 0, 0, 0, 0, 0, 0, 0, 0, 0, 0, 0, 0, 0, 0, 0], "wmn": 527, "wmt": 600, "wmd": 0, "wmv": 29376, "wdn": 240, "wdt": 2, "wdd": 0, "wdv": -7, "tlv": "Puerto Rico"}