{"loc": "Coosa", "iso": "US", "l1": "United States", "l2": "Alabama", "lvl": 3, "pop": 10663, "key": 10941, "isd": true, "ppd": 35.608000000000004, "med": 38.3, "p65": 15.413, "p70": 9.732000000000001, "hos": 2.77, "exp": 78.86, "adr": 2.0, "amn": 169746.0, "amv": 1263117.0, "amd": 3751.0, "amt": 1225768.0, "tmn": [468, 0, 93, 375, 93, 656, 281, 468, 375, 750, 281, 187, 187, 187, 281, 281, 187, 0, 93, 562, 93], "tmv": [2661, 3390, 3489, 0, 0, 0, 2411, 3257, 3418, 2659, 2485, 1614, 1945, 2278, 2491, 2890, 2710, 2395, 1993, 2154, 3467], "tmd": [0, 0, 94, 0, 0, 0, 0, 94, 0, 0, 0, 0, 0, 94, 0, 94, 0, 0, 0, 0, 0], "wmn": 1501, "wmt": 12262, "wmd": 94, "wmv": 18105, "wdn": -38, "wdt": -4, "wdd": -50, "wdv": 3, "tlv": "Alabama"}