{"loc": "Coryell", "iso": "US", "l1": "United States", "l2": "Texas", "lvl": 3, "pop": 75951, "key": 10948, "isd": true, "ppd": 35.608000000000004, "med": 38.3, "p65": 15.413, "p70": 9.732000000000001, "hos": 2.77, "exp": 78.86, "adr": 1.0, "amn": 92454.0, "amv": 478369.0, "amd": 1106.0, "amt": 736981.0, "tmn": [92, 0, 92, 0, -105, 26, -131, 105, 0, 144, -92, 26, 39, 355, -473, 0, 78, 473, 0, 289, 39], "tmv": [13887, 4118, 6135, 5026, 6980, 8171, 7842, 9493, 9226, 6156, 5181, 6849, 8594, 10257, 10611, 9961, 7133, 5431, 8106, 10192, 12065], "tmd": [0, 0, 0, 0, 0, 14, 14, 0, 0, 14, 0, 0, 0, 0, 0, 0, 0, 0, 0, 0, 14], "wmn": 409, "wmt": 13731, "wmd": 14, "wmv": 63503, "wdn": -30, "wdt": -10, "wdd": 0, "wdv": 14, "tlv": "Texas"}