{"loc": "Cortland", "iso": "US", "l1": "United States", "l2": "New York", "lvl": 3, "pop": 47581, "key": 10947, "isd": true, "ppd": 35.608000000000004, "med": 38.3, "p65": 15.413, "p70": 9.732000000000001, "hos": 2.77, "exp": 78.86, "adr": 1.0, "amn": 104096.0, "amv": 1187231.0, "amd": 1492.0, "amt": 3590733.0, "tmn": [336, 777, 546, 735, 378, 189, 399, 693, 588, 378, 798, 231, 357, 273, 336, 462, 672, 294, 231, 399, 315], "tmv": [2024, 2876, 2739, 2336, 1790, 1886, 2554, 2257, 2903, 2781, 2047, 1978, 1647, 2163, 995, 2262, 2445, 2251, 1671, 1480, 0], "tmd": [0, 43, 0, 0, 0, 0, 22, 0, 0, 0, 0, 0, 22, 0, 0, 22, 0, 0, 0, 0, 0], "wmn": 2712, "wmt": 64452, "wmd": 22, "wmv": 11106, "wdn": -18, "wdt": 2, "wdd": 0, "wdv": -30, "tlv": "New York"}