{"loc": "Covington", "iso": "US", "l1": "United States", "l2": "Alabama", "lvl": 3, "pop": 37049, "key": 10956, "isd": true, "ppd": 35.608000000000004, "med": 38.3, "p65": 15.413, "p70": 9.732000000000001, "hos": 2.77, "exp": 78.86, "adr": 3.0, "amn": 182839.0, "amv": 1303449.0, "amd": 5155.0, "amt": 1241758.0, "tmn": [80, 80, 107, 80, 107, 188, 161, 26, 53, 242, 296, 215, 53, 0, 107, 26, 323, 26, 134, 161, -26], "tmv": [780, 2376, 2334, 2342, 2403, 3887, 2378, 1359, 4316, 4363, 4502, 4400, 4864, 2267, 1210, 3657, 3104, 3335, 2510, 342, 0], "tmd": [0, 0, 108, 27, -26, 0, 0, 0, 0, 0, 0, 0, 0, 27, 0, 0, 27, 27, 54, 27, 54], "wmn": 756, "wmt": 12120, "wmd": 189, "wmv": 14161, "wdn": -15, "wdt": 1, "wdd": 600, "wdv": -46, "tlv": "Alabama"}