{"loc": "Cote d'Ivoire", "iso": "CI", "l1": "Cote d'Ivoire", "l2": "0", "lvl": 1, "pop": 26378275, "key": 10952, "isd": true, "ppd": 76.399, "med": 18.7, "p65": 2.9330000000000003, "p70": 1.5819999999999999, "hos": -1.0, "exp": 57.78, "adr": 1.0, "amn": 1969.0, "amv": 45293.0, "amd": 13.0, "amt": 31339.0, "tmn": [3, 3, 1, 2, 1, 2, 5, 3, 4, 5, 2, 5, 5, 9, 5, 6, 6, 0, 5, 6, 7], "tmv": [0, 252, 331, 49, 315, 603, 596, 576, 680, 441, 138, 1652, 1189, 706, 144, 655, 190, 174, 664, 602, 510], "tmd": [0, 0, 0, 0, 1, 0, 0, 1, 1, 1, 1, 0, 1, 1, 0, 1, 0, 0, 1, 0, 1], "wmn": 40, "wmt": 935, "wmd": 1, "wmv": 2943, "wdn": 5, "wdt": 9, "wdd": 33, "wdv": -45, "tlv": "Cote d'Ivoire"}