{"loc": "Cotton", "iso": "US", "l1": "United States", "l2": "Oklahoma", "lvl": 3, "pop": 5666, "key": 10954, "isd": true, "ppd": 35.608000000000004, "med": 38.3, "p65": 15.413, "p70": 9.732000000000001, "hos": 2.77, "exp": 78.86, "adr": 2.0, "amn": 114896.0, "amv": 228357.0, "amd": 2294.0, "amt": 886875.0, "tmn": [176, 352, 176, 176, 352, 352, 352, 352, 0, 529, 705, 0, 352, 705, 176, 352, 529, 176, 0, 176, 176], "tmv": [3662, 2393, 4746, 4917, 6132, 6772, 6806, 0, 0, 3221, 4419, 5606, 5173, 5466, 3298, 2593, 4349, 5491, 6616, 7139, 7375], "tmd": [0, 0, 0, 0, 0, 0, 0, 0, 0, 0, 0, 0, 0, 0, 0, 0, 0, 0, 0, 0, 0], "wmn": 1589, "wmt": 23702, "wmd": 0, "wmv": 36864, "wdn": -40, "wdt": 111, "wdd": 0, "wdv": 54, "tlv": "Oklahoma"}