{"loc": "Covington", "iso": "US", "l1": "United States", "l2": "Alabama", "lvl": 3, "pop": 37049, "key": 10956, "isd": true, "ppd": 35.608000000000004, "med": 38.3, "p65": 15.413, "p70": 9.732000000000001, "hos": 2.77, "exp": 78.86, "adr": 3.0, "amn": 105293.0, "amv": 186027.0, "amd": 2753.0, "amt": 460451.0, "tmn": [215, 1241, 917, 863, 188, 647, 404, 134, 593, 350, 458, 269, 215, 161, 53, 701, 566, 242, 26, 242, 134], "tmv": [3336, 1695, 3330, 4023, 4903, 6734, 6595, 3662, 2393, 4746, 4917, 6132, 6772, 6806, 0, 0, 3221, 4419, 5606, 5173, 0], "tmd": [0, 27, 54, 54, 0, 0, 0, 0, 0, 81, 27, 27, 0, 0, 0, 0, 27, 0, 108, 0, 0], "wmn": 1971, "wmt": 5868, "wmd": 135, "wmv": 18422, "wdn": -10, "wdt": -31, "wdd": 0, "wdv": -48, "tlv": "Alabama"}