{"loc": "Craig", "iso": "US", "l1": "United States", "l2": "Oklahoma", "lvl": 3, "pop": 14142, "key": 10962, "isd": true, "ppd": 35.608000000000004, "med": 38.3, "p65": 15.413, "p70": 9.732000000000001, "hos": 2.77, "exp": 78.86, "adr": 1.0, "amn": 137958.0, "amv": 591235.0, "amd": 1273.0, "amt": 980152.0, "tmn": [0, 0, 0, 0, 0, 0, 282, 0, 0, 0, 0, 0, 0, 707, 0, 0, 0, 0, 0, 0, 353], "tmv": [8594, 10257, 10611, 9961, 7133, 5431, 8106, 10192, 12065, 12389, 10214, 6477, 4262, 8755, 10329, 12013, 14052, 10864, 8027, 7863, 7615], "tmd": [0, 0, 0, 0, 0, 0, 71, 0, 0, 0, 0, 0, 0, 425, 0, 0, 0, 0, 0, 0, 0], "wmn": 354, "wmt": 17250, "wmd": 0, "wmv": 70767, "wdn": -50, "wdt": 39, "wdd": -100, "wdv": 10, "tlv": "Oklahoma"}