{"loc": "Cowley", "iso": "US", "l1": "United States", "l2": "Kansas", "lvl": 3, "pop": 34908, "key": 10960, "isd": true, "ppd": 35.608000000000004, "med": 38.3, "p65": 15.413, "p70": 9.732000000000001, "hos": 2.77, "exp": 78.86, "adr": 3.0, "amn": 110891.0, "amv": 324951.0, "amd": 3008.0, "amt": 441186.0, "tmn": [401, 0, 343, 0, 286, 0, 0, 143, 0, 286, 0, 257, 0, 0, 601, 0, 544, 0, 200, 0, 0], "tmv": [3298, 2593, 4349, 5491, 6616, 7139, 7375, 5050, 5255, 5793, 6168, 7391, 8814, 7404, 5275, 4864, 6157, 7535, 8875, 13887, 4118], "tmd": [0, 0, 86, 0, 0, 0, 0, 29, 0, 115, 0, 29, 0, 0, 0, 0, 29, 0, 29, 0, 0], "wmn": 1347, "wmt": 5069, "wmd": 58, "wmv": 50714, "wdn": 96, "wdt": -8, "wdd": -67, "wdv": 11, "tlv": "Kansas"}