{"loc": "Crawford", "iso": "US", "l1": "United States", "l2": "Arkansas", "lvl": 3, "pop": 63257, "key": 10967, "isd": true, "ppd": 35.608000000000004, "med": 38.3, "p65": 15.413, "p70": 9.732000000000001, "hos": 2.77, "exp": 78.86, "adr": 2.0, "amn": 110423.0, "amv": 478369.0, "amd": 1818.0, "amt": 949201.0, "tmn": [110, 47, 205, 126, 126, 94, 31, 47, 31, 0, 126, 173, 47, 173, 79, 15, 31, 79, 31, 47, 63], "tmv": [13887, 4118, 6135, 5026, 6980, 8171, 7842, 9493, 9226, 6156, 5181, 6849, 8594, 10257, 10611, 9961, 7133, 5431, 8106, 10192, 12065], "tmd": [0, 0, 0, 0, 0, 16, 16, 32, -15, 0, 0, 16, 0, 0, 0, 0, 0, 0, 0, 0, 0], "wmn": 348, "wmt": 10066, "wmd": 0, "wmv": 63503, "wdn": -42, "wdt": -12, "wdd": -100, "wdv": 14, "tlv": "Arkansas"}