{"loc": "Crawford", "iso": "US", "l1": "United States", "l2": "Arkansas", "lvl": 3, "pop": 63257, "key": 10967, "isd": true, "ppd": 35.608000000000004, "med": 38.3, "p65": 15.413, "p70": 9.732000000000001, "hos": 2.77, "exp": 78.86, "adr": 2.0, "amn": 149596.0, "amv": 1141226.0, "amd": 2324.0, "amt": 1227342.0, "tmn": [679, 932, 632, 632, 569, 679, 869, 711, 806, 916, 584, 616, 995, 932, 1154, 1280, 980, 458, 569, 521, 1248], "tmv": [3106, 3068, 3187, 2953, 1851, 1966, 2813, 2807, 3250, 3257, 2889, 2103, 1988, 3241, 2538, 4249, 2950, 0, 0, 0, 0], "tmd": [16, 16, 0, 0, 32, 32, 0, 0, 16, 0, 0, 0, 0, 16, 48, 16, 0, 0, 0, 32, 16], "wmn": 6213, "wmt": 23364, "wmd": 111, "wmv": 9740, "wdn": 12, "wdt": -11, "wdd": 250, "wdv": -50, "tlv": "Arkansas"}