{"loc": "Craven", "iso": "US", "l1": "United States", "l2": "North Carolina", "lvl": 3, "pop": 102139, "key": 10966, "isd": true, "ppd": 35.608000000000004, "med": 38.3, "p65": 15.413, "p70": 9.732000000000001, "hos": 2.77, "exp": 78.86, "adr": 1.0, "amn": 90064.0, "amv": 749030.0, "amd": 1204.0, "amt": 1083156.0, "tmn": [137, 117, 215, 107, 0, 0, 381, 0, 137, 156, 97, 0, 0, 186, 29, 107, 78, 107, 0, 0, 127], "tmv": [7863, 7615, 10699, 12037, 10893, 10729, 6600, 5484, 7781, 9092, 10242, 10071, 9169, 6395, 4975, 6773, 8259, 8496, 10027, 6458, 3608], "tmd": [0, 10, 10, 0, 0, 0, 0, 0, 0, 0, 0, 0, 0, 0, 0, 0, 0, 0, 0, 0, 0], "wmn": 451, "wmt": 19022, "wmd": 0, "wmv": 48600, "wdn": -22, "wdt": 2, "wdd": 0, "wdv": -17, "tlv": "North Carolina"}