{"loc": "Crawford", "iso": "US", "l1": "United States", "l2": "Arkansas", "lvl": 3, "pop": 63257, "key": 10967, "isd": true, "ppd": 35.608000000000004, "med": 38.3, "p65": 15.413, "p70": 9.732000000000001, "hos": 2.77, "exp": 78.86, "adr": 2.0, "amn": 160251.0, "amv": 1176126.0, "amd": 2529.0, "amt": 1273185.0, "tmn": [1154, 1280, 980, 458, 569, 521, 1248, 1074, 1359, 1422, 932, 537, 837, 980, 426, 648, 584, 395, 205, 758, 490], "tmv": [2538, 4249, 2950, 0, 0, 0, 2913, 2024, 2876, 2739, 2336, 1790, 1886, 2554, 2257, 2903, 2781, 2047, 1978, 1647, 2163], "tmd": [48, 16, 0, 0, 0, 32, 16, 0, 32, 0, 32, 0, 48, 16, 0, 32, 32, 0, 16, 0, 0], "wmn": 3510, "wmt": 22955, "wmd": 80, "wmv": 15780, "wdn": -51, "wdt": 0, "wdd": -38, "wdv": -3, "tlv": "Arkansas"}