{"loc": "Crawford", "iso": "US", "l1": "United States", "l2": "Illinois", "lvl": 3, "pop": 18667, "key": 10969, "isd": true, "ppd": 35.608000000000004, "med": 38.3, "p65": 15.413, "p70": 9.732000000000001, "hos": 2.77, "exp": 78.86, "adr": 1.0, "amn": 111962.0, "amv": 624865.0, "amd": 1339.0, "amt": 1702283.0, "tmn": [53, 53, 160, 374, 53, 160, 107, 53, 53, 160, 53, 53, 107, 53, 0, 107, 160, 214, 53, 53, 0], "tmv": [9961, 7133, 5431, 8106, 10192, 12065, 12389, 10214, 6477, 4262, 8755, 10329, 12013, 14052, 10864, 8027, 7863, 7615, 10699, 12037, 10893], "tmd": [0, 0, 0, 0, 0, 0, 0, 0, 0, 0, 0, 0, 54, 0, 0, 0, 0, 0, 0, 0, 0], "wmn": 590, "wmt": 43648, "wmd": 0, "wmv": 68002, "wdn": 10, "wdt": 7, "wdd": -100, "wdv": 3, "tlv": "Illinois"}