{"loc": "Cowlitz", "iso": "US", "l1": "United States", "l2": "Washington", "lvl": 3, "pop": 110593, "key": 10961, "isd": true, "ppd": 35.608000000000004, "med": 38.3, "p65": 15.413, "p70": 9.732000000000001, "hos": 2.77, "exp": 78.86, "adr": 2.0, "amn": 49090.0, "amv": 647679.0, "amd": 750.0, "amt": 827504.0, "tmn": [325, 244, 289, 262, 0, 271, 352, 352, 235, 397, 298, 0, 99, 343, 325, 280, 434, 316, 0, 325, 280], "tmv": [8106, 10192, 12065, 12389, 10214, 6477, 4262, 8755, 10329, 12013, 14052, 10864, 8027, 7863, 7615, 10699, 12037, 10893, 10729, 6600, 5484], "tmd": [10, 10, 0, 0, 0, 0, 0, 0, 0, 0, 0, 0, 0, 0, 10, 0, 19, 0, 0, 28, 0], "wmn": 1963, "wmt": 19297, "wmd": 55, "wmv": 64060, "wdn": 14, "wdt": 10, "wdd": 0, "wdv": -11, "tlv": "Washington"}