{"loc": "Crawford", "iso": "US", "l1": "United States", "l2": "Arkansas", "lvl": 3, "pop": 63257, "key": 10967, "isd": true, "ppd": 35.608000000000004, "med": 38.3, "p65": 15.413, "p70": 9.732000000000001, "hos": 2.77, "exp": 78.86, "adr": 2.0, "amn": 141455.0, "amv": 1121684.0, "amd": 2197.0, "amt": 1197612.0, "tmn": [584, 584, 490, 695, 774, 537, 268, 806, 505, 679, 932, 632, 632, 569, 679, 869, 711, 806, 916, 584, 616], "tmv": [1875, 1986, 1986, 2786, 3007, 2017, 2605, 1830, 2139, 3106, 3068, 3187, 2953, 1851, 1966, 2813, 2807, 3250, 3257, 2889, 2103], "tmd": [16, 0, 0, 0, 0, 0, 0, 16, 16, 16, 16, 0, 0, 32, 32, 0, 0, 16, 0, 0, 0], "wmn": 5186, "wmt": 24655, "wmd": 48, "wmv": 19089, "wdn": 9, "wdt": 2, "wdd": -50, "wdv": 5, "tlv": "Arkansas"}