{"loc": "Craighead", "iso": "US", "l1": "United States", "l2": "Arkansas", "lvl": 3, "pop": 110332, "key": 10964, "isd": true, "ppd": 35.608000000000004, "med": 38.3, "p65": 15.413, "p70": 9.732000000000001, "hos": 2.77, "exp": 78.86, "adr": 1.0, "amn": 114871.0, "amv": 180853.0, "amd": 1604.0, "amt": 861700.0, "tmn": [163, 425, 435, 489, 444, 561, 226, 135, 217, 317, 181, 389, 145, 244, 54, 117, 36, 145, 36, 54, 172], "tmv": [4690, 3336, 1695, 3330, 4023, 4903, 6734, 6595, 3662, 2393, 4746, 4917, 6132, 6772, 6806, 0, 0, 3221, 4419, 5606, 0], "tmd": [0, 0, 37, 10, 0, 10, 0, 0, 10, 0, 0, 10, 0, 0, 0, 0, 0, 0, 0, 10, 19], "wmn": 617, "wmt": 7268, "wmd": 28, "wmv": 20055, "wdn": -62, "wdt": -62, "wdd": 50, "wdv": -43, "tlv": "Arkansas"}