{"loc": "Cowley", "iso": "US", "l1": "United States", "l2": "Kansas", "lvl": 3, "pop": 34908, "key": 10960, "isd": true, "ppd": 35.608000000000004, "med": 38.3, "p65": 15.413, "p70": 9.732000000000001, "hos": 2.77, "exp": 78.86, "adr": 3.0, "amn": 109001.0, "amv": 233408.0, "amd": 2807.0, "amt": 432190.0, "tmn": [601, 0, 973, 0, 0, 687, 0, 229, 0, 544, 0, 0, 401, 0, 343, 0, 286, 0, 0, 143, 0], "tmv": [4746, 4917, 6132, 6772, 6806, 0, 0, 3221, 4419, 5606, 5173, 5466, 3298, 2593, 4349, 5491, 6616, 7139, 7375, 5050, 0], "tmd": [172, 0, 58, 0, 0, 29, 0, 144, 0, 58, 0, 0, 0, 0, 86, 0, 0, 0, 0, 29, 0], "wmn": 774, "wmt": 5357, "wmd": 115, "wmv": 36022, "wdn": -34, "wdt": -19, "wdd": -43, "wdv": 21, "tlv": "Kansas"}