{"loc": "Crawford", "iso": "US", "l1": "United States", "l2": "Indiana", "lvl": 3, "pop": 10577, "key": 10970, "isd": true, "ppd": 35.608000000000004, "med": 38.3, "p65": 15.413, "p70": 9.732000000000001, "hos": 2.77, "exp": 78.86, "adr": 1.0, "amn": 140588.0, "amv": 1187231.0, "amd": 1796.0, "amt": 1998511.0, "tmn": [756, 1134, 850, 0, 0, 756, 189, 472, 567, 1323, 0, 0, 1890, 567, 567, 661, 567, 0, 0, 1134, 189], "tmv": [2913, 2024, 2876, 2739, 2336, 1790, 1886, 2554, 2257, 2903, 2781, 2047, 1978, 1647, 2163, 995, 2262, 2445, 2251, 1671, 1480], "tmd": [0, 0, 0, 0, 0, 0, 0, 0, 0, 0, 0, 0, 0, 0, 0, 0, 0, 0, 0, 95, 0], "wmn": 3120, "wmt": 41819, "wmd": 95, "wmv": 13270, "wdn": -35, "wdt": -8, "wdd": 0, "wdv": -18, "tlv": "Indiana"}