{"loc": "Crawford", "iso": "US", "l1": "United States", "l2": "Kansas", "lvl": 3, "pop": 38818, "key": 10972, "isd": true, "ppd": 35.608000000000004, "med": 38.3, "p65": 15.413, "p70": 9.732000000000001, "hos": 2.77, "exp": 78.86, "adr": 2.0, "amn": 141326.0, "amv": 1044330.0, "amd": 2164.0, "amt": 512459.0, "tmn": [1185, 0, 0, 618, 0, 0, 1597, 1365, 0, 0, 1133, 0, 0, 2473, 1751, 0, 0, 1391, 0, 0, 2498], "tmv": [1883, 1818, 1779, 1363, 1036, 1655, 1721, 1666, 1928, 1520, 1539, 740, 1856, 2005, 1821, 2051, 2364, 1193, 1200, 2288, 2155], "tmd": [78, 0, 0, 26, 0, 0, 0, 0, 0, 0, 0, 0, 0, 26, 0, 0, 0, 0, 0, 0, 0], "wmn": 5642, "wmt": 6843, "wmd": 0, "wmv": 13076, "wdn": 13, "wdt": 78, "wdd": -100, "wdv": 16, "tlv": "Kansas"}