{"loc": "Crawford", "iso": "US", "l1": "United States", "l2": "Missouri", "lvl": 3, "pop": 23920, "key": 10974, "isd": true, "ppd": 35.608000000000004, "med": 38.3, "p65": 15.413, "p70": 9.732000000000001, "hos": 2.77, "exp": 78.86, "adr": 1.0, "amn": 127550.0, "amv": 1091533.0, "amd": 1756.0, "amt": 1036059.0, "tmn": [376, 459, 292, 292, 292, 919, 627, 627, 418, 250, 167, 292, 668, 543, 543, 501, 167, 125, 209, 543, 501], "tmv": [2600, 2160, 2477, 1419, 1374, 2201, 2622, 2492, 2548, 2348, 1615, 1875, 1986, 1986, 2786, 3007, 2017, 2605, 1830, 2139, 3106], "tmd": [0, 0, 0, 0, 0, 0, 0, 0, 0, 0, 0, 0, 0, 0, 0, 0, 0, 0, 42, 0, 0], "wmn": 2592, "wmt": 17446, "wmd": 42, "wmv": 17494, "wdn": -13, "wdt": -7, "wdd": 0, "wdv": 18, "tlv": "Missouri"}