{"loc": "Crawford", "iso": "US", "l1": "United States", "l2": "Iowa", "lvl": 3, "pop": 16820, "key": 10971, "isd": true, "ppd": 35.608000000000004, "med": 38.3, "p65": 15.413, "p70": 9.732000000000001, "hos": 2.77, "exp": 78.86, "adr": 1.0, "amn": 159631.0, "amv": 962520.0, "amd": 2378.0, "amt": 471343.0, "tmn": [59, -59, -178, 178, 0, 0, -178, 178, -178, 237, -118, 178, -118, 0, -59, 416, -118, 178, -118, 59, -118], "tmv": [0, 0, 1543, 2452, 4248, 3485, 4157, 3682, 3252, 2518, 2835, 2495, 4865, 3672, 4016, 3766, 3121, 6234, 3276, 3244, 0], "tmd": [0, 0, 0, 0, 0, 0, 0, 0, 0, 0, 0, 0, 0, 0, 0, 0, 0, 0, 0, 0, 0], "wmn": 238, "wmt": 2138, "wmd": 0, "wmv": 23661, "wdn": 33, "wdt": 2, "wdd": 0, "wdv": 1, "tlv": "Iowa"}