{"loc": "Crisp", "iso": "US", "l1": "United States", "l2": "Georgia", "lvl": 3, "pop": 22372, "key": 10981, "isd": true, "ppd": 35.608000000000004, "med": 38.3, "p65": 15.413, "p70": 9.732000000000001, "hos": 2.77, "exp": 78.86, "adr": 3.0, "amn": 139728.0, "amv": 1242734.0, "amd": 4783.0, "amt": 1143705.0, "tmn": [312, 134, 0, 0, 446, 357, 223, 178, 178, 0, 0, 0, 357, 223, 44, 89, 0, 0, 178, 178, 0], "tmv": [2784, 2570, 2833, 3777, 2988, 2423, 2905, 2661, 3390, 3489, 0, 0, 0, 2411, 3257, 3418, 2659, 2485, 1614, 1945, 0], "tmd": [0, 0, 0, 0, 0, 45, 0, 0, 0, 0, 0, 0, 0, 0, 0, 0, 0, 0, 0, 45, 0], "wmn": 492, "wmt": 18058, "wmd": 45, "wmv": 15382, "wdn": -48, "wdt": -18, "wdd": 0, "wdv": 29, "tlv": "Georgia"}