{"loc": "Crittenden", "iso": "US", "l1": "United States", "l2": "Arkansas", "lvl": 3, "pop": 47955, "key": 10982, "isd": true, "ppd": 35.608000000000004, "med": 38.3, "p65": 15.413, "p70": 9.732000000000001, "hos": 2.77, "exp": 78.86, "adr": 2.0, "amn": 117777.0, "amv": 197386.0, "amd": 1960.0, "amt": 867742.0, "tmn": [583, 542, 166, 291, 166, 375, 375, 312, 187, 166, 145, 125, 62, 62, 62, 20, 83, 41, 62, 187, 208], "tmv": [4023, 4903, 6734, 6595, 3662, 2393, 4746, 4917, 6132, 6772, 6806, 0, 0, 3221, 4419, 5606, 5173, 5466, 3298, 2593, 0], "tmd": [0, 21, 0, 0, 0, 21, 0, 21, 0, 21, 0, 0, 21, 21, 0, 0, 21, 0, 0, 0, 0], "wmn": 668, "wmt": 8366, "wmd": 21, "wmv": 26559, "wdn": -37, "wdt": -39, "wdd": -75, "wdv": -5, "tlv": "Arkansas"}