{"loc": "Crook", "iso": "US", "l1": "United States", "l2": "Oregon", "lvl": 3, "pop": 24404, "key": 10987, "isd": true, "ppd": 35.608000000000004, "med": 38.3, "p65": 15.413, "p70": 9.732000000000001, "hos": 2.77, "exp": 78.86, "adr": 2.0, "amn": 33724.0, "amv": 511713.0, "amd": 779.0, "amt": 1009836.0, "tmn": [40, 204, -40, 122, 0, 0, 81, 0, 40, 81, 81, 0, 0, 245, 81, 81, 204, 122, 0, 40, 40], "tmv": [6980, 8171, 7842, 9493, 9226, 6156, 5181, 6849, 8594, 10257, 10611, 9961, 7133, 5431, 8106, 10192, 12065, 12389, 10214, 6477, 4262], "tmd": [0, 0, 0, 0, 0, 0, 0, 0, 0, 0, 0, 0, 0, 0, 0, 0, 0, 0, 0, 0, 41], "wmn": 574, "wmt": 22339, "wmd": 41, "wmv": 63709, "wdn": 27, "wdt": 3, "wdd": 0, "wdv": 8, "tlv": "Oregon"}