{"loc": "Crittenden", "iso": "US", "l1": "United States", "l2": "Kentucky", "lvl": 3, "pop": 8806, "key": 10983, "isd": true, "ppd": 35.608000000000004, "med": 38.3, "p65": 15.413, "p70": 9.732000000000001, "hos": 2.77, "exp": 78.86, "adr": 3.0, "amn": 72905.0, "amv": 664553.0, "amd": 2271.0, "amt": 1018209.0, "tmn": [1362, 0, 908, -113, 0, 113, 0, 227, 227, 340, 0, 113, 227, 0, 0, 0, 1476, 113, 340, 113, 113], "tmv": [12389, 10214, 6477, 4262, 8755, 10329, 12013, 14052, 10864, 8027, 7863, 7615, 10699, 12037, 10893, 10729, 6600, 5484, 7781, 9092, 0], "tmd": [0, 0, 0, 0, 0, 0, 0, 0, 0, 0, 0, 0, 114, 0, 0, 0, 0, 0, 0, 0, 0], "wmn": 2158, "wmt": 26197, "wmd": 0, "wmv": 50581, "wdn": 90, "wdt": 96, "wdd": -100, "wdv": -29, "tlv": "Kentucky"}