{"loc": "Crittenden", "iso": "US", "l1": "United States", "l2": "Arkansas", "lvl": 3, "pop": 47955, "key": 10982, "isd": true, "ppd": 35.608000000000004, "med": 38.3, "p65": 15.413, "p70": 9.732000000000001, "hos": 2.77, "exp": 78.86, "adr": 2.0, "amn": 135002.0, "amv": 1051569.0, "amd": 2044.0, "amt": 1099714.0, "tmn": [271, 208, 187, 62, 83, 0, 0, 166, 312, 250, 208, 229, 312, 208, 166, 271, 437, 563, 437, 375, 688], "tmv": [1363, 1036, 1655, 1721, 1666, 1928, 1520, 1539, 740, 1856, 2005, 1821, 2051, 2364, 1193, 1200, 2288, 2155, 2600, 2160, 2477], "tmd": [0, 0, 0, 0, 0, 0, 0, 0, 0, 0, 0, 0, 0, 0, 21, 0, 0, 0, 0, 0, 0], "wmn": 2941, "wmt": 19032, "wmd": 21, "wmv": 14077, "wdn": 74, "wdt": -6, "wdd": 0, "wdv": 14, "tlv": "Arkansas"}