{"loc": "Cumberland", "iso": "US", "l1": "United States", "l2": "Illinois", "lvl": 3, "pop": 10766, "key": 10999, "isd": true, "ppd": 35.608000000000004, "med": 38.3, "p65": 15.413, "p70": 9.732000000000001, "hos": 2.77, "exp": 78.86, "adr": 1.0, "amn": 145272.0, "amv": 1136653.0, "amd": 1951.0, "amt": 2302581.0, "tmn": [464, 464, 185, 650, 0, 0, 1579, 835, 1300, 464, 1114, 0, 0, 3250, 2415, 3622, 2136, 1486, 0, 0, 0], "tmv": [1830, 2139, 3106, 3068, 3187, 2953, 1851, 1966, 2813, 2807, 3250, 3257, 2889, 2103, 1988, 3241, 2538, 4249, 2950, 0, 0], "tmd": [0, 0, 0, 0, 0, 0, 0, 0, 0, 0, 0, 0, 0, 93, 0, 0, 0, 0, 0, 0, 0], "wmn": 9661, "wmt": 48106, "wmd": 0, "wmv": 14970, "wdn": 39, "wdt": 23, "wdd": -100, "wdv": -22, "tlv": "Illinois"}