{"loc": "Crowley", "iso": "US", "l1": "United States", "l2": "Colorado", "lvl": 3, "pop": 6061, "key": 10992, "isd": true, "ppd": 35.608000000000004, "med": 38.3, "p65": 15.413, "p70": 9.732000000000001, "hos": 2.77, "exp": 78.86, "adr": 1.0, "amn": 395809.0, "amv": 1283911.0, "amd": 3960.0, "amt": 2110786.0, "tmn": [659, 659, 2639, 0, 0, 1319, 494, 659, 494, 494, 0, 0, 164, 494, 164, 494, 989, 0, 0, 659, 494], "tmv": [2552, 2575, 2955, 1399, 770, 2354, 2306, 2307, 2345, 3781, 2315, 1328, 4158, 4126, 4122, 3797, 3784, 1119, 91, 0, 0], "tmd": [165, 0, 0, 0, 0, 0, 0, 0, 0, 0, 0, 0, 165, 0, 0, 165, 0, 0, 0, 0, 0], "wmn": 2805, "wmt": 42104, "wmd": 165, "wmv": 12915, "wdn": 21, "wdt": 17, "wdd": 0, "wdv": -37, "tlv": "Colorado"}