{"loc": "Crowley", "iso": "US", "l1": "United States", "l2": "Colorado", "lvl": 3, "pop": 6061, "key": 10992, "isd": true, "ppd": 35.608000000000004, "med": 38.3, "p65": 15.413, "p70": 9.732000000000001, "hos": 2.77, "exp": 78.86, "adr": 1.0, "amn": 393004.0, "amv": 1259649.0, "amd": 3795.0, "amt": 2068682.0, "tmn": [494, 329, 989, 0, 0, 494, 164, 659, 659, 2639, 0, 0, 1319, 494, 659, 494, 494, 0, 0, 164, 494], "tmv": [2905, 2661, 3390, 3489, 0, 0, 0, 2411, 3257, 3418, 2659, 2485, 1614, 1945, 2278, 2491, 2890, 2710, 2395, 1993, 2154], "tmd": [0, 0, 0, 0, 0, 0, 165, 165, 0, 0, 0, 0, 0, 0, 0, 0, 0, 0, 0, 165, 0], "wmn": 2310, "wmt": 36083, "wmd": 165, "wmv": 16916, "wdn": -60, "wdt": -11, "wdd": 0, "wdv": -5, "tlv": "Colorado"}