{"loc": "Cuddalore", "iso": "IN", "l1": "India", "l2": "Tamil Nadu", "lvl": 3, "pop": 2600880, "key": 10994, "isd": true, "ppd": 450.41900000000004, "med": 28.2, "p65": 5.989, "p70": 3.4139999999999997, "hos": 0.53, "exp": 69.66, "adr": 1.0, "amn": 9647.0, "amv": 6521.0, "amd": 110.0, "amt": 217316.0, "tmn": [2, 3, 1, 3, 2, 0, 2, 9, 1, 2, 5, 4, 0, 1, 6, 4, 4, 3, 2, 3, 2], "tmv": [414, 414, 177, 10, 138, 136, 225, 369, 331, 259, 26, 323, 255, 293, 353, 335, 214, 15, 315, 201, 0], "tmd": [0, 0, 0, 0, 0, 0, 0, 1, 0, 1, 0, 0, 0, 0, 0, 0, 0, 0, 0, 0, 0], "wmn": 29, "wmt": 4780, "wmd": 0, "wmv": 1437, "wdn": 6, "wdt": 1, "wdd": -100, "wdv": -23, "tlv": "Tamil Nadu"}