{"loc": "Culpeper", "iso": "US", "l1": "United States", "l2": "Virginia", "lvl": 3, "pop": 52605, "key": 10998, "isd": true, "ppd": 35.608000000000004, "med": 38.3, "p65": 15.413, "p70": 9.732000000000001, "hos": 2.77, "exp": 78.86, "adr": 1.0, "amn": 91094.0, "amv": 1046931.0, "amd": 1312.0, "amt": 934179.0, "tmn": [38, 0, 76, 0, 57, -38, 0, 0, 95, 95, 76, 0, 19, 0, 0, 152, 38, 152, 57, 152, 0], "tmv": [1779, 1363, 1036, 1655, 1721, 1666, 1928, 1520, 1539, 740, 1856, 2005, 1821, 2051, 2364, 1193, 1200, 2288, 2155, 2600, 0], "tmd": [0, 0, 0, 0, 0, 0, 0, 0, 0, 0, 0, 0, 0, 0, 0, 0, 20, 0, 0, 20, 0], "wmn": 552, "wmt": 9261, "wmd": 39, "wmv": 11803, "wdn": 93, "wdt": 21, "wdd": 0, "wdv": 2, "tlv": "Virginia"}