{"loc": "Cumberland", "iso": "US", "l1": "United States", "l2": "Tennessee", "lvl": 3, "pop": 60520, "key": 11005, "isd": true, "ppd": 35.608000000000004, "med": 38.3, "p65": 15.413, "p70": 9.732000000000001, "hos": 2.77, "exp": 78.86, "adr": 2.0, "amn": 104180.0, "amv": 435440.0, "amd": 2065.0, "amt": 1048440.0, "tmn": [16, 148, 231, 264, 165, 0, 0, 264, 148, 231, 66, 148, 0, 0, 528, 66, 148, 264, 16, 0, 0], "tmv": [5275, 4864, 6157, 7535, 8875, 13887, 4118, 6135, 5026, 6980, 8171, 7842, 9493, 9226, 6156, 5181, 6849, 8594, 10257, 10611, 9961], "tmd": [0, 0, 0, 0, 0, 0, 0, 0, 0, 0, 0, 0, 0, 0, 0, 34, 0, 0, 0, 0, 0], "wmn": 1025, "wmt": 14517, "wmd": 34, "wmv": 57613, "wdn": 19, "wdt": 2, "wdd": 0, "wdv": 9, "tlv": "Tennessee"}