{"loc": "Cumberland", "iso": "US", "l1": "United States", "l2": "North Carolina", "lvl": 3, "pop": 335509, "key": 11003, "isd": true, "ppd": 35.608000000000004, "med": 38.3, "p65": 15.413, "p70": 9.732000000000001, "hos": 2.77, "exp": 78.86, "adr": 1.0, "amn": 129156.0, "amv": 1212726.0, "amd": 1332.0, "amt": 1525567.0, "tmn": [0, 0, 1049, 280, 479, 292, 453, 0, 0, 920, 360, 724, 554, 634, 0, 0, 1201, 348, 447, 461, 479], "tmv": [2781, 2047, 1978, 1647, 2163, 995, 2262, 2445, 2251, 1671, 0, 0, 2784, 2570, 2833, 3777, 2988, 2423, 2905, 2661, 0], "tmd": [0, 0, 0, 3, 18, 3, 0, 0, 0, 6, 3, 30, 0, 30, 0, 0, 0, 0, 18, 0, 3], "wmn": 2939, "wmt": 26476, "wmd": 21, "wmv": 17591, "wdn": -8, "wdt": -20, "wdd": -70, "wdv": 50, "tlv": "North Carolina"}