{"loc": "Cumberland", "iso": "US", "l1": "United States", "l2": "Maine", "lvl": 3, "pop": 295003, "key": 11001, "isd": true, "ppd": 35.608000000000004, "med": 38.3, "p65": 15.413, "p70": 9.732000000000001, "hos": 2.77, "exp": 78.86, "adr": 1.0, "amn": 56877.0, "amv": 814768.0, "amd": 647.0, "amt": 1617584.0, "tmn": [264, 77, 132, 277, 186, 132, 220, 169, 149, 135, 186, 318, 186, 142, 216, 50, 152, 54, 145, 128, 206], "tmv": [10071, 9169, 6395, 4975, 6773, 8259, 8496, 10027, 6458, 3608, 3001, 5456, 7305, 8515, 7794, 7192, 5713, 4653, 4699, 5814, 5591], "tmd": [0, 0, 0, 4, 0, 0, 0, 0, 0, 0, 0, 0, 4, 0, 0, 0, 0, 0, 4, 0, 0], "wmn": 956, "wmt": 39900, "wmd": 4, "wmv": 41459, "wdn": -26, "wdt": -9, "wdd": 0, "wdv": -7, "tlv": "Maine"}