{"loc": "Cumberland", "iso": "US", "l1": "United States", "l2": "Tennessee", "lvl": 3, "pop": 60520, "key": 11005, "isd": true, "ppd": 35.608000000000004, "med": 38.3, "p65": 15.413, "p70": 9.732000000000001, "hos": 2.77, "exp": 78.86, "adr": 2.0, "amn": 123397.0, "amv": 1072054.0, "amd": 2396.0, "amt": 1259610.0, "tmn": [214, 0, 0, 495, 198, 462, 462, 247, 0, 0, 1189, 495, 429, 776, 512, 0, 0, 1421, 380, 793, 363], "tmv": [1821, 2051, 2364, 1193, 1200, 2288, 2155, 2600, 2160, 2477, 1419, 1374, 2201, 2622, 2492, 2548, 2348, 1615, 1875, 1986, 0], "tmd": [0, 0, 0, 0, 0, 17, 0, 0, 0, 0, 0, 0, 0, 0, 34, 0, 0, 0, 0, 0, 0], "wmn": 3470, "wmt": 16764, "wmd": 34, "wmv": 12867, "wdn": 11, "wdt": 23, "wdd": 0, "wdv": -13, "tlv": "Tennessee"}