{"loc": "Cumberland", "iso": "US", "l1": "United States", "l2": "Kentucky", "lvl": 3, "pop": 6614, "key": 11000, "isd": true, "ppd": 35.608000000000004, "med": 38.3, "p65": 15.413, "p70": 9.732000000000001, "hos": 2.77, "exp": 78.86, "adr": 1.0, "amn": 177049.0, "amv": 1263117.0, "amd": 2570.0, "amt": 1634254.0, "tmn": [604, 0, 0, 2419, 1058, 1058, 755, 1209, 0, 0, 2116, 1209, 2419, 453, 1058, 0, 0, 755, 1663, 302, 1511], "tmv": [3390, 3489, 0, 0, 0, 2411, 3257, 3418, 2659, 2485, 1614, 1945, 2278, 2491, 2890, 2710, 2395, 1993, 2154, 3467, 0], "tmd": [0, 0, 0, 0, 0, 0, 0, 0, 0, 0, 0, 0, 0, 0, 0, 0, 0, 303, 0, 0, 0], "wmn": 5292, "wmt": 21308, "wmd": 303, "wmv": 15613, "wdn": -29, "wdt": -6, "wdd": 0, "wdv": -8, "tlv": "Kentucky"}