{"loc": "Cumberland", "iso": "US", "l1": "United States", "l2": "Pennsylvania", "lvl": 3, "pop": 253370, "key": 11004, "isd": true, "ppd": 35.608000000000004, "med": 38.3, "p65": 15.413, "p70": 9.732000000000001, "hos": 2.77, "exp": 78.86, "adr": 3.0, "amn": 62632.0, "amv": 191493.0, "amd": 1879.0, "amt": 790657.0, "tmn": [414, 232, 146, 228, 367, 343, 126, 315, 276, 288, 224, 327, 224, 157, 193, 335, 355, 146, 252, 134, 149], "tmv": [1695, 3330, 4023, 4903, 6734, 6595, 3662, 2393, 4746, 4917, 6132, 6772, 6806, 0, 0, 3221, 4419, 5606, 5173, 5466, 0], "tmd": [8, 12, 24, 0, 16, 4, 4, 8, 4, 4, 8, 0, 8, 4, 0, 28, 4, 0, 12, 0, 0], "wmn": 1567, "wmt": 25160, "wmd": 44, "wmv": 23888, "wdn": -14, "wdt": -5, "wdd": 22, "wdv": -25, "tlv": "Pennsylvania"}