{"loc": "Cumberland", "iso": "US", "l1": "United States", "l2": "Tennessee", "lvl": 3, "pop": 60520, "key": 11005, "isd": true, "ppd": 35.608000000000004, "med": 38.3, "p65": 15.413, "p70": 9.732000000000001, "hos": 2.77, "exp": 78.86, "adr": 2.0, "amn": 182898.0, "amv": 1263117.0, "amd": 3701.0, "amt": 1504205.0, "tmn": [842, 627, 0, 0, 1040, 578, 380, 264, 231, 0, 0, 594, 264, 214, 297, 247, 0, 0, 0, 677, 214], "tmv": [2661, 3390, 3489, 0, 0, 0, 2411, 3257, 3418, 2659, 2485, 1614, 1945, 2278, 2491, 2890, 2710, 2395, 1993, 2154, 3467], "tmd": [0, 0, 0, 0, 0, 149, 0, 0, 34, 0, 0, 17, 0, 17, 0, 50, 0, 0, 0, 34, 50], "wmn": 1438, "wmt": 13369, "wmd": 133, "wmv": 18105, "wdn": -8, "wdt": 6, "wdd": 100, "wdv": 3, "tlv": "Tennessee"}