{"loc": "Cumberland", "iso": "US", "l1": "United States", "l2": "New Jersey", "lvl": 3, "pop": 149527, "key": 11002, "isd": true, "ppd": 35.608000000000004, "med": 38.3, "p65": 15.413, "p70": 9.732000000000001, "hos": 2.77, "exp": 78.86, "adr": 2.0, "amn": 125556.0, "amv": 1144139.0, "amd": 3016.0, "amt": 1720210.0, "tmn": [494, 220, 240, 153, 227, 307, 341, 341, 307, 200, 100, 200, 361, 374, 314, 454, 140, 274, 6, 401, 247], "tmv": [3068, 3187, 2953, 1851, 1966, 2813, 2807, 3250, 3257, 2889, 2103, 1988, 3241, 2538, 4249, 2950, 0, 0, 0, 2913, 0], "tmd": [-6, 0, 0, 0, 14, 0, 7, 7, 0, 0, 0, 0, 7, 0, 0, 14, 0, 0, 7, 7, 7], "wmn": 1840, "wmt": 7136, "wmd": 34, "wmv": 10114, "wdn": -2, "wdt": -19, "wdd": 150, "wdv": -48, "tlv": "New Jersey"}