{"loc": "Cumberland", "iso": "US", "l1": "United States", "l2": "New Jersey", "lvl": 3, "pop": 149527, "key": 11002, "isd": true, "ppd": 35.608000000000004, "med": 38.3, "p65": 15.413, "p70": 9.732000000000001, "hos": 2.77, "exp": 78.86, "adr": 2.0, "amn": 155510.0, "amv": 1469622.0, "amd": 3317.0, "amt": 1847274.0, "tmn": [448, 187, 347, 207, 247, 113, 193, 548, 334, 635, 822, 749, 321, 300, 902, 561, 929, 568, 882, 401, 555], "tmv": [5133, 3959, 70, 3467, 2554, 1688, 4748, 5430, 6005, 6047, 6744, 4092, 2038, 5038, 5187, 5041, 4530, 2968, 283, 0, 0], "tmd": [0, 0, 7, 0, 0, 0, 0, 0, 0, 7, 0, 14, 0, 0, 7, 0, 0, 0, 0, 7, 0], "wmn": 4802, "wmt": 9418, "wmd": 14, "wmv": 18013, "wdn": 29, "wdt": 22, "wdd": -33, "wdv": -49, "tlv": "New Jersey"}