{"loc": "Currituck", "iso": "US", "l1": "United States", "l2": "North Carolina", "lvl": 3, "pop": 27763, "key": 11010, "isd": true, "ppd": 35.608000000000004, "med": 38.3, "p65": 15.413, "p70": 9.732000000000001, "hos": 2.77, "exp": 78.86, "adr": 1.0, "amn": 53777.0, "amv": 635594.0, "amd": 540.0, "amt": 1045410.0, "tmn": [72, 72, 36, 0, 0, 0, 252, 0, 0, 108, 108, 0, 0, 108, 144, 0, 36, 144, 0, 0, 216], "tmv": [5431, 8106, 10192, 12065, 12389, 10214, 6477, 4262, 8755, 10329, 12013, 14052, 10864, 8027, 7863, 7615, 10699, 12037, 10893, 10729, 0], "tmd": [0, 0, 0, 0, 0, 0, 0, 0, 0, 0, 0, 0, 0, 0, 0, 0, 0, 0, 0, 0, 0], "wmn": 541, "wmt": 18954, "wmd": 0, "wmv": 59839, "wdn": 67, "wdt": -9, "wdd": 0, "wdv": -12, "tlv": "North Carolina"}