{"loc": "Currituck", "iso": "US", "l1": "United States", "l2": "North Carolina", "lvl": 3, "pop": 27763, "key": 11010, "isd": true, "ppd": 35.608000000000004, "med": 38.3, "p65": 15.413, "p70": 9.732000000000001, "hos": 2.77, "exp": 78.86, "adr": 1.0, "amn": 49346.0, "amv": 228357.0, "amd": 540.0, "amt": 984262.0, "tmn": [324, 216, 396, 432, 432, 828, 324, 324, 180, 468, 972, 540, 468, 180, 108, 36, 180, 360, 72, 144, 0], "tmv": [3662, 2393, 4746, 4917, 6132, 6772, 6806, 0, 0, 3221, 4419, 5606, 5173, 5466, 3298, 2593, 4349, 5491, 6616, 7139, 7375], "tmd": [0, 0, 0, 0, 0, 0, 0, 0, 0, 0, 0, 37, 0, 0, 0, 0, 0, 0, 0, 0, 0], "wmn": 901, "wmt": 27822, "wmd": 0, "wmv": 36864, "wdn": -71, "wdt": -6, "wdd": -100, "wdv": 54, "tlv": "North Carolina"}