{"loc": "Curry", "iso": "US", "l1": "United States", "l2": "New Mexico", "lvl": 3, "pop": 48954, "key": 11011, "isd": true, "ppd": 35.608000000000004, "med": 38.3, "p65": 15.413, "p70": 9.732000000000001, "hos": 2.77, "exp": 78.86, "adr": 2.0, "amn": 108919.0, "amv": 986908.0, "amd": 1757.0, "amt": 1743661.0, "tmn": [20, 40, 0, 0, 163, 61, 61, 122, 81, 0, 0, 653, 0, 0, 40, 40, 0, 0, 61, 0, 81], "tmv": [2835, 2495, 4865, 3672, 4016, 3766, 3121, 6234, 3276, 3244, 2575, 1851, 1965, 1967, 2474, 1554, 2803, 3655, 3299, 2241, 0], "tmd": [0, 0, 0, 0, 0, 0, 0, 0, 21, 0, 0, 0, 0, 0, 0, 0, 0, 0, 0, 0, 21], "wmn": 225, "wmt": 15329, "wmd": 21, "wmv": 16029, "wdn": -74, "wdt": -15, "wdd": 0, "wdv": -24, "tlv": "New Mexico"}