{"loc": "Currituck", "iso": "US", "l1": "United States", "l2": "North Carolina", "lvl": 3, "pop": 27763, "key": 11010, "isd": true, "ppd": 35.608000000000004, "med": 38.3, "p65": 15.413, "p70": 9.732000000000001, "hos": 2.77, "exp": 78.86, "adr": 1.0, "amn": 98656.0, "amv": 1263117.0, "amd": 973.0, "amt": 1596286.0, "tmn": [396, 0, 0, 1188, 144, 288, 324, 216, 0, 0, 540, 72, 324, 468, 396, 0, 0, 504, 108, 360, 216], "tmv": [3390, 3489, 0, 0, 0, 2411, 3257, 3418, 2659, 2485, 1614, 1945, 2278, 2491, 2890, 2710, 2395, 1993, 2154, 3467, 0], "tmd": [0, 0, 0, 0, 0, 0, 0, 0, 0, 0, 0, 0, 0, 0, 0, 0, 0, 37, 0, 0, 37], "wmn": 1585, "wmt": 22653, "wmd": 73, "wmv": 15613, "wdn": -2, "wdt": -8, "wdd": 0, "wdv": -8, "tlv": "North Carolina"}