{"loc": "Curry", "iso": "US", "l1": "United States", "l2": "New Mexico", "lvl": 3, "pop": 48954, "key": 11011, "isd": true, "ppd": 35.608000000000004, "med": 38.3, "p65": 15.413, "p70": 9.732000000000001, "hos": 2.77, "exp": 78.86, "adr": 2.0, "amn": 118601.0, "amv": 1086287.0, "amd": 1798.0, "amt": 1892088.0, "tmn": [306, 224, 0, 0, 878, 306, 306, 674, 285, 0, 0, 1062, 204, 449, 428, 367, 0, 0, 1205, 449, 265], "tmv": [2155, 2600, 2160, 2477, 1419, 1374, 2201, 2622, 2492, 2548, 2348, 1615, 1875, 1986, 1986, 2786, 3007, 2017, 2605, 1830, 0], "tmd": [0, 0, 0, 0, 21, 0, 0, 0, 0, 0, 0, 0, 0, 0, 0, 0, 0, 0, 0, 0, 21], "wmn": 2717, "wmt": 36752, "wmd": 21, "wmv": 14234, "wdn": 2, "wdt": 41, "wdd": 0, "wdv": -8, "tlv": "New Mexico"}