{"loc": "Dade", "iso": "US", "l1": "United States", "l2": "Missouri", "lvl": 3, "pop": 7561, "key": 11025, "isd": true, "ppd": 35.608000000000004, "med": 38.3, "p65": 15.413, "p70": 9.732000000000001, "hos": 2.77, "exp": 78.86, "adr": 2.0, "amn": 102764.0, "amv": 1081852.0, "amd": 2248.0, "amt": 1029996.0, "tmn": [264, 132, 661, 529, 396, 132, 264, 396, 529, 0, 396, 529, 132, 0, 396, 661, 396, 132, 793, 264, 0], "tmv": [1200, 2288, 2155, 2600, 2160, 2477, 1419, 1374, 2201, 2622, 2492, 2548, 2348, 1615, 1875, 1986, 1986, 2786, 3007, 2017, 0], "tmd": [0, 0, 0, 0, 0, 0, 0, 0, 0, 0, 0, 0, 0, 0, 0, 0, 0, 0, 0, 0, 0], "wmn": 2646, "wmt": 18253, "wmd": 0, "wmv": 13660, "wdn": 33, "wdt": -2, "wdd": 0, "wdv": -10, "tlv": "Missouri"}