{"loc": "Cuyahoga", "iso": "US", "l1": "United States", "l2": "Ohio", "lvl": 3, "pop": 1235072, "key": 11021, "isd": true, "ppd": 35.608000000000004, "med": 38.3, "p65": 15.413, "p70": 9.732000000000001, "hos": 2.77, "exp": 78.86, "adr": 2.0, "amn": 77489.0, "amv": 233408.0, "amd": 1417.0, "amt": 862725.0, "tmn": [214, 149, 258, 208, 161, 164, 135, 71, 195, 178, 141, 132, 50, 323, 140, 221, 170, 205, 123, 178, 0], "tmv": [4746, 4917, 6132, 6772, 6806, 0, 0, 3221, 4419, 5606, 5173, 5466, 3298, 2593, 4349, 5491, 6616, 7139, 7375, 5050, 0], "tmd": [1, 0, 0, 0, 0, 0, 0, 2, -19, 11, 9, 9, 4, 6, 6, 5, 7, 10, 9, 4, 0], "wmn": 1041, "wmt": 21697, "wmd": 39, "wmv": 36022, "wdn": -5, "wdt": 44, "wdd": 100, "wdv": 21, "tlv": "Ohio"}