{"loc": "Cyprus", "iso": "CY", "l1": "Cyprus", "l2": "0", "lvl": 1, "pop": 1207361, "key": 11022, "isd": true, "ppd": 127.65700000000001, "med": 37.3, "p65": 13.415999999999999, "p70": 8.562999999999999, "hos": 3.4, "exp": 80.98, "adr": 0.0, "amn": 101634.0, "amv": 995058.0, "amd": 470.0, "amt": 11755684.0, "tmn": [101, 106, 0, 0, 187, 96, 120, 82, 108, 0, 0, 308, 140, 137, 117, 126, 0, 0, 303, 137, 149], "tmv": [0, 0, 0, 0, 0, 0, 0, 0, 0, 0, 0, 3660, 1985, 0, 0, 0, 0, 0, 0, 0, 0], "tmd": [0, 0, 0, 0, 2, 1, 2, 1, 0, 0, 1, 1, 0, 0, 0, 0, 2, 1, 2, 0, 2], "wmn": 836, "wmt": 213648, "wmd": 6, "wmv": 0, "wdn": 7, "wdt": -28, "wdd": 133, "wdv": -100, "tlv": "Cyprus"}