{"loc": "Dagestan Republic", "iso": "RU", "l1": "Russia", "l2": "Dagestan Republic", "lvl": 2, "pop": 3063885, "key": 11028, "isd": true, "ppd": 8.823, "med": 39.6, "p65": 14.177999999999999, "p70": 9.392999999999999, "hos": 8.05, "exp": 72.58, "adr": 5.0, "amn": 20687.0, "amv": 930924.0, "amd": 998.0, "amt": 1590448.0, "tmn": [62, 68, 64, 63, 63, 60, 61, 60, 57, 56, 55, 53, 51, 50, 49, 48, 48, 48, 49, 49, 51], "tmv": [2656, 7202, 6898, 9236, 4722, 3465, 2059, 6322, 4985, 6171, 3724, 8742, 2527, 1269, 5480, 6221, 4382, 2410, 11208, 4792, 0], "tmd": [4, 3, 3, 4, 3, 2, 3, 4, 5, 4, 5, 3, 2, 2, 3, 2, 2, 3, 5, 2, 2], "wmn": 347, "wmt": 0, "wmd": 16, "wmv": 34497, "wdn": -10, "wdt": 0, "wdd": -33, "wdv": 2, "tlv": "Russia"}