{"loc": "Cuyahoga", "iso": "US", "l1": "United States", "l2": "Ohio", "lvl": 3, "pop": 1235072, "key": 11021, "isd": true, "ppd": 35.608000000000004, "med": 38.3, "p65": 15.413, "p70": 9.732000000000001, "hos": 2.77, "exp": 78.86, "adr": 2.0, "amn": 94075.0, "amv": 1005306.0, "amd": 1814.0, "amt": 1173230.0, "tmn": [20, 29, 14, 12, 17, 16, 25, 18, 29, 24, 17, 8, 33, 25, 18, 15, 13, 0, 12, 7, 26], "tmv": [6234, 3276, 3244, 2575, 1851, 1965, 1967, 2474, 1554, 2803, 3655, 3299, 2241, 4154, 4949, 1994, 3524, 1923, 0, 0, 0], "tmd": [0, 0, 0, 0, 0, 0, 0, 0, 0, 0, 0, 0, 0, 0, 0, 0, 0, 0, 0, 0, 2], "wmn": 95, "wmt": 7857, "wmd": 2, "wmv": 12392, "wdn": -39, "wdt": -5, "wdd": 0, "wdv": -39, "tlv": "Ohio"}