{"loc": "Dadra and Nagar Haveli and Daman and Diu", "iso": "IN", "l1": "India", "l2": "Dadra and Nagar Haveli and Daman and Diu", "lvl": 2, "pop": 615724, "key": 11026, "isd": true, "ppd": 450.41900000000004, "med": 28.2, "p65": 5.989, "p70": 3.4139999999999997, "hos": 0.53, "exp": 69.66, "adr": 0.0, "amn": 5493.0, "amv": 6319.0, "amd": 3.0, "amt": 117601.0, "tmn": [1, 1, 0, 1, 0, 0, 0, 0, 0, 0, 0, 0, 0, 0, 0, 0, 0, 3, 0, 0, 0], "tmv": [4, 236, 414, 414, 177, 10, 138, 136, 225, 369, 331, 259, 26, 323, 255, 293, 353, 335, 214, 15, 315], "tmd": [0, 0, 0, 0, 0, 0, 0, 0, 0, 0, 0, 0, 0, 0, 0, 0, 0, 0, 0, 0, 0], "wmn": 4, "wmt": 0, "wmd": 0, "wmv": 1784, "wdn": 0, "wdt": 0, "wdd": 0, "wdv": 7, "tlv": "Dadra and Nagar Haveli and Daman and Diu"}