{"loc": "Cuyahoga", "iso": "US", "l1": "United States", "l2": "Ohio", "lvl": 3, "pop": 1235072, "key": 11021, "isd": true, "ppd": 35.608000000000004, "med": 38.3, "p65": 15.413, "p70": 9.732000000000001, "hos": 2.77, "exp": 78.86, "adr": 2.0, "amn": 83864.0, "amv": 511713.0, "amd": 1643.0, "amt": 951838.0, "tmn": [157, 202, 143, 158, 71, 187, 170, 217, 142, 259, 213, 76, 177, 259, 207, 252, 201, 266, 0, 340, 233], "tmv": [6980, 8171, 7842, 9493, 9226, 6156, 5181, 6849, 8594, 10257, 10611, 9961, 7133, 5431, 8106, 10192, 12065, 12389, 10214, 6477, 4262], "tmd": [0, 0, 1, 1, 2, 1, 0, 0, 0, 0, 0, 0, 1, 0, 0, 0, 0, 0, 0, 0, 0], "wmn": 1503, "wmt": 16044, "wmd": 0, "wmv": 63709, "wdn": 12, "wdt": -12, "wdd": -100, "wdv": 8, "tlv": "Ohio"}