{"loc": "Dallas", "iso": "US", "l1": "United States", "l2": "Arkansas", "lvl": 3, "pop": 7009, "key": 11039, "isd": true, "ppd": 35.608000000000004, "med": 38.3, "p65": 15.413, "p70": 9.732000000000001, "hos": 2.77, "exp": 78.86, "adr": 2.0, "amn": 125125.0, "amv": 1027393.0, "amd": 2283.0, "amt": 1064441.0, "tmn": [713, 0, 856, 0, 0, 3138, 285, 1426, 570, 1712, 0, 0, 856, 570, 285, 856, 285, 0, 0, 713, 1141], "tmv": [4154, 4949, 1994, 3524, 1923, 0, 0, 1326, 2107, 1883, 1818, 1779, 1363, 1036, 1655, 1721, 1666, 1928, 1520, 1539, 740], "tmd": [0, 0, 0, 0, 0, 0, 0, 0, 0, 0, 0, 0, 0, 0, 0, 0, 0, 0, 0, 0, 0], "wmn": 3282, "wmt": 11674, "wmd": 0, "wmv": 10773, "wdn": -36, "wdt": 4, "wdd": 0, "wdv": -5, "tlv": "Arkansas"}