{"loc": "Dale", "iso": "US", "l1": "United States", "l2": "Alabama", "lvl": 3, "pop": 49172, "key": 11036, "isd": true, "ppd": 35.608000000000004, "med": 38.3, "p65": 15.413, "p70": 9.732000000000001, "hos": 2.77, "exp": 78.86, "adr": 2.0, "amn": 97189.0, "amv": 624865.0, "amd": 2257.0, "amt": 501156.0, "tmn": [101, 40, 81, 20, 61, 61, 61, 0, 0, -101, 0, 0, 0, 40, 20, 20, -40, 40, 61, 20, 142], "tmv": [9961, 7133, 5431, 8106, 10192, 12065, 12389, 10214, 6477, 4262, 8755, 10329, 12013, 14052, 10864, 8027, 7863, 7615, 10699, 12037, 10893], "tmd": [0, 0, 0, 0, 0, 0, 0, 0, 0, 0, -20, 21, 21, 0, 0, 0, 0, 0, 21, 0, 0], "wmn": 265, "wmt": 4834, "wmd": 21, "wmv": 68002, "wdn": -533, "wdt": 25, "wdd": 0, "wdv": 3, "tlv": "Alabama"}