{"loc": "Dakota", "iso": "US", "l1": "United States", "l2": "Minnesota", "lvl": 3, "pop": 429021, "key": 11030, "isd": true, "ppd": 35.608000000000004, "med": 38.3, "p65": 15.413, "p70": 9.732000000000001, "hos": 2.77, "exp": 78.86, "adr": 1.0, "amn": 103112.0, "amv": 720439.0, "amd": 1009.0, "amt": 1500063.0, "tmn": [487, 470, 303, 494, 212, 419, 566, 494, 445, 410, 275, 228, 293, 482, 496, 501, 291, 326, 188, 286, 477], "tmv": [12013, 14052, 10864, 8027, 7863, 7615, 10699, 12037, 10893, 10729, 6600, 5484, 7781, 9092, 10242, 10071, 9169, 6395, 4975, 6773, 8259], "tmd": [0, 3, 0, 3, 0, 7, 5, 5, 0, 0, 0, 0, 3, 5, 3, 0, 0, 0, 3, 7, 7], "wmn": 2569, "wmt": 34493, "wmd": 19, "wmv": 55887, "wdn": -2, "wdt": -4, "wdd": 60, "wdv": -11, "tlv": "Minnesota"}