{"loc": "Dallas", "iso": "US", "l1": "United States", "l2": "Alabama", "lvl": 3, "pop": 37196, "key": 11038, "isd": true, "ppd": 35.608000000000004, "med": 38.3, "p65": 15.413, "p70": 9.732000000000001, "hos": 2.77, "exp": 78.86, "adr": 4.0, "amn": 130337.0, "amv": 1227352.0, "amd": 5350.0, "amt": 1202222.0, "tmn": [107, 483, 295, 215, 295, 295, 107, 215, 161, 188, 0, 241, 215, 161, 430, 215, 80, 188, 134, 457, 241], "tmv": [2262, 2445, 2251, 1671, 0, 0, 2784, 2570, 2833, 3777, 2988, 2423, 2905, 2661, 3390, 3489, 0, 0, 0, 2411, 0], "tmd": [54, 54, 0, 0, 27, 0, 0, 0, 0, 0, 0, 0, 54, 0, 27, 54, 0, 0, 0, 54, 54], "wmn": 1748, "wmt": 13579, "wmd": 189, "wmv": 9292, "wdn": 48, "wdt": -15, "wdd": 250, "wdv": -54, "tlv": "Alabama"}