{"loc": "Dale", "iso": "US", "l1": "United States", "l2": "Alabama", "lvl": 3, "pop": 49172, "key": 11036, "isd": true, "ppd": 35.608000000000004, "med": 38.3, "p65": 15.413, "p70": 9.732000000000001, "hos": 2.77, "exp": 78.86, "adr": 2.0, "amn": 94708.0, "amv": 238664.0, "amd": 2176.0, "amt": 470167.0, "tmn": [508, 264, 589, 244, 61, 223, 284, 366, 264, 142, 183, 61, 142, 162, 142, 122, 203, 61, 40, 122, 183], "tmv": [4917, 6132, 6772, 6806, 0, 0, 3221, 4419, 5606, 5173, 5466, 3298, 2593, 4349, 5491, 6616, 7139, 7375, 5050, 5255, 0], "tmd": [0, 41, 0, 0, 0, 0, 0, 0, 21, 0, 0, 0, 0, 0, 0, 0, 21, 0, 0, 0, 0], "wmn": 875, "wmt": 7401, "wmd": 21, "wmv": 36929, "wdn": -34, "wdt": 18, "wdd": 0, "wdv": 19, "tlv": "Alabama"}