{"loc": "Dale", "iso": "US", "l1": "United States", "l2": "Alabama", "lvl": 3, "pop": 49172, "key": 11036, "isd": true, "ppd": 35.608000000000004, "med": 38.3, "p65": 15.413, "p70": 9.732000000000001, "hos": 2.77, "exp": 78.86, "adr": 2.0, "amn": 100687.0, "amv": 996012.0, "amd": 2379.0, "amt": 546740.0, "tmn": [0, 0, 20, 0, 0, 0, -20, 0, 0, 40, 0, 20, 0, 40, 0, 0, 61, 0, 203, 0, 101], "tmv": [4865, 3672, 4016, 3766, 3121, 6234, 3276, 3244, 2575, 1851, 1965, 1967, 2474, 1554, 2803, 3655, 3299, 2241, 4154, 4949, 0], "tmd": [0, 0, 0, 0, 0, 0, 41, 0, 0, 0, 0, 0, 0, 21, 0, 0, 0, 0, 0, 0, 0], "wmn": 367, "wmt": 2398, "wmd": 0, "wmv": 21104, "wdn": 260, "wdt": -14, "wdd": -100, "wdv": 35, "tlv": "Alabama"}