{"loc": "Dane", "iso": "US", "l1": "United States", "l2": "Wisconsin", "lvl": 3, "pop": 546695, "key": 11045, "isd": true, "ppd": 35.608000000000004, "med": 38.3, "p65": 15.413, "p70": 9.732000000000001, "hos": 2.77, "exp": 78.86, "adr": 1.0, "amn": 97211.0, "amv": 1170335.0, "amd": 642.0, "amt": 1776686.0, "tmn": [192, 171, 329, 206, 0, 0, 574, 142, 71, 312, 197, 0, 0, 358, 237, 371, 428, 402, 0, 0, 846], "tmv": [1988, 3241, 2538, 4249, 2950, 0, 0, 0, 2913, 2024, 2876, 2739, 2336, 1790, 1886, 2554, 2257, 2903, 2781, 2047, 0], "tmd": [2, 4, 0, 4, 0, 0, 0, 0, 2, 0, 0, 0, 0, 2, 0, 0, 2, 0, 0, 0, 0], "wmn": 2287, "wmt": 41129, "wmd": 2, "wmv": 14431, "wdn": 111, "wdt": 73, "wdd": -50, "wdv": -2, "tlv": "Wisconsin"}