{"loc": "Dallas", "iso": "US", "l1": "United States", "l2": "Texas", "lvl": 3, "pop": 2635516, "key": 11042, "isd": true, "ppd": 35.608000000000004, "med": 38.3, "p65": 15.413, "p70": 9.732000000000001, "hos": 2.77, "exp": 78.86, "adr": 1.0, "amn": 112933.0, "amv": 700431.0, "amd": 1502.0, "amt": 784331.0, "tmn": [143, 143, 11, 193, 104, 0, 0, 257, 108, 76, 57, 110, 0, 0, 297, 105, 69, 84, 114, 0, 122], "tmv": [4262, 8755, 10329, 12013, 14052, 10864, 8027, 7863, 7615, 10699, 12037, 10893, 10729, 6600, 5484, 7781, 9092, 10242, 10071, 9169, 6395], "tmd": [4, 1, 2, 4, 2, 2, 0, 0, 2, 2, 2, 3, 2, 2, 3, 2, 0, 1, 2, 0, 1], "wmn": 795, "wmt": 15074, "wmd": 7, "wmv": 58238, "wdn": 30, "wdt": 63, "wdd": -31, "wdv": -12, "tlv": "Texas"}