{"loc": "Dallas", "iso": "US", "l1": "United States", "l2": "Texas", "lvl": 3, "pop": 2635516, "key": 11042, "isd": true, "ppd": 35.608000000000004, "med": 38.3, "p65": 15.413, "p70": 9.732000000000001, "hos": 2.77, "exp": 78.86, "adr": 1.0, "amn": 117335.0, "amv": 1018277.0, "amd": 1577.0, "amt": 898086.0, "tmn": [43, 0, 0, 0, 50, 169, 60, 58, 0, 0, 0, 61, 121, 106, 101, 0, 0, 70, 0, 328, 108], "tmv": [1554, 2803, 3655, 3299, 2241, 4154, 4949, 1994, 3524, 1923, 0, 0, 1326, 2107, 1883, 1818, 1779, 1363, 1036, 1655, 0], "tmd": [1, 0, 0, 0, 1, 3, 2, 2, 0, 0, 0, 1, 1, 1, 2, 0, 0, 2, 0, 3, 2], "wmn": 609, "wmt": 7754, "wmd": 7, "wmv": 9537, "wdn": 75, "wdt": -4, "wdd": 60, "wdv": -12, "tlv": "Texas"}