{"loc": "Dallas", "iso": "US", "l1": "United States", "l2": "Texas", "lvl": 3, "pop": 2635516, "key": 11042, "isd": true, "ppd": 35.608000000000004, "med": 38.3, "p65": 15.413, "p70": 9.732000000000001, "hos": 2.77, "exp": 78.86, "adr": 1.0, "amn": 118148.0, "amv": 1027393.0, "amd": 1583.0, "amt": 906510.0, "tmn": [60, 58, 0, 0, 0, 61, 121, 106, 101, 0, 0, 70, 0, 328, 108, 78, 0, 0, 154, 330, 250], "tmv": [4949, 1994, 3524, 1923, 0, 0, 1326, 2107, 1883, 1818, 1779, 1363, 1036, 1655, 1721, 1666, 1928, 1520, 1539, 740, 0], "tmd": [2, 2, 0, 0, 0, 1, 1, 1, 2, 0, 0, 2, 0, 3, 2, 2, 0, 0, 1, 2, 2], "wmn": 921, "wmt": 9809, "wmd": 7, "wmv": 9117, "wdn": 52, "wdt": 30, "wdd": 13, "wdv": -22, "tlv": "Texas"}