{"loc": "Danville", "iso": "US", "l1": "United States", "l2": "Virginia", "lvl": 3, "pop": 40044, "key": 11048, "isd": true, "ppd": 35.608000000000004, "med": 38.3, "p65": 15.413, "p70": 9.732000000000001, "hos": 2.77, "exp": 78.86, "adr": 3.0, "amn": 142993.0, "amv": 1179384.0, "amd": 4170.0, "amt": 1069058.0, "tmn": [0, 0, 1348, 199, 1298, 1648, 524, 0, 0, 2247, 1023, 674, 948, 524, 0, 0, 1548, 399, 849, 649, -474], "tmv": [2950, 0, 0, 0, 2913, 2024, 2876, 2739, 2336, 1790, 1886, 2554, 2257, 2903, 2781, 2047, 1978, 1647, 2163, 995, 2262], "tmd": [0, 0, 0, 0, 25, 0, 0, 0, 0, 0, 25, 0, 50, 100, 0, 0, 25, 0, 50, 0, 25], "wmn": 2972, "wmt": 20702, "wmd": 100, "wmv": 13878, "wdn": -45, "wdt": -2, "wdd": -43, "wdv": -16, "tlv": "Virginia"}