{"loc": "Dallas", "iso": "US", "l1": "United States", "l2": "Texas", "lvl": 3, "pop": 2635516, "key": 11042, "isd": true, "ppd": 35.608000000000004, "med": 38.3, "p65": 15.413, "p70": 9.732000000000001, "hos": 2.77, "exp": 78.86, "adr": 1.0, "amn": 142972.0, "amv": 1170335.0, "amd": 1773.0, "amt": 1102062.0, "tmn": [0, 1781, 950, 486, 0, 0, 0, 487, 1850, 0, 1049, 0, 0, 566, 1474, 379, 576, 543, 0, 0, 453], "tmv": [1988, 3241, 2538, 4249, 2950, 0, 0, 0, 2913, 2024, 2876, 2739, 2336, 1790, 1886, 2554, 2257, 2903, 2781, 2047, 0], "tmd": [4, 4, 7, 8, 5, 4, 0, 2, 5, 7, 11, 8, 7, 0, 7, 8, 11, 8, 9, 4, 1], "wmn": 3428, "wmt": 26552, "wmd": 45, "wmv": 14431, "wdn": -13, "wdt": -14, "wdd": 20, "wdv": -2, "tlv": "Texas"}