{"loc": "Dane", "iso": "US", "l1": "United States", "l2": "Wisconsin", "lvl": 3, "pop": 546695, "key": 11045, "isd": true, "ppd": 35.608000000000004, "med": 38.3, "p65": 15.413, "p70": 9.732000000000001, "hos": 2.77, "exp": 78.86, "adr": 1.0, "amn": 94925.0, "amv": 1154115.0, "amd": 640.0, "amt": 1735557.0, "tmn": [142, 270, 192, 353, 0, 0, 512, 192, 171, 329, 206, 0, 0, 574, 142, 71, 312, 197, 0, 0, 358], "tmv": [1966, 2813, 2807, 3250, 3257, 2889, 2103, 1988, 3241, 2538, 4249, 2950, 0, 0, 0, 2913, 2024, 2876, 2739, 2336, 0], "tmd": [2, 0, 0, 0, 0, 0, 0, 2, 4, 0, 4, 0, 0, 0, 0, 2, 0, 0, 0, 0, 2], "wmn": 1083, "wmt": 23708, "wmd": 4, "wmv": 12890, "wdn": -27, "wdt": -7, "wdd": -60, "wdv": -14, "tlv": "Wisconsin"}