{"loc": "Dane", "iso": "US", "l1": "United States", "l2": "Wisconsin", "lvl": 3, "pop": 546695, "key": 11045, "isd": true, "ppd": 35.608000000000004, "med": 38.3, "p65": 15.413, "p70": 9.732000000000001, "hos": 2.77, "exp": 78.86, "adr": 1.0, "amn": 84510.0, "amv": 814768.0, "amd": 602.0, "amt": 1461700.0, "tmn": [113, 102, 47, 89, 87, 142, 139, 78, 91, 51, 38, 91, 137, 91, 74, 67, 29, 16, 54, 34, 65], "tmv": [10071, 9169, 6395, 4975, 6773, 8259, 8496, 10027, 6458, 3608, 3001, 5456, 7305, 8515, 7794, 7192, 5713, 4653, 4699, 5814, 5591], "tmd": [4, 0, 0, 0, 4, 4, 0, 6, 0, 0, 0, 0, 0, 0, 4, 0, 0, 2, 2, 0, 0], "wmn": 344, "wmt": 20566, "wmd": 8, "wmv": 41459, "wdn": -41, "wdt": -12, "wdd": 33, "wdv": -7, "tlv": "Wisconsin"}