{"loc": "Danville", "iso": "US", "l1": "United States", "l2": "Virginia", "lvl": 3, "pop": 40044, "key": 11048, "isd": true, "ppd": 35.608000000000004, "med": 38.3, "p65": 15.413, "p70": 9.732000000000001, "hos": 2.77, "exp": 78.86, "adr": 3.0, "amn": 112851.0, "amv": 1027393.0, "amd": 3546.0, "amt": 920089.0, "tmn": [24, -24, 74, 99, 24, 24, -74, -24, 0, 49, -99, 0, 0, 49, 74, 24, 49, 0, 0, 24, 249], "tmv": [4154, 4949, 1994, 3524, 1923, 0, 0, 1326, 2107, 1883, 1818, 1779, 1363, 1036, 1655, 1721, 1666, 1928, 1520, 1539, 740], "tmd": [-24, 0, 0, 0, 0, 0, 0, 0, 0, 0, 0, 0, 0, 25, 0, 0, 0, 0, 0, 0, 0], "wmn": 425, "wmt": 7517, "wmd": 0, "wmv": 10773, "wdn": -1800, "wdt": 18, "wdd": -100, "wdv": -5, "tlv": "Virginia"}