{"loc": "Dane", "iso": "US", "l1": "United States", "l2": "Wisconsin", "lvl": 3, "pop": 546695, "key": 11045, "isd": true, "ppd": 35.608000000000004, "med": 38.3, "p65": 15.413, "p70": 9.732000000000001, "hos": 2.77, "exp": 78.86, "adr": 1.0, "amn": 76394.0, "amv": 201735.0, "amd": 540.0, "amt": 1172260.0, "tmn": [230, 188, 146, 186, 76, 188, 267, 159, 144, 115, 85, 65, 151, 267, 296, 219, 159, 96, 82, 153, 144], "tmv": [4903, 6734, 6595, 3662, 2393, 4746, 4917, 6132, 6772, 6806, 0, 0, 3221, 4419, 5606, 5173, 5466, 3298, 2593, 4349, 0], "tmd": [0, 0, 0, 0, 15, 0, 2, 0, 0, 0, 0, 0, 0, 6, 2, -1, 0, 0, 11, 0, 0], "wmn": 1153, "wmt": 38818, "wmd": 11, "wmv": 26489, "wdn": 16, "wdt": 29, "wdd": 100, "wdv": -3, "tlv": "Wisconsin"}