{"loc": "Dallas", "iso": "US", "l1": "United States", "l2": "Texas", "lvl": 3, "pop": 2635516, "key": 11042, "isd": true, "ppd": 35.608000000000004, "med": 38.3, "p65": 15.413, "p70": 9.732000000000001, "hos": 2.77, "exp": 78.86, "adr": 1.0, "amn": 129100.0, "amv": 1100743.0, "amd": 1629.0, "amt": 990833.0, "tmn": [808, 0, 836, 0, 314, 0, 0, 1542, 512, 382, 347, 0, 0, 338, 1675, 322, 394, 580, 0, 0, 494], "tmv": [1374, 2201, 2622, 2492, 2548, 2348, 1615, 1875, 1986, 1986, 2786, 3007, 2017, 2605, 1830, 2139, 3106, 3068, 3187, 2953, 0], "tmd": [2, 0, 4, 2, 0, 0, 2, 2, 3, 1, 2, 0, 0, 2, 2, 5, 5, 3, 5, 2, 0], "wmn": 3468, "wmt": 19540, "wmd": 18, "wmv": 16287, "wdn": 11, "wdt": 5, "wdd": 119, "wdv": 0, "tlv": "Texas"}