{"loc": "Dallas", "iso": "US", "l1": "United States", "l2": "Iowa", "lvl": 3, "pop": 93453, "key": 11040, "isd": true, "ppd": 35.608000000000004, "med": 38.3, "p65": 15.413, "p70": 9.732000000000001, "hos": 2.77, "exp": 78.86, "adr": 1.0, "amn": 150974.0, "amv": 1250395.0, "amd": 1156.0, "amt": 539510.0, "tmn": [0, 0, 0, 3359, 0, 0, 0, 0, 0, 0, 2375, 0, 0, 0, 0, 0, 0, 2300, 0, 0, 0], "tmv": [3777, 2988, 2423, 2905, 2661, 3390, 3489, 0, 0, 0, 2411, 3257, 3418, 2659, 2485, 1614, 1945, 2278, 2491, 2890, 0], "tmd": [0, 0, 0, 0, 0, 0, 0, 0, 0, 0, 54, 0, 0, 0, 0, 0, 0, 11, 0, 0, 0], "wmn": 2301, "wmt": 3723, "wmd": 11, "wmv": 13708, "wdn": -3, "wdt": -17, "wdd": -80, "wdv": 17, "tlv": "Iowa"}