{"loc": "Darjeeling", "iso": "IN", "l1": "India", "l2": "West Bengal", "lvl": 3, "pop": 1842034, "key": 11051, "isd": true, "ppd": 450.41900000000004, "med": 28.2, "p65": 5.989, "p70": 3.4139999999999997, "hos": 0.53, "exp": 69.66, "adr": 1.0, "amn": 10022.0, "amv": 11319.0, "amd": 111.0, "amt": 86524.0, "tmn": [2, 1, 1, 3, 1, 5, 2, 1, 0, 2, 2, 1, 1, 1, 1, 1, 2, 2, 5, 2, 3], "tmv": [353, 335, 61, 0, 0, 246, 238, 478, 437, 281, 178, 245, 350, 332, 507, 499, 351, 42, 400, 555, 0], "tmd": [0, 0, 0, 0, 0, 0, 0, 0, 0, 0, 0, 0, 0, 0, 0, 0, 0, 0, 0, 0, 1], "wmn": 21, "wmt": 1361, "wmd": 1, "wmv": 2359, "wdn": 85, "wdt": 1, "wdd": 0, "wdv": 2, "tlv": "West Bengal"}