{"loc": "Davanagere", "iso": "IN", "l1": "India", "l2": "Karnataka", "lvl": 3, "pop": 1946905, "key": 11057, "isd": true, "ppd": 450.41900000000004, "med": 28.2, "p65": 5.989, "p70": 3.4139999999999997, "hos": 0.53, "exp": 69.66, "adr": 1.0, "amn": 11504.0, "amv": 5988.0, "amd": 136.0, "amt": 265768.0, "tmn": [2, 2, 7, 1, 4, 6, 4, 0, 3, 6, 1, 1, 2, 3, 0, 0, 4, 2, 2, 2, 4], "tmv": [295, 4, 236, 414, 414, 177, 10, 138, 136, 225, 369, 331, 259, 26, 323, 255, 293, 353, 335, 214, 0], "tmd": [0, 0, 0, 0, 0, 0, 0, 0, 0, 0, 0, 0, 0, 0, 0, 0, 0, 0, 0, 0, 0], "wmn": 17, "wmt": 6499, "wmd": 0, "wmv": 1777, "wdn": -6, "wdt": -9, "wdd": 0, "wdv": 19, "tlv": "Karnataka"}