{"loc": "Davidson", "iso": "US", "l1": "United States", "l2": "Tennessee", "lvl": 3, "pop": 694144, "key": 11059, "isd": true, "ppd": 35.608000000000004, "med": 38.3, "p65": 15.413, "p70": 9.732000000000001, "hos": 2.77, "exp": 78.86, "adr": 1.0, "amn": 173380.0, "amv": 1242734.0, "amd": 1648.0, "amt": 1490836.0, "tmn": [472, 463, 0, 0, 832, 194, 239, 322, 560, 0, 0, 661, 162, 325, 239, 200, 0, 0, 420, 181, 135], "tmv": [2784, 2570, 2833, 3777, 2988, 2423, 2905, 2661, 3390, 3489, 0, 0, 0, 2411, 3257, 3418, 2659, 2485, 1614, 1945, 0], "tmd": [3, 3, 0, 0, 6, 21, 3, 3, 0, 0, 0, 3, 9, 2, 0, 3, 0, 0, 5, 12, 5], "wmn": 1177, "wmt": 12603, "wmd": 24, "wmv": 15382, "wdn": -42, "wdt": -22, "wdd": 45, "wdv": 29, "tlv": "Tennessee"}