{"loc": "Darke", "iso": "US", "l1": "United States", "l2": "Ohio", "lvl": 3, "pop": 51113, "key": 11052, "isd": true, "ppd": 35.608000000000004, "med": 38.3, "p65": 15.413, "p70": 9.732000000000001, "hos": 2.77, "exp": 78.86, "adr": 2.0, "amn": 97294.0, "amv": 167606.0, "amd": 2348.0, "amt": 827402.0, "tmn": [352, 254, 234, 215, 176, 97, 215, 176, 449, 136, 117, 117, 215, 332, 215, 215, 136, 78, 58, 78, 78], "tmv": [4677, 5132, 5139, 4690, 3336, 1695, 3330, 4023, 4903, 6734, 6595, 3662, 2393, 4746, 4917, 6132, 6772, 6806, 0, 0, 0], "tmd": [20, 0, 0, 0, 20, 0, 20, 0, 0, 0, 0, 20, 0, 0, 0, 0, 0, 0, 0, 0, 40], "wmn": 861, "wmt": 20945, "wmd": 40, "wmv": 24629, "wdn": -44, "wdt": -6, "wdd": 100, "wdv": -25, "tlv": "Ohio"}