{"loc": "Dauphin", "iso": "US", "l1": "United States", "l2": "Pennsylvania", "lvl": 3, "pop": 278299, "key": 11055, "isd": true, "ppd": 35.608000000000004, "med": 38.3, "p65": 15.413, "p70": 9.732000000000001, "hos": 2.77, "exp": 78.86, "adr": 2.0, "amn": 95814.0, "amv": 1064228.0, "amd": 2034.0, "amt": 1187305.0, "tmn": [28, 53, 39, 46, 21, 64, 17, 43, 64, 32, 89, 136, 0, 161, 68, 143, 111, 161, 158, 204, 0], "tmv": [1539, 740, 1856, 2005, 1821, 2051, 2364, 1193, 1200, 2288, 2155, 2600, 2160, 2477, 1419, 1374, 2201, 2622, 2492, 2548, 0], "tmd": [0, 0, 4, 0, 0, 0, 0, 0, 0, 4, 0, 4, 0, 0, 4, 0, 0, 4, 0, 0, 0], "wmn": 849, "wmt": 11980, "wmd": 8, "wmv": 12659, "wdn": 61, "wdt": 18, "wdd": 0, "wdv": -10, "tlv": "Pennsylvania"}