{"loc": "Dawes", "iso": "US", "l1": "United States", "l2": "Nebraska", "lvl": 3, "pop": 8589, "key": 11067, "isd": true, "ppd": 35.608000000000004, "med": 38.3, "p65": 15.413, "p70": 9.732000000000001, "hos": 2.77, "exp": 78.86, "adr": 3.0, "amn": 84177.0, "amv": 435440.0, "amd": 2212.0, "amt": 1329806.0, "tmn": [0, -116, 116, 349, 232, 0, 349, 0, 0, 0, 232, 232, 0, 0, 116, 116, -232, 116, -116, 0, 116], "tmv": [5275, 4864, 6157, 7535, 8875, 13887, 4118, 6135, 5026, 6980, 8171, 7842, 9493, 9226, 6156, 5181, 6849, 8594, 10257, 10611, 9961], "tmd": [0, -116, 0, 0, 0, 0, 0, 0, 0, 0, 0, 0, 0, 0, 0, 0, 117, 0, 0, 0, 0], "wmn": 117, "wmt": 28368, "wmd": 117, "wmv": 57613, "wdn": -75, "wdt": 27, "wdd": 0, "wdv": 9, "tlv": "Nebraska"}