{"loc": "Dawson", "iso": "US", "l1": "United States", "l2": "Montana", "lvl": 3, "pop": 8613, "key": 11069, "isd": true, "ppd": 35.608000000000004, "med": 38.3, "p65": 15.413, "p70": 9.732000000000001, "hos": 2.77, "exp": 78.86, "adr": 3.0, "amn": 138976.0, "amv": 1107375.0, "amd": 3715.0, "amt": 1506010.0, "tmn": [0, 0, 0, 116, 348, 348, 348, 464, 0, 0, 116, 464, 1277, 580, 812, 0, 0, 464, 232, 812, 1509], "tmv": [2492, 2548, 2348, 1615, 1875, 1986, 1986, 2786, 3007, 2017, 2605, 1830, 2139, 3106, 3068, 3187, 2953, 1851, 1966, 2813, 0], "tmd": [0, 0, 0, 0, 0, 0, 0, 0, 0, 0, 0, 0, 0, 0, 0, 0, 0, 0, 0, 0, 0], "wmn": 3832, "wmt": 27422, "wmd": 0, "wmv": 15842, "wdn": 32, "wdt": -5, "wdd": 0, "wdv": -9, "tlv": "Montana"}