{"loc": "Dawson", "iso": "US", "l1": "United States", "l2": "Georgia", "lvl": 3, "pop": 26108, "key": 11068, "isd": true, "ppd": 35.608000000000004, "med": 38.3, "p65": 15.413, "p70": 9.732000000000001, "hos": 2.77, "exp": 78.86, "adr": 1.0, "amn": 174889.0, "amv": 1216117.0, "amd": 2490.0, "amt": 1116337.0, "tmn": [0, 1340, 383, 229, 421, 574, 0, 0, 766, 229, 344, 229, 421, 0, 0, 957, 344, 76, 497, 574, 0], "tmv": [2047, 1978, 1647, 2163, 995, 2262, 2445, 2251, 1671, 0, 0, 2784, 2570, 2833, 3777, 2988, 2423, 2905, 2661, 3390, 0], "tmd": [0, 0, 0, 0, 0, 0, 0, 0, 0, 0, 77, 77, 77, 0, 0, 39, 0, 115, 0, 0, 0], "wmn": 2452, "wmt": 22988, "wmd": 154, "wmv": 18148, "wdn": 23, "wdt": 2, "wdd": -33, "wdv": 50, "tlv": "Georgia"}