{"loc": "Davison", "iso": "US", "l1": "United States", "l2": "South Dakota", "lvl": 3, "pop": 19775, "key": 11066, "isd": true, "ppd": 35.608000000000004, "med": 38.3, "p65": 15.413, "p70": 9.732000000000001, "hos": 2.77, "exp": 78.86, "adr": 2.0, "amn": 195904.0, "amv": 1341580.0, "amd": 3540.0, "amt": 1170452.0, "tmn": [455, 455, 252, 353, 0, 0, 455, 556, 404, 556, 252, 0, 0, 657, 657, 859, 0, 910, 0, 0, 1365], "tmv": [4456, 4611, 4549, 5061, 2356, 1255, 4023, 4168, 4272, 4405, 5092, 2672, 1421, 3738, 4100, 4188, 3596, 4102, 1618, 109, 0], "tmd": [0, 0, 0, 0, 0, 0, 0, 0, 0, 0, 51, 0, 0, 0, 0, 0, 0, 0, 0, 0, 0], "wmn": 3793, "wmt": 28606, "wmd": 0, "wmv": 17716, "wdn": 56, "wdt": 187, "wdd": -100, "wdv": -31, "tlv": "South Dakota"}