{"loc": "Daviess", "iso": "US", "l1": "United States", "l2": "Kentucky", "lvl": 3, "pop": 101511, "key": 11062, "isd": true, "ppd": 35.608000000000004, "med": 38.3, "p65": 15.413, "p70": 9.732000000000001, "hos": 2.77, "exp": 78.86, "adr": 2.0, "amn": 166662.0, "amv": 1259649.0, "amd": 2601.0, "amt": 1628221.0, "tmn": [660, 344, 600, 0, 0, 1241, 403, 512, 561, 325, 0, 0, 709, 216, 492, 364, 364, 0, 0, 522, 374], "tmv": [2905, 2661, 3390, 3489, 0, 0, 0, 2411, 3257, 3418, 2659, 2485, 1614, 1945, 2278, 2491, 2890, 2710, 2395, 1993, 2154], "tmd": [30, 0, 0, 0, 0, 30, 10, 20, 20, 30, 0, 0, 0, 0, 0, 20, 10, 0, 0, 10, 10], "wmn": 2118, "wmt": 21477, "wmd": 50, "wmv": 16916, "wdn": -9, "wdt": -5, "wdd": -29, "wdv": -5, "tlv": "Kentucky"}