{"loc": "Davis", "iso": "US", "l1": "United States", "l2": "Utah", "lvl": 3, "pop": 355481, "key": 11065, "isd": true, "ppd": 35.608000000000004, "med": 38.3, "p65": 15.413, "p70": 9.732000000000001, "hos": 2.77, "exp": 78.86, "adr": 0.0, "amn": 146554.0, "amv": 1219607.0, "amd": 698.0, "amt": 1339356.0, "tmn": [568, 455, 478, 0, 0, 967, 315, 649, 464, 526, 0, 0, 1285, 542, 694, 534, 481, 0, 0, 0, 1440], "tmv": [2163, 995, 2262, 2445, 2251, 1671, 0, 0, 2784, 2570, 2833, 3777, 2988, 2423, 2905, 2661, 3390, 3489, 0, 0, 0], "tmd": [9, 9, 0, 0, 0, 0, 0, 6, 3, 3, 0, 0, 3, 3, 3, 0, 0, 0, 0, 0, 9], "wmn": 3151, "wmt": 12836, "wmd": 12, "wmv": 12448, "wdn": -9, "wdt": -33, "wdd": -33, "wdv": -28, "tlv": "Utah"}