{"loc": "Dawes", "iso": "US", "l1": "United States", "l2": "Nebraska", "lvl": 3, "pop": 8589, "key": 11067, "isd": true, "ppd": 35.608000000000004, "med": 38.3, "p65": 15.413, "p70": 9.732000000000001, "hos": 2.77, "exp": 78.86, "adr": 3.0, "amn": 80568.0, "amv": 201735.0, "amd": 2096.0, "amt": 1213525.0, "tmn": [698, -116, 814, 0, 232, 465, 116, 1397, 232, -116, 0, 116, -116, 698, 232, 232, 349, -116, 116, 698, 0], "tmv": [4903, 6734, 6595, 3662, 2393, 4746, 4917, 6132, 6772, 6806, 0, 0, 3221, 4419, 5606, 5173, 5466, 3298, 2593, 4349, 0], "tmd": [0, 0, 0, 0, 0, 0, 0, 0, 0, 0, 0, 0, 0, 0, 0, 0, 0, 0, 0, 0, 0], "wmn": 1514, "wmt": 29540, "wmd": 0, "wmv": 26489, "wdn": -32, "wdt": -25, "wdd": 0, "wdv": -3, "tlv": "Nebraska"}