{"loc": "Daviess", "iso": "US", "l1": "United States", "l2": "Indiana", "lvl": 3, "pop": 33351, "key": 11061, "isd": true, "ppd": 35.608000000000004, "med": 38.3, "p65": 15.413, "p70": 9.732000000000001, "hos": 2.77, "exp": 78.86, "adr": 3.0, "amn": 128872.0, "amv": 1187231.0, "amd": 3268.0, "amt": 1998511.0, "tmn": [659, 1829, 959, 0, 0, 1918, 1409, 719, 839, 839, 0, 0, 1229, 449, 1469, 1199, 659, 0, 0, 1079, 929], "tmv": [2913, 2024, 2876, 2739, 2336, 1790, 1886, 2554, 2257, 2903, 2781, 2047, 1978, 1647, 2163, 995, 2262, 2445, 2251, 1671, 1480], "tmd": [0, 0, 0, 0, 0, 0, 0, 120, 0, 0, 0, 0, 30, 30, 0, 0, 0, 0, 0, 30, 0], "wmn": 5338, "wmt": 41819, "wmd": 30, "wmv": 13270, "wdn": 31, "wdt": -8, "wdd": -83, "wdv": -18, "tlv": "Indiana"}