{"loc": "Davis", "iso": "US", "l1": "United States", "l2": "Utah", "lvl": 3, "pop": 355481, "key": 11065, "isd": true, "ppd": 35.608000000000004, "med": 38.3, "p65": 15.413, "p70": 9.732000000000001, "hos": 2.77, "exp": 78.86, "adr": 0.0, "amn": 153620.0, "amv": 1263117.0, "amd": 743.0, "amt": 1387111.0, "tmn": [534, 481, 0, 0, 0, 1440, 697, 374, 438, 0, 0, 1023, 495, 436, 720, 489, 0, 0, 1136, 461, 793], "tmv": [2661, 3390, 3489, 0, 0, 0, 2411, 3257, 3418, 2659, 2485, 1614, 1945, 2278, 2491, 2890, 2710, 2395, 1993, 2154, 3467], "tmd": [0, 0, 0, 0, 0, 9, 6, 3, 0, 0, 0, 12, 3, 9, 6, 3, 0, 0, 3, 3, 0], "wmn": 3601, "wmt": 19439, "wmd": 15, "wmv": 18105, "wdn": 30, "wdt": 5, "wdd": -44, "wdv": 3, "tlv": "Utah"}