{"loc": "De Witt", "iso": "US", "l1": "United States", "l2": "Illinois", "lvl": 3, "pop": 15638, "key": 11075, "isd": true, "ppd": 35.608000000000004, "med": 38.3, "p65": 15.413, "p70": 9.732000000000001, "hos": 2.77, "exp": 78.86, "adr": 2.0, "amn": 87991.0, "amv": 591235.0, "amd": 1471.0, "amt": 1686558.0, "tmn": [127, 127, 319, 191, 0, 191, 319, 63, 127, 63, 0, 255, 319, 255, 255, 127, 383, 0, 319, 191, 511], "tmv": [10257, 10611, 9961, 7133, 5431, 8106, 10192, 12065, 12389, 10214, 6477, 4262, 8755, 10329, 12013, 14052, 10864, 8027, 7863, 7615, 0], "tmd": [0, 0, 0, 0, 0, 0, 0, 0, 0, 0, 0, 0, 0, 0, 0, 0, 0, 0, 0, 0, 0], "wmn": 1791, "wmt": 43665, "wmd": 0, "wmv": 60438, "wdn": 65, "wdt": 9, "wdd": 0, "wdv": -6, "tlv": "Illinois"}