{"loc": "DeKalb", "iso": "US", "l1": "United States", "l2": "Georgia", "lvl": 3, "pop": 759297, "key": 11077, "isd": true, "ppd": 35.608000000000004, "med": 38.3, "p65": 15.413, "p70": 9.732000000000001, "hos": 2.77, "exp": 78.86, "adr": 1.0, "amn": 74824.0, "amv": 220982.0, "amd": 1093.0, "amt": 676435.0, "tmn": [235, 210, 385, 317, 341, 316, 268, 175, 122, 115, 292, 260, 256, 260, 204, 148, 318, 285, 298, 243, 225], "tmv": [6595, 3662, 2393, 4746, 4917, 6132, 6772, 6806, 0, 0, 3221, 4419, 5606, 5173, 5466, 3298, 2593, 4349, 5491, 6616, 7139], "tmd": [0, 8, 15, 10, 2, 10, 6, 2, 6, 18, 14, 10, 19, 7, 0, 10, 7, 11, 12, 3, 12], "wmn": 1726, "wmt": 15304, "wmd": 53, "wmv": 34956, "wdn": 16, "wdt": -15, "wdd": -26, "wdv": 39, "tlv": "Georgia"}