{"loc": "DeKalb", "iso": "US", "l1": "United States", "l2": "Georgia", "lvl": 3, "pop": 759297, "key": 11077, "isd": true, "ppd": 35.608000000000004, "med": 38.3, "p65": 15.413, "p70": 9.732000000000001, "hos": 2.77, "exp": 78.86, "adr": 2.0, "amn": 88657.0, "amv": 991062.0, "amd": 1416.0, "amt": 858636.0, "tmn": [28, 34, 26, 19, 44, 11, 44, 15, 31, 21, 9, 39, 44, 28, 28, 42, 22, 21, 7, 21, 5], "tmv": [2495, 4865, 3672, 4016, 3766, 3121, 6234, 3276, 3244, 2575, 1851, 1965, 1967, 2474, 1554, 2803, 3655, 3299, 2241, 4154, 0], "tmd": [2, 3, 0, 2, 0, 6, 7, 3, -1, 0, 0, 0, 3, 2, -1, 3, 0, 0, 0, 0, 2], "wmn": 149, "wmt": 7245, "wmd": 3, "wmv": 17709, "wdn": -22, "wdt": 1, "wdd": -50, "wdv": 2, "tlv": "Georgia"}