{"loc": "Dawson", "iso": "US", "l1": "United States", "l2": "Texas", "lvl": 3, "pop": 12728, "key": 11071, "isd": true, "ppd": 35.608000000000004, "med": 38.3, "p65": 15.413, "p70": 9.732000000000001, "hos": 2.77, "exp": 78.86, "adr": 4.0, "amn": 133642.0, "amv": 160515.0, "amd": 5343.0, "amt": 648738.0, "tmn": [1335, 707, 314, 0, 314, 0, 0, 471, 78, 78, 0, 0, 0, 785, 0, 235, 0, 157, 0, 0, 0], "tmv": [3374, 4677, 5132, 5139, 4690, 3336, 1695, 3330, 4023, 4903, 6734, 6595, 3662, 2393, 4746, 4917, 6132, 6772, 6806, 0, 0], "tmd": [79, 79, 0, 79, 0, 0, 0, 0, 0, 0, 0, 0, 0, 0, 79, 79, 0, 0, 0, 0, 0], "wmn": 393, "wmt": 17557, "wmd": 158, "wmv": 29376, "wdn": -72, "wdt": -27, "wdd": 0, "wdv": -7, "tlv": "Texas"}