{"loc": "Day", "iso": "US", "l1": "United States", "l2": "South Dakota", "lvl": 3, "pop": 5424, "key": 11072, "isd": true, "ppd": 35.608000000000004, "med": 38.3, "p65": 15.413, "p70": 9.732000000000001, "hos": 2.77, "exp": 78.86, "adr": 4.0, "amn": 144358.0, "amv": 1204735.0, "amd": 5531.0, "amt": 1077363.0, "tmn": [184, 184, 184, 0, 0, 184, 368, 737, 553, 368, 0, 0, 184, 737, 921, 184, 0, 0, 0, 0, 737], "tmv": [2554, 2257, 2903, 2781, 2047, 1978, 1647, 2163, 995, 2262, 2445, 2251, 1671, 0, 0, 2784, 2570, 2833, 3777, 2988, 0], "tmd": [0, 0, 0, 0, 0, 0, 0, 0, 0, 0, 0, 0, 0, 0, 0, 0, 0, 0, 0, 0, 0], "wmn": 1844, "wmt": 8013, "wmd": 0, "wmv": 14955, "wdn": -29, "wdt": -55, "wdd": 0, "wdv": 27, "tlv": "South Dakota"}