{"loc": "DeKalb", "iso": "US", "l1": "United States", "l2": "Georgia", "lvl": 3, "pop": 759297, "key": 11077, "isd": true, "ppd": 35.608000000000004, "med": 38.3, "p65": 15.413, "p70": 9.732000000000001, "hos": 2.77, "exp": 78.86, "adr": 2.0, "amn": 95707.0, "amv": 0.0, "amd": 1438.0, "amt": 915644.0, "tmn": [133, 190, 0, 0, 460, 258, 239, 277, 202, 0, 0, 462, 686, 327, 362, 504, 0, 0, 887, 451, 359], "tmv": [0, 0, 0, 0, 0, 0, 0, 0, 0, 0, 0, 0, 0, 0, 0, 0, 0, 0, 0, 0, 0], "tmd": [0, 0, 0, 0, 2, 2, 0, 0, 2, 0, 0, 0, 0, 0, 4, 2, 0, 0, 3, 2, 0], "wmn": 2566, "wmt": 13116, "wmd": 10, "wmv": 0, "wdn": 31, "wdt": 3, "wdd": 600, "wdv": 0, "tlv": "Georgia"}