{"loc": "DeKalb", "iso": "US", "l1": "United States", "l2": "Georgia", "lvl": 3, "pop": 759297, "key": 11077, "isd": true, "ppd": 35.608000000000004, "med": 38.3, "p65": 15.413, "p70": 9.732000000000001, "hos": 2.77, "exp": 78.86, "adr": 1.0, "amn": 108238.0, "amv": 1144139.0, "amd": 1493.0, "amt": 1018710.0, "tmn": [425, 0, 0, 965, 376, 628, 596, 356, 0, 0, 1137, 413, 554, 431, 646, 0, 0, 0, 1602, 539, 326], "tmv": [3068, 3187, 2953, 1851, 1966, 2813, 2807, 3250, 3257, 2889, 2103, 1988, 3241, 2538, 4249, 2950, 0, 0, 0, 2913, 0], "tmd": [4, 0, 0, 4, 2, 2, 2, 2, 0, 0, 3, 3, 2, 4, 3, 0, 0, 0, 11, 3, 4], "wmn": 3117, "wmt": 27516, "wmd": 20, "wmv": 10114, "wdn": 8, "wdt": -6, "wdd": 67, "wdv": -48, "tlv": "Georgia"}