{"loc": "De Soto", "iso": "US", "l1": "United States", "l2": "Louisiana", "lvl": 3, "pop": 27463, "key": 11074, "isd": true, "ppd": 35.608000000000004, "med": 38.3, "p65": 15.413, "p70": 9.732000000000001, "hos": 2.77, "exp": 78.86, "adr": 2.0, "amn": 142992.0, "amv": 1100743.0, "amd": 3277.0, "amt": 1770441.0, "tmn": [1966, 1274, 1383, 983, 1238, 0, 0, 3750, 1711, 1820, 1638, 2476, 0, 0, 3386, 1674, 1420, 2002, 2148, 0, 0], "tmv": [1419, 1374, 2201, 2622, 2492, 2548, 2348, 1615, 1875, 1986, 1986, 2786, 3007, 2017, 2605, 1830, 2139, 3106, 3068, 3187, 2953], "tmd": [0, 37, 0, 37, 0, 0, 0, 37, 0, 37, 0, 37, 0, 0, 0, 37, 110, 0, 37, 0, 0], "wmn": 10633, "wmt": 48751, "wmd": 183, "wmv": 18892, "wdn": -7, "wdt": -4, "wdd": 67, "wdv": 24, "tlv": "Louisiana"}