{"loc": "Decatur", "iso": "US", "l1": "United States", "l2": "Indiana", "lvl": 3, "pop": 26559, "key": 11088, "isd": true, "ppd": 35.608000000000004, "med": 38.3, "p65": 15.413, "p70": 9.732000000000001, "hos": 2.77, "exp": 78.86, "adr": 2.0, "amn": 145299.0, "amv": 1176126.0, "amd": 3615.0, "amt": 1969054.0, "tmn": [715, 0, 0, 0, 2823, 414, 602, 1769, 0, 0, 2635, 414, 1129, 376, 640, 0, 0, 1468, 188, 489, 263], "tmv": [4249, 2950, 0, 0, 0, 2913, 2024, 2876, 2739, 2336, 1790, 1886, 2554, 2257, 2903, 2781, 2047, 1978, 1647, 2163, 0], "tmd": [0, 0, 0, 0, 38, 0, 0, 0, 0, 0, 0, 0, 0, 0, 0, 0, 0, 38, 0, 0, 0], "wmn": 3050, "wmt": 43885, "wmd": 38, "wmv": 13523, "wdn": -52, "wdt": -11, "wdd": 0, "wdv": -18, "tlv": "Indiana"}