{"loc": "DeSoto", "iso": "US", "l1": "United States", "l2": "Mississippi", "lvl": 3, "pop": 184945, "key": 11083, "isd": true, "ppd": 35.608000000000004, "med": 38.3, "p65": 15.413, "p70": 9.732000000000001, "hos": 2.77, "exp": 78.86, "adr": 1.0, "amn": 103177.0, "amv": 153709.0, "amd": 1222.0, "amt": 553393.0, "tmn": [356, 356, 654, 497, 535, 648, 454, 254, 205, 227, 216, 427, 427, 421, 308, 297, 232, 124, 470, 291, 200], "tmv": [3978, 2687, 2448, 3374, 4677, 5132, 5139, 4690, 3336, 1695, 3330, 4023, 4903, 6734, 6595, 3662, 2393, 4746, 4917, 6132, 6772], "tmd": [0, 0, 22, 17, 6, 0, 6, 6, 6, 38, 6, 11, 11, 17, 0, 0, 17, 0, 6, 6, 22], "wmn": 1925, "wmt": 12961, "wmd": 49, "wmv": 35221, "wdn": -12, "wdt": -3, "wdd": -47, "wdv": 23, "tlv": "Mississippi"}