{"loc": "Decatur", "iso": "US", "l1": "United States", "l2": "Indiana", "lvl": 3, "pop": 26559, "key": 11088, "isd": true, "ppd": 35.608000000000004, "med": 38.3, "p65": 15.413, "p70": 9.732000000000001, "hos": 2.77, "exp": 78.86, "adr": 3.0, "amn": 110810.0, "amv": 1054363.0, "amd": 3502.0, "amt": 1674059.0, "tmn": [0, 0, 75, 0, 0, 0, 150, 0, 75, 0, 0, 0, 75, 338, 37, 225, 75, 0, 0, 225, 112], "tmv": [1655, 1721, 1666, 1928, 1520, 1539, 740, 1856, 2005, 1821, 2051, 2364, 1193, 1200, 2288, 2155, 2600, 2160, 2477, 1419, 1374], "tmd": [0, 0, 0, 0, 0, 0, 0, 0, 0, 38, 0, 0, 0, 0, 0, 0, 0, 0, 0, 0, 0], "wmn": 678, "wmt": 18027, "wmd": 0, "wmv": 14477, "wdn": 38, "wdt": 26, "wdd": -100, "wdv": 16, "tlv": "Indiana"}