{"loc": "Deaf Smith", "iso": "US", "l1": "United States", "l2": "Texas", "lvl": 3, "pop": 18546, "key": 11085, "isd": true, "ppd": 35.608000000000004, "med": 38.3, "p65": 15.413, "p70": 9.732000000000001, "hos": 2.77, "exp": 78.86, "adr": 2.0, "amn": 139329.0, "amv": 153709.0, "amd": 3397.0, "amt": 644946.0, "tmn": [0, 0, 647, 593, -53, 0, 539, 0, 0, 107, 485, 269, 215, 215, 0, 0, 1347, 1509, 431, 323, 377], "tmv": [3978, 2687, 2448, 3374, 4677, 5132, 5139, 4690, 3336, 1695, 3330, 4023, 4903, 6734, 6595, 3662, 2393, 4746, 4917, 6132, 6772], "tmd": [54, 0, 0, 0, 0, 0, 0, 0, 0, 0, 54, 0, 0, 0, 0, 0, 0, 54, 0, 0, 0], "wmn": 3991, "wmt": 22967, "wmd": 54, "wmv": 35221, "wdn": 208, "wdt": -14, "wdd": 0, "wdv": 23, "tlv": "Texas"}