{"loc": "Decatur", "iso": "US", "l1": "United States", "l2": "Georgia", "lvl": 3, "pop": 26404, "key": 11087, "isd": true, "ppd": 35.608000000000004, "med": 38.3, "p65": 15.413, "p70": 9.732000000000001, "hos": 2.77, "exp": 78.86, "adr": 2.0, "amn": 150053.0, "amv": 1121684.0, "amd": 3068.0, "amt": 971040.0, "tmn": [1211, 908, 757, 1363, 0, 0, 2461, 1363, 1931, 1174, 2310, 0, 0, 2461, 1931, 1590, 1477, 2120, 0, 0, 2234], "tmv": [1875, 1986, 1986, 2786, 3007, 2017, 2605, 1830, 2139, 3106, 3068, 3187, 2953, 1851, 1966, 2813, 2807, 3250, 3257, 2889, 2103], "tmd": [0, 38, 0, 0, 0, 0, 0, 0, 0, 0, 0, 0, 0, 0, 0, 76, 38, 0, 0, 0, 0], "wmn": 9355, "wmt": 25823, "wmd": 114, "wmv": 19089, "wdn": 1, "wdt": 22, "wdd": 0, "wdv": 5, "tlv": "Georgia"}