{"loc": "DeSoto", "iso": "US", "l1": "United States", "l2": "Mississippi", "lvl": 3, "pop": 184945, "key": 11083, "isd": true, "ppd": 35.608000000000004, "med": 38.3, "p65": 15.413, "p70": 9.732000000000001, "hos": 2.77, "exp": 78.86, "adr": 1.0, "amn": 115764.0, "amv": 749030.0, "amd": 1384.0, "amt": 634277.0, "tmn": [227, 140, 264, 162, 281, 75, 43, 286, 86, 248, 205, 0, 0, 319, 113, 178, 97, 173, 0, 0, 481], "tmv": [7863, 7615, 10699, 12037, 10893, 10729, 6600, 5484, 7781, 9092, 10242, 10071, 9169, 6395, 4975, 6773, 8259, 8496, 10027, 6458, 3608], "tmd": [0, 0, 11, 0, 0, 0, 0, 6, 0, 11, 6, 0, 0, 6, 0, 6, 0, 0, 0, 0, 0], "wmn": 1044, "wmt": 4847, "wmd": 6, "wmv": 48600, "wdn": -9, "wdt": 2, "wdd": -80, "wdv": -17, "tlv": "Mississippi"}