{"loc": "Delaware", "iso": "US", "l1": "United States", "l2": "New York", "lvl": 3, "pop": 44135, "key": 11098, "isd": true, "ppd": 35.608000000000004, "med": 38.3, "p65": 15.413, "p70": 9.732000000000001, "hos": 2.77, "exp": 78.86, "adr": 2.0, "amn": 51637.0, "amv": 752032.0, "amd": 838.0, "amt": 2665089.0, "tmn": [407, 113, 317, 317, 226, 67, 271, 135, 271, 339, 135, 67, 22, 113, 135, 203, 181, 113, 22, 90, 67], "tmv": [10699, 12037, 10893, 10729, 6600, 5484, 7781, 9092, 10242, 10071, 9169, 6395, 4975, 6773, 8259, 8496, 10027, 6458, 3608, 3001, 0], "tmd": [0, 0, 0, 0, 0, 0, 23, 0, 0, 0, 0, 0, 0, 0, 0, 0, 0, 0, 0, 0, 0], "wmn": 816, "wmt": 64449, "wmd": 0, "wmv": 39852, "wdn": -25, "wdt": -8, "wdd": 0, "wdv": -30, "tlv": "New York"}