{"loc": "Defiance", "iso": "US", "l1": "United States", "l2": "Ohio", "lvl": 3, "pop": 38087, "key": 11093, "isd": true, "ppd": 35.608000000000004, "med": 38.3, "p65": 15.413, "p70": 9.732000000000001, "hos": 2.77, "exp": 78.86, "adr": 2.0, "amn": 98958.0, "amv": 290534.0, "amd": 2363.0, "amt": 883430.0, "tmn": [393, 210, 157, 341, 78, 315, 157, 288, 183, 131, 78, 105, 183, 105, 157, 52, 78, 105, 262, 262, 131], "tmv": [5606, 5173, 5466, 3298, 2593, 4349, 5491, 6616, 7139, 7375, 5050, 5255, 5793, 6168, 7391, 8814, 7404, 5275, 4864, 6157, 0], "tmd": [0, 0, 0, 0, 0, 0, 0, 0, 0, 0, 0, 0, 0, 0, 0, 0, 0, 0, 53, 0, 0], "wmn": 1051, "wmt": 15567, "wmd": 53, "wmv": 39909, "wdn": -2, "wdt": -27, "wdd": 0, "wdv": -8, "tlv": "Ohio"}