{"loc": "Delaware", "iso": "US", "l1": "United States", "l2": "New York", "lvl": 3, "pop": 44135, "key": 11098, "isd": true, "ppd": 35.608000000000004, "med": 38.3, "p65": 15.413, "p70": 9.732000000000001, "hos": 2.77, "exp": 78.86, "adr": 1.0, "amn": 81636.0, "amv": 1255502.0, "amd": 1088.0, "amt": 3839954.0, "tmn": [430, 430, 407, 430, 453, 317, 566, 226, 430, 362, 475, 498, 271, 317, 181, 385, 317, 317, 249, 135, 271], "tmv": [2423, 2905, 2661, 3390, 3489, 0, 0, 0, 2411, 3257, 3418, 2659, 2485, 1614, 1945, 2278, 2491, 2890, 2710, 2395, 0], "tmd": [0, 23, 0, 0, 46, 0, 0, 0, 0, 0, 0, 23, 46, 0, 0, 0, 0, 23, 0, 0, 0], "wmn": 1858, "wmt": 62118, "wmd": 23, "wmv": 14714, "wdn": -28, "wdt": -9, "wdd": -67, "wdv": -7, "tlv": "New York"}