{"loc": "Delaware", "iso": "US", "l1": "United States", "l2": "New York", "lvl": 3, "pop": 44135, "key": 11098, "isd": true, "ppd": 35.608000000000004, "med": 38.3, "p65": 15.413, "p70": 9.732000000000001, "hos": 2.77, "exp": 78.86, "adr": 2.0, "amn": 54061.0, "amv": 966947.0, "amd": 884.0, "amt": 2986740.0, "tmn": [0, 0, 90, 113, 135, 45, 0, 45, 0, 22, 45, 0, 0, 45, 45, 45, 0, 0, 0, 22, 0], "tmv": [1543, 2452, 4248, 3485, 4157, 3682, 3252, 2518, 2835, 2495, 4865, 3672, 4016, 3766, 3121, 6234, 3276, 3244, 2575, 1851, 0], "tmd": [0, 0, 0, 0, 0, 0, 23, 0, 0, 0, 0, 0, 0, 0, 0, 0, 0, 0, 0, 0, 23], "wmn": 114, "wmt": 32899, "wmd": 23, "wmv": 20305, "wdn": -29, "wdt": -17, "wdd": 0, "wdv": -16, "tlv": "New York"}