{"loc": "Delaware", "iso": "US", "l1": "United States", "l2": "Indiana", "lvl": 3, "pop": 114135, "key": 11096, "isd": true, "ppd": 35.608000000000004, "med": 38.3, "p65": 15.413, "p70": 9.732000000000001, "hos": 2.77, "exp": 78.86, "adr": 2.0, "amn": 124265.0, "amv": 1179384.0, "amd": 1945.0, "amt": 1976858.0, "tmn": [0, 0, 0, 1918, 446, 937, 928, 0, 0, 1480, 998, 849, 709, 674, 0, 0, 1804, 324, 490, 560, 429], "tmv": [2950, 0, 0, 0, 2913, 2024, 2876, 2739, 2336, 1790, 1886, 2554, 2257, 2903, 2781, 2047, 1978, 1647, 2163, 995, 2262], "tmd": [0, 0, 0, 0, 44, 18, 0, 0, 0, 0, 0, 18, 18, 18, 0, 0, 0, 9, 9, 9, 0], "wmn": 3610, "wmt": 43920, "wmd": 27, "wmv": 13878, "wdn": -23, "wdt": -10, "wdd": -50, "wdv": -16, "tlv": "Indiana"}