{"loc": "Delhi", "iso": "IN", "l1": "India", "l2": "Delhi", "lvl": 3, "pop": 19814000, "key": 11103, "isd": true, "ppd": 450.41900000000004, "med": 28.2, "p65": 5.989, "p70": 3.4139999999999997, "hos": 0.53, "exp": 69.66, "adr": 2.0, "amn": 32585.0, "amv": 26915.0, "amd": 553.0, "amt": 726288.0, "tmn": [12, 12, 9, 8, 10, 12, 13, 15, 16, 14, 12, 16, 18, 20, 21, 21, 20, 18, 21, 27, 30], "tmv": [499, 351, 42, 400, 555, 721, 1006, 1081, 1032, 48, 1463, 984, 954, 347, 1488, 1101, 122, 2202, 1534, 1506, 0], "tmd": [1, 1, 1, 1, 0, 1, 1, 1, 1, 1, 1, 1, 1, 1, 1, 1, 1, 1, 1, 1, 1], "wmn": 162, "wmt": 27151, "wmd": 1, "wmv": 7956, "wdn": 41, "wdt": 11, "wdd": -21, "wdv": 35, "tlv": "Delhi"}