{"loc": "Delta", "iso": "US", "l1": "United States", "l2": "Michigan", "lvl": 3, "pop": 35784, "key": 11106, "isd": true, "ppd": 35.608000000000004, "med": 38.3, "p65": 15.413, "p70": 9.732000000000001, "hos": 2.77, "exp": 78.86, "adr": 2.0, "amn": 110440.0, "amv": 798663.0, "amd": 2543.0, "amt": 1323181.0, "tmn": [503, 419, 447, 1033, 0, 558, 614, 894, 447, 307, 586, 0, 447, 279, 111, 530, 251, 335, 0, 363, 223], "tmv": [7781, 9092, 10242, 10071, 9169, 6395, 4975, 6773, 8259, 8496, 10027, 6458, 3608, 3001, 5456, 7305, 8515, 7794, 7192, 5713, 4653], "tmd": [0, 0, 28, -27, 0, 0, 28, 0, 0, 0, 0, 0, 0, 0, 0, 56, 0, 0, 0, 0, 28], "wmn": 1817, "wmt": 23478, "wmd": 84, "wmv": 46632, "wdn": -39, "wdt": -17, "wdd": 0, "wdv": 0, "tlv": "Michigan"}