{"loc": "Delta", "iso": "US", "l1": "United States", "l2": "Colorado", "lvl": 3, "pop": 31162, "key": 11105, "isd": true, "ppd": 35.608000000000004, "med": 38.3, "p65": 15.413, "p70": 9.732000000000001, "hos": 2.77, "exp": 78.86, "adr": 2.0, "amn": 110808.0, "amv": 1187231.0, "amd": 2535.0, "amt": 1918657.0, "tmn": [128, 449, 128, 0, 0, 962, 192, 385, 256, 0, 0, 0, 962, 0, 320, 192, 352, 0, 0, 802, 481], "tmv": [2913, 2024, 2876, 2739, 2336, 1790, 1886, 2554, 2257, 2903, 2781, 2047, 1978, 1647, 2163, 995, 2262, 2445, 2251, 1671, 1480], "tmd": [0, 0, 0, 0, 0, 0, 65, 33, 0, 0, 0, 0, 0, 0, 0, 0, 0, 0, 0, 0, 0], "wmn": 2151, "wmt": 39913, "wmd": 0, "wmv": 13270, "wdn": 34, "wdt": -30, "wdd": -100, "wdv": -18, "tlv": "Colorado"}