{"loc": "Delhi", "iso": "IN", "l1": "India", "l2": "Delhi", "lvl": 3, "pop": 19814000, "key": 11103, "isd": true, "ppd": 450.41900000000004, "med": 28.2, "p65": 5.989, "p70": 3.4139999999999997, "hos": 0.53, "exp": 69.66, "adr": 1.0, "amn": 62226.0, "amv": 114312.0, "amd": 896.0, "amt": 932036.0, "tmn": [872, 842, 983, 1230, 1285, 1195, 1433, 1243, 1320, 1227, 1216, 1157, 1019, 1218, 1311, 1223, 1365, 1272, 1029, 910, 1007], "tmv": [2401, 1978, 1966, 1945, 891, 2374, 0, 0, 2252, 0, 0, 0, 2420, 1705, 1575, 1605, 1977, 1179, 424, 1355, 1209], "tmd": [6, 6, 8, 9, 9, 13, 14, 13, 16, 18, 19, 18, 20, 20, 19, 20, 19, 21, 21, 23, 18], "wmn": 8120, "wmt": 28107, "wmd": 139, "wmv": 9328, "wdn": -3, "wdt": 3, "wdd": 16, "wdv": 46, "tlv": "Delhi"}