{"loc": "Delaware", "iso": "US", "l1": "United States", "l2": "Delaware", "lvl": 2, "pop": 973764, "key": 11102, "isd": true, "ppd": 35.608000000000004, "med": 38.3, "p65": 15.413, "p70": 9.732000000000001, "hos": 2.77, "exp": 78.86, "adr": 2.0, "amn": 91068.0, "amv": 279512.0, "amd": 1522.0, "amt": 1477396.0, "tmn": [217, 278, 337, 359, 206, 367, 141, 285, 302, 305, 430, 289, 288, 116, 238, 223, 237, 272, 220, 214, 119], "tmv": [3221, 4419, 5606, 5173, 5466, 3298, 2593, 4349, 5491, 6616, 7139, 7375, 5050, 5255, 5793, 6168, 7391, 8814, 7404, 5275, 0], "tmd": [2, 2, 0, 0, 2, 2, 12, 24, 5, 13, 0, 5, 0, 5, 15, 5, 10, 12, 10, 3, 8], "wmn": 1527, "wmt": 34231, "wmd": 58, "wmv": 40849, "wdn": -24, "wdt": -20, "wdd": 19, "wdv": -1, "tlv": "Delaware"}