{"loc": "Delaware", "iso": "US", "l1": "United States", "l2": "Oklahoma", "lvl": 3, "pop": 43009, "key": 11100, "isd": true, "ppd": 35.608000000000004, "med": 38.3, "p65": 15.413, "p70": 9.732000000000001, "hos": 2.77, "exp": 78.86, "adr": 1.0, "amn": 101700.0, "amv": 238664.0, "amd": 1442.0, "amt": 895142.0, "tmn": [93, 465, 395, 372, 46, 46, 69, 139, 186, 697, 0, 69, 46, 69, 162, 255, 139, 116, 46, 0, 46], "tmv": [4917, 6132, 6772, 6806, 0, 0, 3221, 4419, 5606, 5173, 5466, 3298, 2593, 4349, 5491, 6616, 7139, 7375, 5050, 5255, 0], "tmd": [0, 0, 0, 0, 0, 24, 0, 0, 24, 0, 0, 0, 0, 0, 0, 0, 0, 24, 0, 0, 0], "wmn": 768, "wmt": 24415, "wmd": 24, "wmv": 36929, "wdn": -37, "wdt": 115, "wdd": 0, "wdv": 19, "tlv": "Oklahoma"}