{"loc": "Denver", "iso": "US", "l1": "United States", "l2": "Colorado", "lvl": 3, "pop": 727211, "key": 11114, "isd": true, "ppd": 35.608000000000004, "med": 38.3, "p65": 15.413, "p70": 9.732000000000001, "hos": 2.77, "exp": 78.86, "adr": 1.0, "amn": 79955.0, "amv": 170827.0, "amd": 1041.0, "amt": 1029183.0, "tmn": [284, 290, 200, 138, 103, 193, 207, 275, 236, 141, 229, 210, 97, 295, 411, 171, 114, 75, 90, 169, 151], "tmv": [5132, 5139, 4690, 3336, 1695, 3330, 4023, 4903, 6734, 6595, 3662, 2393, 4746, 4917, 6132, 6772, 6806, 0, 0, 3221, 0], "tmd": [3, 5, 2, 3, 2, 3, 0, -2, 3, 0, 0, 5, 2, 2, 3, 2, -1, 2, 0, 5, 6], "wmn": 1184, "wmt": 29632, "wmd": 14, "wmv": 22933, "wdn": -20, "wdt": -17, "wdd": 100, "wdv": -32, "tlv": "Colorado"}