{"loc": "Denver", "iso": "US", "l1": "United States", "l2": "Colorado", "lvl": 3, "pop": 727211, "key": 11114, "isd": true, "ppd": 35.608000000000004, "med": 38.3, "p65": 15.413, "p70": 9.732000000000001, "hos": 2.77, "exp": 78.86, "adr": 1.0, "amn": 108032.0, "amv": 1086287.0, "amd": 1185.0, "amt": 1700431.0, "tmn": [143, 257, 0, 0, 389, 193, 154, 259, 160, 0, 0, 460, 156, 155, 286, 214, 0, 0, 446, 155, 338], "tmv": [2155, 2600, 2160, 2477, 1419, 1374, 2201, 2622, 2492, 2548, 2348, 1615, 1875, 1986, 1986, 2786, 3007, 2017, 2605, 1830, 0], "tmd": [0, 2, 0, 0, -1, 0, 2, 0, 5, 0, 0, 5, 0, -1, 0, 2, 0, 0, 2, 2, 3], "wmn": 1442, "wmt": 24708, "wmd": 7, "wmv": 14234, "wdn": 21, "wdt": 14, "wdd": 0, "wdv": -8, "tlv": "Colorado"}