{"loc": "Deschutes", "iso": "US", "l1": "United States", "l2": "Oregon", "lvl": 3, "pop": 197692, "key": 11119, "isd": true, "ppd": 35.608000000000004, "med": 38.3, "p65": 15.413, "p70": 9.732000000000001, "hos": 2.77, "exp": 78.86, "adr": 1.0, "amn": 51332.0, "amv": 1003454.0, "amd": 415.0, "amt": 1289568.0, "tmn": [75, 55, 60, 80, 65, 15, 45, 70, 70, 60, 40, 40, 25, 35, 25, 60, 65, 0, 0, 0, 116], "tmv": [3121, 6234, 3276, 3244, 2575, 1851, 1965, 1967, 2474, 1554, 2803, 3655, 3299, 2241, 4154, 4949, 1994, 3524, 1923, 0, 0], "tmd": [0, 0, 6, 0, 0, 0, 0, 0, 0, 0, 0, 0, 0, 0, 0, 0, 0, 0, 0, 0, 0], "wmn": 269, "wmt": 10012, "wmd": 0, "wmv": 16547, "wdn": -22, "wdt": -31, "wdd": 0, "wdv": -8, "tlv": "Oregon"}