{"loc": "Des Moines", "iso": "US", "l1": "United States", "l2": "Iowa", "lvl": 3, "pop": 38967, "key": 11118, "isd": true, "ppd": 35.608000000000004, "med": 38.3, "p65": 15.413, "p70": 9.732000000000001, "hos": 2.77, "exp": 78.86, "adr": 1.0, "amn": 182154.0, "amv": 1393875.0, "amd": 2695.0, "amt": 559786.0, "tmn": [2360, 0, 0, 0, 0, 0, 0, 1822, 0, 0, 0, 0, 0, 0, 1822, 0, 0, 0, 0, 0, 0], "tmv": [4933, 4463, 5576, 3317, 1660, 4353, 4663, 4819, 4832, 5563, 3334, 1728, 4724, 4234, 2965, 50, 2434, 1138, 149, 0, 0], "tmd": [0, 0, 0, 0, 0, 0, 0, 26, 0, 0, 0, 0, 0, 0, 103, 0, 0, 0, 0, 0, 0], "wmn": 1823, "wmt": 4674, "wmd": 103, "wmv": 6738, "wdn": 0, "wdt": 8, "wdd": 300, "wdv": -77, "tlv": "Iowa"}