{"loc": "Des Moines", "iso": "US", "l1": "United States", "l2": "Iowa", "lvl": 3, "pop": 38967, "key": 11118, "isd": true, "ppd": 35.608000000000004, "med": 38.3, "p65": 15.413, "p70": 9.732000000000001, "hos": 2.77, "exp": 78.86, "adr": 2.0, "amn": 121102.0, "amv": 1008740.0, "amd": 1873.0, "amt": 475553.0, "tmn": [51, 51, -25, 25, 128, 0, 76, 76, -25, 25, -25, 179, 102, 102, 25, 25, 0, 25, 153, 0, 230], "tmv": [3244, 2575, 1851, 1965, 1967, 2474, 1554, 2803, 3655, 3299, 2241, 4154, 4949, 1994, 3524, 1923, 0, 0, 1326, 2107, 0], "tmd": [26, 0, 0, 0, 0, 0, 0, 26, 0, 0, 0, 0, 0, 0, 0, 0, 0, 0, 0, 0, 0], "wmn": 462, "wmt": 1122, "wmd": 0, "wmv": 8882, "wdn": 6, "wdt": -35, "wdd": -100, "wdv": -62, "tlv": "Iowa"}