{"loc": "Dhamtari", "iso": "IN", "l1": "India", "l2": "Chhattisgarh", "lvl": 3, "pop": 799199, "key": 11128, "isd": true, "ppd": 450.41900000000004, "med": 28.2, "p65": 5.989, "p70": 3.4139999999999997, "hos": 0.53, "exp": 69.66, "adr": 2.0, "amn": 11261.0, "amv": 45691.0, "amd": 173.0, "amt": 194298.0, "tmn": [6, 0, 6, 7, 5, 20, 37, 21, 41, 28, 23, 28, 20, 52, 52, 51, 52, 42, 56, 6, 97], "tmv": [954, 347, 1488, 1101, 122, 2202, 1534, 1506, 1591, 1973, 1840, 334, 2484, 1700, 1669, 1709, 1887, 1565, 188, 422, 1406], "tmd": [0, 0, 0, 0, 0, 0, 0, 0, 0, 0, 2, 0, -1, 0, 0, 0, 0, 2, 0, 3, 2], "wmn": 360, "wmt": 7274, "wmd": 6, "wmv": 8851, "wdn": 66, "wdt": -14, "wdd": 0, "wdv": -23, "tlv": "Chhattisgarh"}