{"loc": "Dewas", "iso": "IN", "l1": "India", "l2": "Madhya Pradesh", "lvl": 3, "pop": 1563107, "key": 11124, "isd": true, "ppd": 450.41900000000004, "med": 28.2, "p65": 5.989, "p70": 3.4139999999999997, "hos": 0.53, "exp": 69.66, "adr": 1.0, "amn": 3501.0, "amv": 108165.0, "amd": 26.0, "amt": 90078.0, "tmn": [24, 19, 30, 33, 30, 45, 31, 22, 41, 61, 89, 110, 60, 55, 142, 15, 62, 94, 85, 92, 88], "tmv": [2710, 2550, 2125, 2901, 1917, 2401, 1978, 1966, 1945, 891, 2374, 0, 0, 2252, 0, 0, 0, 2420, 1705, 1575, 1605], "tmd": [0, 0, 0, 2, 2, 1, 0, 0, 1, 0, 2, 1, 0, 2, 0, 0, 0, 0, 0, 0, 1], "wmn": 582, "wmt": 4739, "wmd": 1, "wmv": 7307, "wdn": 32, "wdt": 11, "wdd": -83, "wdv": -23, "tlv": "Madhya Pradesh"}