{"loc": "Dewey", "iso": "US", "l1": "United States", "l2": "South Dakota", "lvl": 3, "pop": 5892, "key": 11126, "isd": true, "ppd": 35.608000000000004, "med": 38.3, "p65": 15.413, "p70": 9.732000000000001, "hos": 2.77, "exp": 78.86, "adr": 2.0, "amn": 240156.0, "amv": 244457.0, "amd": 4413.0, "amt": 787485.0, "tmn": [0, 339, 509, 0, 0, -169, 509, 339, 339, 169, 169, 169, 1188, -169, 0, 169, 169, 0, 0, 0, 509], "tmv": [6132, 6772, 6806, 0, 0, 3221, 4419, 5606, 5173, 5466, 3298, 2593, 4349, 5491, 6616, 7139, 7375, 5050, 5255, 5793, 0], "tmd": [0, 170, 0, 0, 0, 0, 0, 0, 170, 0, 0, 0, 0, 0, 170, 170, 170, 0, 0, 0, 0], "wmn": 849, "wmt": 312088, "wmd": 510, "wmv": 37231, "wdn": -62, "wdt": 5721, "wdd": 200, "wdv": 16, "tlv": "South Dakota"}