{"loc": "Dewas", "iso": "IN", "l1": "India", "l2": "Madhya Pradesh", "lvl": 3, "pop": 1563107, "key": 11124, "isd": true, "ppd": 450.41900000000004, "med": 28.2, "p65": 5.989, "p70": 3.4139999999999997, "hos": 0.53, "exp": 69.66, "adr": 1.0, "amn": 3846.0, "amv": 113103.0, "amd": 26.0, "amt": 92861.0, "tmn": [30, 45, 31, 22, 41, 61, 89, 110, 60, 55, 142, 15, 62, 94, 85, 92, 88, 95, 95, 72, 80], "tmv": [1917, 2401, 1978, 1966, 1945, 891, 2374, 0, 0, 2252, 0, 0, 0, 2420, 1705, 1575, 1605, 1977, 1179, 424, 1355], "tmd": [2, 1, 0, 0, 1, 0, 2, 1, 0, 2, 0, 0, 0, 0, 0, 0, 1, 0, 0, 0, 0], "wmn": 611, "wmt": 4860, "wmd": 1, "wmv": 9825, "wdn": 13, "wdt": 8, "wdd": -67, "wdv": 110, "tlv": "Madhya Pradesh"}