{"loc": "Desha", "iso": "US", "l1": "United States", "l2": "Arkansas", "lvl": 3, "pop": 11361, "key": 11120, "isd": true, "ppd": 35.608000000000004, "med": 38.3, "p65": 15.413, "p70": 9.732000000000001, "hos": 2.77, "exp": 78.86, "adr": 2.0, "amn": 162574.0, "amv": 1204735.0, "amd": 2553.0, "amt": 1307038.0, "tmn": [616, 792, 264, 440, 176, 0, 440, 264, 352, 440, 88, 352, 88, 440, 528, 880, 0, 1144, 88, 0, 440], "tmv": [2554, 2257, 2903, 2781, 2047, 1978, 1647, 2163, 995, 2262, 2445, 2251, 1671, 0, 0, 2784, 2570, 2833, 3777, 2988, 0], "tmd": [0, 0, 0, 0, 0, 0, 0, 89, 89, 0, 0, 0, 89, 0, 0, 0, 0, 0, 0, 0, 0], "wmn": 3081, "wmt": 18952, "wmd": 0, "wmv": 14955, "wdn": 52, "wdt": 9, "wdd": -100, "wdv": 27, "tlv": "Arkansas"}