{"loc": "Dharwad", "iso": "IN", "l1": "India", "l2": "Karnataka", "lvl": 3, "pop": 1846993, "key": 11132, "isd": true, "ppd": 450.41900000000004, "med": 28.2, "p65": 5.989, "p70": 3.4139999999999997, "hos": 0.53, "exp": 69.66, "adr": 3.0, "amn": 12170.0, "amv": 20448.0, "amd": 336.0, "amt": 291840.0, "tmn": [4, 3, 1, 3, 3, 2, 2, 3, 5, 0, 8, 2, 5, 3, 8, 4, 3, 13, 8, 3, 5], "tmv": [178, 245, 350, 332, 507, 499, 351, 42, 400, 555, 721, 1006, 1081, 1032, 48, 1463, 984, 954, 347, 1488, 0], "tmd": [0, 1, 0, 0, 0, 0, 1, 0, 0, 0, 0, 1, 0, 0, 0, 0, 1, 0, 0, 1, 0], "wmn": 48, "wmt": 7229, "wmd": 2, "wmv": 5288, "wdn": 57, "wdt": -5, "wdd": 100, "wdv": 9, "tlv": "Karnataka"}