{"loc": "Dholpur", "iso": "IN", "l1": "India", "l2": "Rajasthan", "lvl": 3, "pop": 1207293, "key": 11134, "isd": true, "ppd": 450.41900000000004, "med": 28.2, "p65": 5.989, "p70": 3.4139999999999997, "hos": 0.53, "exp": 69.66, "adr": 0.0, "amn": 7332.0, "amv": 114312.0, "amd": 29.0, "amt": 110846.0, "tmn": [34, 50, 294, 96, 105, 330, 167, 148, 122, 289, 365, 307, 82, 29, 403, 166, 174, 184, 175, 113, 221], "tmv": [2401, 1978, 1966, 1945, 891, 2374, 0, 0, 2252, 0, 0, 0, 2420, 1705, 1575, 1605, 1977, 1179, 424, 1355, 1209], "tmd": [0, 0, 1, 0, 0, 0, 0, 0, 0, 1, 0, 0, 0, 0, 0, 0, 1, 2, 1, 0, 0], "wmn": 1440, "wmt": 7039, "wmd": 4, "wmv": 9328, "wdn": 7, "wdt": 8, "wdd": 300, "wdv": 46, "tlv": "Rajasthan"}