{"loc": "Dickson", "iso": "US", "l1": "United States", "l2": "Tennessee", "lvl": 3, "pop": 53948, "key": 11145, "isd": true, "ppd": 35.608000000000004, "med": 38.3, "p65": 15.413, "p70": 9.732000000000001, "hos": 2.77, "exp": 78.86, "adr": 2.0, "amn": 112849.0, "amv": 180853.0, "amd": 1891.0, "amt": 993889.0, "tmn": [315, 240, 203, 759, 352, 315, 389, 185, 55, 92, 278, 704, 815, 333, 55, 148, 166, 166, 166, 203, 444], "tmv": [4690, 3336, 1695, 3330, 4023, 4903, 6734, 6595, 3662, 2393, 4746, 4917, 6132, 6772, 6806, 0, 0, 3221, 4419, 5606, 0], "tmd": [19, 0, 56, 38, 0, 112, 0, 0, 0, 0, 19, 19, 38, 0, 0, 0, 0, 0, 0, 0, 0], "wmn": 1354, "wmt": 11112, "wmd": 0, "wmv": 20055, "wdn": -45, "wdt": -49, "wdd": -100, "wdv": -43, "tlv": "Tennessee"}