{"loc": "Dickey", "iso": "US", "l1": "United States", "l2": "North Dakota", "lvl": 3, "pop": 4872, "key": 11141, "isd": true, "ppd": 35.608000000000004, "med": 38.3, "p65": 15.413, "p70": 9.732000000000001, "hos": 2.77, "exp": 78.86, "adr": 4.0, "amn": 171388.0, "amv": 1136653.0, "amd": 6773.0, "amt": 2208745.0, "tmn": [0, 410, 205, 410, 410, 0, 0, 205, 0, 205, 410, 0, 0, 0, 821, 410, 0, 205, 0, 0, 0], "tmv": [1830, 2139, 3106, 3068, 3187, 2953, 1851, 1966, 2813, 2807, 3250, 3257, 2889, 2103, 1988, 3241, 2538, 4249, 2950, 0, 0], "tmd": [0, 0, 0, 0, 0, 0, 0, 0, 0, 0, 0, 0, 0, 0, 0, 0, 0, 0, 0, 0, 0], "wmn": 1437, "wmt": 29161, "wmd": 0, "wmv": 14970, "wdn": 75, "wdt": 21, "wdd": 0, "wdv": -22, "tlv": "North Dakota"}