{"loc": "Dickson", "iso": "US", "l1": "United States", "l2": "Tennessee", "lvl": 3, "pop": 53948, "key": 11145, "isd": true, "ppd": 35.608000000000004, "med": 38.3, "p65": 15.413, "p70": 9.732000000000001, "hos": 2.77, "exp": 78.86, "adr": 2.0, "amn": 126492.0, "amv": 749030.0, "amd": 2039.0, "amt": 1121451.0, "tmn": [222, 463, 333, 240, 0, 0, 185, 18, 92, 463, 296, 0, 0, 111, 55, 166, 222, 148, 0, 0, 92], "tmv": [7863, 7615, 10699, 12037, 10893, 10729, 6600, 5484, 7781, 9092, 10242, 10071, 9169, 6395, 4975, 6773, 8259, 8496, 10027, 6458, 3608], "tmd": [0, 0, 19, 0, 0, 0, 0, 0, 0, 0, 0, 0, 0, 0, 0, 0, 0, 19, 0, 0, 0], "wmn": 686, "wmt": 13818, "wmd": 19, "wmv": 48600, "wdn": -30, "wdt": -20, "wdd": 0, "wdv": -17, "tlv": "Tennessee"}