{"loc": "Dillingham", "iso": "US", "l1": "United States", "l2": "Alaska", "lvl": 3, "pop": 4916, "key": 11146, "isd": true, "ppd": 35.608000000000004, "med": 38.3, "p65": 15.413, "p70": 9.732000000000001, "hos": 2.77, "exp": 78.86, "adr": 1.0, "amn": 48617.0, "amv": 1026653.0, "amd": 407.0, "amt": 3320110.0, "tmn": [0, 0, 0, 0, 0, 0, 0, 0, 0, 0, 0, 0, 0, 0, 0, 0, 0, 0, 0, 0, 1017], "tmv": [2241, 4154, 4949, 1994, 3524, 1923, 0, 0, 1326, 2107, 1883, 1818, 1779, 1363, 1036, 1655, 1721, 1666, 1928, 1520, 1539], "tmd": [0, 0, 0, 0, 0, 0, 0, 0, 0, 0, 0, 0, 0, 0, 0, 0, 0, 0, 0, 0, 0], "wmn": 1018, "wmt": 36853, "wmd": 0, "wmv": 11069, "wdn": 0, "wdt": 43, "wdd": 0, "wdv": 8, "tlv": "Alaska"}