{"loc": "Dickson", "iso": "US", "l1": "United States", "l2": "Tennessee", "lvl": 3, "pop": 53948, "key": 11145, "isd": true, "ppd": 35.608000000000004, "med": 38.3, "p65": 15.413, "p70": 9.732000000000001, "hos": 2.77, "exp": 78.86, "adr": 2.0, "amn": 142656.0, "amv": 1086287.0, "amd": 2243.0, "amt": 1278033.0, "tmn": [203, 222, 0, 0, 630, 222, 296, 648, 648, 0, 0, 1316, 185, 630, 556, 537, 0, 0, 1279, 315, 704], "tmv": [2155, 2600, 2160, 2477, 1419, 1374, 2201, 2622, 2492, 2548, 2348, 1615, 1875, 1986, 1986, 2786, 3007, 2017, 2605, 1830, 0], "tmd": [0, 0, 0, 0, 0, 0, 19, 0, 0, 0, 0, 0, 0, 0, 38, 0, 0, 0, 19, 38, 0], "wmn": 3393, "wmt": 20797, "wmd": 93, "wmv": 14234, "wdn": -1, "wdt": 23, "wdd": 0, "wdv": -8, "tlv": "Tennessee"}