{"loc": "Dickinson", "iso": "US", "l1": "United States", "l2": "Kansas", "lvl": 3, "pop": 18466, "key": 11143, "isd": true, "ppd": 35.608000000000004, "med": 38.3, "p65": 15.413, "p70": 9.732000000000001, "hos": 2.77, "exp": 78.86, "adr": 2.0, "amn": 143724.0, "amv": 1197969.0, "amd": 3195.0, "amt": 601752.0, "tmn": [1353, 0, 2491, 0, 1245, 0, 0, 1028, 0, 1624, 0, 1624, 0, 0, 379, 0, 1570, 0, 1787, 0, 0], "tmv": [1790, 1886, 2554, 2257, 2903, 2781, 2047, 1978, 1647, 2163, 995, 2262, 2445, 2251, 1671, 0, 0, 2784, 2570, 2833, 0], "tmd": [0, 0, 0, 0, 55, 0, 0, 109, 0, -54, 0, 55, 0, 0, 109, 0, 0, 0, 0, 0, 0], "wmn": 3737, "wmt": 8303, "wmd": 109, "wmv": 9860, "wdn": -13, "wdt": -11, "wdd": 0, "wdv": -28, "tlv": "Kansas"}