{"loc": "Dimmit", "iso": "US", "l1": "United States", "l2": "Texas", "lvl": 3, "pop": 10124, "key": 11149, "isd": true, "ppd": 35.608000000000004, "med": 38.3, "p65": 15.413, "p70": 9.732000000000001, "hos": 2.77, "exp": 78.86, "adr": 2.0, "amn": 153200.0, "amv": 298070.0, "amd": 2371.0, "amt": 695589.0, "tmn": [0, 0, 0, 5432, 395, 592, 296, 0, 691, 0, 296, 1876, 0, 0, 691, 0, 0, 0, 197, 493, 395], "tmv": [5173, 5466, 3298, 2593, 4349, 5491, 6616, 7139, 7375, 5050, 5255, 5793, 6168, 7391, 8814, 7404, 5275, 4864, 6157, 7535, 0], "tmd": [0, 0, 0, 0, 0, 0, 297, 0, 0, 0, 0, 0, 0, 0, 99, 0, 0, 99, 0, 0, 0], "wmn": 1778, "wmt": 12042, "wmd": 198, "wmv": 40053, "wdn": -38, "wdt": -11, "wdd": 0, "wdv": -9, "tlv": "Texas"}