{"loc": "Dickinson", "iso": "US", "l1": "United States", "l2": "Michigan", "lvl": 3, "pop": 25239, "key": 11144, "isd": true, "ppd": 35.608000000000004, "med": 38.3, "p65": 15.413, "p70": 9.732000000000001, "hos": 2.77, "exp": 78.86, "adr": 3.0, "amn": 106066.0, "amv": 749030.0, "amd": 2932.0, "amt": 1293199.0, "tmn": [871, 396, 832, 396, 158, 0, 237, 277, 435, 237, 396, 198, 0, 396, 79, 198, 277, 39, 277, 0, 158], "tmv": [7863, 7615, 10699, 12037, 10893, 10729, 6600, 5484, 7781, 9092, 10242, 10071, 9169, 6395, 4975, 6773, 8259, 8496, 10027, 6458, 3608], "tmd": [0, 40, 0, 0, 0, 0, 0, 0, 0, 0, 0, 40, 0, 0, 0, 0, 40, 0, 0, 0, 0], "wmn": 1031, "wmt": 29132, "wmd": 40, "wmv": 48600, "wdn": -47, "wdt": -11, "wdd": 0, "wdv": -17, "tlv": "Michigan"}