{"loc": "Dillon", "iso": "US", "l1": "United States", "l2": "South Carolina", "lvl": 3, "pop": 30479, "key": 11147, "isd": true, "ppd": 35.608000000000004, "med": 38.3, "p65": 15.413, "p70": 9.732000000000001, "hos": 2.77, "exp": 78.86, "adr": 2.0, "amn": 125562.0, "amv": 170827.0, "amd": 2494.0, "amt": 923038.0, "tmn": [951, 1082, 557, 459, 524, 492, 1049, 1049, 754, 426, 557, 295, 196, 853, 820, 492, 820, 262, 196, 98, 426], "tmv": [5132, 5139, 4690, 3336, 1695, 3330, 4023, 4903, 6734, 6595, 3662, 2393, 4746, 4917, 6132, 6772, 6806, 0, 0, 3221, 0], "tmd": [0, 0, 0, 66, 33, 33, 33, 33, 0, 0, 0, 0, 0, 66, 0, 0, 0, 0, 0, 0, 0], "wmn": 3117, "wmt": 37966, "wmd": 0, "wmv": 22933, "wdn": -25, "wdt": -15, "wdd": -100, "wdv": -32, "tlv": "South Carolina"}