{"loc": "Dinwiddie", "iso": "US", "l1": "United States", "l2": "Virginia", "lvl": 3, "pop": 28544, "key": 11152, "isd": true, "ppd": 35.608000000000004, "med": 38.3, "p65": 15.413, "p70": 9.732000000000001, "hos": 2.77, "exp": 78.86, "adr": 2.0, "amn": 91158.0, "amv": 1136653.0, "amd": 1612.0, "amt": 1012191.0, "tmn": [455, 560, 175, 0, 0, 1051, 385, 350, 665, 630, 0, 0, 945, 420, 770, 455, 420, 0, 0, 1051, 455], "tmv": [2139, 3106, 3068, 3187, 2953, 1851, 1966, 2813, 2807, 3250, 3257, 2889, 2103, 1988, 3241, 2538, 4249, 2950, 0, 0, 0], "tmd": [0, 0, 0, 0, 0, 0, 0, 0, 0, 0, 0, 0, 0, 0, 0, 0, 0, 0, 0, 0, 0], "wmn": 3154, "wmt": 11503, "wmd": 0, "wmv": 12982, "wdn": 5, "wdt": -39, "wdd": 0, "wdv": -32, "tlv": "Virginia"}