{"loc": "Dinwiddie", "iso": "US", "l1": "United States", "l2": "Virginia", "lvl": 3, "pop": 28544, "key": 11152, "isd": true, "ppd": 35.608000000000004, "med": 38.3, "p65": 15.413, "p70": 9.732000000000001, "hos": 2.77, "exp": 78.86, "adr": 2.0, "amn": 106642.0, "amv": 1227352.0, "amd": 1787.0, "amt": 1123325.0, "tmn": [560, 0, 0, 1051, 315, 455, 525, 525, 0, 0, 1331, 280, 525, 315, 595, 0, 0, 0, 1436, 245, 105], "tmv": [2262, 2445, 2251, 1671, 0, 0, 2784, 2570, 2833, 3777, 2988, 2423, 2905, 2661, 3390, 3489, 0, 0, 0, 2411, 0], "tmd": [0, 0, 0, 0, 36, 0, 0, 0, 0, 0, 36, 0, 0, -35, 0, 0, 0, 0, 0, 0, 36], "wmn": 2383, "wmt": 17674, "wmd": 36, "wmv": 9292, "wdn": -20, "wdt": -8, "wdd": 0, "wdv": -54, "tlv": "Virginia"}