{"loc": "Dolores", "iso": "US", "l1": "United States", "l2": "Colorado", "lvl": 3, "pop": 2055, "key": 11168, "isd": true, "ppd": 35.608000000000004, "med": 38.3, "p65": 15.413, "p70": 9.732000000000001, "hos": 2.77, "exp": 78.86, "adr": 1.0, "amn": 88078.0, "amv": 1187231.0, "amd": 487.0, "amt": 1918657.0, "tmn": [973, 0, 0, 0, 0, 486, 486, 486, -486, 486, 0, 0, 973, 2433, 1946, 973, 1946, 0, 0, 973, 1946], "tmv": [2913, 2024, 2876, 2739, 2336, 1790, 1886, 2554, 2257, 2903, 2781, 2047, 1978, 1647, 2163, 995, 2262, 2445, 2251, 1671, 1480], "tmd": [0, 0, 0, 0, 0, 0, 0, 0, 0, 0, 0, 0, 0, 0, 0, 0, 0, 0, 0, 0, 0], "wmn": 7786, "wmt": 39913, "wmd": 0, "wmv": 13270, "wdn": 100, "wdt": -30, "wdd": 0, "wdv": -18, "tlv": "Colorado"}