{"loc": "Dodge", "iso": "US", "l1": "United States", "l2": "Nebraska", "lvl": 3, "pop": 36565, "key": 11166, "isd": true, "ppd": 35.608000000000004, "med": 38.3, "p65": 15.413, "p70": 9.732000000000001, "hos": 2.77, "exp": 78.86, "adr": 1.0, "amn": 154301.0, "amv": 1216117.0, "amd": 1696.0, "amt": 1940625.0, "tmn": [0, 0, 0, 0, 0, 0, 13756, 0, 1011, 437, 218, 382, 246, 0, 0, 875, 355, 218, 191, 847, 0], "tmv": [2047, 1978, 1647, 2163, 995, 2262, 2445, 2251, 1671, 0, 0, 2784, 2570, 2833, 3777, 2988, 2423, 2905, 2661, 3390, 0], "tmd": [0, 0, 0, 0, 0, 0, 0, 0, 0, 0, 0, 0, 0, 0, 0, 0, 0, 0, 0, 0, 0], "wmn": 2489, "wmt": 29796, "wmd": 0, "wmv": 18148, "wdn": 8, "wdt": -10, "wdd": 0, "wdv": 50, "tlv": "Nebraska"}