{"loc": "Dodge", "iso": "US", "l1": "United States", "l2": "Wisconsin", "lvl": 3, "pop": 87839, "key": 11167, "isd": true, "ppd": 35.608000000000004, "med": 38.3, "p65": 15.413, "p70": 9.732000000000001, "hos": 2.77, "exp": 78.86, "adr": 2.0, "amn": 147474.0, "amv": 1003454.0, "amd": 2288.0, "amt": 1560931.0, "tmn": [11, 0, -11, 0, 0, -45, 22, 11, 34, 22, 0, 0, -11, 34, 22, -34, 34, 0, 0, 22, 0], "tmv": [3121, 6234, 3276, 3244, 2575, 1851, 1965, 1967, 2474, 1554, 2803, 3655, 3299, 2241, 4154, 4949, 1994, 3524, 1923, 0, 0], "tmd": [12, 12, 0, 0, 0, 23, 0, 12, 0, 0, 0, 0, 0, 0, 0, 0, 0, 0, 0, 0, 0], "wmn": 46, "wmt": 12456, "wmd": 0, "wmv": 16547, "wdn": -50, "wdt": 23, "wdd": -100, "wdv": -8, "tlv": "Wisconsin"}