{"loc": "Dodge", "iso": "US", "l1": "United States", "l2": "Wisconsin", "lvl": 3, "pop": 87839, "key": 11167, "isd": true, "ppd": 35.608000000000004, "med": 38.3, "p65": 15.413, "p70": 9.732000000000001, "hos": 2.77, "exp": 78.86, "adr": 1.0, "amn": 146359.0, "amv": 854702.0, "amd": 2118.0, "amt": 1480733.0, "tmn": [113, 11, 102, 45, 159, 68, 68, 68, 91, 56, 79, 91, 79, 91, 170, 22, 0, 136, 68, 79, 91], "tmv": [10027, 6458, 3608, 3001, 5456, 7305, 8515, 7794, 7192, 5713, 4653, 4699, 5814, 5591, 7265, 6352, 4511, 3409, 5326, 6395, 6671], "tmd": [12, 0, 0, 0, 12, 0, 0, 0, 0, 0, 0, 0, 0, 0, 12, 0, 0, 0, 0, 0, 0], "wmn": 570, "wmt": 19033, "wmd": 12, "wmv": 39934, "wdn": 2, "wdt": -7, "wdd": 0, "wdv": -4, "tlv": "Wisconsin"}