{"loc": "Doda", "iso": "IN", "l1": "India", "l2": "Jammu and Kashmir", "lvl": 3, "pop": 409576, "key": 11162, "isd": true, "ppd": 450.41900000000004, "med": 28.2, "p65": 5.989, "p70": 3.4139999999999997, "hos": 0.53, "exp": 69.66, "adr": 2.0, "amn": 11243.0, "amv": 131554.0, "amd": 178.0, "amt": 579474.0, "tmn": [34, 80, 100, 65, 117, 90, 102, 61, 29, 197, 68, 124, 90, 53, 73, 83, 197, 463, 200, 97, 112], "tmv": [0, 2420, 1705, 1575, 1605, 1977, 1179, 424, 1355, 1209, 1580, 1936, 1874, 1669, 587, 2024, 2002, 1581, 1678, 930, 1375], "tmd": [0, 0, 0, 0, 3, 0, 3, 3, 3, 3, 0, 0, 0, 3, 0, 0, 0, 3, 0, 3, 0], "wmn": 1229, "wmt": 20584, "wmd": 5, "wmv": 10182, "wdn": 96, "wdt": -4, "wdd": -50, "wdv": 1, "tlv": "Jammu and Kashmir"}