{"loc": "Dodge", "iso": "US", "l1": "United States", "l2": "Minnesota", "lvl": 3, "pop": 20934, "key": 11165, "isd": true, "ppd": 35.608000000000004, "med": 38.3, "p65": 15.413, "p70": 9.732000000000001, "hos": 2.77, "exp": 78.86, "adr": 0.0, "amn": 117751.0, "amv": 1176126.0, "amd": 239.0, "amt": 1937434.0, "tmn": [1528, 955, 0, 0, 0, 382, 1815, 238, 1050, 0, 0, 238, 1241, 668, 620, 477, 0, 0, 764, 1671, 382], "tmv": [2538, 4249, 2950, 0, 0, 0, 2913, 2024, 2876, 2739, 2336, 1790, 1886, 2554, 2257, 2903, 2781, 2047, 1978, 1647, 2163], "tmd": [0, 0, 0, 0, 0, 0, 0, 0, 0, 0, 0, 0, 0, 0, 48, 0, 0, 0, 0, 48, 0], "wmn": 3918, "wmt": 36646, "wmd": 96, "wmv": 15780, "wdn": 14, "wdt": -8, "wdd": 0, "wdv": -3, "tlv": "Minnesota"}