{"loc": "Dorchester", "iso": "US", "l1": "United States", "l2": "Maryland", "lvl": 3, "pop": 31929, "key": 11178, "isd": true, "ppd": 35.608000000000004, "med": 38.3, "p65": 15.413, "p70": 9.732000000000001, "hos": 2.77, "exp": 78.86, "adr": 2.0, "amn": 115726.0, "amv": 1176126.0, "amd": 2255.0, "amt": 2095810.0, "tmn": [908, 1064, 313, 407, 563, 219, 313, 219, 1315, 1190, 595, 93, 313, 407, 1221, 657, 595, 407, 532, 407, 438], "tmv": [2538, 4249, 2950, 0, 0, 0, 2913, 2024, 2876, 2739, 2336, 1790, 1886, 2554, 2257, 2903, 2781, 2047, 1978, 1647, 2163], "tmd": [0, 0, 0, 0, 0, 0, 0, 32, 0, 0, 0, 0, 0, 32, 0, 0, 0, 0, 0, 0, 63], "wmn": 4260, "wmt": 40005, "wmd": 63, "wmv": 15780, "wdn": 3, "wdt": 13, "wdd": 0, "wdv": -3, "tlv": "Maryland"}