{"loc": "Dorchester", "iso": "US", "l1": "United States", "l2": "South Carolina", "lvl": 3, "pop": 162809, "key": 11179, "isd": true, "ppd": 35.608000000000004, "med": 38.3, "p65": 15.413, "p70": 9.732000000000001, "hos": 2.77, "exp": 78.86, "adr": 1.0, "amn": 87200.0, "amv": 153709.0, "amd": 1038.0, "amt": 907416.0, "tmn": [319, 294, 835, 804, 909, 1062, 669, 595, 552, 595, 669, 1099, 755, 945, 436, 380, 884, 460, 749, 589, 780], "tmv": [2687, 2448, 3374, 4677, 5132, 5139, 4690, 3336, 1695, 3330, 4023, 4903, 6734, 6595, 3662, 2393, 4746, 4917, 6132, 6772, 0], "tmd": [0, 0, 7, 13, 0, 13, 13, 31, 7, 13, 0, 7, 7, 13, -6, 0, 13, 13, 0, 13, 25], "wmn": 4282, "wmt": 40586, "wmd": 56, "wmv": 28625, "wdn": -18, "wdt": -11, "wdd": -25, "wdv": -7, "tlv": "South Carolina"}