{"loc": "Dona Ana", "iso": "US", "l1": "United States", "l2": "New Mexico", "lvl": 3, "pop": 218195, "key": 11171, "isd": true, "ppd": 35.608000000000004, "med": 38.3, "p65": 15.413, "p70": 9.732000000000001, "hos": 2.77, "exp": 78.86, "adr": 2.0, "amn": 115525.0, "amv": 1014221.0, "amd": 2264.0, "amt": 1763164.0, "tmn": [32, 41, 27, 13, 0, 0, 41, 9, 22, 59, 41, 0, 0, 0, 142, 22, 41, 27, 0, 0, 119], "tmv": [1965, 1967, 2474, 1554, 2803, 3655, 3299, 2241, 4154, 4949, 1994, 3524, 1923, 0, 0, 1326, 2107, 1883, 1818, 1779, 0], "tmd": [5, 0, 0, 0, 0, 0, 0, 5, 0, 0, 5, 0, 0, 0, 0, 0, 0, 0, 0, 0, 5], "wmn": 353, "wmt": 11972, "wmd": 5, "wmv": 8916, "wdn": 166, "wdt": -23, "wdd": -50, "wdv": -53, "tlv": "New Mexico"}