{"loc": "Door", "iso": "US", "l1": "United States", "l2": "Wisconsin", "lvl": 3, "pop": 27668, "key": 11176, "isd": true, "ppd": 35.608000000000004, "med": 38.3, "p65": 15.413, "p70": 9.732000000000001, "hos": 2.77, "exp": 78.86, "adr": 1.0, "amn": 96393.0, "amv": 359108.0, "amd": 904.0, "amt": 1259973.0, "tmn": [108, 36, 0, 36, 216, 144, 36, 36, 108, 0, 108, 72, 36, 144, 108, 36, 0, 36, 361, 325, 144], "tmv": [7139, 7375, 5050, 5255, 5793, 6168, 7391, 8814, 7404, 5275, 4864, 6157, 7535, 8875, 13887, 4118, 6135, 5026, 6980, 8171, 7842], "tmd": [0, 0, 0, 0, 0, 0, 0, 0, 0, 0, 0, 0, 0, 0, 0, 0, 0, 0, 0, 0, 0], "wmn": 1012, "wmt": 27724, "wmd": 0, "wmv": 52163, "wdn": 100, "wdt": 17, "wdd": 0, "wdv": 7, "tlv": "Wisconsin"}