{"loc": "Dona Ana", "iso": "US", "l1": "United States", "l2": "New Mexico", "lvl": 3, "pop": 218195, "key": 11171, "isd": true, "ppd": 35.608000000000004, "med": 38.3, "p65": 15.413, "p70": 9.732000000000001, "hos": 2.77, "exp": 78.86, "adr": 2.0, "amn": 105429.0, "amv": 258018.0, "amd": 1847.0, "amt": 1315317.0, "tmn": [288, 91, 238, 224, 439, 284, 325, 206, 215, 215, 311, 238, 261, 142, 183, 169, 160, 247, 178, 252, 155], "tmv": [6806, 0, 0, 3221, 4419, 5606, 5173, 5466, 3298, 2593, 4349, 5491, 6616, 7139, 7375, 5050, 5255, 5793, 6168, 7391, 0], "tmd": [0, 10, 5, 0, 14, 5, 5, 14, 19, 5, 0, 5, 10, 0, 0, 23, 10, 5, 5, 0, 10], "wmn": 1348, "wmt": 42173, "wmd": 51, "wmv": 37036, "wdn": -15, "wdt": 28, "wdd": 0, "wdv": 6, "tlv": "New Mexico"}