{"loc": "Donley", "iso": "US", "l1": "United States", "l2": "Texas", "lvl": 3, "pop": 3278, "key": 11174, "isd": true, "ppd": 35.608000000000004, "med": 38.3, "p65": 15.413, "p70": 9.732000000000001, "hos": 2.77, "exp": 78.86, "adr": 4.0, "amn": 123856.0, "amv": 749030.0, "amd": 4576.0, "amt": 801625.0, "tmn": [305, 0, 0, 305, 915, 0, 0, -610, 0, 610, 0, 305, 0, 0, 305, 0, 5796, 305, 0, 0, 0], "tmv": [7863, 7615, 10699, 12037, 10893, 10729, 6600, 5484, 7781, 9092, 10242, 10071, 9169, 6395, 4975, 6773, 8259, 8496, 10027, 6458, 3608], "tmd": [0, 0, 0, 0, 0, 0, 0, 0, 0, 0, 0, 0, 0, 0, 0, 0, 0, 0, 0, 0, 0], "wmn": 6407, "wmt": 17294, "wmd": 0, "wmv": 48600, "wdn": 2000, "wdt": 15, "wdd": 0, "wdv": -17, "tlv": "Texas"}