{"loc": "Dorchester", "iso": "US", "l1": "United States", "l2": "South Carolina", "lvl": 3, "pop": 162809, "key": 11179, "isd": true, "ppd": 35.608000000000004, "med": 38.3, "p65": 15.413, "p70": 9.732000000000001, "hos": 2.77, "exp": 78.86, "adr": 1.0, "amn": 99988.0, "amv": 435440.0, "amd": 1265.0, "amt": 1089302.0, "tmn": [92, 227, 171, 116, 307, 202, 122, 159, 165, 153, 362, 466, 319, 110, 135, 227, 319, 343, 417, 159, 178], "tmv": [4864, 6157, 7535, 8875, 13887, 4118, 6135, 5026, 6980, 8171, 7842, 9493, 9226, 6156, 5181, 6849, 8594, 10257, 10611, 9961, 0], "tmd": [0, 7, 13, 7, 19, 0, 0, 0, 7, 7, 0, 13, 0, 0, 0, 7, 13, 7, 0, 7, 0], "wmn": 1782, "wmt": 28015, "wmd": 31, "wmv": 51456, "wdn": 2, "wdt": 7, "wdd": 25, "wdv": -3, "tlv": "South Carolina"}