{"loc": "Dona Ana", "iso": "US", "l1": "United States", "l2": "New Mexico", "lvl": 3, "pop": 218195, "key": 11171, "isd": true, "ppd": 35.608000000000004, "med": 38.3, "p65": 15.413, "p70": 9.732000000000001, "hos": 2.77, "exp": 78.86, "adr": 2.0, "amn": 112899.0, "amv": 749030.0, "amd": 2053.0, "amt": 1561580.0, "tmn": [59, 91, 178, 132, 0, 0, 352, 59, 59, 73, 210, 0, 0, 256, 0, 132, 105, 105, 0, 0, 206], "tmv": [7863, 7615, 10699, 12037, 10893, 10729, 6600, 5484, 7781, 9092, 10242, 10071, 9169, 6395, 4975, 6773, 8259, 8496, 10027, 6458, 3608], "tmd": [10, 23, 0, 5, 0, 0, 5, 0, 14, 10, 0, 0, 0, 0, 23, 5, 10, 5, 0, 0, 0], "wmn": 550, "wmt": 31425, "wmd": 42, "wmv": 48600, "wdn": -17, "wdt": 4, "wdd": 80, "wdv": -17, "tlv": "New Mexico"}