{"loc": "Dorchester", "iso": "US", "l1": "United States", "l2": "South Carolina", "lvl": 3, "pop": 162809, "key": 11179, "isd": true, "ppd": 35.608000000000004, "med": 38.3, "p65": 15.413, "p70": 9.732000000000001, "hos": 2.77, "exp": 78.86, "adr": 1.0, "amn": 112512.0, "amv": 955999.0, "amd": 1370.0, "amt": 1278718.0, "tmn": [67, 30, 6, 0, 49, 42, 30, 49, 61, 6, 36, 49, 24, 55, 0, 116, 98, 30, 12, 24, 0], "tmv": [4872, 3714, 0, 0, 1543, 2452, 4248, 3485, 4157, 3682, 3252, 2518, 2835, 2495, 4865, 3672, 4016, 3766, 3121, 6234, 0], "tmd": [0, 0, 0, 0, 0, 0, 0, 0, 0, 0, 0, 0, 0, 7, 0, 0, 0, 0, -6, 0, 0], "wmn": 283, "wmt": 9335, "wmd": -6, "wmv": 25677, "wdn": 0, "wdt": -15, "wdd": -200, "wdv": 14, "tlv": "South Carolina"}