{"loc": "Donley", "iso": "US", "l1": "United States", "l2": "Texas", "lvl": 3, "pop": 3278, "key": 11174, "isd": true, "ppd": 35.608000000000004, "med": 38.3, "p65": 15.413, "p70": 9.732000000000001, "hos": 2.77, "exp": 78.86, "adr": 3.0, "amn": 143380.0, "amv": 1144139.0, "amd": 4881.0, "amt": 1058854.0, "tmn": [0, 305, 0, 0, 0, 0, 305, 1830, 305, 0, 0, 0, 305, 305, 0, 0, 0, 0, 0, 1525, 1830], "tmv": [3068, 3187, 2953, 1851, 1966, 2813, 2807, 3250, 3257, 2889, 2103, 1988, 3241, 2538, 4249, 2950, 0, 0, 0, 2913, 0], "tmd": [0, 0, 0, 0, 0, 0, 0, 0, 0, 0, 0, 0, 0, 0, 306, 0, 0, 0, 0, 0, 0], "wmn": 3356, "wmt": 29721, "wmd": 306, "wmv": 10114, "wdn": 22, "wdt": 7, "wdd": 0, "wdv": -48, "tlv": "Texas"}