{"loc": "Douglas", "iso": "US", "l1": "United States", "l2": "Oregon", "lvl": 3, "pop": 110980, "key": 11189, "isd": true, "ppd": 35.608000000000004, "med": 38.3, "p65": 15.413, "p70": 9.732000000000001, "hos": 2.77, "exp": 78.86, "adr": 2.0, "amn": 25671.0, "amv": 435440.0, "amd": 532.0, "amt": 979679.0, "tmn": [198, 126, 108, 189, 162, 117, 36, 45, 117, 81, 144, 99, 99, 72, 90, 63, 45, 117, 90, 99, 108], "tmv": [5275, 4864, 6157, 7535, 8875, 13887, 4118, 6135, 5026, 6980, 8171, 7842, 9493, 9226, 6156, 5181, 6849, 8594, 10257, 10611, 9961], "tmd": [10, 0, 0, 19, 0, 0, 0, 0, 0, 0, 0, 0, 0, 0, 0, 0, 0, 0, 10, 0, 0], "wmn": 613, "wmt": 22121, "wmd": 10, "wmv": 57613, "wdn": -7, "wdt": -7, "wdd": 0, "wdv": 9, "tlv": "Oregon"}