{"loc": "Douglas", "iso": "US", "l1": "United States", "l2": "Minnesota", "lvl": 3, "pop": 38141, "key": 11185, "isd": true, "ppd": 35.608000000000004, "med": 38.3, "p65": 15.413, "p70": 9.732000000000001, "hos": 2.77, "exp": 78.86, "adr": 2.0, "amn": 102121.0, "amv": 186027.0, "amd": 1783.0, "amt": 1197722.0, "tmn": [52, 52, -26, 52, 288, 235, 0, 26, 26, -26, 104, 183, 78, 0, 78, 104, 104, 52, 131, 157, 183], "tmv": [3336, 1695, 3330, 4023, 4903, 6734, 6595, 3662, 2393, 4746, 4917, 6132, 6772, 6806, 0, 0, 3221, 4419, 5606, 5173, 0], "tmd": [0, 0, 0, 0, 27, 0, 0, 0, 27, 0, 0, 0, 0, 0, 0, 0, 0, 0, 0, 0, 0], "wmn": 813, "wmt": 29830, "wmd": 0, "wmv": 18422, "wdn": 107, "wdt": -2, "wdd": -100, "wdv": -48, "tlv": "Minnesota"}