{"loc": "Dougherty", "iso": "US", "l1": "United States", "l2": "Georgia", "lvl": 3, "pop": 87956, "key": 11180, "isd": true, "ppd": 35.608000000000004, "med": 38.3, "p65": 15.413, "p70": 9.732000000000001, "hos": 2.77, "exp": 78.86, "adr": 4.0, "amn": 88703.0, "amv": 1027393.0, "amd": 3547.0, "amt": 878408.0, "tmn": [90, 56, 0, 0, 0, 79, 11, 34, 68, 0, 0, 68, 113, 11, 45, 11, 0, 0, 181, 193, 68], "tmv": [4949, 1994, 3524, 1923, 0, 0, 1326, 2107, 1883, 1818, 1779, 1363, 1036, 1655, 1721, 1666, 1928, 1520, 1539, 740, 0], "tmd": [0, 0, 0, 0, 0, 0, 0, 0, 0, 0, 0, 0, 0, 0, 0, 0, 0, 0, 0, 0, 0], "wmn": 501, "wmt": 7394, "wmd": 0, "wmv": 9117, "wdn": 69, "wdt": 7, "wdd": 0, "wdv": -22, "tlv": "Georgia"}