{"loc": "Douglas", "iso": "US", "l1": "United States", "l2": "Colorado", "lvl": 3, "pop": 351154, "key": 11181, "isd": true, "ppd": 35.608000000000004, "med": 38.3, "p65": 15.413, "p70": 9.732000000000001, "hos": 2.77, "exp": 78.86, "adr": 1.0, "amn": 112293.0, "amv": 1242734.0, "amd": 843.0, "amt": 2035377.0, "tmn": [304, 355, 0, 0, 879, 387, 227, 407, 444, 0, 0, 857, 290, 358, 358, 384, 0, 0, 743, 267, 259], "tmv": [2784, 2570, 2833, 3777, 2988, 2423, 2905, 2661, 3390, 3489, 0, 0, 0, 2411, 3257, 3418, 2659, 2485, 1614, 1945, 0], "tmd": [0, 12, 0, 0, 18, 6, 0, 3, 12, 0, 0, 6, 3, 12, 0, 0, 0, 0, 6, 9, 3], "wmn": 2014, "wmt": 39023, "wmd": 18, "wmv": 15382, "wdn": -15, "wdt": 5, "wdd": -50, "wdv": 29, "tlv": "Colorado"}