{"loc": "Douglas", "iso": "US", "l1": "United States", "l2": "Nebraska", "lvl": 3, "pop": 571327, "key": 11187, "isd": true, "ppd": 35.608000000000004, "med": 38.3, "p65": 15.413, "p70": 9.732000000000001, "hos": 2.77, "exp": 78.86, "adr": 1.0, "amn": 120917.0, "amv": 591235.0, "amd": 1152.0, "amt": 1406432.0, "tmn": [115, 556, 61, 110, 220, 299, 458, 677, 224, 190, 155, 257, 385, 311, 288, 348, 166, 147, 246, 287, 225], "tmv": [10257, 10611, 9961, 7133, 5431, 8106, 10192, 12065, 12389, 10214, 6477, 4262, 8755, 10329, 12013, 14052, 10864, 8027, 7863, 7615, 0], "tmd": [0, 0, 0, 0, 2, 0, 2, 0, 0, 0, 0, 2, 2, 0, 0, 0, 0, 0, 4, -5, 0], "wmn": 1711, "wmt": 28044, "wmd": -1, "wmv": 60438, "wdn": -22, "wdt": -22, "wdd": -150, "wdv": -6, "tlv": "Nebraska"}