{"loc": "Douglas", "iso": "US", "l1": "United States", "l2": "Nevada", "lvl": 3, "pop": 48905, "key": 11188, "isd": true, "ppd": 35.608000000000004, "med": 38.3, "p65": 15.413, "p70": 9.732000000000001, "hos": 2.77, "exp": 78.86, "adr": 1.0, "amn": 90972.0, "amv": 1216117.0, "amd": 1063.0, "amt": 1425080.0, "tmn": [0, 572, 1063, 327, -61, 265, 0, 0, 347, 429, 122, 265, 224, 0, 0, 143, 429, 122, 0, 388, 0], "tmv": [2047, 1978, 1647, 2163, 995, 2262, 2445, 2251, 1671, 0, 0, 2784, 2570, 2833, 3777, 2988, 2423, 2905, 2661, 3390, 0], "tmd": [0, 21, 0, 21, 0, 0, 0, 0, 21, 21, 0, 0, 21, 0, 0, 0, 0, 21, 0, 21, 0], "wmn": 1084, "wmt": -11487, "wmd": 41, "wmv": 18148, "wdn": -22, "wdt": -145, "wdd": -33, "wdv": 50, "tlv": "Nevada"}