{"loc": "Douglas", "iso": "US", "l1": "United States", "l2": "Georgia", "lvl": 3, "pop": 146343, "key": 11182, "isd": true, "ppd": 35.608000000000004, "med": 38.3, "p65": 15.413, "p70": 9.732000000000001, "hos": 2.77, "exp": 78.86, "adr": 1.0, "amn": 105157.0, "amv": 861822.0, "amd": 1531.0, "amt": 814991.0, "tmn": [95, 75, 116, 204, 184, 122, 136, 95, 68, 150, 157, 116, 129, 61, 61, 68, 75, 81, 116, 88, 136], "tmv": [6458, 3608, 3001, 5456, 7305, 8515, 7794, 7192, 5713, 4653, 4699, 5814, 5591, 7265, 6352, 4511, 3409, 5326, 6395, 6671, 7120], "tmd": [0, 0, 0, 14, 14, 0, 14, 0, 0, 14, 7, 0, 0, -6, 0, 0, 0, 7, -13, 0, 7], "wmn": 629, "wmt": 8936, "wmd": 0, "wmv": 39789, "wdn": -19, "wdt": -16, "wdd": -100, "wdv": -3, "tlv": "Georgia"}