{"loc": "Dougherty", "iso": "US", "l1": "United States", "l2": "Georgia", "lvl": 3, "pop": 87956, "key": 11180, "isd": true, "ppd": 35.608000000000004, "med": 38.3, "p65": 15.413, "p70": 9.732000000000001, "hos": 2.77, "exp": 78.86, "adr": 3.0, "amn": 127007.0, "amv": 1154115.0, "amd": 3968.0, "amt": 1026607.0, "tmn": [1011, 966, 1500, 909, 0, 0, 2717, 2239, 886, 568, 932, 0, 0, 0, 3899, 955, 648, 1068, 0, 0, 2194], "tmv": [1966, 2813, 2807, 3250, 3257, 2889, 2103, 1988, 3241, 2538, 4249, 2950, 0, 0, 0, 2913, 2024, 2876, 2739, 2336, 0], "tmd": [12, 35, 0, 23, 0, 0, 23, 0, 0, 171, 23, 0, 0, 0, 0, 0, 69, 0, 0, 0, 12], "wmn": 8766, "wmt": 26021, "wmd": 80, "wmv": 12890, "wdn": 89, "wdt": -12, "wdd": -59, "wdv": -14, "tlv": "Georgia"}