{"loc": "Dougherty", "iso": "US", "l1": "United States", "l2": "Georgia", "lvl": 3, "pop": 87956, "key": 11180, "isd": true, "ppd": 35.608000000000004, "med": 38.3, "p65": 15.413, "p70": 9.732000000000001, "hos": 2.77, "exp": 78.86, "adr": 4.0, "amn": 78960.0, "amv": 167606.0, "amd": 3036.0, "amt": 651267.0, "tmn": [1182, 522, 295, 216, 113, 284, 386, 306, 329, 443, 113, 90, 363, 216, 102, 238, 318, 45, 90, 34, 295], "tmv": [4677, 5132, 5139, 4690, 3336, 1695, 3330, 4023, 4903, 6734, 6595, 3662, 2393, 4746, 4917, 6132, 6772, 6806, 0, 0, 0], "tmd": [12, 0, 12, 0, 23, 23, 0, 46, 12, 12, 0, 0, 12, 0, 12, 35, 0, 0, 0, 23, 12], "wmn": 1126, "wmt": 16991, "wmd": 80, "wmv": 24629, "wdn": -40, "wdt": -14, "wdd": 0, "wdv": -25, "tlv": "Georgia"}