{"loc": "Douglas", "iso": "US", "l1": "United States", "l2": "Wisconsin", "lvl": 3, "pop": 43150, "key": 11192, "isd": true, "ppd": 35.608000000000004, "med": 38.3, "p65": 15.413, "p70": 9.732000000000001, "hos": 2.77, "exp": 78.86, "adr": 1.0, "amn": 119560.0, "amv": 1104562.0, "amd": 1530.0, "amt": 1671609.0, "tmn": [92, 0, 0, 0, 162, 69, 139, 139, 162, 0, 0, 278, 162, 92, 254, 208, 0, 0, 533, 115, 208], "tmv": [2622, 2492, 2548, 2348, 1615, 1875, 1986, 1986, 2786, 3007, 2017, 2605, 1830, 2139, 3106, 3068, 3187, 2953, 1851, 1966, 0], "tmd": [0, 0, 0, 0, 0, 0, 0, 0, 0, 0, 0, 0, 0, 0, 0, 0, 0, 0, 0, 0, 0], "wmn": 1321, "wmt": 24066, "wmd": 0, "wmv": 16136, "wdn": 58, "wdt": 16, "wdd": 0, "wdv": -1, "tlv": "Wisconsin"}