{"loc": "Douglas", "iso": "US", "l1": "United States", "l2": "Wisconsin", "lvl": 3, "pop": 43150, "key": 11192, "isd": true, "ppd": 35.608000000000004, "med": 38.3, "p65": 15.413, "p70": 9.732000000000001, "hos": 2.77, "exp": 78.86, "adr": 1.0, "amn": 122039.0, "amv": 1141226.0, "amd": 1530.0, "amt": 1722837.0, "tmn": [254, 208, 0, 0, 533, 115, 208, 162, 208, 0, 0, 370, 115, 162, 139, 231, 0, 0, 811, 46, 231], "tmv": [3106, 3068, 3187, 2953, 1851, 1966, 2813, 2807, 3250, 3257, 2889, 2103, 1988, 3241, 2538, 4249, 2950, 0, 0, 0, 0], "tmd": [0, 0, 0, 0, 0, 0, 0, 0, 0, 0, 0, 0, 0, 0, 0, 0, 0, 0, 0, 0, 0], "wmn": 1461, "wmt": 25175, "wmd": 0, "wmv": 9740, "wdn": 43, "wdt": -3, "wdd": 0, "wdv": -50, "tlv": "Wisconsin"}