{"loc": "DuPage", "iso": "US", "l1": "United States", "l2": "Illinois", "lvl": 3, "pop": 922921, "key": 11195, "isd": true, "ppd": 35.608000000000004, "med": 38.3, "p65": 15.413, "p70": 9.732000000000001, "hos": 2.77, "exp": 78.86, "adr": 2.0, "amn": 82516.0, "amv": 194792.0, "amd": 1287.0, "amt": 1398502.0, "tmn": [230, 240, 251, 219, 97, 151, 161, 184, 276, 186, 177, 146, 123, 161, 152, 149, 182, 123, 135, 198, 159], "tmv": [3330, 4023, 4903, 6734, 6595, 3662, 2393, 4746, 4917, 6132, 6772, 6806, 0, 0, 3221, 4419, 5606, 5173, 5466, 3298, 0], "tmd": [5, 5, 5, 6, 5, 4, 2, 4, 7, 0, 9, 0, 4, 4, 6, 9, 4, 4, 6, 3, 4], "wmn": 1101, "wmt": 35566, "wmd": 32, "wmv": 27187, "wdn": -12, "wdt": -15, "wdd": 26, "wdv": -7, "tlv": "Illinois"}