{"loc": "Douglas", "iso": "US", "l1": "United States", "l2": "Wisconsin", "lvl": 3, "pop": 43150, "key": 11192, "isd": true, "ppd": 35.608000000000004, "med": 38.3, "p65": 15.413, "p70": 9.732000000000001, "hos": 2.77, "exp": 78.86, "adr": 1.0, "amn": 101784.0, "amv": 435440.0, "amd": 1066.0, "amt": 1298011.0, "tmn": [23, 46, 115, 23, 208, 69, 69, 92, 92, 139, 208, 46, 23, 92, 0, 324, 324, 301, 347, 347, 0], "tmv": [4864, 6157, 7535, 8875, 13887, 4118, 6135, 5026, 6980, 8171, 7842, 9493, 9226, 6156, 5181, 6849, 8594, 10257, 10611, 9961, 0], "tmd": [24, 0, 24, 0, 0, 0, 0, 24, 0, 0, 0, 0, 0, 0, 0, 24, 0, 0, 0, 0, 0], "wmn": 1646, "wmt": 26625, "wmd": 24, "wmv": 51456, "wdn": 137, "wdt": 1, "wdd": 0, "wdv": -3, "tlv": "Wisconsin"}