{"loc": "Dubois", "iso": "US", "l1": "United States", "l2": "Indiana", "lvl": 3, "pop": 42736, "key": 11196, "isd": true, "ppd": 35.608000000000004, "med": 38.3, "p65": 15.413, "p70": 9.732000000000001, "hos": 2.77, "exp": 78.86, "adr": 2.0, "amn": 201165.0, "amv": 1354464.0, "amd": 3206.0, "amt": 2238892.0, "tmn": [210, 93, 46, 421, 163, 210, 233, 233, 46, 23, 350, 327, 725, 491, 374, 46, 70, 304, 210, 467, 444], "tmv": [2361, 1265, 4095, 4257, 4381, 4544, 5255, 2753, 1460, 3910, 4355, 4594, 4119, 5128, 2996, 1521, 3915, 2663, 347, 0, 0], "tmd": [0, 0, 0, 0, 0, 0, 0, 0, 0, 24, 0, 0, 0, 0, 0, 0, 0, 0, 0, 0, 47], "wmn": 1919, "wmt": 33319, "wmd": 47, "wmv": 11446, "wdn": -13, "wdt": -1, "wdd": 100, "wdv": -57, "tlv": "Indiana"}