{"loc": "Dubuque", "iso": "US", "l1": "United States", "l2": "Iowa", "lvl": 3, "pop": 97311, "key": 11197, "isd": true, "ppd": 35.608000000000004, "med": 38.3, "p65": 15.413, "p70": 9.732000000000001, "hos": 2.77, "exp": 78.86, "adr": 2.0, "amn": 125299.0, "amv": 170827.0, "amd": 1953.0, "amt": 410627.0, "tmn": [369, 256, 92, 71, 359, 400, 246, 92, 143, 82, 256, 441, 246, 102, 390, 123, 82, 71, 205, 267, 143], "tmv": [5132, 5139, 4690, 3336, 1695, 3330, 4023, 4903, 6734, 6595, 3662, 2393, 4746, 4917, 6132, 6772, 6806, 0, 0, 3221, 0], "tmd": [21, 42, 103, 0, 11, 0, 42, 31, 11, 0, 11, 11, -10, 0, 11, 0, 0, 0, 21, 11, 0], "wmn": 1285, "wmt": 6300, "wmd": 42, "wmv": 22933, "wdn": -6, "wdt": 50, "wdd": -20, "wdv": -32, "tlv": "Iowa"}