{"loc": "Drenthe", "iso": "NL", "l1": "Netherlands", "l2": "Drenthe", "lvl": 2, "pop": 493682, "key": 11193, "isd": true, "ppd": 508.54400000000004, "med": 43.2, "p65": 18.779, "p70": 11.880999999999998, "hos": 3.32, "exp": 82.28, "adr": 1.0, "amn": 79841.0, "amv": 1299827.0, "amd": 723.0, "amt": 759148.0, "tmn": [174, 95, 91, 93, 168, 109, 111, 89, 97, 70, 97, 89, 85, 107, 66, 62, 42, 46, 72, 101, 50], "tmv": [0, 0, 0, 0, 0, 0, 0, 0, 0, 0, 0, 0, 0, 0, 0, 0, 0, 0, 0, 0, 0], "tmd": [0, 0, 0, 0, 0, 0, 0, 0, 0, 0, 3, 0, 3, 3, 0, 0, 0, 0, 3, 0, 0], "wmn": 444, "wmt": 0, "wmd": 3, "wmv": 0, "wdn": -30, "wdt": 0, "wdd": -67, "wdv": 0, "tlv": "Netherlands"}