{"loc": "Durham", "iso": "US", "l1": "United States", "l2": "North Carolina", "lvl": 3, "pop": 321488, "key": 11208, "isd": true, "ppd": 35.608000000000004, "med": 38.3, "p65": 15.413, "p70": 9.732000000000001, "hos": 2.77, "exp": 78.86, "adr": 1.0, "amn": 102418.0, "amv": 1187231.0, "amd": 778.0, "amt": 1490940.0, "tmn": [242, 146, 0, 0, 1250, 158, 395, 298, 407, 0, 0, 908, 155, 239, 248, 292, 0, 0, 734, 155, 239], "tmv": [2024, 2876, 2739, 2336, 1790, 1886, 2554, 2257, 2903, 2781, 2047, 1978, 1647, 2163, 995, 2262, 2445, 2251, 1671, 1480, 0], "tmd": [4, 0, 0, 0, 0, 4, 0, 0, 0, 0, 0, 0, 0, 4, 4, 0, 0, 0, 0, 7, 0], "wmn": 1671, "wmt": 34091, "wmd": 10, "wmv": 11106, "wdn": -17, "wdt": -14, "wdd": 200, "wdv": -30, "tlv": "North Carolina"}