{"loc": "Durham", "iso": "US", "l1": "United States", "l2": "North Carolina", "lvl": 3, "pop": 321488, "key": 11208, "isd": true, "ppd": 35.608000000000004, "med": 38.3, "p65": 15.413, "p70": 9.732000000000001, "hos": 2.77, "exp": 78.86, "adr": 1.0, "amn": 73038.0, "amv": 511713.0, "amd": 669.0, "amt": 1016168.0, "tmn": [202, 195, 279, 211, 0, 395, 46, 335, 195, 286, 0, 0, 466, 102, 158, 202, 0, 0, 0, 584, 223], "tmv": [6980, 8171, 7842, 9493, 9226, 6156, 5181, 6849, 8594, 10257, 10611, 9961, 7133, 5431, 8106, 10192, 12065, 12389, 10214, 6477, 4262], "tmd": [0, 0, 0, 0, 0, 0, 7, 0, 0, 0, 0, 0, 4, 0, 4, 4, 0, 0, 0, 0, 0], "wmn": 1170, "wmt": 18381, "wmd": 7, "wmv": 63709, "wdn": -16, "wdt": -5, "wdd": 100, "wdv": 8, "tlv": "North Carolina"}