{"loc": "Durham", "iso": "US", "l1": "United States", "l2": "North Carolina", "lvl": 3, "pop": 321488, "key": 11208, "isd": true, "ppd": 35.608000000000004, "med": 38.3, "p65": 15.413, "p70": 9.732000000000001, "hos": 2.77, "exp": 78.86, "adr": 1.0, "amn": 100747.0, "amv": 1176126.0, "amd": 768.0, "amt": 1456849.0, "tmn": [544, 500, 0, 0, 0, 1381, 339, 242, 146, 0, 0, 1250, 158, 395, 298, 407, 0, 0, 908, 155, 239], "tmv": [2538, 4249, 2950, 0, 0, 0, 2913, 2024, 2876, 2739, 2336, 1790, 1886, 2554, 2257, 2903, 2781, 2047, 1978, 1647, 2163], "tmd": [0, 0, 0, 0, 0, 0, 0, 4, 0, 0, 0, 0, 4, 0, 0, 0, 0, 0, 0, 0, 4], "wmn": 2010, "wmt": 39540, "wmd": 4, "wmv": 15780, "wdn": -8, "wdt": 19, "wdd": -50, "wdv": -3, "tlv": "North Carolina"}