{"loc": "Durham", "iso": "US", "l1": "United States", "l2": "North Carolina", "lvl": 3, "pop": 321488, "key": 11208, "isd": true, "ppd": 35.608000000000004, "med": 38.3, "p65": 15.413, "p70": 9.732000000000001, "hos": 2.77, "exp": 78.86, "adr": 1.0, "amn": 101288.0, "amv": 1179384.0, "amd": 771.0, "amt": 1466196.0, "tmn": [0, 0, 0, 1381, 339, 242, 146, 0, 0, 1250, 158, 395, 298, 407, 0, 0, 908, 155, 239, 248, 292], "tmv": [2950, 0, 0, 0, 2913, 2024, 2876, 2739, 2336, 1790, 1886, 2554, 2257, 2903, 2781, 2047, 1978, 1647, 2163, 995, 2262], "tmd": [0, 0, 0, 0, 0, 4, 0, 0, 0, 0, 4, 0, 0, 0, 0, 0, 0, 0, 4, 4, 0], "wmn": 1845, "wmt": 38443, "wmd": 7, "wmv": 13878, "wdn": -27, "wdt": 4, "wdd": 100, "wdv": -16, "tlv": "North Carolina"}