{"loc": "Dutchess", "iso": "US", "l1": "United States", "l2": "New York", "lvl": 3, "pop": 294218, "key": 11209, "isd": true, "ppd": 35.608000000000004, "med": 38.3, "p65": 15.413, "p70": 9.732000000000001, "hos": 2.77, "exp": 78.86, "adr": 1.0, "amn": 121794.0, "amv": 1259649.0, "amd": 1699.0, "amt": 3846411.0, "tmn": [305, 309, 295, 258, 37, 295, 207, 282, 231, 207, 176, 180, 135, 132, 248, 176, 190, 234, 122, 118, 78], "tmv": [2905, 2661, 3390, 3489, 0, 0, 0, 2411, 3257, 3418, 2659, 2485, 1614, 1945, 2278, 2491, 2890, 2710, 2395, 1993, 2154], "tmd": [0, 0, 7, 0, 0, 4, 0, 0, 0, 4, 0, 0, 0, 0, 0, 7, 0, 0, 4, 0, 0], "wmn": 1170, "wmt": 62623, "wmd": 11, "wmv": 16916, "wdn": -13, "wdt": -2, "wdd": 200, "wdv": -5, "tlv": "New York"}