{"loc": "Dunn", "iso": "US", "l1": "United States", "l2": "North Dakota", "lvl": 3, "pop": 4424, "key": 11203, "isd": true, "ppd": 35.608000000000004, "med": 38.3, "p65": 15.413, "p70": 9.732000000000001, "hos": 2.77, "exp": 78.86, "adr": 1.0, "amn": 115958.0, "amv": 1160346.0, "amd": 1582.0, "amt": 2248493.0, "tmn": [904, 904, 0, 226, 904, 452, 1356, 1130, 1582, 226, 678, 904, 226, 452, 1356, 226, 226, 0, 678, 2260, 904], "tmv": [3250, 3257, 2889, 2103, 1988, 3241, 2538, 4249, 2950, 0, 0, 0, 2913, 2024, 2876, 2739, 2336, 1790, 1886, 2554, 0], "tmd": [0, 0, 0, 0, 0, 0, 0, 0, 0, 0, 0, 0, 0, 0, 0, 0, 0, 0, 0, 0, 0], "wmn": 5651, "wmt": 32979, "wmd": 0, "wmv": 14183, "wdn": 9, "wdt": 23, "wdd": 0, "wdv": 17, "tlv": "North Dakota"}