{"loc": "Eagle", "iso": "US", "l1": "United States", "l2": "Colorado", "lvl": 3, "pop": 55127, "key": 11213, "isd": true, "ppd": 35.608000000000004, "med": 38.3, "p65": 15.413, "p70": 9.732000000000001, "hos": 2.77, "exp": 78.86, "adr": 0.0, "amn": 129882.0, "amv": 1121684.0, "amd": 526.0, "amt": 1748197.0, "tmn": [417, 707, 290, 344, 0, 0, 1342, 888, 852, 308, 761, 0, 0, 362, 707, 399, 761, 362, 0, 0, 834], "tmv": [1875, 1986, 1986, 2786, 3007, 2017, 2605, 1830, 2139, 3106, 3068, 3187, 2953, 1851, 1966, 2813, 2807, 3250, 3257, 2889, 2103], "tmd": [0, 19, 37, 0, 0, 0, 0, 0, 0, 0, 0, 0, 0, 0, 0, 55, -18, 0, 0, 0, 0], "wmn": 3066, "wmt": 32064, "wmd": 37, "wmv": 19089, "wdn": -3, "wdt": 19, "wdd": 0, "wdv": 5, "tlv": "Colorado"}