{"loc": "East Baton Rouge", "iso": "US", "l1": "United States", "l2": "Louisiana", "lvl": 3, "pop": 440059, "key": 11215, "isd": true, "ppd": 35.608000000000004, "med": 38.3, "p65": 15.413, "p70": 9.732000000000001, "hos": 2.77, "exp": 78.86, "adr": 2.0, "amn": 144837.0, "amv": 1259649.0, "amd": 2636.0, "amt": 2082815.0, "tmn": [99, 129, 93, 0, 0, 168, 263, 111, 147, 74, 0, 0, 172, 168, 88, 106, 113, 0, 0, 90, 93], "tmv": [2905, 2661, 3390, 3489, 0, 0, 0, 2411, 3257, 3418, 2659, 2485, 1614, 1945, 2278, 2491, 2890, 2710, 2395, 1993, 2154], "tmd": [5, 3, 3, 0, 0, 7, 3, 10, 3, 3, 0, 0, 5, 10, 7, 0, 5, 0, 0, 5, 0], "wmn": 494, "wmt": 29675, "wmd": 16, "wmv": 16916, "wdn": -27, "wdt": 11, "wdd": -42, "wdv": -5, "tlv": "Louisiana"}