{"loc": "Eagle", "iso": "US", "l1": "United States", "l2": "Colorado", "lvl": 3, "pop": 55127, "key": 11213, "isd": true, "ppd": 35.608000000000004, "med": 38.3, "p65": 15.413, "p70": 9.732000000000001, "hos": 2.77, "exp": 78.86, "adr": 0.0, "amn": 114118.0, "amv": 814768.0, "amd": 399.0, "amt": 1416909.0, "tmn": [217, 126, 145, 199, 145, 235, 326, 272, 18, 54, 108, 235, 145, 145, 0, -18, 0, 199, 0, 54, 163], "tmv": [10071, 9169, 6395, 4975, 6773, 8259, 8496, 10027, 6458, 3608, 3001, 5456, 7305, 8515, 7794, 7192, 5713, 4653, 4699, 5814, 5591], "tmd": [0, 0, 0, 0, 0, 0, 0, 0, 0, 0, 0, 0, 0, 0, 0, 0, 0, 0, 0, 0, 0], "wmn": 400, "wmt": 32966, "wmd": 0, "wmv": 41459, "wdn": -59, "wdt": 0, "wdd": 0, "wdv": -7, "tlv": "Colorado"}