{"loc": "Duval", "iso": "US", "l1": "United States", "l2": "Florida", "lvl": 3, "pop": 957755, "key": 11210, "isd": true, "ppd": 35.608000000000004, "med": 38.3, "p65": 15.413, "p70": 9.732000000000001, "hos": 2.77, "exp": 78.86, "adr": 1.0, "amn": 89964.0, "amv": 153709.0, "amd": 1079.0, "amt": 955678.0, "tmn": [296, 327, 314, 416, 824, 991, 414, 301, 545, 234, 211, 374, 365, 340, 250, 291, 364, 376, 348, 271, 145], "tmv": [2687, 2448, 3374, 4677, 5132, 5139, 4690, 3336, 1695, 3330, 4023, 4903, 6734, 6595, 3662, 2393, 4746, 4917, 6132, 6772, 0], "tmd": [9, 11, 0, 4, 5, 5, 10, 17, 3, 17, 2, 4, 6, 30, 11, 2, 5, 6, 11, 5, 18], "wmn": 2049, "wmt": 31472, "wmd": 54, "wmv": 28625, "wdn": -14, "wdt": -2, "wdd": -28, "wdv": -7, "tlv": "Florida"}