{"loc": "Early", "iso": "US", "l1": "United States", "l2": "Georgia", "lvl": 3, "pop": 10190, "key": 11214, "isd": true, "ppd": 35.608000000000004, "med": 38.3, "p65": 15.413, "p70": 9.732000000000001, "hos": 2.77, "exp": 78.86, "adr": 3.0, "amn": 172620.0, "amv": 1170335.0, "amd": 5496.0, "amt": 1049190.0, "tmn": [785, 883, 392, 981, 0, 0, 0, 2747, 686, 588, 98, 0, 0, 785, 588, 490, -294, 294, 0, 0, 981], "tmv": [1988, 3241, 2538, 4249, 2950, 0, 0, 0, 2913, 2024, 2876, 2739, 2336, 1790, 1886, 2554, 2257, 2903, 2781, 2047, 0], "tmd": [0, 0, 0, 0, 0, 0, 0, 0, 0, 0, 0, 0, 0, 0, 491, 0, 0, 99, 0, 0, 0], "wmn": 2061, "wmt": 22583, "wmd": 589, "wmv": 14431, "wdn": -58, "wdt": -13, "wdd": 0, "wdv": -2, "tlv": "Georgia"}