{"loc": "Duval", "iso": "US", "l1": "United States", "l2": "Florida", "lvl": 3, "pop": 957755, "key": 11210, "isd": true, "ppd": 35.608000000000004, "med": 38.3, "p65": 15.413, "p70": 9.732000000000001, "hos": 2.77, "exp": 78.86, "adr": 1.0, "amn": 102168.0, "amv": 752032.0, "amd": 1464.0, "amt": 1063648.0, "tmn": [237, 179, 190, 166, 178, 115, 150, 176, 214, 170, 244, 135, 122, 169, 185, 186, 148, 257, 129, 104, 138], "tmv": [7615, 10699, 12037, 10893, 10729, 6600, 5484, 7781, 9092, 10242, 10071, 9169, 6395, 4975, 6773, 8259, 8496, 10027, 6458, 3608, 3001], "tmd": [6, 0, 5, 5, 4, 4, 2, 0, 2, 8, 7, 2, 2, 4, 11, 2, 0, 6, 8, 5, 0], "wmn": 1152, "wmt": 19068, "wmd": 29, "wmv": 46626, "wdn": -7, "wdt": -6, "wdd": 42, "wdv": -19, "tlv": "Florida"}