{"loc": "East Feliciana", "iso": "US", "l1": "United States", "l2": "Louisiana", "lvl": 3, "pop": 19135, "key": 11218, "isd": true, "ppd": 35.608000000000004, "med": 38.3, "p65": 15.413, "p70": 9.732000000000001, "hos": 2.77, "exp": 78.86, "adr": 4.0, "amn": 156467.0, "amv": 228357.0, "amd": 5540.0, "amt": 1199702.0, "tmn": [418, 365, 52, 731, 418, 0, 365, -52, 0, 209, 52, 261, 0, 261, -52, 1254, -52, 313, 783, 0, 522], "tmv": [3662, 2393, 4746, 4917, 6132, 6772, 6806, 0, 0, 3221, 4419, 5606, 5173, 5466, 3298, 2593, 4349, 5491, 6616, 7139, 7375], "tmd": [0, 53, 0, 0, 0, 0, 0, 0, 0, 0, 0, 0, 0, 53, 0, 0, 0, 53, 0, 0, 0], "wmn": 2770, "wmt": 34521, "wmd": 53, "wmv": 36864, "wdn": 279, "wdt": 104, "wdd": 0, "wdv": 54, "tlv": "Louisiana"}