{"loc": "Duval", "iso": "US", "l1": "United States", "l2": "Texas", "lvl": 3, "pop": 11157, "key": 11211, "isd": true, "ppd": 35.608000000000004, "med": 38.3, "p65": 15.413, "p70": 9.732000000000001, "hos": 2.77, "exp": 78.86, "adr": 3.0, "amn": 175585.0, "amv": 1314721.0, "amd": 5199.0, "amt": 1229069.0, "tmn": [-89, -89, 0, 89, 89, 0, 0, 0, 268, 0, 0, 0, 0, 0, 537, -89, 0, 0, 179, 0, 179], "tmv": [2351, 2413, 3899, 2384, 1362, 4330, 4389, 4534, 4456, 4953, 2304, 1233, 3937, 4025, 4080, 4142, 4614, 1985, 454, 175, 0], "tmd": [0, 90, 0, 0, 0, 0, 0, 0, 90, 0, 0, 0, 0, 0, 0, 0, 0, 0, 0, 0, 0], "wmn": 807, "wmt": 13678, "wmd": 0, "wmv": 15454, "wdn": 200, "wdt": -14, "wdd": -100, "wdv": -39, "tlv": "Texas"}