{"loc": "Dyer", "iso": "US", "l1": "United States", "l2": "Tennessee", "lvl": 3, "pop": 37159, "key": 11212, "isd": true, "ppd": 35.608000000000004, "med": 38.3, "p65": 15.413, "p70": 9.732000000000001, "hos": 2.77, "exp": 78.86, "adr": 2.0, "amn": 216394.0, "amv": 1227352.0, "amd": 3821.0, "amt": 1480336.0, "tmn": [861, 0, 0, 2152, 134, 403, 807, 484, 0, 0, 672, 188, 296, 269, 242, 0, 0, 188, 430, 161, 161], "tmv": [2262, 2445, 2251, 1671, 0, 0, 2784, 2570, 2833, 3777, 2988, 2423, 2905, 2661, 3390, 3489, 0, 0, 0, 2411, 0], "tmd": [27, 0, 0, 27, 0, 54, 0, 0, 0, 0, 0, 0, 0, 135, 27, 0, 0, 0, 27, 27, 0], "wmn": 1185, "wmt": 15617, "wmd": 81, "wmv": 9292, "wdn": -38, "wdt": -17, "wdd": -40, "wdv": -54, "tlv": "Tennessee"}