{"loc": "East Godavari", "iso": "IN", "l1": "India", "l2": "Andhra Pradesh", "lvl": 3, "pop": 5151549, "key": 11221, "isd": true, "ppd": 450.41900000000004, "med": 28.2, "p65": 5.989, "p70": 3.4139999999999997, "hos": 0.53, "exp": 69.66, "adr": 0.0, "amn": 38773.0, "amv": 136149.0, "amd": 172.0, "amt": 342003.0, "tmn": [520, 549, 371, 208, 455, 685, 353, 460, 552, 456, 296, 568, 654, 666, 656, 558, 611, 567, 684, 699, 674], "tmv": [1179, 424, 1355, 1209, 1580, 1936, 1874, 1669, 587, 2024, 2002, 1581, 1678, 930, 1375, 511, 1134, 995, 883, 1069, 0], "tmd": [2, 3, 2, 2, 2, 2, 2, 2, 2, 2, 2, 2, 2, 2, 2, 2, 2, 2, 2, 2, 2], "wmn": 4453, "wmt": 11946, "wmd": 13, "wmv": 5972, "wdn": 22, "wdt": 2, "wdd": -2, "wdv": -43, "tlv": "Andhra Pradesh"}