{"loc": "Eau Claire", "iso": "US", "l1": "United States", "l2": "Wisconsin", "lvl": 3, "pop": 104646, "key": 11229, "isd": true, "ppd": 35.608000000000004, "med": 38.3, "p65": 15.413, "p70": 9.732000000000001, "hos": 2.77, "exp": 78.86, "adr": 1.0, "amn": 106636.0, "amv": 153709.0, "amd": 1089.0, "amt": 1116414.0, "tmn": [162, 210, 659, 210, 267, 296, 258, 238, 114, 420, 334, 344, 305, 238, 114, 57, 133, 143, 124, 133, 191], "tmv": [2687, 2448, 3374, 4677, 5132, 5139, 4690, 3336, 1695, 3330, 4023, 4903, 6734, 6595, 3662, 2393, 4746, 4917, 6132, 6772, 0], "tmd": [0, 0, 0, 0, 0, 10, 0, 0, 0, 0, 0, 29, 0, 0, 0, 29, 0, 0, 0, 0, 0], "wmn": 899, "wmt": 26029, "wmd": 29, "wmv": 28625, "wdn": -55, "wdt": -11, "wdd": 0, "wdv": -7, "tlv": "Wisconsin"}