{"loc": "East Godavari", "iso": "IN", "l1": "India", "l2": "Andhra Pradesh", "lvl": 3, "pop": 5151549, "key": 11221, "isd": true, "ppd": 450.41900000000004, "med": 28.2, "p65": 5.989, "p70": 3.4139999999999997, "hos": 0.53, "exp": 69.66, "adr": 0.0, "amn": 27165.0, "amv": 108165.0, "amd": 133.0, "amt": 302465.0, "tmn": [15, 21, 7, 26, 104, 119, 87, 145, 175, 19, 121, 165, 181, 171, 154, 176, 184, 252, 49, 274, 330], "tmv": [2710, 2550, 2125, 2901, 1917, 2401, 1978, 1966, 1945, 891, 2374, 0, 0, 2252, 0, 0, 0, 2420, 1705, 1575, 1605], "tmd": [0, 0, 0, 0, 0, 1, 0, 0, 0, 0, 0, 1, 1, 1, 1, 2, 2, 1, 2, 2, 2], "wmn": 1423, "wmt": 8696, "wmd": 8, "wmv": 7307, "wdn": 45, "wdt": 77, "wdd": 457, "wdv": -23, "tlv": "Andhra Pradesh"}