{"loc": "East Singhbhum", "iso": "IN", "l1": "India", "l2": "Jharkhand", "lvl": 3, "pop": 2291032, "key": 11226, "isd": true, "ppd": 450.41900000000004, "med": 28.2, "p65": 5.989, "p70": 3.4139999999999997, "hos": 0.53, "exp": 69.66, "adr": 2.0, "amn": 20014.0, "amv": 132066.0, "amd": 393.0, "amt": 200439.0, "tmn": [263, 432, 371, 388, 437, 425, 284, 319, 467, 391, 440, 422, 447, 245, 443, 231, 213, 252, 417, 129, 90], "tmv": [2420, 1705, 1575, 1605, 1977, 1179, 424, 1355, 1209, 1580, 1936, 1874, 1669, 587, 2024, 2002, 1581, 1678, 930, 1375, 511], "tmd": [7, 7, 11, 6, 6, 17, 6, 10, 14, 12, 11, 12, 11, 5, 7, 7, 8, 7, 4, 6, 4], "wmn": 1779, "wmt": 10664, "wmd": 40, "wmv": 10106, "wdn": -35, "wdt": 19, "wdd": -46, "wdv": -1, "tlv": "Jharkhand"}