{"loc": "East Khasi Hills", "iso": "IN", "l1": "India", "l2": "Meghalaya", "lvl": 3, "pop": 824059, "key": 11224, "isd": true, "ppd": 450.41900000000004, "med": 28.2, "p65": 5.989, "p70": 3.4139999999999997, "hos": 0.53, "exp": 69.66, "adr": 1.0, "amn": 10533.0, "amv": 12041.0, "amd": 148.0, "amt": 111138.0, "tmn": [1, 6, 4, 0, 1, 0, 1, 6, 1, 0, 2, 0, 2, 2, 0, -1, 1, 1, 3, 0, 0], "tmv": [335, 61, 0, 0, 246, 238, 478, 437, 281, 178, 245, 350, 332, 507, 499, 351, 42, 400, 555, 721, 0], "tmd": [0, 0, 0, 0, 0, 0, 0, 0, 0, 0, 0, 0, 0, 0, 0, 0, 0, 0, 0, 0, 0], "wmn": 5, "wmt": 2493, "wmd": 0, "wmv": 2572, "wdn": -67, "wdt": -8, "wdd": 0, "wdv": 10, "tlv": "Meghalaya"}