{"loc": "East Siang", "iso": "IN", "l1": "India", "l2": "Arunachal Pradesh", "lvl": 3, "pop": 99019, "key": 11225, "isd": true, "ppd": 450.41900000000004, "med": 28.2, "p65": 5.989, "p70": 3.4139999999999997, "hos": 0.53, "exp": 69.66, "adr": 0.0, "amn": 12008.0, "amv": 100275.0, "amd": 40.0, "amt": 278045.0, "tmn": [0, 0, 0, 0, 0, 0, 0, 0, 10, 20, 0, 10, 10, 50, 40, 30, 30, 90, 60, 100, 0], "tmv": [2902, 2874, 2261, 2996, 2710, 2550, 2125, 2901, 1917, 2401, 1978, 1966, 1945, 891, 2374, 0, 0, 2252, 4076, 0, 0], "tmd": [0, 0, 0, 0, 0, 0, 0, 0, 0, 0, 0, 0, 0, 0, 0, 0, 0, 0, 0, 0, 0], "wmn": 354, "wmt": 10627, "wmd": 0, "wmv": 8704, "wdn": 250, "wdt": 470, "wdd": 0, "wdv": -38, "tlv": "Arunachal Pradesh"}