{"loc": "East Jaintia Hills", "iso": "IN", "l1": "India", "l2": "Meghalaya", "lvl": 3, "pop": 122436, "key": 11222, "isd": true, "ppd": 450.41900000000004, "med": 28.2, "p65": 5.989, "p70": 3.4139999999999997, "hos": 0.53, "exp": 69.66, "adr": 0.0, "amn": 4835.0, "amv": 96199.0, "amd": 0.0, "amt": 132448.0, "tmn": [0, 0, 0, 8, 0, 16, 8, 0, 8, -8, 8, 16, 0, 40, 49, 16, 8, 8, 32, 81, 32], "tmv": [2119, 2264, 2902, 2874, 2261, 2996, 2710, 2550, 2125, 2901, 1917, 2401, 1978, 1966, 1945, 891, 2374, 0, 0, 2252, 0], "tmd": [0, 0, 0, 0, 0, 0, 0, 0, 0, 0, 0, 0, 0, 0, 0, 0, 0, 0, 0, 0, 0], "wmn": 229, "wmt": 4191, "wmd": 0, "wmv": 7464, "wdn": 250, "wdt": -2, "wdd": 0, "wdv": -53, "tlv": "Meghalaya"}