{"loc": "East Jaintia Hills", "iso": "IN", "l1": "India", "l2": "Meghalaya", "lvl": 3, "pop": 122436, "key": 11222, "isd": true, "ppd": 450.41900000000004, "med": 28.2, "p65": 5.989, "p70": 3.4139999999999997, "hos": 0.53, "exp": 69.66, "adr": 0.0, "amn": 5015.0, "amv": 100275.0, "amd": 0.0, "amt": 133489.0, "tmn": [0, 8, 0, 16, 8, 0, 8, -8, 8, 16, 0, 40, 49, 16, 8, 8, 32, 81, 32, 65, 114], "tmv": [2902, 2874, 2261, 2996, 2710, 2550, 2125, 2901, 1917, 2401, 1978, 1966, 1945, 891, 2374, 0, 0, 2252, 4076, 0, 0], "tmd": [0, 0, 0, 0, 0, 0, 0, 0, 0, 0, 0, 0, 0, 0, 0, 0, 0, 0, 0, 0, 0], "wmn": 344, "wmt": 4120, "wmd": 0, "wmv": 8704, "wdn": 180, "wdt": 0, "wdd": 0, "wdv": -38, "tlv": "Meghalaya"}