{"loc": "East Siang", "iso": "IN", "l1": "India", "l2": "Arunachal Pradesh", "lvl": 3, "pop": 99019, "key": 11225, "isd": true, "ppd": 450.41900000000004, "med": 28.2, "p65": 5.989, "p70": 3.4139999999999997, "hos": 0.53, "exp": 69.66, "adr": 0.0, "amn": 13735.0, "amv": 132066.0, "amd": 61.0, "amt": 320140.0, "tmn": [90, 80, 30, 50, 30, 141, 10, 171, 141, 70, 100, 40, 121, 0, 151, 121, 191, 60, 0, 111, 10], "tmv": [2420, 1705, 1575, 1605, 1977, 1179, 424, 1355, 1209, 1580, 1936, 1874, 1669, 587, 2024, 2002, 1581, 1678, 930, 1375, 511], "tmd": [0, 0, 0, 0, 0, 0, 0, 0, 0, 0, 0, 11, 0, 0, 0, 0, 0, 11, 0, 0, 0], "wmn": 647, "wmt": 12675, "wmd": 11, "wmv": 10106, "wdn": 0, "wdt": -14, "wdd": 0, "wdv": -1, "tlv": "Arunachal Pradesh"}