{"loc": "Eddy", "iso": "US", "l1": "United States", "l2": "North Dakota", "lvl": 3, "pop": 2287, "key": 11234, "isd": true, "ppd": 35.608000000000004, "med": 38.3, "p65": 15.413, "p70": 9.732000000000001, "hos": 2.77, "exp": 78.86, "adr": 1.0, "amn": 234368.0, "amv": 1263117.0, "amd": 2624.0, "amt": 2432742.0, "tmn": [874, 1311, 437, 0, 0, 1311, 0, 874, 1749, 874, 0, 0, 1311, 0, 874, 1311, 3060, 0, 0, 874, 874], "tmv": [2661, 3390, 3489, 0, 0, 0, 2411, 3257, 3418, 2659, 2485, 1614, 1945, 2278, 2491, 2890, 2710, 2395, 1993, 2154, 3467], "tmd": [0, 0, 0, 0, 0, 0, 0, 0, 0, 0, 0, 0, 0, 0, 0, 0, 0, 0, 0, 0, 0], "wmn": 6997, "wmt": 28999, "wmd": 0, "wmv": 18105, "wdn": 45, "wdt": -5, "wdd": 0, "wdv": 3, "tlv": "North Dakota"}