{"loc": "Edgefield", "iso": "US", "l1": "United States", "l2": "South Carolina", "lvl": 3, "pop": 27260, "key": 11237, "isd": true, "ppd": 35.608000000000004, "med": 38.3, "p65": 15.413, "p70": 9.732000000000001, "hos": 2.77, "exp": 78.86, "adr": 1.0, "amn": 117498.0, "amv": 1031255.0, "amd": 1577.0, "amt": 1322039.0, "tmn": [0, 0, 110, 0, 0, 36, 73, 0, 0, 73, 0, 36, 36, 73, 0, 0, 220, 73, 110, 110, 110], "tmv": [3524, 1923, 0, 0, 1326, 2107, 1883, 1818, 1779, 1363, 1036, 1655, 1721, 1666, 1928, 1520, 1539, 740, 1856, 2005, 0], "tmd": [0, 0, 0, 0, 0, 0, 0, 0, 0, 0, 0, 0, 0, 0, 0, 0, 0, 0, 0, 0, 0], "wmn": 624, "wmt": 9612, "wmd": 0, "wmv": 9591, "wdn": 183, "wdt": 15, "wdd": 0, "wdv": -13, "tlv": "South Carolina"}