{"loc": "Edgefield", "iso": "US", "l1": "United States", "l2": "South Carolina", "lvl": 3, "pop": 27260, "key": 11237, "isd": true, "ppd": 35.608000000000004, "med": 38.3, "p65": 15.413, "p70": 9.732000000000001, "hos": 2.77, "exp": 78.86, "adr": 1.0, "amn": 108621.0, "amv": 435440.0, "amd": 1504.0, "amt": 1089302.0, "tmn": [73, 36, 73, 220, 293, 220, 146, 183, 146, 586, 110, 476, 36, 0, 183, 183, 146, 256, 220, 146, 183], "tmv": [4864, 6157, 7535, 8875, 13887, 4118, 6135, 5026, 6980, 8171, 7842, 9493, 9226, 6156, 5181, 6849, 8594, 10257, 10611, 9961, 0], "tmd": [0, 0, 0, 0, 0, 0, 0, 0, 0, 0, 0, 0, 0, 0, 0, 37, 0, 0, 0, 0, 0], "wmn": 1321, "wmt": 28015, "wmd": 37, "wmv": 51456, "wdn": -14, "wdt": 7, "wdd": 0, "wdv": -3, "tlv": "South Carolina"}