{"loc": "Eddy", "iso": "US", "l1": "United States", "l2": "New Mexico", "lvl": 3, "pop": 58460, "key": 11233, "isd": true, "ppd": 35.608000000000004, "med": 38.3, "p65": 15.413, "p70": 9.732000000000001, "hos": 2.77, "exp": 78.86, "adr": 2.0, "amn": 140643.0, "amv": 1081852.0, "amd": 2617.0, "amt": 1873765.0, "tmn": [564, 581, 769, 581, 0, 0, 1642, 923, 684, 1043, 940, 0, 0, 2240, 1163, 1146, 1385, 1419, 0, 0, 2771], "tmv": [1200, 2288, 2155, 2600, 2160, 2477, 1419, 1374, 2201, 2622, 2492, 2548, 2348, 1615, 1875, 1986, 1986, 2786, 3007, 2017, 0], "tmd": [0, 0, 0, 0, 0, 0, 0, 18, 18, 18, 0, 0, 0, 0, 35, 0, 35, 35, 0, 0, 18], "wmn": 7886, "wmt": 31907, "wmd": 120, "wmv": 13660, "wdn": 35, "wdt": 26, "wdd": 133, "wdv": -10, "tlv": "New Mexico"}