{"loc": "Ector", "iso": "US", "l1": "United States", "l2": "Texas", "lvl": 3, "pop": 166223, "key": 11231, "isd": true, "ppd": 35.608000000000004, "med": 38.3, "p65": 15.413, "p70": 9.732000000000001, "hos": 2.77, "exp": 78.86, "adr": 2.0, "amn": 104552.0, "amv": 861822.0, "amd": 2250.0, "amt": 829919.0, "tmn": [0, 0, 264, 132, 60, 54, 24, 0, 0, 318, 48, 54, 114, 18, 0, 0, 126, 48, 24, 30, 78], "tmv": [6458, 3608, 3001, 5456, 7305, 8515, 7794, 7192, 5713, 4653, 4699, 5814, 5591, 7265, 6352, 4511, 3409, 5326, 6395, 6671, 7120], "tmd": [7, 0, 0, 0, 13, 0, 0, 0, 0, 0, 7, 0, 7, 7, 0, 0, 0, 7, 0, 0, 0], "wmn": 307, "wmt": 10491, "wmd": 7, "wmv": 39789, "wdn": -45, "wdt": -1, "wdd": -67, "wdv": -3, "tlv": "Texas"}