{"loc": "Edgefield", "iso": "US", "l1": "United States", "l2": "South Carolina", "lvl": 3, "pop": 27260, "key": 11237, "isd": true, "ppd": 35.608000000000004, "med": 38.3, "p65": 15.413, "p70": 9.732000000000001, "hos": 2.77, "exp": 78.86, "adr": 1.0, "amn": 105393.0, "amv": 306945.0, "amd": 1467.0, "amt": 1024148.0, "tmn": [770, 1027, 330, 586, 220, 586, 366, 550, 660, 110, 476, 440, 476, 256, 146, 73, 73, 36, 73, 220, 293], "tmv": [5466, 3298, 2593, 4349, 5491, 6616, 7139, 7375, 5050, 5255, 5793, 6168, 7391, 8814, 7404, 5275, 4864, 6157, 7535, 8875, 0], "tmd": [0, 0, 37, 0, 37, 0, 0, 37, 0, 0, 74, 0, 0, 0, 0, 0, 0, 0, 0, 0, 0], "wmn": 918, "wmt": 28403, "wmd": 0, "wmv": 40113, "wdn": -69, "wdt": 16, "wdd": -100, "wdv": -13, "tlv": "South Carolina"}