{"loc": "Edmonson", "iso": "US", "l1": "United States", "l2": "Kentucky", "lvl": 3, "pop": 12150, "key": 11238, "isd": true, "ppd": 35.608000000000004, "med": 38.3, "p65": 15.413, "p70": 9.732000000000001, "hos": 2.77, "exp": 78.86, "adr": 3.0, "amn": 75391.0, "amv": 854702.0, "amd": 1893.0, "amt": 1180399.0, "tmn": [82, 0, 0, 411, 164, 0, 0, 164, 0, 0, 164, 82, -82, 82, 0, 0, 0, 0, 82, 0, 82], "tmv": [10027, 6458, 3608, 3001, 5456, 7305, 8515, 7794, 7192, 5713, 4653, 4699, 5814, 5591, 7265, 6352, 4511, 3409, 5326, 6395, 6671], "tmd": [0, 0, 0, 0, 0, 0, 0, 0, 0, 0, 0, 165, 0, 0, 0, 0, 0, 0, 0, 0, 0], "wmn": 165, "wmt": 11562, "wmd": 0, "wmv": 39934, "wdn": -60, "wdt": -7, "wdd": -100, "wdv": -4, "tlv": "Kentucky"}