{"loc": "Edgefield", "iso": "US", "l1": "United States", "l2": "South Carolina", "lvl": 3, "pop": 27260, "key": 11237, "isd": true, "ppd": 35.608000000000004, "med": 38.3, "p65": 15.413, "p70": 9.732000000000001, "hos": 2.77, "exp": 78.86, "adr": 1.0, "amn": 111592.0, "amv": 635594.0, "amd": 1504.0, "amt": 1156325.0, "tmn": [36, 146, 0, 220, 110, 0, 293, 146, 146, 330, 110, 183, 110, 220, 0, 110, 73, 256, 220, 36, 220], "tmv": [5431, 8106, 10192, 12065, 12389, 10214, 6477, 4262, 8755, 10329, 12013, 14052, 10864, 8027, 7863, 7615, 10699, 12037, 10893, 10729, 0], "tmd": [0, 0, 0, 0, 0, 0, 0, 0, 0, 0, 0, 0, 0, 0, 0, 0, 0, 0, 0, 0, 0], "wmn": 918, "wmt": 21875, "wmd": 0, "wmv": 59839, "wdn": -26, "wdt": -15, "wdd": 0, "wdv": -12, "tlv": "South Carolina"}