{"loc": "El Paso", "iso": "US", "l1": "United States", "l2": "Colorado", "lvl": 3, "pop": 720403, "key": 11248, "isd": true, "ppd": 35.608000000000004, "med": 38.3, "p65": 15.413, "p70": 9.732000000000001, "hos": 2.77, "exp": 78.86, "adr": 1.0, "amn": 93568.0, "amv": 814768.0, "amd": 1130.0, "amt": 1416909.0, "tmn": [305, 372, 277, 360, 138, 666, 449, 406, 259, 276, 394, 426, 334, 373, 366, 297, 319, 227, 358, 498, 349], "tmv": [10071, 9169, 6395, 4975, 6773, 8259, 8496, 10027, 6458, 3608, 3001, 5456, 7305, 8515, 7794, 7192, 5713, 4653, 4699, 5814, 5591], "tmd": [3, 0, 0, 0, 3, 6, 3, 0, 0, 0, 2, 7, 5, 2, -1, 2, 0, 3, 10, 6, -1], "wmn": 2417, "wmt": 32966, "wmd": 17, "wmv": 41459, "wdn": -2, "wdt": 0, "wdd": 20, "wdv": -7, "tlv": "Colorado"}