{"loc": "El Paso", "iso": "US", "l1": "United States", "l2": "Texas", "lvl": 3, "pop": 839238, "key": 11249, "isd": true, "ppd": 35.608000000000004, "med": 38.3, "p65": 15.413, "p70": 9.732000000000001, "hos": 2.77, "exp": 78.86, "adr": 2.0, "amn": 167818.0, "amv": 1100743.0, "amd": 3302.0, "amt": 988442.0, "tmn": [45, 204, 169, 179, 131, 156, 45, 158, 151, 128, 109, 153, 213, 76, 151, 173, 204, 116, 252, 275, 70], "tmv": [1419, 1374, 2201, 2622, 2492, 2548, 2348, 1615, 1875, 1986, 1986, 2786, 3007, 2017, 2605, 1830, 2139, 3106, 3068, 3187, 2953], "tmd": [0, 4, 0, 2, 2, 2, 2, 0, 0, 0, -1, 0, 3, 0, 0, 2, 2, 2, 0, 2, 0], "wmn": 1246, "wmt": 19995, "wmd": 5, "wmv": 18892, "wdn": 26, "wdt": 6, "wdd": 300, "wdv": 24, "tlv": "Texas"}