{"loc": "Edwards", "iso": "US", "l1": "United States", "l2": "Illinois", "lvl": 3, "pop": 6395, "key": 11240, "isd": true, "ppd": 35.608000000000004, "med": 38.3, "p65": 15.413, "p70": 9.732000000000001, "hos": 2.77, "exp": 78.86, "adr": 2.0, "amn": 94605.0, "amv": 1025114.0, "amd": 1876.0, "amt": 2074917.0, "tmn": [156, 469, 0, 0, 0, 0, 0, 0, 312, 625, 156, 0, 0, 781, 312, 312, 156, 0, 0, 0, 625], "tmv": [2241, 4154, 4949, 1994, 3524, 1923, 0, 0, 1326, 2107, 1883, 1818, 1779, 1363, 1036, 1655, 1721, 1666, 1928, 1520, 0], "tmd": [0, 0, 0, 0, 0, 0, 0, 0, 0, 0, 0, 0, 0, 0, 0, 0, 0, 0, 0, 0, 0], "wmn": 1408, "wmt": 18027, "wmd": 0, "wmv": 9530, "wdn": -25, "wdt": 17, "wdd": 0, "wdv": -7, "tlv": "Illinois"}