{"loc": "Effingham", "iso": "US", "l1": "United States", "l2": "Georgia", "lvl": 3, "pop": 64296, "key": 11243, "isd": true, "ppd": 35.608000000000004, "med": 38.3, "p65": 15.413, "p70": 9.732000000000001, "hos": 2.77, "exp": 78.86, "adr": 1.0, "amn": 68760.0, "amv": 511713.0, "amd": 1011.0, "amt": 742381.0, "tmn": [-1104, 202, 15, 419, 62, 77, 171, 155, 124, 93, 139, 93, 31, 93, 15, 0, 186, 108, 124, 31, 77], "tmv": [6980, 8171, 7842, 9493, 9226, 6156, 5181, 6849, 8594, 10257, 10611, 9961, 7133, 5431, 8106, 10192, 12065, 12389, 10214, 6477, 4262], "tmd": [-31, 16, 0, 0, 0, 0, 0, 16, 16, 16, 0, 0, 0, 0, 0, 0, 0, 0, 0, 0, 0], "wmn": 545, "wmt": 11074, "wmd": 0, "wmv": 63709, "wdn": -26, "wdt": -5, "wdd": -100, "wdv": 8, "tlv": "Georgia"}