{"loc": "Elko", "iso": "US", "l1": "United States", "l2": "Nevada", "lvl": 3, "pop": 52778, "key": 11256, "isd": true, "ppd": 35.608000000000004, "med": 38.3, "p65": 15.413, "p70": 9.732000000000001, "hos": 2.77, "exp": 78.86, "adr": 1.0, "amn": 152526.0, "amv": 1242734.0, "amd": 2046.0, "amt": 1448622.0, "tmn": [1458, 1705, 0, 0, 1705, 1951, 795, 0, 966, 0, 0, 1970, 814, 0, 1269, 795, 0, 0, 1193, 1439, 776], "tmv": [2784, 2570, 2833, 3777, 2988, 2423, 2905, 2661, 3390, 3489, 0, 0, 0, 2411, 3257, 3418, 2659, 2485, 1614, 1945, 0], "tmd": [38, 57, 0, 0, 0, 0, 57, 0, 0, 0, 0, 38, 57, 0, 38, 0, 0, 0, 38, 0, 57], "wmn": 5476, "wmt": 22001, "wmd": 133, "wmv": 15382, "wdn": 46, "wdt": 7, "wdd": 40, "wdv": 29, "tlv": "Nevada"}