{"loc": "Elkhart", "iso": "US", "l1": "United States", "l2": "Indiana", "lvl": 3, "pop": 206341, "key": 11255, "isd": true, "ppd": 35.608000000000004, "med": 38.3, "p65": 15.413, "p70": 9.732000000000001, "hos": 2.77, "exp": 78.86, "adr": 2.0, "amn": 139788.0, "amv": 830268.0, "amd": 2147.0, "amt": 1512796.0, "tmn": [179, 431, 416, 295, 319, 348, 208, 169, 368, 348, 276, 179, 213, 126, 179, 271, 300, 242, 189, 150, 140], "tmv": [4975, 6773, 8259, 8496, 10027, 6458, 3608, 3001, 5456, 7305, 8515, 7794, 7192, 5713, 4653, 4699, 5814, 5591, 7265, 8234, 0], "tmd": [0, 5, 0, 0, 10, 0, 5, 0, 5, 5, 10, 0, 5, 0, 0, 0, 0, 0, 0, 0, 5], "wmn": 1474, "wmt": 23786, "wmd": 5, "wmv": 36259, "wdn": -12, "wdt": -10, "wdd": -80, "wdv": -19, "tlv": "Indiana"}