{"loc": "Elbert", "iso": "US", "l1": "United States", "l2": "Colorado", "lvl": 3, "pop": 26729, "key": 11251, "isd": true, "ppd": 35.608000000000004, "med": 38.3, "p65": 15.413, "p70": 9.732000000000001, "hos": 2.77, "exp": 78.86, "adr": 1.0, "amn": 70560.0, "amv": 977712.0, "amd": 524.0, "amt": 1562237.0, "tmn": [74, 74, 149, 112, 187, 224, 299, 37, 74, 0, 299, 224, 0, 0, 0, 0, 336, 37, 0, 112, 0], "tmv": [3682, 3252, 2518, 2835, 2495, 4865, 3672, 4016, 3766, 3121, 6234, 3276, 3244, 2575, 1851, 1965, 1967, 2474, 1554, 2803, 0], "tmd": [0, 0, 0, 0, 0, 0, 0, 0, 0, 0, 0, 0, 0, 0, 0, 0, 0, 0, 0, 0, 38], "wmn": 487, "wmt": 15388, "wmd": 38, "wmv": 12617, "wdn": -24, "wdt": -9, "wdd": 0, "wdv": -52, "tlv": "Colorado"}