{"loc": "Elbert", "iso": "US", "l1": "United States", "l2": "Colorado", "lvl": 3, "pop": 26729, "key": 11251, "isd": true, "ppd": 35.608000000000004, "med": 38.3, "p65": 15.413, "p70": 9.732000000000001, "hos": 2.77, "exp": 78.86, "adr": 1.0, "amn": 94130.0, "amv": 1212726.0, "amd": 786.0, "amt": 1970573.0, "tmn": [0, 0, 1122, 336, 187, 299, 636, 0, 0, 785, 710, 336, 561, 636, 0, 0, 748, 561, 411, 598, 598], "tmv": [2781, 2047, 1978, 1647, 2163, 995, 2262, 2445, 2251, 1671, 0, 0, 2784, 2570, 2833, 3777, 2988, 2423, 2905, 2661, 0], "tmd": [0, 0, 0, 0, 0, 0, 38, 0, 0, 0, 0, 0, 0, 0, 0, 0, 38, 0, 0, 0, 38], "wmn": 2919, "wmt": 37488, "wmd": 75, "wmv": 17591, "wdn": -4, "wdt": -2, "wdd": 0, "wdv": 50, "tlv": "Colorado"}