{"loc": "Elk", "iso": "US", "l1": "United States", "l2": "Pennsylvania", "lvl": 3, "pop": 29910, "key": 11254, "isd": true, "ppd": 35.608000000000004, "med": 38.3, "p65": 15.413, "p70": 9.732000000000001, "hos": 2.77, "exp": 78.86, "adr": 1.0, "amn": 93113.0, "amv": 700431.0, "amd": 1270.0, "amt": 998996.0, "tmn": [267, 534, 768, 668, 200, 200, 133, 401, 200, 367, 468, 267, 66, 100, 200, 267, 133, 334, 133, 167, 167], "tmv": [4262, 8755, 10329, 12013, 14052, 10864, 8027, 7863, 7615, 10699, 12037, 10893, 10729, 6600, 5484, 7781, 9092, 10242, 10071, 9169, 6395], "tmd": [0, 0, 0, 0, 0, 0, 0, 34, 0, 0, 0, 0, 0, 0, 0, 0, 0, 0, 0, 0, 0], "wmn": 1405, "wmt": 24906, "wmd": 0, "wmv": 58238, "wdn": -25, "wdt": -1, "wdd": -100, "wdv": -12, "tlv": "Pennsylvania"}