{"loc": "Elk", "iso": "US", "l1": "United States", "l2": "Kansas", "lvl": 3, "pop": 2530, "key": 11253, "isd": true, "ppd": 35.608000000000004, "med": 38.3, "p65": 15.413, "p70": 9.732000000000001, "hos": 2.77, "exp": 78.86, "adr": 3.0, "amn": 70751.0, "amv": 343093.0, "amd": 1976.0, "amt": 444131.0, "tmn": [790, 0, 0, 395, 0, 395, 0, 0, 0, 0, 0, 0, 1185, 0, -395, 0, 0, 0, 0, 0, 0], "tmv": [6616, 7139, 7375, 5050, 5255, 5793, 6168, 7391, 8814, 7404, 5275, 4864, 6157, 7535, 8875, 13887, 4118, 6135, 5026, 6980, 0], "tmd": [0, 0, 0, 0, 0, 0, 0, 0, 0, 0, 0, 0, 0, 0, 0, 0, 0, 0, 0, 0, 0], "wmn": -395, "wmt": 4630, "wmd": 0, "wmv": 45024, "wdn": -133, "wdt": -14, "wdd": 0, "wdv": -5, "tlv": "Kansas"}