{"loc": "Elk", "iso": "US", "l1": "United States", "l2": "Pennsylvania", "lvl": 3, "pop": 29910, "key": 11254, "isd": true, "ppd": 35.608000000000004, "med": 38.3, "p65": 15.413, "p70": 9.732000000000001, "hos": 2.77, "exp": 78.86, "adr": 2.0, "amn": 75560.0, "amv": 160515.0, "amd": 1170.0, "amt": 765497.0, "tmn": [100, 702, 501, 601, 234, 133, 434, 468, 200, 468, 200, 167, 300, 133, 568, 434, 100, 234, 334, 167, 66], "tmv": [2448, 3374, 4677, 5132, 5139, 4690, 3336, 1695, 3330, 4023, 4903, 6734, 6595, 3662, 2393, 4746, 4917, 6132, 6772, 6806, 0], "tmd": [34, 34, 0, 0, 0, 0, 0, 0, 0, 0, 34, 0, 0, -33, 0, 34, 0, 0, 0, 0, 34], "wmn": 1906, "wmt": 26592, "wmd": 67, "wmv": 31769, "wdn": -2, "wdt": -93, "wdd": 0, "wdv": 3, "tlv": "Pennsylvania"}