{"loc": "Elbert", "iso": "US", "l1": "United States", "l2": "Colorado", "lvl": 3, "pop": 26729, "key": 11251, "isd": true, "ppd": 35.608000000000004, "med": 38.3, "p65": 15.413, "p70": 9.732000000000001, "hos": 2.77, "exp": 78.86, "adr": 1.0, "amn": 109432.0, "amv": 1354464.0, "amd": 973.0, "amt": 2215334.0, "tmn": [0, 0, 710, 336, 374, 486, 149, 0, 0, 673, 336, 374, 486, 224, 0, 0, 710, 187, 673, 187, 299], "tmv": [2361, 1265, 4095, 4257, 4381, 4544, 5255, 2753, 1460, 3910, 4355, 4594, 4119, 5128, 2996, 1521, 3915, 2663, 347, 0, 0], "tmd": [0, 0, 0, 0, 0, 0, 0, 0, 0, 0, 0, 0, 0, 0, 0, 0, 75, 0, 38, 0, 0], "wmn": 2058, "wmt": 43580, "wmd": 113, "wmv": 11446, "wdn": -2, "wdt": -16, "wdd": 0, "wdv": -57, "tlv": "Colorado"}