{"loc": "Elmore", "iso": "US", "l1": "United States", "l2": "Idaho", "lvl": 3, "pop": 27511, "key": 11263, "isd": true, "ppd": 35.608000000000004, "med": 38.3, "p65": 15.413, "p70": 9.732000000000001, "hos": 2.77, "exp": 78.86, "adr": 1.0, "amn": 135364.0, "amv": 1212726.0, "amd": 1381.0, "amt": 545840.0, "tmn": [1453, 327, 872, 2798, 763, 763, 799, 1563, 872, 2617, 1344, 1126, 1344, 1490, 581, 726, 1090, 945, 581, 109, 945], "tmv": [2781, 2047, 1978, 1647, 2163, 995, 2262, 2445, 2251, 1671, 0, 0, 2784, 2570, 2833, 3777, 2988, 2423, 2905, 2661, 0], "tmd": [0, 0, 0, 37, 37, 37, 37, 0, 0, 0, 0, 0, 110, 110, 0, 0, 0, 37, 0, 0, 0], "wmn": 4980, "wmt": 8521, "wmd": 37, "wmv": 17591, "wdn": -52, "wdt": -12, "wdd": -83, "wdv": 50, "tlv": "Idaho"}