{"loc": "Ellis", "iso": "US", "l1": "United States", "l2": "Texas", "lvl": 3, "pop": 184826, "key": 11260, "isd": true, "ppd": 35.608000000000004, "med": 38.3, "p65": 15.413, "p70": 9.732000000000001, "hos": 2.77, "exp": 78.86, "adr": 1.0, "amn": 162553.0, "amv": 1165506.0, "amd": 2072.0, "amt": 1090830.0, "tmn": [0, 0, 0, 2142, 714, 1525, 1693, 633, 0, 0, 0, 4290, 1417, 789, 643, 0, 0, 2137, 881, 1011, 752], "tmv": [3257, 2889, 2103, 1988, 3241, 2538, 4249, 2950, 0, 0, 0, 2913, 2024, 2876, 2739, 2336, 1790, 1886, 2554, 2257, 2903], "tmd": [17, 6, 0, 0, 17, 22, 6, 11, 0, 6, 6, 6, 6, 11, 22, 22, 0, 17, 11, 6, 17], "wmn": 5427, "wmt": 28913, "wmd": 92, "wmv": 16467, "wdn": -24, "wdt": 0, "wdd": 112, "wdv": 53, "tlv": "Texas"}