{"loc": "Emmet", "iso": "US", "l1": "United States", "l2": "Michigan", "lvl": 3, "pop": 33415, "key": 11267, "isd": true, "ppd": 35.608000000000004, "med": 38.3, "p65": 15.413, "p70": 9.732000000000001, "hos": 2.77, "exp": 78.86, "adr": 1.0, "amn": 98848.0, "amv": 1240788.0, "amd": 1466.0, "amt": 1702929.0, "tmn": [1226, 0, 1256, 0, 0, 1675, 0, 1556, 0, 1256, 0, 0, 1436, 0, 1556, 0, 1346, 0, 0, 1346, 0], "tmv": [0, 2784, 2570, 2833, 3777, 2988, 2423, 2905, 2661, 3390, 3489, 0, 0, 0, 2411, 3257, 3418, 2659, 2485, 1614, 0], "tmd": [30, 0, 0, 0, 0, 30, 0, 0, 0, 30, 0, 0, 0, 0, 0, 0, 0, 0, 0, 0, 0], "wmn": 4250, "wmt": 27831, "wmd": 0, "wmv": 15848, "wdn": 0, "wdt": -4, "wdd": -100, "wdv": 27, "tlv": "Michigan"}