{"loc": "Emmet", "iso": "US", "l1": "United States", "l2": "Michigan", "lvl": 3, "pop": 33415, "key": 11267, "isd": true, "ppd": 35.608000000000004, "med": 38.3, "p65": 15.413, "p70": 9.732000000000001, "hos": 2.77, "exp": 78.86, "adr": 2.0, "amn": 52102.0, "amv": 466304.0, "amd": 1197.0, "amt": 1151414.0, "tmn": [149, 59, 0, 29, 239, 179, 59, 59, 299, 0, 359, 359, 299, 269, 149, 299, 0, 658, 538, 508, 718], "tmv": [8875, 13887, 4118, 6135, 5026, 6980, 8171, 7842, 9493, 9226, 6156, 5181, 6849, 8594, 10257, 10611, 9961, 7133, 5431, 8106, 10192], "tmd": [0, 0, 0, 0, 0, 0, 0, 0, 0, 0, 0, 0, 0, 0, 0, 0, 0, 0, 0, 0, 30], "wmn": 2873, "wmt": 27779, "wmd": 30, "wmv": 61695, "wdn": 75, "wdt": 11, "wdd": 0, "wdv": 16, "tlv": "Michigan"}