{"loc": "Elmore", "iso": "US", "l1": "United States", "l2": "Idaho", "lvl": 3, "pop": 27511, "key": 11263, "isd": true, "ppd": 35.608000000000004, "med": 38.3, "p65": 15.413, "p70": 9.732000000000001, "hos": 2.77, "exp": 78.86, "adr": 1.0, "amn": 153102.0, "amv": 1303449.0, "amd": 1708.0, "amt": 572451.0, "tmn": [72, 2326, 981, 1126, 363, 1163, 436, 545, 327, 399, 726, 399, 472, 327, 0, 654, 72, 690, 218, 327, 981], "tmv": [780, 2376, 2334, 2342, 2403, 3887, 2378, 1359, 4316, 4363, 4502, 4400, 4864, 2267, 1210, 3657, 3104, 3335, 2510, 342, 0], "tmd": [0, 0, 0, 37, 0, 0, 0, 0, 0, 0, 37, 0, 0, 0, 0, 0, 37, 37, 0, 37, 0], "wmn": 2945, "wmt": 5784, "wmd": 110, "wmv": 14161, "wdn": -8, "wdt": -16, "wdd": 200, "wdv": -46, "tlv": "Idaho"}