{"loc": "Elmore", "iso": "US", "l1": "United States", "l2": "Idaho", "lvl": 3, "pop": 27511, "key": 11263, "isd": true, "ppd": 35.608000000000004, "med": 38.3, "p65": 15.413, "p70": 9.732000000000001, "hos": 2.77, "exp": 78.86, "adr": 1.0, "amn": 66192.0, "amv": 511713.0, "amd": 509.0, "amt": 380923.0, "tmn": [36, 36, 145, 72, 0, 508, 1563, 327, 254, 181, 72, 0, 254, 399, 472, 181, 472, 0, 0, 508, 617], "tmv": [6980, 8171, 7842, 9493, 9226, 6156, 5181, 6849, 8594, 10257, 10611, 9961, 7133, 5431, 8106, 10192, 12065, 12389, 10214, 6477, 4262], "tmd": [0, 0, 0, 0, 0, 0, 0, 0, 0, 0, 0, 0, 0, 0, 0, 0, 37, 0, 0, 0, 0], "wmn": 2254, "wmt": 4009, "wmd": 37, "wmv": 63709, "wdn": 51, "wdt": -2, "wdd": 0, "wdv": 8, "tlv": "Idaho"}