{"loc": "Elmore", "iso": "US", "l1": "United States", "l2": "Alabama", "lvl": 3, "pop": 81209, "key": 11262, "isd": true, "ppd": 35.608000000000004, "med": 38.3, "p65": 15.413, "p70": 9.732000000000001, "hos": 2.77, "exp": 78.86, "adr": 2.0, "amn": 166053.0, "amv": 1144139.0, "amd": 2906.0, "amt": 562193.0, "tmn": [1046, 1416, 997, 467, 0, 0, 2093, 886, 1145, 775, 1022, 603, 554, 1243, 1182, 935, 714, 554, 517, 960, 812], "tmv": [3068, 3187, 2953, 1851, 1966, 2813, 2807, 3250, 3257, 2889, 2103, 1988, 3241, 2538, 4249, 2950, 0, 0, 0, 2913, 0], "tmd": [13, 13, 0, 0, 0, 0, 25, 13, 0, 0, 0, 0, 0, 0, 25, 0, 0, 0, 0, 0, -12], "wmn": 5677, "wmt": 0, "wmd": 13, "wmv": 10114, "wdn": -9, "wdt": 0, "wdd": 0, "wdv": -48, "tlv": "Alabama"}