{"loc": "Ellis", "iso": "US", "l1": "United States", "l2": "Texas", "lvl": 3, "pop": 184826, "key": 11260, "isd": true, "ppd": 35.608000000000004, "med": 38.3, "p65": 15.413, "p70": 9.732000000000001, "hos": 2.77, "exp": 78.86, "adr": 1.0, "amn": 120394.0, "amv": 556863.0, "amd": 1672.0, "amt": 755250.0, "tmn": [0, 0, 221, 162, 43, 1644, 54, 0, 0, 275, 0, 422, 156, -200, 0, 0, 102, 108, 108, 75, 81], "tmv": [9226, 6156, 5181, 6849, 8594, 10257, 10611, 9961, 7133, 5431, 8106, 10192, 12065, 12389, 10214, 6477, 4262, 8755, 10329, 12013, 14052], "tmd": [0, 0, 0, 11, 0, 0, 6, 17, 0, 0, 0, 11, 0, 0, 0, 0, 6, 0, 0, 0, 0], "wmn": 477, "wmt": 16933, "wmd": 6, "wmv": 66105, "wdn": -27, "wdt": 27, "wdd": -80, "wdv": 1, "tlv": "Texas"}