{"loc": "Emmons", "iso": "US", "l1": "United States", "l2": "North Dakota", "lvl": 3, "pop": 3241, "key": 11268, "isd": true, "ppd": 35.608000000000004, "med": 38.3, "p65": 15.413, "p70": 9.732000000000001, "hos": 2.77, "exp": 78.86, "adr": 3.0, "amn": 167849.0, "amv": 1259649.0, "amd": 4628.0, "amt": 2430983.0, "tmn": [0, 308, 0, 0, 0, 0, 0, 308, 0, 925, 925, 0, 308, -308, 0, 308, 0, 308, 0, 617, 617], "tmv": [2905, 2661, 3390, 3489, 0, 0, 0, 2411, 3257, 3418, 2659, 2485, 1614, 1945, 2278, 2491, 2890, 2710, 2395, 1993, 2154], "tmd": [0, 0, 0, 0, 0, 0, 0, 309, 0, 0, 0, 0, 0, 0, 0, 0, 0, 0, 0, 0, 0], "wmn": 1852, "wmt": 30033, "wmd": 0, "wmv": 16916, "wdn": -14, "wdt": -4, "wdd": -100, "wdv": -5, "tlv": "North Dakota"}