{"loc": "Ellis", "iso": "US", "l1": "United States", "l2": "Texas", "lvl": 3, "pop": 184826, "key": 11260, "isd": true, "ppd": 35.608000000000004, "med": 38.3, "p65": 15.413, "p70": 9.732000000000001, "hos": 2.77, "exp": 78.86, "adr": 1.0, "amn": 110407.0, "amv": 186027.0, "amd": 1450.0, "amt": 662598.0, "tmn": [0, 2288, 649, 703, 660, 806, 0, 0, 1027, 638, 470, 438, 459, 0, 0, 0, 1433, 0, 0, 405, 0], "tmv": [3336, 1695, 3330, 4023, 4903, 6734, 6595, 3662, 2393, 4746, 4917, 6132, 6772, 6806, 0, 0, 3221, 4419, 5606, 5173, 0], "tmd": [6, 22, 28, 11, 17, 11, 6, 6, 28, 11, 28, 6, 11, 0, 0, 0, 0, 6, 0, 0, 6], "wmn": 1840, "wmt": 12248, "wmd": 11, "wmv": 18422, "wdn": -39, "wdt": -52, "wdd": -88, "wdv": -48, "tlv": "Texas"}