{"loc": "Equatorial Guinea", "iso": "GQ", "l1": "Equatorial Guinea", "l2": "0", "lvl": 1, "pop": 1402985, "key": 11271, "isd": true, "ppd": 45.193999999999996, "med": 22.4, "p65": 2.846, "p70": 1.7519999999999998, "hos": 2.1, "exp": 58.74, "adr": 1.0, "amn": 5145.0, "amv": 10036.0, "amd": 76.0, "amt": 0.0, "tmn": [0, 31, 0, 50, 0, 0, 36, 0, 8, 0, 0, 67, 0, 0, 0, 36, 0, 0, 0, 0, 114], "tmv": [0, 0, 0, 0, 0, 0, 0, 0, 0, 0, 0, 0, 0, 0, 0, 0, 0, 0, 0, 0, 0], "tmd": [0, 1, 0, 1, 0, 0, 0, 0, 0, 0, 0, 1, 0, 0, 0, 1, 0, 0, 0, 0, 2], "wmn": 151, "wmt": 0, "wmd": 3, "wmv": 0, "wdn": 99, "wdt": 0, "wdd": 200, "wdv": 0, "tlv": "Equatorial Guinea"}