{"loc": "Eritrea", "iso": "ER", "l1": "Eritrea", "l2": "0", "lvl": 1, "pop": 3546427, "key": 11276, "isd": true, "ppd": 44.303999999999995, "med": 19.3, "p65": 3.6069999999999998, "p70": 2.171, "hos": 0.7, "exp": 66.32, "adr": 0.0, "amn": 1078.0, "amv": 0.0, "amd": 3.0, "amt": 0.0, "tmn": [0, 0, 9, 0, 5, 3, 0, 0, 0, 0, 2, 7, 7, 2, 0, 0, 3, 18, 1, 0, 0], "tmv": [0, 0, 0, 0, 0, 0, 0, 0, 0, 0, 0, 0, 0, 0, 0, 0, 0, 0, 0, 0, 0], "tmd": [0, 0, 0, 0, 0, 0, 0, 0, 0, 1, 0, 0, 0, 0, 0, 0, 0, 0, 0, 0, 0], "wmn": 23, "wmt": 0, "wmd": 0, "wmv": 0, "wdn": 13, "wdt": 0, "wdd": -100, "wdv": 0, "tlv": "Eritrea"}