{"loc": "England", "iso": "GB", "l1": "United Kingdom", "l2": "England", "lvl": 2, "pop": 55977200, "key": 11270, "isd": true, "ppd": 272.89799999999997, "med": 40.8, "p65": 18.517, "p70": 12.527000000000001, "hos": 2.54, "exp": 81.32, "adr": 3.0, "amn": 65634.0, "amv": 314096.0, "amd": 1947.0, "amt": 1265725.0, "tmn": [214, 237, 208, 169, 153, 164, 195, 191, 183, 160, 150, 168, 130, 154, 154, 132, 116, 90, 84, 98, 96], "tmv": [7494, 8092, 7486, 3533, 4161, 5557, 7324, 6898, 5703, 5081, 2222, 3105, 5200, 7079, 7675, 7914, 6405, 3028, 3409, 0, 0], "tmd": [11, 12, 10, 5, 4, 14, 12, 7, 9, 8, 4, 3, 9, 7, 5, 6, 5, 3, 2, 6, 5], "wmn": 774, "wmt": 10775, "wmd": 29, "wmv": 28433, "wdn": -32, "wdt": -82, "wdd": -35, "wdv": -19, "tlv": "United Kingdom"}