{"loc": "England", "iso": "GB", "l1": "United Kingdom", "l2": "England", "lvl": 2, "pop": 55977200, "key": 11270, "isd": true, "ppd": 272.89799999999997, "med": 40.8, "p65": 18.517, "p70": 12.527000000000001, "hos": 2.54, "exp": 81.32, "adr": 2.0, "amn": 109024.0, "amv": 1352678.0, "amd": 2096.0, "amt": 3607941.0, "tmn": [526, 522, 477, 458, 427, 415, 483, 519, 486, 443, 397, 376, 370, 438, 506, 566, 512, 473, 479, 486, 514], "tmv": [3403, 3362, 3946, 2308, 2617, 2741, 3384, 2947, 2598, 2606, 1529, 1271, 2346, 2319, 2347, 2148, 2498, 1399, 1513, 0, 0], "tmd": [2, 2, 2, 1, 1, 3, 3, 3, 2, 3, 1, 1, 1, 4, 3, 2, 2, 2, 1, 4, 3], "wmn": 3541, "wmt": 0, "wmd": 14, "wmv": 9907, "wdn": 17, "wdt": -100, "wdd": 21, "wdv": -37, "tlv": "United Kingdom"}