{"loc": "Ernakulam", "iso": "IN", "l1": "India", "l2": "Kerala", "lvl": 3, "pop": 3279860, "key": 11277, "isd": true, "ppd": 450.41900000000004, "med": 28.2, "p65": 5.989, "p70": 3.4139999999999997, "hos": 0.53, "exp": 69.66, "adr": 0.0, "amn": 38335.0, "amv": 15209.0, "amd": 132.0, "amt": 334233.0, "tmn": [196, 158, 185, 163, 171, 156, 75, 147, 144, 124, 101, 126, 107, 73, 93, 85, 69, 88, 72, 66, 42], "tmv": [246, 238, 478, 437, 281, 178, 245, 350, 332, 507, 499, 351, 42, 400, 555, 721, 1006, 1081, 1032, 48, 0], "tmd": [1, 1, 1, 1, 0, 0, 1, 1, 2, 0, 0, 1, 0, 1, 1, 1, 1, 0, 1, 1, 0], "wmn": 519, "wmt": 11475, "wmd": 3, "wmv": 4446, "wdn": -37, "wdt": -10, "wdd": -12, "wdv": 79, "tlv": "Kerala"}