{"loc": "Erie", "iso": "US", "l1": "United States", "l2": "New York", "lvl": 3, "pop": 918702, "key": 11273, "isd": true, "ppd": 35.608000000000004, "med": 38.3, "p65": 15.413, "p70": 9.732000000000001, "hos": 2.77, "exp": 78.86, "adr": 2.0, "amn": 100745.0, "amv": 1086287.0, "amd": 1992.0, "amt": 3253789.0, "tmn": [100, 99, 99, 102, 40, 107, 91, 78, 97, 151, 114, 72, 108, 124, 148, 125, 146, 139, 104, 134, 142], "tmv": [2155, 2600, 2160, 2477, 1419, 1374, 2201, 2622, 2492, 2548, 2348, 1615, 1875, 1986, 1986, 2786, 3007, 2017, 2605, 1830, 0], "tmd": [0, 0, 0, 3, 0, 0, 0, 2, 0, 0, 2, 3, 3, 0, 2, 0, 4, 2, 2, 3, 0], "wmn": 942, "wmt": 48513, "wmd": 9, "wmv": 14234, "wdn": 26, "wdt": 12, "wdd": 33, "wdv": -8, "tlv": "New York"}