{"loc": "England", "iso": "GB", "l1": "United Kingdom", "l2": "England", "lvl": 2, "pop": 55977200, "key": 11270, "isd": true, "ppd": 272.89799999999997, "med": 40.8, "p65": 18.517, "p70": 12.527000000000001, "hos": 2.54, "exp": 81.32, "adr": 2.0, "amn": 115786.0, "amv": 1375109.0, "amd": 2128.0, "amt": 3925640.0, "tmn": [512, 473, 479, 486, 514, 473, 460, 413, 345, 367, 344, 381, 399, 402, 397, 385, 473, 437, 472, 502, 503], "tmv": [2498, 1399, 1513, 1656, 1665, 1804, 1736, 1855, 995, 1179, 1224, 1305, 1293, 1211, 1476, 732, 1047, 1037, 1083, 1125, 0], "tmd": [2, 2, 1, 4, 3, 3, 3, 3, 1, 1, 3, 3, 3, 3, 3, 1, 1, 4, 3, 3, 3], "wmn": 3173, "wmt": 68237, "wmd": 14, "wmv": 6504, "wdn": 19, "wdt": -31, "wdd": -5, "wdv": -28, "tlv": "United Kingdom"}