{"loc": "Equatorial Guinea", "iso": "GQ", "l1": "Equatorial Guinea", "l2": "0", "lvl": 1, "pop": 1402985, "key": 11271, "isd": true, "ppd": 45.193999999999996, "med": 22.4, "p65": 2.846, "p70": 1.7519999999999998, "hos": 2.1, "exp": 58.74, "adr": 1.0, "amn": 9384.0, "amv": 301335.0, "amd": 116.0, "amt": 168721.0, "tmn": [0, 121, 0, 0, 89, 0, 0, 0, 91, 0, 38, 0, 0, 0, 0, 128, 0, 54, 0, 0, 49], "tmv": [0, 0, 0, 0, 0, 0, 0, 0, 0, 0, 0, 0, 0, 0, 0, 0, 0, 0, 0, 0, 0], "tmd": [0, 3, 0, 0, 3, 0, 0, 0, 1, 0, 1, 0, 0, 0, 0, 4, 0, 2, 0, 0, 0], "wmn": 233, "wmt": 1080, "wmd": 5, "wmv": 0, "wdn": 78, "wdt": 0, "wdd": 250, "wdv": 0, "tlv": "Equatorial Guinea"}