{"loc": "Erie", "iso": "US", "l1": "United States", "l2": "New York", "lvl": 3, "pop": 918702, "key": 11273, "isd": true, "ppd": 35.608000000000004, "med": 38.3, "p65": 15.413, "p70": 9.732000000000001, "hos": 2.77, "exp": 78.86, "adr": 2.0, "amn": 107356.0, "amv": 1170335.0, "amd": 2046.0, "amt": 3512900.0, "tmn": [149, 145, 251, 229, 252, 144, 188, 181, 187, 250, 192, 341, 210, 215, 125, 175, 435, 272, 158, 289, 166], "tmv": [1988, 3241, 2538, 4249, 2950, 0, 0, 0, 2913, 2024, 2876, 2739, 2336, 1790, 1886, 2554, 2257, 2903, 2781, 2047, 0], "tmd": [3, 3, 5, 3, 3, 3, 0, 2, 0, 0, 3, 2, 5, 2, 4, 2, 3, 3, 2, 4, 2], "wmn": 1623, "wmt": 61630, "wmd": 15, "wmv": 14431, "wdn": 3, "wdt": 15, "wdd": 44, "wdv": -2, "tlv": "New York"}