{"loc": "Essex", "iso": "US", "l1": "United States", "l2": "New Jersey", "lvl": 3, "pop": 798975, "key": 11284, "isd": true, "ppd": 35.608000000000004, "med": 38.3, "p65": 15.413, "p70": 9.732000000000001, "hos": 2.77, "exp": 78.86, "adr": 3.0, "amn": 118836.0, "amv": 700431.0, "amd": 3597.0, "amt": 1505688.0, "tmn": [499, 657, 635, 534, 433, 470, 295, 576, 469, 637, 624, 538, 465, 325, 413, 500, 495, 445, 389, 236, -3535], "tmv": [4262, 8755, 10329, 12013, 14052, 10864, 8027, 7863, 7615, 10699, 12037, 10893, 10729, 6600, 5484, 7781, 9092, 10242, 10071, 9169, 6395], "tmd": [6, 9, 2, 2, 0, 0, 0, 8, 9, 7, 7, 4, 3, 4, 2, 12, 4, 4, 4, 2, 6], "wmn": -1055, "wmt": 38164, "wmd": 31, "wmv": 58238, "wdn": -129, "wdt": 0, "wdd": -23, "wdv": -12, "tlv": "New Jersey"}