{"loc": "Essex", "iso": "US", "l1": "United States", "l2": "Vermont", "lvl": 3, "pop": 6163, "key": 11286, "isd": true, "ppd": 35.608000000000004, "med": 38.3, "p65": 15.413, "p70": 9.732000000000001, "hos": 2.77, "exp": 78.86, "adr": 1.0, "amn": 46244.0, "amv": 841634.0, "amd": 325.0, "amt": 2670526.0, "tmn": [1135, 486, 486, 324, 162, 0, 162, 162, 973, 0, 162, 0, 0, 162, 0, 0, 0, 162, 0, 0, 324], "tmv": [8259, 8496, 10027, 6458, 3608, 3001, 5456, 7305, 8515, 7794, 7192, 5713, 4653, 4699, 5814, 5591, 7265, 6352, 4511, 3409, 5326], "tmd": [0, 0, 0, 0, 0, 0, 0, 0, 0, 0, 0, 0, 0, 0, 0, 0, 0, 0, 0, 0, 0], "wmn": 487, "wmt": 51734, "wmd": 0, "wmv": 38272, "wdn": -67, "wdt": -19, "wdd": 0, "wdv": -17, "tlv": "Vermont"}