{"loc": "Estill", "iso": "US", "l1": "United States", "l2": "Kentucky", "lvl": 3, "pop": 14106, "key": 11288, "isd": true, "ppd": 35.608000000000004, "med": 38.3, "p65": 15.413, "p70": 9.732000000000001, "hos": 2.77, "exp": 78.86, "adr": 1.0, "amn": 157876.0, "amv": 1263117.0, "amd": 851.0, "amt": 1630307.0, "tmn": [1417, 496, 0, 0, 1559, 0, 921, 0, 850, 0, 0, 779, 141, 1134, 496, 496, 0, 0, 212, 70, 567], "tmv": [2661, 3390, 3489, 0, 0, 0, 2411, 3257, 3418, 2659, 2485, 1614, 1945, 2278, 2491, 2890, 2710, 2395, 1993, 2154, 3467], "tmd": [0, 0, 0, 0, 0, 0, 0, 0, 0, 0, 0, 0, 0, 0, 0, 0, 0, 0, 0, 0, 0], "wmn": 1844, "wmt": 21569, "wmd": 0, "wmv": 18105, "wdn": -37, "wdt": -3, "wdd": 0, "wdv": 3, "tlv": "Kentucky"}