{"loc": "Essex", "iso": "US", "l1": "United States", "l2": "New Jersey", "lvl": 3, "pop": 798975, "key": 11284, "isd": true, "ppd": 35.608000000000004, "med": 38.3, "p65": 15.413, "p70": 9.732000000000001, "hos": 2.77, "exp": 78.86, "adr": 3.0, "amn": 120755.0, "amv": 1059187.0, "amd": 3807.0, "amt": 1672004.0, "tmn": [57, 56, 63, 35, 112, 92, 135, 72, 107, 63, 60, 105, 137, 148, 102, 82, 93, 105, 143, 145, 143], "tmv": [1666, 1928, 1520, 1539, 740, 1856, 2005, 1821, 2051, 2364, 1193, 1200, 2288, 2155, 2600, 2160, 2477, 1419, 1374, 2201, 2622], "tmd": [2, 2, 0, 0, 2, 2, -1, 2, 2, 0, 4, 2, 0, 0, 0, 3, 0, -1, 2, 0, 0], "wmn": 818, "wmt": 10248, "wmd": 3, "wmv": 14857, "wdn": 17, "wdt": 16, "wdd": -67, "wdv": 14, "tlv": "New Jersey"}