{"loc": "Essex", "iso": "US", "l1": "United States", "l2": "Massachusetts", "lvl": 3, "pop": 789034, "key": 11283, "isd": true, "ppd": 35.608000000000004, "med": 38.3, "p65": 15.413, "p70": 9.732000000000001, "hos": 2.77, "exp": 78.86, "adr": 2.0, "amn": 139320.0, "amv": 1216117.0, "amd": 3142.0, "amt": 4259019.0, "tmn": [0, 589, 182, 269, 359, 266, 0, 0, 679, 269, 254, 238, 243, 0, 0, 466, 174, 283, 244, 275, 0], "tmv": [2047, 1978, 1647, 2163, 995, 2262, 2445, 2251, 1671, 0, 0, 2784, 2570, 2833, 3777, 2988, 2423, 2905, 2661, 3390, 0], "tmd": [0, 2, 2, 2, 0, 0, 0, 0, 2, 6, 6, 8, 0, 0, 0, 3, 3, 4, 3, 3, 0], "wmn": 1445, "wmt": 85180, "wmd": 14, "wmv": 18148, "wdn": -14, "wdt": -3, "wdd": -27, "wdv": 50, "tlv": "Massachusetts"}