{"loc": "Essex", "iso": "US", "l1": "United States", "l2": "Massachusetts", "lvl": 3, "pop": 789034, "key": 11283, "isd": true, "ppd": 35.608000000000004, "med": 38.3, "p65": 15.413, "p70": 9.732000000000001, "hos": 2.77, "exp": 78.86, "adr": 2.0, "amn": 150378.0, "amv": 1354464.0, "amd": 3246.0, "amt": 4729897.0, "tmn": [0, 0, 551, 200, 294, 294, 370, 0, 0, 735, 264, 487, 0, 728, 0, 0, 953, 395, 641, 603, 422], "tmv": [2361, 1265, 4095, 4257, 4381, 4544, 5255, 2753, 1460, 3910, 4355, 4594, 4119, 5128, 2996, 1521, 3915, 2663, 347, 0, 0], "tmd": [0, 0, 3, 8, 3, 6, 4, 0, 0, 0, 4, 2, 0, 7, 0, 0, 4, 6, 12, 4, 4], "wmn": 3016, "wmt": 96104, "wmd": 28, "wmv": 11446, "wdn": 36, "wdt": 43, "wdd": 144, "wdv": -57, "tlv": "Massachusetts"}