{"loc": "Etowah", "iso": "US", "l1": "United States", "l2": "Alabama", "lvl": 3, "pop": 102268, "key": 11294, "isd": true, "ppd": 35.608000000000004, "med": 38.3, "p65": 15.413, "p70": 9.732000000000001, "hos": 2.77, "exp": 78.86, "adr": 2.0, "amn": 154232.0, "amv": 1074040.0, "amd": 3667.0, "amt": 562193.0, "tmn": [508, 244, 136, 440, 557, 0, 0, 1466, 254, 264, 772, 449, 870, 596, 576, 0, 1095, 704, 762, 1065, 850], "tmv": [2051, 2364, 1193, 1200, 2288, 2155, 2600, 2160, 2477, 1419, 1374, 2201, 2622, 2492, 2548, 2348, 1615, 1875, 1986, 1986, 0], "tmd": [0, 0, 0, 10, 10, 0, 0, 0, 0, 0, 0, 20, 0, 0, 0, 0, 0, 10, 0, 0, 20], "wmn": 5056, "wmt": 0, "wmd": 30, "wmv": 12361, "wdn": 8, "wdt": 0, "wdd": 50, "wdv": -16, "tlv": "Alabama"}