{"loc": "Evangeline", "iso": "US", "l1": "United States", "l2": "Louisiana", "lvl": 3, "pop": 33395, "key": 11297, "isd": true, "ppd": 35.608000000000004, "med": 38.3, "p65": 15.413, "p70": 9.732000000000001, "hos": 2.77, "exp": 78.86, "adr": 2.0, "amn": 168498.0, "amv": 1197969.0, "amd": 4013.0, "amt": 1982548.0, "tmn": [0, 1137, 1287, 449, 269, 0, 0, 1107, 299, 329, 269, 29, 0, 0, 449, 539, 239, 119, 329, 0, 0], "tmv": [1790, 1886, 2554, 2257, 2903, 2781, 2047, 1978, 1647, 2163, 995, 2262, 2445, 2251, 1671, 0, 0, 2784, 2570, 2833, 0], "tmd": [0, 0, 30, 30, 90, 0, 0, 60, 60, 30, 90, 120, 0, 0, 0, 60, 30, 0, 30, 0, 0], "wmn": 1677, "wmt": 34671, "wmd": 120, "wmv": 9860, "wdn": -18, "wdt": -7, "wdd": -67, "wdv": -28, "tlv": "Louisiana"}