{"loc": "Etowah", "iso": "US", "l1": "United States", "l2": "Alabama", "lvl": 3, "pop": 102268, "key": 11294, "isd": true, "ppd": 35.608000000000004, "med": 38.3, "p65": 15.413, "p70": 9.732000000000001, "hos": 2.77, "exp": 78.86, "adr": 2.0, "amn": 128711.0, "amv": 220982.0, "amd": 3119.0, "amt": 466422.0, "tmn": [195, 185, 176, 234, 273, 244, 215, 176, 117, 136, 146, 166, 97, 195, 136, 215, 127, 264, 244, 107, 88], "tmv": [6595, 3662, 2393, 4746, 4917, 6132, 6772, 6806, 0, 0, 3221, 4419, 5606, 5173, 5466, 3298, 2593, 4349, 5491, 6616, 7139], "tmd": [0, 0, 0, 108, 40, 89, 10, 0, 0, 0, 20, 0, 59, 10, 0, 0, 20, 30, 69, 0, 0], "wmn": 1184, "wmt": 6743, "wmd": 118, "wmv": 34956, "wdn": 14, "wdt": 14, "wdd": 33, "wdv": 39, "tlv": "Alabama"}