{"loc": "Etowah", "iso": "US", "l1": "United States", "l2": "Alabama", "lvl": 3, "pop": 102268, "key": 11294, "isd": true, "ppd": 35.608000000000004, "med": 38.3, "p65": 15.413, "p70": 9.732000000000001, "hos": 2.77, "exp": 78.86, "adr": 2.0, "amn": 126785.0, "amv": 160515.0, "amd": 2914.0, "amt": 455141.0, "tmn": [537, 674, 919, 635, 0, 889, 342, 440, 459, 635, 410, 303, 195, 185, 176, 234, 273, 244, 215, 176, 117], "tmv": [2448, 3374, 4677, 5132, 5139, 4690, 3336, 1695, 3330, 4023, 4903, 6734, 6595, 3662, 2393, 4746, 4917, 6132, 6772, 6806, 0], "tmd": [79, 235, 147, 118, 0, 59, 0, 79, 108, 59, 20, 0, 0, 0, 0, 108, 40, 89, 10, 0, 0], "wmn": 1438, "wmt": 8116, "wmd": 245, "wmv": 31769, "wdn": -45, "wdt": -16, "wdd": -7, "wdv": 3, "tlv": "Alabama"}