{"loc": "Evans", "iso": "US", "l1": "United States", "l2": "Georgia", "lvl": 3, "pop": 10654, "key": 11298, "isd": true, "ppd": 35.608000000000004, "med": 38.3, "p65": 15.413, "p70": 9.732000000000001, "hos": 2.77, "exp": 78.86, "adr": 2.0, "amn": 85414.0, "amv": 220982.0, "amd": 2065.0, "amt": 676435.0, "tmn": [93, 187, 1032, 187, 93, 281, 469, 93, 0, 375, 93, 187, 93, 187, 187, 93, 187, 93, 187, 563, 281], "tmv": [6595, 3662, 2393, 4746, 4917, 6132, 6772, 6806, 0, 0, 3221, 4419, 5606, 5173, 5466, 3298, 2593, 4349, 5491, 6616, 7139], "tmd": [0, 0, 0, 0, 94, 0, 0, 0, 0, 94, 0, 0, 0, 0, 0, 94, 94, 0, 0, 0, 0], "wmn": 1596, "wmt": 15304, "wmd": 188, "wmv": 34956, "wdn": 55, "wdt": -15, "wdd": 100, "wdv": 39, "tlv": "Georgia"}