{"loc": "Etowah", "iso": "US", "l1": "United States", "l2": "Alabama", "lvl": 3, "pop": 102268, "key": 11294, "isd": true, "ppd": 35.608000000000004, "med": 38.3, "p65": 15.413, "p70": 9.732000000000001, "hos": 2.77, "exp": 78.86, "adr": 2.0, "amn": 130930.0, "amv": 244457.0, "amd": 3178.0, "amt": 471369.0, "tmn": [244, 215, 176, 117, 136, 146, 166, 97, 195, 136, 215, 127, 264, 244, 107, 88, 127, 78, 78, 1828, 107], "tmv": [6132, 6772, 6806, 0, 0, 3221, 4419, 5606, 5173, 5466, 3298, 2593, 4349, 5491, 6616, 7139, 7375, 5050, 5255, 5793, 0], "tmd": [89, 10, 0, 0, 0, 20, 0, 59, 10, 0, 0, 20, 30, 69, 0, 0, 0, 0, 10, 0, 49], "wmn": 2416, "wmt": 7143, "wmd": 59, "wmv": 37231, "wdn": 89, "wdt": 7, "wdd": -68, "wdv": 16, "tlv": "Alabama"}