{"loc": "Evacuees", "iso": "IN", "l1": "India", "l2": "Rajasthan", "lvl": 3, "pop": 0, "key": 11296, "isd": true, "ppd": 450.41900000000004, "med": 28.2, "p65": 5.989, "p70": 3.4139999999999997, "hos": 0.53, "exp": 69.66, "adr": 0.0, "amn": 0, "amv": 18612.0, "amd": 0, "amt": 79901.0, "tmn": [0], "tmv": [437, 281, 178, 245, 350, 332, 507, 499, 351, 42, 400, 555, 721, 1006, 1081, 1032, 48, 1463, 984, 954, 0], "tmd": [0], "wmn": 0, "wmt": 1413, "wmd": 0, "wmv": 5565, "wdn": 0, "wdt": 10, "wdd": 0, "wdv": 56, "tlv": "Rajasthan"}