{"loc": "Etawah", "iso": "IN", "l1": "India", "l2": "Uttar Pradesh", "lvl": 3, "pop": 1579160, "key": 11292, "isd": true, "ppd": 450.41900000000004, "med": 28.2, "p65": 5.989, "p70": 3.4139999999999997, "hos": 0.53, "exp": 69.66, "adr": 2.0, "amn": 7484.0, "amv": 114312.0, "amd": 132.0, "amt": 176693.0, "tmn": [77, 122, 88, 222, 146, 58, 234, 197, 180, 271, 178, 164, 113, 92, 114, 253, 168, 189, 189, 140, 89], "tmv": [1978, 1966, 1945, 891, 2374, 0, 0, 2252, 0, 0, 0, 2420, 1705, 1575, 1605, 1977, 1179, 424, 1355, 1209, 0], "tmd": [1, 2, 2, 4, 1, 4, 2, 5, 4, 4, 3, 4, 2, 6, 6, 6, 3, 2, 6, 4, 2], "wmn": 1146, "wmt": 7164, "wmd": 25, "wmv": 7752, "wdn": -4, "wdt": 19, "wdd": -3, "wdv": -3, "tlv": "Uttar Pradesh"}