{"loc": "Etah", "iso": "IN", "l1": "India", "l2": "Uttar Pradesh", "lvl": 3, "pop": 1761152, "key": 11291, "isd": true, "ppd": 450.41900000000004, "med": 28.2, "p65": 5.989, "p70": 3.4139999999999997, "hos": 0.53, "exp": 69.66, "adr": 1.0, "amn": 4410.0, "amv": 114312.0, "amd": 31.0, "amt": 176693.0, "tmn": [45, 108, 103, 89, 115, 94, 103, 97, 128, 134, 147, 217, 141, 102, 230, 216, 129, 115, 173, 130, 119], "tmv": [1978, 1966, 1945, 891, 2374, 0, 0, 2252, 0, 0, 0, 2420, 1705, 1575, 1605, 1977, 1179, 424, 1355, 1209, 0], "tmd": [0, 0, 0, 1, 0, 0, 0, 1, 1, 1, 1, 0, 3, 0, 2, 1, 0, 0, 0, 3, 5], "wmn": 1116, "wmt": 7164, "wmd": 9, "wmv": 7752, "wdn": 15, "wdt": 19, "wdd": 88, "wdv": -3, "tlv": "Uttar Pradesh"}