{"loc": "Fairfield", "iso": "US", "l1": "United States", "l2": "South Carolina", "lvl": 3, "pop": 22347, "key": 11305, "isd": true, "ppd": 35.608000000000004, "med": 38.3, "p65": 15.413, "p70": 9.732000000000001, "hos": 2.77, "exp": 78.86, "adr": 3.0, "amn": 146642.0, "amv": 1283911.0, "amd": 4162.0, "amt": 1863136.0, "tmn": [44, 89, 268, 0, 0, 357, 89, 44, 89, 178, 0, 0, 313, 0, 0, 134, 134, 0, 0, 268, 44], "tmv": [2552, 2575, 2955, 1399, 770, 2354, 2306, 2307, 2345, 3781, 2315, 1328, 4158, 4126, 4122, 3797, 3784, 1119, 91, 0, 0], "tmd": [-44, 0, 0, 0, 0, 0, 0, 0, 0, 0, 0, 0, 0, 0, 0, 0, 0, 0, 0, 0, 0], "wmn": 582, "wmt": 29658, "wmd": 0, "wmv": 12915, "wdn": -7, "wdt": 1, "wdd": 0, "wdv": -37, "tlv": "South Carolina"}