{"loc": "Fajardo", "iso": "PR", "l1": "United States", "l2": "Puerto Rico", "lvl": 3, "pop": 29454, "key": 11306, "isd": true, "ppd": 35.608000000000004, "med": 38.3, "p65": 15.413, "p70": 9.732000000000001, "hos": 2.77, "exp": 78.86, "adr": 8.0, "amn": 45563.0, "amv": 1059187.0, "amd": 3497.0, "amt": 130151.0, "tmn": [0, 0, 135, 101, 33, 169, 0, 305, 101, 169, 169, 203, 101, 169, 33, 814, 373, 0, 135, 373, 169], "tmv": [1666, 1928, 1520, 1539, 740, 1856, 2005, 1821, 2051, 2364, 1193, 1200, 2288, 2155, 2600, 2160, 2477, 1419, 1374, 2201, 2622], "tmd": [0, 0, 0, 0, 0, 0, 0, 3497, 0, 0, -3496, 0, 0, 0, 0, 0, 0, 0, 0, 0, 0], "wmn": 1902, "wmt": 0, "wmd": 0, "wmv": 14857, "wdn": 56, "wdt": 0, "wdd": 0, "wdv": 14, "tlv": "Puerto Rico"}