{"loc": "Fairfield", "iso": "US", "l1": "United States", "l2": "South Carolina", "lvl": 3, "pop": 22347, "key": 11305, "isd": true, "ppd": 35.608000000000004, "med": 38.3, "p65": 15.413, "p70": 9.732000000000001, "hos": 2.77, "exp": 78.86, "adr": 3.0, "amn": 131472.0, "amv": 1136653.0, "amd": 3804.0, "amt": 1523157.0, "tmn": [1476, 313, 581, 626, 492, 0, 0, 1297, 1118, 581, 402, 894, 0, 0, 1789, 626, 402, 402, 805, 0, 0], "tmv": [2605, 1830, 2139, 3106, 3068, 3187, 2953, 1851, 1966, 2813, 2807, 3250, 3257, 2889, 2103, 1988, 3241, 2538, 4249, 2950, 0], "tmd": [0, 0, 0, 0, 0, 0, 0, 45, 0, 45, 0, 0, 0, 0, 0, 0, 0, 0, 0, 0, 0], "wmn": 4028, "wmt": 52846, "wmd": 0, "wmv": 17074, "wdn": -6, "wdt": 22, "wdd": -100, "wdv": -9, "tlv": "South Carolina"}