{"loc": "Fairfield", "iso": "US", "l1": "United States", "l2": "South Carolina", "lvl": 3, "pop": 22347, "key": 11305, "isd": true, "ppd": 35.608000000000004, "med": 38.3, "p65": 15.413, "p70": 9.732000000000001, "hos": 2.77, "exp": 78.86, "adr": 3.0, "amn": 108247.0, "amv": 996012.0, "amd": 3714.0, "amt": 1296461.0, "tmn": [0, 0, 0, 0, -134, 44, -178, 0, 0, -44, 0, 44, 0, 0, 0, 0, 178, 0, 134, 0, 89], "tmv": [4865, 3672, 4016, 3766, 3121, 6234, 3276, 3244, 2575, 1851, 1965, 1967, 2474, 1554, 2803, 3655, 3299, 2241, 4154, 4949, 0], "tmd": [0, 0, 0, 0, 0, 0, 0, 0, 0, 0, 0, 0, 0, 0, 0, 0, 0, 0, 0, 0, 0], "wmn": 403, "wmt": 8849, "wmd": 0, "wmv": 21104, "wdn": 0, "wdt": -1, "wdd": 0, "wdv": 35, "tlv": "South Carolina"}