{"loc": "Fairfield", "iso": "US", "l1": "United States", "l2": "Connecticut", "lvl": 3, "pop": 943332, "key": 11303, "isd": true, "ppd": 35.608000000000004, "med": 38.3, "p65": 15.413, "p70": 9.732000000000001, "hos": 2.77, "exp": 78.86, "adr": 2.0, "amn": 106463.0, "amv": 977712.0, "amd": 2334.0, "amt": 2453799.0, "tmn": [34, 12, 27, 22, 10, 0, 0, 38, 15, 10, 1, 14, 0, 0, 25, 25, 7, 21, 23, 0, 0], "tmv": [3682, 3252, 2518, 2835, 2495, 4865, 3672, 4016, 3766, 3121, 6234, 3276, 3244, 2575, 1851, 1965, 1967, 2474, 1554, 2803, 0], "tmd": [3, 2, 0, 0, 0, 0, 0, 0, 0, 2, 0, 0, 0, 0, 0, 0, 0, 0, 0, 0, 0], "wmn": 103, "wmt": 23887, "wmd": 0, "wmv": 12617, "wdn": 28, "wdt": 28, "wdd": -100, "wdv": -52, "tlv": "Connecticut"}