{"loc": "Farrukhabad", "iso": "IN", "l1": "India", "l2": "Uttar Pradesh", "lvl": 3, "pop": 1887577, "key": 11318, "isd": true, "ppd": 450.41900000000004, "med": 28.2, "p65": 5.989, "p70": 3.4139999999999997, "hos": 0.53, "exp": 69.66, "adr": 2.0, "amn": 2989.0, "amv": 88857.0, "amd": 53.0, "amt": 159868.0, "tmn": [1, 0, 1, 0, 2, 0, 4, 6, 6, 9, 13, 20, 30, 13, 38, 32, 37, 53, 40, 57, 100], "tmv": [188, 422, 1406, 1495, 2660, 3090, 2119, 2264, 2902, 2874, 2261, 2996, 2710, 2550, 2125, 2901, 1917, 2401, 1978, 1966, 1945], "tmd": [0, 0, 0, 0, 0, 0, 0, 1, 0, 0, 0, 0, 1, 1, 0, 1, 0, 2, 2, 0, 2], "wmn": 360, "wmt": 6191, "wmd": 5, "wmv": 15238, "wdn": 252, "wdt": 11, "wdd": 167, "wdv": -18, "tlv": "Uttar Pradesh"}