{"loc": "Falls", "iso": "US", "l1": "United States", "l2": "Texas", "lvl": 3, "pop": 17297, "key": 11311, "isd": true, "ppd": 35.608000000000004, "med": 38.3, "p65": 15.413, "p70": 9.732000000000001, "hos": 2.77, "exp": 78.86, "adr": 1.0, "amn": 115107.0, "amv": 160515.0, "amd": 1619.0, "amt": 648738.0, "tmn": [0, 57, 693, -57, 173, 33184, 0, 0, 404, -289, 0, 115, 289, 925, 115, 173, -462, 462, -57, 0, 346], "tmv": [3374, 4677, 5132, 5139, 4690, 3336, 1695, 3330, 4023, 4903, 6734, 6595, 3662, 2393, 4746, 4917, 6132, 6772, 6806, 0, 0], "tmd": [116, 0, 0, 58, 0, 0, 0, 0, 0, 0, 0, 0, 0, 58, 0, 58, 0, 0, 0, 0, 0], "wmn": 579, "wmt": 17557, "wmd": 58, "wmv": 29376, "wdn": -60, "wdt": -27, "wdd": 0, "wdv": -7, "tlv": "Texas"}