{"loc": "Falls Church", "iso": "US", "l1": "United States", "l2": "Virginia", "lvl": 3, "pop": 14617, "key": 11310, "isd": true, "ppd": 35.608000000000004, "med": 38.3, "p65": 15.413, "p70": 9.732000000000001, "hos": 2.77, "exp": 78.86, "adr": 2.0, "amn": 45016.0, "amv": 1341580.0, "amd": 958.0, "amt": 1191075.0, "tmn": [0, 68, 0, 0, 0, 0, 1231, 615, 0, 478, 684, 0, 0, 752, 68, 1026, 1368, 205, 0, 0, 1299], "tmv": [4456, 4611, 4549, 5061, 2356, 1255, 4023, 4168, 4272, 4405, 5092, 2672, 1421, 3738, 4100, 4188, 3596, 4102, 1618, 109, 0], "tmd": [0, 0, 0, 0, 0, 0, 274, 0, 0, -68, 0, 0, 0, 69, 0, 69, 69, 0, 0, 0, 0], "wmn": 3968, "wmt": 15105, "wmd": 137, "wmv": 17716, "wdn": 57, "wdt": 12, "wdd": 0, "wdv": -31, "tlv": "Virginia"}