{"loc": "Farrukhabad", "iso": "IN", "l1": "India", "l2": "Uttar Pradesh", "lvl": 3, "pop": 1887577, "key": 11318, "isd": true, "ppd": 450.41900000000004, "med": 28.2, "p65": 5.989, "p70": 3.4139999999999997, "hos": 0.53, "exp": 69.66, "adr": 2.0, "amn": 3852.0, "amv": 103279.0, "amd": 61.0, "amt": 167971.0, "tmn": [9, 13, 20, 30, 13, 38, 32, 37, 53, 40, 57, 100, 105, 33, 80, 117, 123, 113, 128, 72, 86], "tmv": [2874, 2261, 2996, 2710, 2550, 2125, 2901, 1917, 2401, 1978, 1966, 1945, 891, 2374, 0, 0, 2252, 0, 0, 0, 2420], "tmd": [0, 0, 0, 1, 1, 0, 1, 0, 2, 2, 0, 2, 1, 2, 2, 2, 2, 2, 1, 1, 1], "wmn": 724, "wmt": 6265, "wmd": 7, "wmv": 4673, "wdn": 69, "wdt": -1, "wdd": 9, "wdv": -65, "tlv": "Uttar Pradesh"}