{"loc": "Fannin", "iso": "US", "l1": "United States", "l2": "Georgia", "lvl": 3, "pop": 26188, "key": 11312, "isd": true, "ppd": 35.608000000000004, "med": 38.3, "p65": 15.413, "p70": 9.732000000000001, "hos": 2.77, "exp": 78.86, "adr": 3.0, "amn": 97907.0, "amv": 1051569.0, "amd": 2864.0, "amt": 893119.0, "tmn": [38, 0, 76, 38, 267, 0, 0, 381, 76, 458, 76, 420, 0, 0, 534, 229, 190, 496, 152, 0, 0], "tmv": [1363, 1036, 1655, 1721, 1666, 1928, 1520, 1539, 740, 1856, 2005, 1821, 2051, 2364, 1193, 1200, 2288, 2155, 2600, 2160, 2477], "tmd": [0, 0, 0, 0, 0, 0, 0, 0, 0, 0, 39, 0, 0, 0, 0, 0, 0, 0, 0, 0, 0], "wmn": 1604, "wmt": 10820, "wmd": 0, "wmv": 14077, "wdn": 14, "wdt": 32, "wdd": -100, "wdv": 14, "tlv": "Georgia"}