{"loc": "Fayette", "iso": "US", "l1": "United States", "l2": "Georgia", "lvl": 3, "pop": 114421, "key": 11326, "isd": true, "ppd": 35.608000000000004, "med": 38.3, "p65": 15.413, "p70": 9.732000000000001, "hos": 2.77, "exp": 78.86, "adr": 2.0, "amn": 68431.0, "amv": 197386.0, "amd": 1232.0, "amt": 668409.0, "tmn": [629, 445, 629, 498, 515, 192, 480, 471, 349, 419, 297, 340, 262, 340, 279, 367, 340, 253, 131, 367, 541], "tmv": [4023, 4903, 6734, 6595, 3662, 2393, 4746, 4917, 6132, 6772, 6806, 0, 0, 3221, 4419, 5606, 5173, 5466, 3298, 2593, 0], "tmd": [0, 0, 18, 0, 0, 0, 9, 27, 18, 35, 9, 9, 18, 9, 9, 35, 9, 0, 9, 9, 18], "wmn": 2282, "wmt": 17143, "wmd": 88, "wmv": 26559, "wdn": -8, "wdt": 1, "wdd": -29, "wdv": -5, "tlv": "Georgia"}