{"loc": "Fayette", "iso": "US", "l1": "United States", "l2": "Georgia", "lvl": 3, "pop": 114421, "key": 11326, "isd": true, "ppd": 35.608000000000004, "med": 38.3, "p65": 15.413, "p70": 9.732000000000001, "hos": 2.77, "exp": 78.86, "adr": 2.0, "amn": 69314.0, "amv": 207226.0, "amd": 1241.0, "amt": 673753.0, "tmn": [629, 498, 515, 192, 480, 471, 349, 419, 297, 340, 262, 340, 279, 367, 340, 253, 131, 367, 541, 270, 611], "tmv": [6734, 6595, 3662, 2393, 4746, 4917, 6132, 6772, 6806, 0, 0, 3221, 4419, 5606, 5173, 5466, 3298, 2593, 4349, 5491, 0], "tmd": [18, 0, 0, 0, 9, 27, 18, 35, 9, 9, 18, 9, 9, 35, 9, 0, 9, 9, 18, 0, 9], "wmn": 2518, "wmt": 15569, "wmd": 53, "wmv": 26374, "wdn": 9, "wdt": -15, "wdd": -57, "wdv": -2, "tlv": "Georgia"}