{"loc": "Fayette", "iso": "US", "l1": "United States", "l2": "Illinois", "lvl": 3, "pop": 21336, "key": 11327, "isd": true, "ppd": 35.608000000000004, "med": 38.3, "p65": 15.413, "p70": 9.732000000000001, "hos": 2.77, "exp": 78.86, "adr": 2.0, "amn": 149606.0, "amv": 867223.0, "amd": 2578.0, "amt": 1908492.0, "tmn": [0, 374, 46, 187, 46, 140, 93, -46, 0, 46, 234, 0, 140, 46, 0, 93, 140, 46, 93, 234, 46], "tmv": [3608, 3001, 5456, 7305, 8515, 7794, 7192, 5713, 4653, 4699, 5814, 5591, 7265, 6352, 4511, 3409, 5326, 6395, 6671, 7120, 5400], "tmd": [0, 0, 0, 0, 0, 0, 0, 0, 0, 0, 0, 0, 0, 0, 0, 0, 0, 0, 0, 0, 0], "wmn": 657, "wmt": 33341, "wmd": 0, "wmv": 38837, "wdn": 56, "wdt": -12, "wdd": 0, "wdv": -3, "tlv": "Illinois"}