{"loc": "Faulk", "iso": "US", "l1": "United States", "l2": "South Dakota", "lvl": 3, "pop": 2299, "key": 11322, "isd": true, "ppd": 35.608000000000004, "med": 38.3, "p65": 15.413, "p70": 9.732000000000001, "hos": 2.77, "exp": 78.86, "adr": 4.0, "amn": 161375.0, "amv": 854702.0, "amd": 5655.0, "amt": 904138.0, "tmn": [0, 0, -434, 434, 0, 0, 0, 0, 0, 0, 869, 0, 0, 0, 0, 0, 0, 0, 0, 0, 0], "tmv": [10027, 6458, 3608, 3001, 5456, 7305, 8515, 7794, 7192, 5713, 4653, 4699, 5814, 5591, 7265, 6352, 4511, 3409, 5326, 6395, 6671], "tmd": [0, 0, 0, 0, 0, 0, 0, 0, 0, 0, 0, 0, 0, 0, 0, 0, 0, 0, 0, 0, 0], "wmn": 0, "wmt": 7017, "wmd": 0, "wmv": 39934, "wdn": -100, "wdt": -7, "wdd": 0, "wdv": -4, "tlv": "South Dakota"}