{"loc": "Fauquier", "iso": "US", "l1": "United States", "l2": "Virginia", "lvl": 3, "pop": 71222, "key": 11324, "isd": true, "ppd": 35.608000000000004, "med": 38.3, "p65": 15.413, "p70": 9.732000000000001, "hos": 2.77, "exp": 78.86, "adr": 1.0, "amn": 67563.0, "amv": 1014221.0, "amd": 969.0, "amt": 911055.0, "tmn": [0, 28, 70, 14, 42, 14, 14, 0, 42, 28, 14, 14, 42, 42, 14, 0, 84, 112, 70, 42, 14], "tmv": [1851, 1965, 1967, 2474, 1554, 2803, 3655, 3299, 2241, 4154, 4949, 1994, 3524, 1923, 0, 0, 1326, 2107, 1883, 1818, 1779], "tmd": [0, 0, 0, 0, 0, 0, 0, 0, 0, 0, 0, 0, 0, 0, 0, 0, 0, 0, 0, 0, 0], "wmn": 337, "wmt": 6284, "wmd": 0, "wmv": 8916, "wdn": 85, "wdt": -7, "wdd": 0, "wdv": -60, "tlv": "Virginia"}