{"loc": "Faulkner", "iso": "US", "l1": "United States", "l2": "Arkansas", "lvl": 3, "pop": 126007, "key": 11323, "isd": true, "ppd": 35.608000000000004, "med": 38.3, "p65": 15.413, "p70": 9.732000000000001, "hos": 2.77, "exp": 78.86, "adr": 1.0, "amn": 91257.0, "amv": 170827.0, "amd": 1175.0, "amt": 859898.0, "tmn": [611, 619, 222, 444, 595, 1380, 952, 611, 547, 126, 158, 515, 436, 269, 190, 222, 111, 111, 15, 190, 63], "tmv": [5132, 5139, 4690, 3336, 1695, 3330, 4023, 4903, 6734, 6595, 3662, 2393, 4746, 4917, 6132, 6772, 6806, 0, 0, 3221, 0], "tmd": [0, 0, 8, 8, 0, 16, 8, 8, 8, 0, 8, 16, 8, 16, 0, 8, 0, 0, 0, 0, 0], "wmn": 905, "wmt": 10514, "wmd": 8, "wmv": 22933, "wdn": -66, "wdt": -52, "wdd": -88, "wdv": -32, "tlv": "Arkansas"}