{"loc": "Faulkner", "iso": "US", "l1": "United States", "l2": "Arkansas", "lvl": 3, "pop": 126007, "key": 11323, "isd": true, "ppd": 35.608000000000004, "med": 38.3, "p65": 15.413, "p70": 9.732000000000001, "hos": 2.77, "exp": 78.86, "adr": 1.0, "amn": 93606.0, "amv": 233408.0, "amd": 1230.0, "amt": 895484.0, "tmn": [436, 269, 190, 222, 111, 111, 15, 190, 63, 111, 293, 126, 71, 317, 253, 150, 126, 142, 531, 111, 111], "tmv": [4746, 4917, 6132, 6772, 6806, 0, 0, 3221, 4419, 5606, 5173, 5466, 3298, 2593, 4349, 5491, 6616, 7139, 7375, 5050, 0], "tmd": [8, 16, 0, 8, 0, 0, 0, 0, 0, 0, 16, 0, 0, 24, 8, 0, 0, 8, -47, 0, 0], "wmn": 1429, "wmt": 30671, "wmd": -31, "wmv": 36022, "wdn": 22, "wdt": 344, "wdd": -180, "wdv": 21, "tlv": "Arkansas"}