{"loc": "Fatehpur", "iso": "IN", "l1": "India", "l2": "Uttar Pradesh", "lvl": 3, "pop": 2632684, "key": 11321, "isd": true, "ppd": 450.41900000000004, "med": 28.2, "p65": 5.989, "p70": 3.4139999999999997, "hos": 0.53, "exp": 69.66, "adr": 2.0, "amn": 2515.0, "amv": 130178.0, "amd": 45.0, "amt": 185681.0, "tmn": [33, 94, 23, 22, 52, 27, 50, 26, 32, 18, 22, 30, 18, 12, 6, 12, 5, 22, 6, 8, 8], "tmv": [0, 0, 2420, 1705, 1575, 1605, 1977, 1179, 424, 1355, 1209, 1580, 1936, 1874, 1669, 587, 2024, 2002, 1581, 1678, 930], "tmd": [3, 4, 2, 0, 2, 1, 3, 2, 0, 0, 0, 1, 0, 0, 0, 0, 1, 0, 1, 1, 0], "wmn": 72, "wmt": 7023, "wmd": 2, "wmv": 10476, "wdn": -56, "wdt": -2, "wdd": 0, "wdv": 10, "tlv": "Uttar Pradesh"}