{"loc": "Fayette", "iso": "US", "l1": "United States", "l2": "Georgia", "lvl": 3, "pop": 114421, "key": 11326, "isd": true, "ppd": 35.608000000000004, "med": 38.3, "p65": 15.413, "p70": 9.732000000000001, "hos": 2.77, "exp": 78.86, "adr": 2.0, "amn": 71656.0, "amv": 258018.0, "amd": 1302.0, "amt": 689007.0, "tmn": [297, 340, 262, 340, 279, 367, 340, 253, 131, 367, 541, 270, 611, 1136, 218, 166, 157, 227, 122, 209, 104], "tmv": [6806, 0, 0, 3221, 4419, 5606, 5173, 5466, 3298, 2593, 4349, 5491, 6616, 7139, 7375, 5050, 5255, 5793, 6168, 7391, 0], "tmd": [9, 9, 18, 9, 9, 35, 9, 0, 9, 9, 18, 0, 9, 0, 0, 0, 9, 0, 27, 18, 9], "wmn": 1207, "wmt": 12573, "wmd": 62, "wmv": 37036, "wdn": -64, "wdt": -18, "wdd": 40, "wdv": 6, "tlv": "Georgia"}