{"loc": "Fayette", "iso": "US", "l1": "United States", "l2": "Ohio", "lvl": 3, "pop": 28525, "key": 11331, "isd": true, "ppd": 35.608000000000004, "med": 38.3, "p65": 15.413, "p70": 9.732000000000001, "hos": 2.77, "exp": 78.86, "adr": 2.0, "amn": 99527.0, "amv": 861822.0, "amd": 1753.0, "amt": 1109573.0, "tmn": [0, 70, 105, 140, 140, 35, 140, 35, 0, 70, 105, 35, 105, 210, 0, 0, 35, -35, 0, 140, 0], "tmv": [6458, 3608, 3001, 5456, 7305, 8515, 7794, 7192, 5713, 4653, 4699, 5814, 5591, 7265, 6352, 4511, 3409, 5326, 6395, 6671, 7120], "tmd": [0, 0, 0, 0, 0, 0, 0, 0, 0, 0, 0, 0, 0, 0, 0, 0, 0, 0, 0, 0, 0], "wmn": 141, "wmt": 13796, "wmd": 0, "wmv": 39789, "wdn": -75, "wdt": -16, "wdd": 0, "wdv": -3, "tlv": "Ohio"}