{"loc": "Fayette", "iso": "US", "l1": "United States", "l2": "Kentucky", "lvl": 3, "pop": 323152, "key": 11330, "isd": true, "ppd": 35.608000000000004, "med": 38.3, "p65": 15.413, "p70": 9.732000000000001, "hos": 2.77, "exp": 78.86, "adr": 1.0, "amn": 113167.0, "amv": 1005306.0, "amd": 978.0, "amt": 1233163.0, "tmn": [37, 68, 0, 0, 61, 40, 30, 6, 40, 0, 0, 64, 37, 37, 43, -40, 0, 0, 0, 15, 64], "tmv": [6234, 3276, 3244, 2575, 1851, 1965, 1967, 2474, 1554, 2803, 3655, 3299, 2241, 4154, 4949, 1994, 3524, 1923, 0, 0, 0], "tmd": [0, 0, 0, 0, 0, 0, 0, -3, 0, 0, 0, 4, 0, 0, 0, 0, 0, 0, 0, 0, 4], "wmn": 84, "wmt": 6214, "wmd": 4, "wmv": 12392, "wdn": -55, "wdt": -24, "wdd": 0, "wdv": -39, "tlv": "Kentucky"}