{"loc": "Fayette", "iso": "US", "l1": "United States", "l2": "Ohio", "lvl": 3, "pop": 28525, "key": 11331, "isd": true, "ppd": 35.608000000000004, "med": 38.3, "p65": 15.413, "p70": 9.732000000000001, "hos": 2.77, "exp": 78.86, "adr": 1.0, "amn": 159159.0, "amv": 1318760.0, "amd": 2314.0, "amt": 1497516.0, "tmn": [280, 350, 280, 105, 385, 420, 525, 350, 280, 105, 70, 595, 210, 490, 490, 385, 631, 210, 1121, 841, 1191], "tmv": [3907, 2388, 1363, 4340, 4401, 4549, 4472, 4977, 2311, 1237, 3968, 4080, 4140, 4246, 4837, 2345, 1101, 1959, 281, 0, 0], "tmd": [36, 0, 0, 36, 0, 0, 0, 0, 0, 0, 0, 0, 0, 0, 0, 0, 0, 0, 0, 0, 0], "wmn": 4873, "wmt": 17409, "wmd": 0, "wmv": 10525, "wdn": 132, "wdt": 5, "wdd": 0, "wdv": -58, "tlv": "Ohio"}