{"loc": "Fayette", "iso": "US", "l1": "United States", "l2": "Pennsylvania", "lvl": 3, "pop": 129274, "key": 11332, "isd": true, "ppd": 35.608000000000004, "med": 38.3, "p65": 15.413, "p70": 9.732000000000001, "hos": 2.77, "exp": 78.86, "adr": 3.0, "amn": 81695.0, "amv": 244457.0, "amd": 2058.0, "amt": 825635.0, "tmn": [247, 208, 185, 108, 108, 355, 185, 208, 232, 177, 38, 216, 232, 108, 146, 309, 108, 170, 232, 154, 255], "tmv": [6132, 6772, 6806, 0, 0, 3221, 4419, 5606, 5173, 5466, 3298, 2593, 4349, 5491, 6616, 7139, 7375, 5050, 5255, 5793, 0], "tmd": [24, 8, 0, 0, 8, 39, 8, 16, 8, 0, 0, 8, 0, 24, 8, 0, 8, 0, 0, 0, 0], "wmn": 1377, "wmt": 25371, "wmd": 16, "wmv": 37231, "wdn": 13, "wdt": 28, "wdd": -71, "wdv": 16, "tlv": "Pennsylvania"}