{"loc": "Fayette", "iso": "US", "l1": "United States", "l2": "Pennsylvania", "lvl": 3, "pop": 129274, "key": 11332, "isd": true, "ppd": 35.608000000000004, "med": 38.3, "p65": 15.413, "p70": 9.732000000000001, "hos": 2.77, "exp": 78.86, "adr": 2.0, "amn": 132138.0, "amv": 1236688.0, "amd": 2947.0, "amt": 1410598.0, "tmn": [433, 789, 657, 502, 781, 239, 881, 409, 348, 386, 874, 1013, 750, 409, 270, 332, 1021, 572, 974, 580, 487], "tmv": [1671, 0, 0, 2784, 2570, 2833, 3777, 2988, 2423, 2905, 2661, 3390, 3489, 0, 0, 0, 2411, 3257, 3418, 2659, 0], "tmd": [0, 0, 16, 8, 8, 8, 24, 0, 8, 47, 8, 0, 0, 0, 0, 24, 24, 47, 31, 0, 0], "wmn": 4240, "wmt": 23355, "wmd": 124, "wmv": 11747, "wdn": 1, "wdt": -19, "wdd": 100, "wdv": -34, "tlv": "Pennsylvania"}