{"loc": "Fayette", "iso": "US", "l1": "United States", "l2": "Texas", "lvl": 3, "pop": 25346, "key": 11334, "isd": true, "ppd": 35.608000000000004, "med": 38.3, "p65": 15.413, "p70": 9.732000000000001, "hos": 2.77, "exp": 78.86, "adr": 2.0, "amn": 99542.0, "amv": 478369.0, "amd": 2249.0, "amt": 736981.0, "tmn": [355, 0, 670, 0, 670, 78, 276, 986, 0, 197, 315, 78, 552, 394, 512, 0, 552, 157, 0, 670, 78], "tmv": [13887, 4118, 6135, 5026, 6980, 8171, 7842, 9493, 9226, 6156, 5181, 6849, 8594, 10257, 10611, 9961, 7133, 5431, 8106, 10192, 12065], "tmd": [0, 0, 0, 0, 0, 0, 0, 0, 0, 0, 0, 0, 0, 0, 0, 0, 0, 0, 0, 0, 40], "wmn": 1973, "wmt": 13731, "wmd": 40, "wmv": 63503, "wdn": -22, "wdt": -10, "wdd": 0, "wdv": 14, "tlv": "Texas"}