{"loc": "Fayette", "iso": "US", "l1": "United States", "l2": "Ohio", "lvl": 3, "pop": 28525, "key": 11331, "isd": true, "ppd": 35.608000000000004, "med": 38.3, "p65": 15.413, "p70": 9.732000000000001, "hos": 2.77, "exp": 78.86, "adr": 1.0, "amn": 152989.0, "amv": 1283911.0, "amd": 2244.0, "amt": 1475054.0, "tmn": [350, 806, 490, 595, 280, 210, 280, 666, 701, 490, 280, 350, 280, 105, 385, 420, 525, 350, 280, 105, 70], "tmv": [2626, 2552, 2575, 2955, 1399, 770, 2354, 2306, 2307, 2345, 3781, 2315, 1328, 4158, 4126, 4122, 3797, 3784, 1119, 91, 0], "tmd": [0, 0, 36, 0, 0, 0, 0, 0, 0, 0, 0, 0, 0, 0, 0, 0, 0, 0, 0, 0, 0], "wmn": 2139, "wmt": 16910, "wmd": 0, "wmv": 17042, "wdn": -26, "wdt": -9, "wdd": 0, "wdv": -8, "tlv": "Ohio"}