{"loc": "Finney", "iso": "US", "l1": "United States", "l2": "Kansas", "lvl": 3, "pop": 36467, "key": 11346, "isd": true, "ppd": 35.608000000000004, "med": 38.3, "p65": 15.413, "p70": 9.732000000000001, "hos": 2.77, "exp": 78.86, "adr": 1.0, "amn": 164615.0, "amv": 359108.0, "amd": 1974.0, "amt": 444131.0, "tmn": [0, 0, 54, 27, 0, 109, 0, 0, 0, 82, 27, 0, 0, 0, 0, 0, 0, 0, 0, 246, 27], "tmv": [7139, 7375, 5050, 5255, 5793, 6168, 7391, 8814, 7404, 5275, 4864, 6157, 7535, 8875, 13887, 4118, 6135, 5026, 6980, 8171, 7842], "tmd": [0, 0, 0, 0, 0, 0, -27, 0, 0, 0, 0, 0, 0, 28, 0, 0, 0, 0, 0, 0, 0], "wmn": 275, "wmt": 4630, "wmd": 0, "wmv": 52163, "wdn": 150, "wdt": 37, "wdd": -100, "wdv": 7, "tlv": "Kansas"}