{"loc": "Finney", "iso": "US", "l1": "United States", "l2": "Kansas", "lvl": 3, "pop": 36467, "key": 11346, "isd": true, "ppd": 35.608000000000004, "med": 38.3, "p65": 15.413, "p70": 9.732000000000001, "hos": 2.77, "exp": 78.86, "adr": 1.0, "amn": 171662.0, "amv": 1079834.0, "amd": 2029.0, "amt": 532399.0, "tmn": [493, 0, 0, 0, 0, 0, 0, 0, 0, 0, 1151, 0, 0, 0, 1727, 0, 0, 0, 0, 0, 0], "tmv": [1193, 1200, 2288, 2155, 2600, 2160, 2477, 1419, 1374, 2201, 2622, 2492, 2548, 2348, 1615, 1875, 1986, 1986, 2786, 3007, 0], "tmd": [0, 0, 0, 0, 0, 0, 0, 0, 0, 0, 0, 0, 0, 0, 0, 0, 0, 0, 28, 0, 0], "wmn": 1728, "wmt": 7329, "wmd": 28, "wmv": 13258, "wdn": 50, "wdt": -29, "wdd": 0, "wdv": -12, "tlv": "Kansas"}