{"loc": "Flagler", "iso": "US", "l1": "United States", "l2": "Florida", "lvl": 3, "pop": 115081, "key": 11349, "isd": true, "ppd": 35.608000000000004, "med": 38.3, "p65": 15.413, "p70": 9.732000000000001, "hos": 2.77, "exp": 78.86, "adr": 2.0, "amn": 51068.0, "amv": 201735.0, "amd": 773.0, "amt": 1000483.0, "tmn": [364, 269, 173, 43, 130, 278, 199, 95, 243, 217, 78, 208, 165, 217, 243, 173, 182, 104, 156, 165, 391], "tmv": [4903, 6734, 6595, 3662, 2393, 4746, 4917, 6132, 6772, 6806, 0, 0, 3221, 4419, 5606, 5173, 5466, 3298, 2593, 4349, 0], "tmd": [0, 0, 0, 18, 18, -8, 0, 0, 61, 0, 18, 0, 9, 0, 0, 0, 9, 0, 0, 0, 18], "wmn": 1417, "wmt": 30031, "wmd": 27, "wmv": 26489, "wdn": 16, "wdt": 6, "wdd": -70, "wdv": -3, "tlv": "Florida"}