{"loc": "Fillmore", "iso": "US", "l1": "United States", "l2": "Minnesota", "lvl": 3, "pop": 21067, "key": 11343, "isd": true, "ppd": 35.608000000000004, "med": 38.3, "p65": 15.413, "p70": 9.732000000000001, "hos": 2.77, "exp": 78.86, "adr": 1.0, "amn": 116818.0, "amv": 1255502.0, "amd": 617.0, "amt": 2102621.0, "tmn": [854, 569, 1091, 617, 0, 0, 712, 3370, 664, 1566, 1756, 0, 0, 901, 1329, 237, 806, 284, 0, 0, 1091], "tmv": [2423, 2905, 2661, 3390, 3489, 0, 0, 0, 2411, 3257, 3418, 2659, 2485, 1614, 1945, 2278, 2491, 2890, 2710, 2395, 0], "tmd": [0, 48, 0, 0, 0, 0, 0, 0, 0, 0, 0, 0, 0, 0, 0, 0, 0, 0, 0, 0, 48], "wmn": 3750, "wmt": 30691, "wmd": 48, "wmv": 14714, "wdn": -55, "wdt": -30, "wdd": 0, "wdv": -7, "tlv": "Minnesota"}