{"loc": "Floyd", "iso": "US", "l1": "United States", "l2": "Indiana", "lvl": 3, "pop": 78522, "key": 11359, "isd": true, "ppd": 35.608000000000004, "med": 38.3, "p65": 15.413, "p70": 9.732000000000001, "hos": 2.77, "exp": 78.86, "adr": 2.0, "amn": 107524.0, "amv": 1072054.0, "amd": 2343.0, "amt": 1706514.0, "tmn": [178, 0, 0, 382, 280, 203, 254, 114, 0, 0, 458, 254, 420, 292, 394, 0, 0, 1057, 356, 611, 878], "tmv": [1821, 2051, 2364, 1193, 1200, 2288, 2155, 2600, 2160, 2477, 1419, 1374, 2201, 2622, 2492, 2548, 2348, 1615, 1875, 1986, 0], "tmd": [0, 0, 0, 0, 13, 0, 0, 13, 0, 0, 0, 0, 0, 0, 0, 0, 0, 0, 0, 0, 13], "wmn": 3299, "wmt": 26397, "wmd": 13, "wmv": 12867, "wdn": 114, "wdt": 38, "wdd": 0, "wdv": -13, "tlv": "Indiana"}