{"loc": "Flevoland", "iso": "NL", "l1": "Netherlands", "l2": "Flevoland", "lvl": 2, "pop": 423021, "key": 11353, "isd": true, "ppd": 508.54400000000004, "med": 43.2, "p65": 18.779, "p70": 11.880999999999998, "hos": 3.32, "exp": 82.28, "adr": 1.0, "amn": 128852.0, "amv": 1422973.0, "amd": 645.0, "amt": 853333.0, "tmn": [460, 401, 621, 517, 534, 605, 813, 836, 732, 664, 742, 794, 966, 950, 1004, 146, 1416, 1375, 1158, 1151, 1151], "tmv": [0, 0, 0, 0, 0, 0, 0, 0, 0, 0, 0, 0, 0, 0, 0, 0, 0, 0, 0, 0, 0], "tmd": [0, 0, 0, 0, 0, 0, 3, 0, 0, 0, 0, 0, 5, 0, 3, 0, 0, 5, 5, 0, 5], "wmn": 7404, "wmt": 0, "wmd": 17, "wmv": 0, "wdn": 30, "wdt": 0, "wdd": 250, "wdv": 0, "tlv": "Netherlands"}