{"loc": "Florida", "iso": "US", "l1": "United States", "l2": "Florida", "lvl": 2, "pop": 21477737, "key": 11357, "isd": true, "ppd": 35.608000000000004, "med": 38.3, "p65": 15.413, "p70": 9.732000000000001, "hos": 2.77, "exp": 78.86, "adr": 2.0, "amn": 96124.0, "amv": 466304.0, "amd": 1559.0, "amt": 1092051.0, "tmn": [242, 244, 172, 131, 223, 214, 237, 239, 237, 185, 133, 246, 239, 268, 267, 273, 230, 157, 235, 246, 316], "tmv": [8875, 13887, 4118, 6135, 5026, 6980, 8171, 7842, 9493, 9226, 6156, 5181, 6849, 8594, 10257, 10611, 9961, 7133, 5431, 8106, 10192], "tmd": [5, 4, 2, 5, 5, 3, 5, 3, 3, 2, 2, 2, 2, 5, 8, 2, 2, 4, 5, 5, 4], "wmn": 1728, "wmt": -112842, "wmd": 26, "wmv": 61695, "wdn": 11, "wdt": -1362, "wdd": 50, "wdv": 16, "tlv": "Florida"}