{"loc": "Florida", "iso": "US", "l1": "United States", "l2": "Florida", "lvl": 2, "pop": 21477737, "key": 11357, "isd": true, "ppd": 35.608000000000004, "med": 38.3, "p65": 15.413, "p70": 9.732000000000001, "hos": 2.77, "exp": 78.86, "adr": 2.0, "amn": 89586.0, "amv": 238664.0, "amd": 1456.0, "amt": 1023180.0, "tmn": [396, 354, 349, 253, 168, 293, 341, 238, 311, 338, 235, 193, 261, 331, 309, 275, 254, 257, 79, 334, 280], "tmv": [4917, 6132, 6772, 6806, 0, 0, 3221, 4419, 5606, 5173, 5466, 3298, 2593, 4349, 5491, 6616, 7139, 7375, 5050, 5255, 0], "tmd": [9, 9, 6, 5, 8, 11, 8, 8, 11, 6, 5, 8, 7, 6, 7, 7, 6, 6, 7, 7, 7], "wmn": 1791, "wmt": 28216, "wmd": 44, "wmv": 36929, "wdn": -6, "wdt": 1, "wdd": -10, "wdv": 19, "tlv": "Florida"}