{"loc": "Flevoland", "iso": "NL", "l1": "Netherlands", "l2": "Flevoland", "lvl": 2, "pop": 423021, "key": 11353, "isd": true, "ppd": 508.54400000000004, "med": 43.2, "p65": 18.779, "p70": 11.880999999999998, "hos": 3.32, "exp": 82.28, "adr": 1.0, "amn": 67947.0, "amv": 122439.0, "amd": 532.0, "amt": 435325.0, "tmn": [186, 146, 234, 200, 229, 212, 260, 174, 174, 286, 293, 274, 217, 335, 354, 269, 347, 356, 274, 416, 323], "tmv": [0, 0, 0, 0, 0, 0, 0, 0, 0, 0, 0, 0, 0, 0, 0, 0, 0, 0, 0, 0, 0], "tmd": [0, 3, 3, 0, 0, 0, 3, 3, 3, 5, 3, 0, 0, 0, 0, 0, 0, 0, 0, 0, 0], "wmn": 2343, "wmt": 0, "wmd": 0, "wmv": 0, "wdn": 33, "wdt": 0, "wdd": -100, "wdv": 0, "tlv": "Netherlands"}