{"loc": "Fluvanna", "iso": "US", "l1": "United States", "l2": "Virginia", "lvl": 3, "pop": 27270, "key": 11364, "isd": true, "ppd": 35.608000000000004, "med": 38.3, "p65": 15.413, "p70": 9.732000000000001, "hos": 2.77, "exp": 78.86, "adr": 1.0, "amn": 48882.0, "amv": 306945.0, "amd": 623.0, "amt": 718463.0, "tmn": [110, 146, -36, 73, 220, 220, 73, 110, 36, -36, 36, 0, 110, 146, 36, 36, 146, 73, 146, 73, 440], "tmv": [5466, 3298, 2593, 4349, 5491, 6616, 7139, 7375, 5050, 5255, 5793, 6168, 7391, 8814, 7404, 5275, 4864, 6157, 7535, 8875, 0], "tmd": [0, 0, 0, 0, 0, 0, 37, 0, 37, 0, 37, 0, 0, 0, 0, 0, 37, 0, 0, 0, 0], "wmn": 954, "wmt": 15890, "wmd": 37, "wmv": 40113, "wdn": 136, "wdt": 15, "wdd": -50, "wdv": -13, "tlv": "Virginia"}