{"loc": "Ford", "iso": "US", "l1": "United States", "l2": "Illinois", "lvl": 3, "pop": 12961, "key": 11367, "isd": true, "ppd": 35.608000000000004, "med": 38.3, "p65": 15.413, "p70": 9.732000000000001, "hos": 2.77, "exp": 78.86, "adr": 3.0, "amn": 121827.0, "amv": 207226.0, "amd": 3472.0, "amt": 1419534.0, "tmn": [154, 308, 154, 462, 385, 308, 617, 385, 154, 308, 385, 540, 308, 771, 540, 308, 385, 385, 231, 308, 694], "tmv": [6734, 6595, 3662, 2393, 4746, 4917, 6132, 6772, 6806, 0, 0, 3221, 4419, 5606, 5173, 5466, 3298, 2593, 4349, 5491, 0], "tmd": [0, 0, 0, 0, 0, 0, 0, 0, 0, 0, 0, 0, 0, 78, 0, 0, 0, 0, 78, 0, 0], "wmn": 2855, "wmt": 40544, "wmd": 78, "wmv": 26374, "wdn": 0, "wdt": 14, "wdd": 0, "wdv": -2, "tlv": "Illinois"}