{"loc": "Ford", "iso": "US", "l1": "United States", "l2": "Illinois", "lvl": 3, "pop": 12961, "key": 11367, "isd": true, "ppd": 35.608000000000004, "med": 38.3, "p65": 15.413, "p70": 9.732000000000001, "hos": 2.77, "exp": 78.86, "adr": 2.0, "amn": 154618.0, "amv": 0.0, "amd": 3858.0, "amt": 2162549.0, "tmn": [308, 77, 0, 0, 1003, 540, 694, 231, 154, 0, 0, 617, 231, 385, 617, 694, 0, 0, 540, 694, 77], "tmv": [0, 0, 0, 0, 0, 0, 0, 0, 0, 0, 0, 0, 0, 0, 0, 0, 0, 0, 0, 0, 0], "tmd": [0, 0, 0, 0, 0, 0, 0, 0, 0, 0, 0, 0, 0, 0, 0, 0, 0, 0, 0, 0, 0], "wmn": 2624, "wmt": 27313, "wmd": 0, "wmv": 0, "wdn": 62, "wdt": 6, "wdd": 0, "wdv": 0, "tlv": "Illinois"}