{"loc": "Ford", "iso": "US", "l1": "United States", "l2": "Kansas", "lvl": 3, "pop": 33619, "key": 11368, "isd": true, "ppd": 35.608000000000004, "med": 38.3, "p65": 15.413, "p70": 9.732000000000001, "hos": 2.77, "exp": 78.86, "adr": 1.0, "amn": 198102.0, "amv": 1146163.0, "amd": 2528.0, "amt": 568049.0, "tmn": [0, 0, 0, 803, 1516, 0, 2379, 0, 0, 1427, 0, 1695, 0, 2171, 0, 0, 0, 0, 2558, 0, 1338], "tmv": [3187, 2953, 1851, 1966, 2813, 2807, 3250, 3257, 2889, 2103, 1988, 3241, 2538, 4249, 2950, 0, 0, 0, 2913, 2024, 0], "tmd": [0, 0, 0, 0, 0, 0, 0, 0, 0, 0, 0, 0, 0, 0, 0, 0, 0, 0, 30, 0, 0], "wmn": 3897, "wmt": 10400, "wmd": 30, "wmv": 7888, "wdn": -26, "wdt": -11, "wdd": 0, "wdv": -61, "tlv": "Kansas"}