{"loc": "Fluvanna", "iso": "US", "l1": "United States", "l2": "Virginia", "lvl": 3, "pop": 27270, "key": 11364, "isd": true, "ppd": 35.608000000000004, "med": 38.3, "p65": 15.413, "p70": 9.732000000000001, "hos": 2.77, "exp": 78.86, "adr": 1.0, "amn": 72974.0, "amv": 0.0, "amd": 770.0, "amt": 953245.0, "tmn": [36, 0, 0, 0, 146, 36, 110, 0, 36, 0, 0, 146, 36, 146, 146, 73, 0, 0, 440, 146, 293], "tmv": [0, 0, 0, 0, 0, 0, 0, 0, 0, 0, 0, 0, 0, 0, 0, 0, 0, 0, 0, 0, 0], "tmd": [0, 0, 0, 0, 0, 0, 0, 0, 0, 0, 0, 0, 0, 0, 0, 0, 0, 0, 0, 0, 0], "wmn": 1101, "wmt": 11602, "wmd": 0, "wmv": 0, "wdn": 200, "wdt": 15, "wdd": 0, "wdv": 0, "tlv": "Virginia"}