{"loc": "Fort Bend", "iso": "US", "l1": "United States", "l2": "Texas", "lvl": 3, "pop": 811688, "key": 11375, "isd": true, "ppd": 35.608000000000004, "med": 38.3, "p65": 15.413, "p70": 9.732000000000001, "hos": 2.77, "exp": 78.86, "adr": 1.0, "amn": 68095.0, "amv": 153709.0, "amd": 653.0, "amt": 648738.0, "tmn": [500, 1229, 686, 673, 570, 0, 0, 463, 1519, 388, 717, 401, 0, 0, 405, 752, 577, 692, 587, 0, 0], "tmv": [2687, 2448, 3374, 4677, 5132, 5139, 4690, 3336, 1695, 3330, 4023, 4903, 6734, 6595, 3662, 2393, 4746, 4917, 6132, 6772, 0], "tmd": [0, 3, 4, 9, 3, 3, 3, 0, 8, 9, 7, 3, 5, 3, 2, 3, 4, 7, 10, 5, 2], "wmn": 3016, "wmt": 25468, "wmd": 30, "wmv": 28625, "wdn": -14, "wdt": 10, "wdd": -8, "wdv": -7, "tlv": "Texas"}