{"loc": "Forrest", "iso": "US", "l1": "United States", "l2": "Mississippi", "lvl": 3, "pop": 74897, "key": 11372, "isd": true, "ppd": 35.608000000000004, "med": 38.3, "p65": 15.413, "p70": 9.732000000000001, "hos": 2.77, "exp": 78.86, "adr": 2.0, "amn": 92634.0, "amv": 170827.0, "amd": 1802.0, "amt": 565467.0, "tmn": [467, 707, 360, 240, 293, 347, 534, 574, 520, 253, 240, 280, 320, 226, 467, 293, 347, 320, 494, 253, 160], "tmv": [5132, 5139, 4690, 3336, 1695, 3330, 4023, 4903, 6734, 6595, 3662, 2393, 4746, 4917, 6132, 6772, 6806, 0, 0, 3221, 0], "tmd": [0, 0, 0, 27, 14, 0, 14, 14, 27, 0, 0, 0, 0, 0, 0, 0, 0, 14, 0, 0, 0], "wmn": 2337, "wmt": 12639, "wmd": 14, "wmv": 22933, "wdn": -3, "wdt": -4, "wdd": -67, "wdv": -32, "tlv": "Mississippi"}