{"loc": "Forsyth", "iso": "US", "l1": "United States", "l2": "North Carolina", "lvl": 3, "pop": 382295, "key": 11374, "isd": true, "ppd": 35.608000000000004, "med": 38.3, "p65": 15.413, "p70": 9.732000000000001, "hos": 2.77, "exp": 78.86, "adr": 1.0, "amn": 105678.0, "amv": 1086287.0, "amd": 1143.0, "amt": 1288751.0, "tmn": [214, 211, 0, 0, 656, 185, 264, 321, 355, 0, 0, 1062, 201, 300, 544, 523, 0, 0, 1433, 290, 452], "tmv": [2155, 2600, 2160, 2477, 1419, 1374, 2201, 2622, 2492, 2548, 2348, 1615, 1875, 1986, 1986, 2786, 3007, 2017, 2605, 1830, 0], "tmd": [0, 3, 0, 0, 0, 0, 0, 0, 3, 0, 0, 6, 0, 0, 3, 0, 0, 0, 3, 0, 0], "wmn": 3244, "wmt": 27547, "wmd": 6, "wmv": 14234, "wdn": 45, "wdt": 34, "wdd": -33, "wdv": -8, "tlv": "North Carolina"}