{"loc": "Forsyth", "iso": "US", "l1": "United States", "l2": "North Carolina", "lvl": 3, "pop": 382295, "key": 11374, "isd": true, "ppd": 35.608000000000004, "med": 38.3, "p65": 15.413, "p70": 9.732000000000001, "hos": 2.77, "exp": 78.86, "adr": 1.0, "amn": 145741.0, "amv": 1469622.0, "amd": 1549.0, "amt": 1727080.0, "tmn": [177, 272, 0, 0, 0, 0, 1075, 159, 222, 397, 442, 0, 0, 894, 311, 329, 397, 371, 0, 0, 871], "tmv": [5133, 3959, 70, 3467, 2554, 1688, 4748, 5430, 6005, 6047, 6744, 4092, 2038, 5038, 5187, 5041, 4530, 2968, 283, 0, 0], "tmd": [0, 3, 0, 0, 0, 0, 0, 8, 8, 0, 0, 0, 0, 3, 6, 8, 3, 0, 0, 0, 0], "wmn": 2281, "wmt": 23520, "wmd": 16, "wmv": 18013, "wdn": 8, "wdt": -4, "wdd": -14, "wdv": -49, "tlv": "North Carolina"}