{"loc": "Forsyth", "iso": "US", "l1": "United States", "l2": "North Carolina", "lvl": 3, "pop": 382295, "key": 11374, "isd": true, "ppd": 35.608000000000004, "med": 38.3, "p65": 15.413, "p70": 9.732000000000001, "hos": 2.77, "exp": 78.86, "adr": 1.0, "amn": 81887.0, "amv": 194792.0, "amd": 884.0, "amt": 962562.0, "tmn": [1307, 504, 570, 408, 575, 418, 400, 329, 562, 431, 499, 326, 303, 204, 332, 287, 300, 248, 251, 251, 128], "tmv": [3330, 4023, 4903, 6734, 6595, 3662, 2393, 4746, 4917, 6132, 6772, 6806, 0, 0, 3221, 4419, 5606, 5173, 5466, 3298, 0], "tmd": [6, 11, 8, 3, 11, 8, 3, 21, 8, 19, 0, 6, 0, 8, 3, 8, 16, 14, 3, 0, 0], "wmn": 1800, "wmt": 29243, "wmd": 42, "wmv": 27187, "wdn": -32, "wdt": -12, "wdd": -30, "wdv": -7, "tlv": "North Carolina"}