{"loc": "Franklin", "iso": "US", "l1": "United States", "l2": "Iowa", "lvl": 3, "pop": 10070, "key": 11388, "isd": true, "ppd": 35.608000000000004, "med": 38.3, "p65": 15.413, "p70": 9.732000000000001, "hos": 2.77, "exp": 78.86, "adr": 2.0, "amn": 108937.0, "amv": 274237.0, "amd": 1887.0, "amt": 420530.0, "tmn": [0, 99, 0, 0, 0, 297, 0, 198, 99, 0, 99, 0, 0, 0, 0, 99, 99, 99, 496, 0, 0], "tmv": [0, 3221, 4419, 5606, 5173, 5466, 3298, 2593, 4349, 5491, 6616, 7139, 7375, 5050, 5255, 5793, 6168, 7391, 8814, 7404, 0], "tmd": [0, 0, 0, 0, 0, 0, 0, 0, 0, 0, 0, 0, 0, 0, 0, 0, 0, 0, 0, 0, 0], "wmn": 795, "wmt": 3615, "wmd": 0, "wmv": 40829, "wdn": 100, "wdt": -16, "wdd": 0, "wdv": 6, "tlv": "Iowa"}