{"loc": "Franklin", "iso": "US", "l1": "United States", "l2": "Alabama", "lvl": 3, "pop": 31362, "key": 11381, "isd": true, "ppd": 35.608000000000004, "med": 38.3, "p65": 15.413, "p70": 9.732000000000001, "hos": 2.77, "exp": 78.86, "adr": 2.0, "amn": 153211.0, "amv": 0.0, "amd": 2583.0, "amt": 562193.0, "tmn": [191, 478, 255, 733, 223, 701, 892, 0, 0, 2104, 478, 286, 1179, 924, 478, 573, 1084, 0, 924, 1052, 637], "tmv": [0, 0, 0, 0, 0, 0, 0, 0, 0, 0, 0, 0, 0, 0, 0, 0, 0, 0, 0, 0, 0], "tmd": [0, 0, 0, 0, 0, 0, 0, 0, 0, 0, 0, 0, 0, 0, 0, 0, 0, 0, 0, 0, 0], "wmn": 4751, "wmt": 0, "wmd": 0, "wmv": 0, "wdn": -4, "wdt": -100, "wdd": 0, "wdv": 0, "tlv": "Alabama"}