{"loc": "Franklin", "iso": "US", "l1": "United States", "l2": "Illinois", "lvl": 3, "pop": 38469, "key": 11386, "isd": true, "ppd": 35.608000000000004, "med": 38.3, "p65": 15.413, "p70": 9.732000000000001, "hos": 2.77, "exp": 78.86, "adr": 2.0, "amn": 142244.0, "amv": 1081852.0, "amd": 2158.0, "amt": 2178833.0, "tmn": [467, 519, 623, 675, 0, 0, 1273, 1091, 519, 961, 571, 0, 0, 2833, 935, 1299, 909, 883, 0, 0, 2859], "tmv": [1200, 2288, 2155, 2600, 2160, 2477, 1419, 1374, 2201, 2622, 2492, 2548, 2348, 1615, 1875, 1986, 1986, 2786, 3007, 2017, 0], "tmd": [0, 26, 0, 0, 0, 0, 0, 0, 0, 0, 0, 0, 0, 52, 26, 0, 26, 0, 0, 0, 0], "wmn": 6889, "wmt": 33225, "wmd": 52, "wmv": 13660, "wdn": 15, "wdt": 15, "wdd": 0, "wdv": -10, "tlv": "Illinois"}