{"loc": "Franklin", "iso": "US", "l1": "United States", "l2": "Arkansas", "lvl": 3, "pop": 17715, "key": 11382, "isd": true, "ppd": 35.608000000000004, "med": 38.3, "p65": 15.413, "p70": 9.732000000000001, "hos": 2.77, "exp": 78.86, "adr": 2.0, "amn": 153655.0, "amv": 1259649.0, "amd": 2935.0, "amt": 1344737.0, "tmn": [564, 169, 338, 112, 56, 112, 56, 112, 169, 225, 112, 56, 56, 451, 56, 56, 112, 112, -56, 0, 169], "tmv": [2905, 2661, 3390, 3489, 0, 0, 0, 2411, 3257, 3418, 2659, 2485, 1614, 1945, 2278, 2491, 2890, 2710, 2395, 1993, 2154], "tmd": [0, 0, 0, 0, -56, 0, 0, 0, 0, 0, 0, 0, 0, 0, 0, 0, 57, 0, 0, 0, 0], "wmn": 452, "wmt": 11617, "wmd": 57, "wmv": 16916, "wdn": -62, "wdt": -9, "wdd": 0, "wdv": -5, "tlv": "Arkansas"}