{"loc": "Franklin", "iso": "US", "l1": "United States", "l2": "Arkansas", "lvl": 3, "pop": 17715, "key": 11382, "isd": true, "ppd": 35.608000000000004, "med": 38.3, "p65": 15.413, "p70": 9.732000000000001, "hos": 2.77, "exp": 78.86, "adr": 2.0, "amn": 107988.0, "amv": 1059187.0, "amd": 2314.0, "amt": 1109702.0, "tmn": [282, 0, 0, 620, 338, 282, 112, 451, 225, 169, 338, 564, 395, 112, 1185, 225, 846, 282, 959, 959, 959], "tmv": [1666, 1928, 1520, 1539, 740, 1856, 2005, 1821, 2051, 2364, 1193, 1200, 2288, 2155, 2600, 2160, 2477, 1419, 1374, 2201, 2622], "tmd": [0, 0, 0, -56, 0, 0, 0, 0, 0, 0, 0, 0, 0, 0, 0, 0, 0, 0, 0, 0, 0], "wmn": 5420, "wmt": 20170, "wmd": 0, "wmv": 14857, "wdn": 140, "wdt": 11, "wdd": 0, "wdv": 14, "tlv": "Arkansas"}