{"loc": "Franklin", "iso": "US", "l1": "United States", "l2": "Georgia", "lvl": 3, "pop": 23349, "key": 11384, "isd": true, "ppd": 35.608000000000004, "med": 38.3, "p65": 15.413, "p70": 9.732000000000001, "hos": 2.77, "exp": 78.86, "adr": 2.0, "amn": 167673.0, "amv": 1250395.0, "amd": 3426.0, "amt": 1150576.0, "tmn": [0, 1242, 428, 171, 685, 642, 0, 0, 0, 599, 299, 256, 299, 0, 0, 385, 342, 128, 42, 0, 0], "tmv": [3777, 2988, 2423, 2905, 2661, 3390, 3489, 0, 0, 0, 2411, 3257, 3418, 2659, 2485, 1614, 1945, 2278, 2491, 2890, 0], "tmd": [0, 0, 43, 0, 0, 43, 0, 0, 0, 0, 0, 43, 0, 0, 0, 43, 43, 43, 0, 0, 0], "wmn": 900, "wmt": 14429, "wmd": 129, "wmv": 13708, "wdn": -38, "wdt": -27, "wdd": 200, "wdv": 17, "tlv": "Georgia"}