{"loc": "Franklin", "iso": "US", "l1": "United States", "l2": "Kansas", "lvl": 3, "pop": 25544, "key": 11389, "isd": true, "ppd": 35.608000000000004, "med": 38.3, "p65": 15.413, "p70": 9.732000000000001, "hos": 2.77, "exp": 78.86, "adr": 2.0, "amn": 142264.0, "amv": 1197969.0, "amd": 2153.0, "amt": 601752.0, "tmn": [1017, 0, 2153, 0, 861, 0, 0, 1252, 0, 1331, 0, 1996, 0, 0, 939, 0, 1800, 0, 782, 0, 0], "tmv": [1790, 1886, 2554, 2257, 2903, 2781, 2047, 1978, 1647, 2163, 995, 2262, 2445, 2251, 1671, 0, 0, 2784, 2570, 2833, 0], "tmd": [0, 0, 0, 0, 0, 0, 0, 0, 0, 0, 0, 40, 0, 0, 40, 0, 0, 0, 40, 0, 0], "wmn": 3524, "wmt": 8303, "wmd": 79, "wmv": 9860, "wdn": -23, "wdt": -11, "wdd": 100, "wdv": -28, "tlv": "Kansas"}