{"loc": "Franklin", "iso": "US", "l1": "United States", "l2": "Idaho", "lvl": 3, "pop": 13876, "key": 11385, "isd": true, "ppd": 35.608000000000004, "med": 38.3, "p65": 15.413, "p70": 9.732000000000001, "hos": 2.77, "exp": 78.86, "adr": 1.0, "amn": 76751.0, "amv": 191493.0, "amd": 1009.0, "amt": 352938.0, "tmn": [288, 0, 216, 504, 72, 0, 72, 360, 72, 360, 360, 216, 0, 0, 288, 0, 288, 144, 72, 0, 144], "tmv": [1695, 3330, 4023, 4903, 6734, 6595, 3662, 2393, 4746, 4917, 6132, 6772, 6806, 0, 0, 3221, 4419, 5606, 5173, 5466, 0], "tmd": [0, 73, 0, 0, 0, 0, 0, 0, 0, 0, 73, 0, 0, 0, 0, 0, 0, 0, 0, 0, 0], "wmn": 937, "wmt": 4685, "wmd": 0, "wmv": 23888, "wdn": -32, "wdt": -8, "wdd": -100, "wdv": -25, "tlv": "Idaho"}