{"loc": "Franklin", "iso": "US", "l1": "United States", "l2": "Louisiana", "lvl": 3, "pop": 20015, "key": 11391, "isd": true, "ppd": 35.608000000000004, "med": 38.3, "p65": 15.413, "p70": 9.732000000000001, "hos": 2.77, "exp": 78.86, "adr": 4.0, "amn": 148489.0, "amv": 1037493.0, "amd": 5396.0, "amt": 1594341.0, "tmn": [0, 11391, 1998, 899, 849, 0, 0, 299, 399, 499, 499, 299, 0, 0, 749, 599, 699, 299, 299, 0, 0], "tmv": [0, 0, 1326, 2107, 1883, 1818, 1779, 1363, 1036, 1655, 1721, 1666, 1928, 1520, 1539, 740, 1856, 2005, 1821, 2051, 2364], "tmd": [0, 0, 0, 0, 0, 0, 0, 0, 0, 0, 0, 0, 0, 0, 50, 0, 0, 0, 0, 0, 0], "wmn": 2649, "wmt": 23765, "wmd": 50, "wmv": 12380, "wdn": 32, "wdt": 36, "wdd": 0, "wdv": 14, "tlv": "Louisiana"}