{"loc": "Franklin", "iso": "US", "l1": "United States", "l2": "Maine", "lvl": 3, "pop": 30199, "key": 11392, "isd": true, "ppd": 35.608000000000004, "med": 38.3, "p65": 15.413, "p70": 9.732000000000001, "hos": 2.77, "exp": 78.86, "adr": 1.0, "amn": 68380.0, "amv": 1227352.0, "amd": 629.0, "amt": 2084019.0, "tmn": [298, 66, 0, 0, 2384, 231, 728, 596, 331, 0, 0, 430, 993, 827, 596, 695, 0, 0, 0, 1357, 960], "tmv": [2262, 2445, 2251, 1671, 0, 0, 2784, 2570, 2833, 3777, 2988, 2423, 2905, 2661, 3390, 3489, 0, 0, 0, 2411, 0], "tmd": [0, 0, 0, 0, 0, 0, 0, 0, 0, 0, 0, 0, 34, 0, 0, 0, 0, 0, 0, 0, 0], "wmn": 3610, "wmt": 35259, "wmd": 0, "wmv": 9292, "wdn": 14, "wdt": -12, "wdd": -100, "wdv": -54, "tlv": "Maine"}