{"loc": "Franklin", "iso": "US", "l1": "United States", "l2": "Missouri", "lvl": 3, "pop": 103967, "key": 11395, "isd": true, "ppd": 35.608000000000004, "med": 38.3, "p65": 15.413, "p70": 9.732000000000001, "hos": 2.77, "exp": 78.86, "adr": 2.0, "amn": 79746.0, "amv": 160515.0, "amd": 1433.0, "amt": 706812.0, "tmn": [240, 307, 375, 288, 201, 134, 192, 105, 221, 240, 336, 125, 105, 105, 86, 230, 259, 115, 105, 76, 182], "tmv": [2448, 3374, 4677, 5132, 5139, 4690, 3336, 1695, 3330, 4023, 4903, 6734, 6595, 3662, 2393, 4746, 4917, 6132, 6772, 6806, 0], "tmd": [29, 0, 0, 0, 0, 0, 0, 68, 0, 0, 0, 0, 0, 0, 0, 0, 97, 10, 0, 0, 0], "wmn": 1059, "wmt": 13226, "wmd": 106, "wmv": 31769, "wdn": -15, "wdt": -11, "wdd": 57, "wdv": 3, "tlv": "Missouri"}