{"loc": "Franklin", "iso": "US", "l1": "United States", "l2": "New York", "lvl": 3, "pop": 50022, "key": 11397, "isd": true, "ppd": 35.608000000000004, "med": 38.3, "p65": 15.413, "p70": 9.732000000000001, "hos": 2.77, "exp": 78.86, "adr": 1.0, "amn": 87781.0, "amv": 1263117.0, "amd": 440.0, "amt": 3851190.0, "tmn": [479, 799, 759, 319, 499, 259, 299, 379, 559, 499, 519, 779, 299, 459, 479, 399, 559, 479, 239, 119, 419], "tmv": [2661, 3390, 3489, 0, 0, 0, 2411, 3257, 3418, 2659, 2485, 1614, 1945, 2278, 2491, 2890, 2710, 2395, 1993, 2154, 3467], "tmd": [0, 0, 0, 0, 0, 0, 20, 0, 0, 0, 0, 0, 0, 0, 0, 20, 20, 0, 0, 0, 0], "wmn": 2699, "wmt": 61296, "wmd": 40, "wmv": 18105, "wdn": -23, "wdt": -5, "wdd": 0, "wdv": 3, "tlv": "New York"}