{"loc": "Franklin", "iso": "US", "l1": "United States", "l2": "Missouri", "lvl": 3, "pop": 103967, "key": 11395, "isd": true, "ppd": 35.608000000000004, "med": 38.3, "p65": 15.413, "p70": 9.732000000000001, "hos": 2.77, "exp": 78.86, "adr": 2.0, "amn": 80814.0, "amv": 201735.0, "amd": 1481.0, "amt": 724300.0, "tmn": [336, 125, 105, 105, 86, 230, 259, 115, 105, 76, 182, 96, 38, 163, 182, 67, 96, 163, 48, 76, 134], "tmv": [4903, 6734, 6595, 3662, 2393, 4746, 4917, 6132, 6772, 6806, 0, 0, 3221, 4419, 5606, 5173, 5466, 3298, 2593, 4349, 0], "tmd": [0, 0, 0, 0, 0, 0, 97, 10, 0, 0, 0, 0, 0, 39, 0, 0, 0, 0, 10, 0, 0], "wmn": 770, "wmt": 13932, "wmd": 10, "wmv": 26489, "wdn": -1, "wdt": 31, "wdd": -80, "wdv": -3, "tlv": "Missouri"}