{"loc": "Franklin", "iso": "US", "l1": "United States", "l2": "Ohio", "lvl": 3, "pop": 1316756, "key": 11399, "isd": true, "ppd": 35.608000000000004, "med": 38.3, "p65": 15.413, "p70": 9.732000000000001, "hos": 2.77, "exp": 78.86, "adr": 1.0, "amn": 87534.0, "amv": 359108.0, "amd": 987.0, "amt": 906076.0, "tmn": [145, 123, 103, 148, 140, 165, 161, 119, 62, 137, 182, 138, 119, 148, 162, 97, 93, 164, 124, 185, 135], "tmv": [7139, 7375, 5050, 5255, 5793, 6168, 7391, 8814, 7404, 5275, 4864, 6157, 7535, 8875, 13887, 4118, 6135, 5026, 6980, 8171, 7842], "tmd": [1, 0, 0, 3, 1, 0, 0, 1, 2, 0, 0, 0, 0, 0, 0, 0, 0, 5, 0, 0, 14], "wmn": 964, "wmt": 19220, "wmd": 19, "wmv": 52163, "wdn": 6, "wdt": 26, "wdd": 700, "wdv": 7, "tlv": "Ohio"}