{"loc": "Franklin", "iso": "US", "l1": "United States", "l2": "Missouri", "lvl": 3, "pop": 103967, "key": 11395, "isd": true, "ppd": 35.608000000000004, "med": 38.3, "p65": 15.413, "p70": 9.732000000000001, "hos": 2.77, "exp": 78.86, "adr": 2.0, "amn": 104081.0, "amv": 955999.0, "amd": 1789.0, "amt": 919366.0, "tmn": [38, 19, 38, 0, 48, 38, 48, 48, -48, 76, 38, 28, 125, 67, 57, 76, 38, 19, 38, 38, 86], "tmv": [4872, 3714, 0, 0, 1543, 2452, 4248, 3485, 4157, 3682, 3252, 2518, 2835, 2495, 4865, 3672, 4016, 3766, 3121, 6234, 0], "tmd": [0, 0, 0, 0, 10, 0, 0, 0, 0, 0, 0, 0, 0, 0, 0, 0, 0, 10, 0, 0, 0], "wmn": 356, "wmt": 7658, "wmd": 10, "wmv": 25677, "wdn": 6, "wdt": -7, "wdd": 0, "wdv": 14, "tlv": "Missouri"}