{"loc": "Frederick", "iso": "US", "l1": "United States", "l2": "Maryland", "lvl": 3, "pop": 259547, "key": 11406, "isd": true, "ppd": 35.608000000000004, "med": 38.3, "p65": 15.413, "p70": 9.732000000000001, "hos": 2.77, "exp": 78.86, "adr": 2.0, "amn": 93898.0, "amv": 1283911.0, "amd": 1453.0, "amt": 2335359.0, "tmn": [42, 169, 177, 177, 188, 142, 107, 173, 130, 223, 123, 208, 127, 119, 177, 123, 200, 169, 177, 127, 92], "tmv": [2626, 2552, 2575, 2955, 1399, 770, 2354, 2306, 2307, 2345, 3781, 2315, 1328, 4158, 4126, 4122, 3797, 3784, 1119, 91, 0], "tmd": [0, 4, 12, 0, 0, 0, 0, 0, 4, 8, 0, 0, 0, 0, 4, 4, 0, 0, 0, 0, 0], "wmn": 1068, "wmt": 37268, "wmd": 8, "wmv": 17042, "wdn": -3, "wdt": -9, "wdd": -33, "wdv": -8, "tlv": "Maryland"}