{"loc": "Fredericksburg", "iso": "US", "l1": "United States", "l2": "Virginia", "lvl": 3, "pop": 29036, "key": 11408, "isd": true, "ppd": 35.608000000000004, "med": 38.3, "p65": 15.413, "p70": 9.732000000000001, "hos": 2.77, "exp": 78.86, "adr": 1.0, "amn": 74322.0, "amv": 1005306.0, "amd": 861.0, "amt": 906779.0, "tmn": [0, 0, 0, 0, 34, -34, 34, 34, 0, 68, 0, 0, 34, 0, 68, 0, 0, 0, 0, 0, 68], "tmv": [6234, 3276, 3244, 2575, 1851, 1965, 1967, 2474, 1554, 2803, 3655, 3299, 2241, 4154, 4949, 1994, 3524, 1923, 0, 0, 0], "tmd": [0, 0, 0, 0, 0, 0, 0, 0, 0, 0, 0, 0, 0, 0, 0, 0, 0, 0, 0, 0, 0], "wmn": 138, "wmt": 6297, "wmd": 0, "wmv": 12392, "wdn": 0, "wdt": -7, "wdd": 0, "wdv": -39, "tlv": "Virginia"}