{"loc": "Franklin", "iso": "US", "l1": "United States", "l2": "Virginia", "lvl": 3, "pop": 56042, "key": 11404, "isd": true, "ppd": 35.608000000000004, "med": 38.3, "p65": 15.413, "p70": 9.732000000000001, "hos": 2.77, "exp": 78.86, "adr": 2.0, "amn": 73980.0, "amv": 1027393.0, "amd": 1481.0, "amt": 921218.0, "tmn": [35, 53, 17, 0, 0, 35, 53, 17, 0, 53, 17, 0, 35, 35, 0, 17, 0, 0, 214, 53, 17], "tmv": [4949, 1994, 3524, 1923, 0, 0, 1326, 2107, 1883, 1818, 1779, 1363, 1036, 1655, 1721, 1666, 1928, 1520, 1539, 740, 0], "tmd": [0, 0, 0, 0, 0, 0, 0, 0, 18, 0, 0, 0, 0, 0, 0, 0, 0, 0, 18, 0, 0], "wmn": 304, "wmt": 7625, "wmd": 18, "wmv": 9117, "wdn": 89, "wdt": 12, "wdd": 0, "wdv": -22, "tlv": "Virginia"}