{"loc": "Franklin", "iso": "US", "l1": "United States", "l2": "Tennessee", "lvl": 3, "pop": 42208, "key": 11401, "isd": true, "ppd": 35.608000000000004, "med": 38.3, "p65": 15.413, "p70": 9.732000000000001, "hos": 2.77, "exp": 78.86, "adr": 2.0, "amn": 123910.0, "amv": 949764.0, "amd": 2180.0, "amt": 1185706.0, "tmn": [0, 0, 0, 0, 71, 0, 23, 23, 0, 0, -47, -23, 47, 0, 1231, 0, 0, 0, -23, 0, 0], "tmv": [4173, 4872, 3714, 0, 0, 1543, 2452, 4248, 3485, 4157, 3682, 3252, 2518, 2835, 2495, 4865, 3672, 4016, 3766, 3121, 0], "tmd": [0, 0, 0, 0, 0, 0, 24, 0, 0, 0, 0, 0, 0, 0, 0, 0, 0, 0, 24, 0, 0], "wmn": 1209, "wmt": 7437, "wmd": 24, "wmv": 21938, "wdn": 0, "wdt": -7, "wdd": 0, "wdv": -9, "tlv": "Tennessee"}