{"loc": "Franklin", "iso": "US", "l1": "United States", "l2": "Virginia", "lvl": 3, "pop": 56042, "key": 11404, "isd": true, "ppd": 35.608000000000004, "med": 38.3, "p65": 15.413, "p70": 9.732000000000001, "hos": 2.77, "exp": 78.86, "adr": 2.0, "amn": 73516.0, "amv": 1005306.0, "amd": 1445.0, "amt": 906779.0, "tmn": [17, 0, 17, 0, 0, 0, -35, 53, 35, 0, 0, 0, 35, 35, 35, 53, 17, 0, 0, 35, 53], "tmv": [6234, 3276, 3244, 2575, 1851, 1965, 1967, 2474, 1554, 2803, 3655, 3299, 2241, 4154, 4949, 1994, 3524, 1923, 0, 0, 0], "tmd": [0, 0, 0, 0, 0, 0, -35, 36, 0, 0, 0, 18, 0, 0, 0, 0, 0, 0, 0, 0, 0], "wmn": 197, "wmt": 6297, "wmd": 0, "wmv": 12392, "wdn": 22, "wdt": -7, "wdd": -100, "wdv": -39, "tlv": "Virginia"}