{"loc": "Frederick", "iso": "US", "l1": "United States", "l2": "Virginia", "lvl": 3, "pop": 89313, "key": 11407, "isd": true, "ppd": 35.608000000000004, "med": 38.3, "p65": 15.413, "p70": 9.732000000000001, "hos": 2.77, "exp": 78.86, "adr": 1.0, "amn": 74267.0, "amv": 180853.0, "amd": 560.0, "amt": 671102.0, "tmn": [503, 257, 425, 738, 615, 391, 526, 123, 862, 716, 291, 358, 190, 279, 179, 179, 279, 134, 223, 223, 89], "tmv": [4690, 3336, 1695, 3330, 4023, 4903, 6734, 6595, 3662, 2393, 4746, 4917, 6132, 6772, 6806, 0, 0, 3221, 4419, 5606, 0], "tmd": [0, 0, 0, 0, 23, 0, 0, 0, 0, 0, 0, 0, 0, 0, 0, 0, 0, 12, 12, 0, 12], "wmn": 1310, "wmt": 16983, "wmd": 34, "wmv": 20055, "wdn": -54, "wdt": -16, "wdd": 0, "wdv": -43, "tlv": "Virginia"}