{"loc": "Franklin", "iso": "US", "l1": "United States", "l2": "Virginia", "lvl": 3, "pop": 56042, "key": 11404, "isd": true, "ppd": 35.608000000000004, "med": 38.3, "p65": 15.413, "p70": 9.732000000000001, "hos": 2.77, "exp": 78.86, "adr": 1.0, "amn": 63970.0, "amv": 153709.0, "amd": 749.0, "amt": 654120.0, "tmn": [410, 481, 713, 624, 535, 339, 838, 196, 214, 339, 499, 231, 499, 428, 303, 142, 339, 285, 267, 410, 267], "tmv": [3978, 2687, 2448, 3374, 4677, 5132, 5139, 4690, 3336, 1695, 3330, 4023, 4903, 6734, 6595, 3662, 2393, 4746, 4917, 6132, 6772], "tmd": [0, 0, 18, 0, 18, 18, 0, 0, 0, 18, 18, 0, 18, 36, 0, 0, 18, 18, 0, 0, 18], "wmn": 2017, "wmt": 20250, "wmd": 54, "wmv": 35221, "wdn": -16, "wdt": -14, "wdd": -40, "wdv": 23, "tlv": "Virginia"}