{"loc": "Freestone", "iso": "US", "l1": "United States", "l2": "Texas", "lvl": 3, "pop": 19717, "key": 11410, "isd": true, "ppd": 35.608000000000004, "med": 38.3, "p65": 15.413, "p70": 9.732000000000001, "hos": 2.77, "exp": 78.86, "adr": 2.0, "amn": 133032.0, "amv": 1179384.0, "amd": 3094.0, "amt": 1115320.0, "tmn": [608, 0, 1521, 811, 355, 0, 912, 862, 0, 912, 50, 862, 760, 253, 405, 0, 0, 557, 608, 202, 0], "tmv": [2950, 0, 0, 0, 2913, 2024, 2876, 2739, 2336, 1790, 1886, 2554, 2257, 2903, 2781, 2047, 1978, 1647, 2163, 995, 2262], "tmd": [0, 0, 0, 0, 0, 51, 0, 0, 0, 0, 0, 0, 51, 51, 0, 0, 0, 0, 0, 51, 51], "wmn": 1776, "wmt": 24490, "wmd": 102, "wmv": 13878, "wdn": -52, "wdt": -15, "wdd": 0, "wdv": -16, "tlv": "Texas"}