{"loc": "Frio", "iso": "US", "l1": "United States", "l2": "Texas", "lvl": 3, "pop": 20306, "key": 11419, "isd": true, "ppd": 35.608000000000004, "med": 38.3, "p65": 15.413, "p70": 9.732000000000001, "hos": 2.77, "exp": 78.86, "adr": 2.0, "amn": 130011.0, "amv": 201735.0, "amd": 2019.0, "amt": 667609.0, "tmn": [1181, 246, 0, 0, 295, 1034, 640, 935, 295, 0, 0, 0, 0, 0, 147, 0, 0, 0, 2068, 738, 344], "tmv": [4903, 6734, 6595, 3662, 2393, 4746, 4917, 6132, 6772, 6806, 0, 0, 3221, 4419, 5606, 5173, 5466, 3298, 2593, 4349, 0], "tmd": [99, 50, 0, 0, 0, 99, 0, 0, 0, 0, 0, 0, 0, 0, 0, 0, 0, 0, 148, 0, 0], "wmn": 3300, "wmt": 18872, "wmd": 148, "wmv": 26489, "wdn": 168, "wdt": 80, "wdd": 0, "wdv": -3, "tlv": "Texas"}