{"loc": "Fulton", "iso": "US", "l1": "United States", "l2": "Arkansas", "lvl": 3, "pop": 12477, "key": 11426, "isd": true, "ppd": 35.608000000000004, "med": 38.3, "p65": 15.413, "p70": 9.732000000000001, "hos": 2.77, "exp": 78.86, "adr": 4.0, "amn": 136972.0, "amv": 1283911.0, "amd": 5049.0, "amt": 1355297.0, "tmn": [80, 0, 160, 160, 320, 240, 80, 160, 160, 0, 320, 320, 320, 0, 80, 240, 400, 80, 80, 80, 0], "tmv": [2626, 2552, 2575, 2955, 1399, 770, 2354, 2306, 2307, 2345, 3781, 2315, 1328, 4158, 4126, 4122, 3797, 3784, 1119, 91, 0], "tmd": [0, 0, 0, 0, 0, 0, 0, 0, 0, 0, 0, 0, 0, 0, 0, 81, 0, 0, 0, 0, 0], "wmn": 962, "wmt": 11191, "wmd": 81, "wmv": 17042, "wdn": -25, "wdt": -6, "wdd": 0, "wdv": -8, "tlv": "Arkansas"}