{"loc": "Fulton", "iso": "US", "l1": "United States", "l2": "Illinois", "lvl": 3, "pop": 34340, "key": 11428, "isd": true, "ppd": 35.608000000000004, "med": 38.3, "p65": 15.413, "p70": 9.732000000000001, "hos": 2.77, "exp": 78.86, "adr": 2.0, "amn": 83722.0, "amv": 244457.0, "amd": 1310.0, "amt": 1451213.0, "tmn": [145, 407, 116, 58, 203, 116, 29, 203, 232, 145, 29, 232, 87, 203, 87, 203, 58, 29, 232, 145, 262], "tmv": [6132, 6772, 6806, 0, 0, 3221, 4419, 5606, 5173, 5466, 3298, 2593, 4349, 5491, 6616, 7139, 7375, 5050, 5255, 5793, 0], "tmd": [0, 0, 0, 0, 0, 0, 0, 0, 0, 0, 0, 0, 0, 0, 0, 0, 0, 0, 0, 30, 0], "wmn": 1020, "wmt": 38960, "wmd": 30, "wmv": 37231, "wdn": -10, "wdt": -3, "wdd": 0, "wdv": 16, "tlv": "Illinois"}