{"loc": "Gadag", "iso": "IN", "l1": "India", "l2": "Karnataka", "lvl": 3, "pop": 1065235, "key": 11436, "isd": true, "ppd": 450.41900000000004, "med": 28.2, "p65": 5.989, "p70": 3.4139999999999997, "hos": 0.53, "exp": 69.66, "adr": 1.0, "amn": 11219.0, "amv": 96199.0, "amd": 132.0, "amt": 360504.0, "tmn": [8, 16, 12, 11, 10, 13, 15, 15, 17, 27, 28, 23, 31, 31, 34, 45, 65, 68, 67, 68, 69], "tmv": [2119, 2264, 2902, 2874, 2261, 2996, 2710, 2550, 2125, 2901, 1917, 2401, 1978, 1966, 1945, 891, 2374, 0, 0, 2252, 0], "tmd": [0, 0, 0, 0, 0, 0, 0, 0, 0, 0, 0, 0, 0, 0, 0, 0, 0, 0, 0, 0, 0], "wmn": 420, "wmt": 15570, "wmd": 0, "wmv": 7464, "wdn": 138, "wdt": 24, "wdd": 0, "wdv": -53, "tlv": "Karnataka"}