{"loc": "Gadchiroli", "iso": "IN", "l1": "India", "l2": "Maharashtra", "lvl": 3, "pop": 1071795, "key": 11437, "isd": true, "ppd": 450.41900000000004, "med": 28.2, "p65": 5.989, "p70": 3.4139999999999997, "hos": 0.53, "exp": 69.66, "adr": 1.0, "amn": 8336.0, "amv": 8033.0, "amd": 92.0, "amt": 127657.0, "tmn": [5, 2, 6, 2, 0, 4, 1, 1, 0, 3, -4, 1, 0, 4, 6, 7, 9, 6, 10, 1, 3], "tmv": [138, 136, 225, 369, 331, 259, 26, 323, 255, 293, 353, 335, 214, 15, 315, 201, 306, 554, 382, 268, 0], "tmd": [0, 0, 0, 0, 0, 0, 0, 0, 0, 0, 2, 0, 0, 0, 0, 0, 0, 0, 0, 0, 0], "wmn": 46, "wmt": 3238, "wmd": 0, "wmv": 2029, "wdn": 390, "wdt": 16, "wdd": -100, "wdv": 13, "tlv": "Maharashtra"}