{"loc": "Fulton", "iso": "US", "l1": "United States", "l2": "Ohio", "lvl": 3, "pop": 42126, "key": 11432, "isd": true, "ppd": 35.608000000000004, "med": 38.3, "p65": 15.413, "p70": 9.732000000000001, "hos": 2.77, "exp": 78.86, "adr": 2.0, "amn": 107226.0, "amv": 0.0, "amd": 1828.0, "amt": 1222718.0, "tmn": [23, 118, 71, 23, 23, 142, 118, 189, 474, 427, 71, 23, 332, 213, 142, 498, 284, 71, 47, 427, 332], "tmv": [0, 0, 0, 0, 0, 0, 0, 0, 0, 0, 0, 0, 0, 0, 0, 0, 0, 0, 0, 0, 0], "tmd": [0, 0, 0, 0, 0, 0, 0, 0, 0, 0, 0, 0, 0, 0, 0, 0, 0, 0, 0, 48, 0], "wmn": 1805, "wmt": 11029, "wmd": 48, "wmv": 0, "wdn": 4, "wdt": -6, "wdd": 0, "wdv": 0, "tlv": "Ohio"}