{"loc": "Gadsden", "iso": "US", "l1": "United States", "l2": "Florida", "lvl": 3, "pop": 45660, "key": 11438, "isd": true, "ppd": 35.608000000000004, "med": 38.3, "p65": 15.413, "p70": 9.732000000000001, "hos": 2.77, "exp": 78.86, "adr": 2.0, "amn": 120061.0, "amv": 258018.0, "amd": 1905.0, "amt": 1033012.0, "tmn": [197, 65, 197, 197, 262, 219, 131, 197, 43, 219, 197, 109, 284, 219, 87, 43, 197, 438, 175, 87, 131], "tmv": [6806, 0, 0, 3221, 4419, 5606, 5173, 5466, 3298, 2593, 4349, 5491, 6616, 7139, 7375, 5050, 5255, 5793, 6168, 7391, 0], "tmd": [0, 22, 0, 22, 22, 0, 22, 44, 0, 0, 0, 0, 0, 0, 22, 44, 22, 0, 0, 0, 0], "wmn": 1161, "wmt": 23393, "wmd": 88, "wmv": 37036, "wdn": -9, "wdt": -20, "wdd": 100, "wdv": 6, "tlv": "Florida"}