{"loc": "Fulton", "iso": "US", "l1": "United States", "l2": "Ohio", "lvl": 3, "pop": 42126, "key": 11432, "isd": true, "ppd": 35.608000000000004, "med": 38.3, "p65": 15.413, "p70": 9.732000000000001, "hos": 2.77, "exp": 78.86, "adr": 2.0, "amn": 154014.0, "amv": 1318760.0, "amd": 2516.0, "amt": 1497516.0, "tmn": [474, 379, 213, 332, 332, 522, 451, 261, 664, 118, 356, 664, 783, 569, 735, 451, 522, 332, 1424, 1210, 973], "tmv": [3907, 2388, 1363, 4340, 4401, 4549, 4472, 4977, 2311, 1237, 3968, 4080, 4140, 4246, 4837, 2345, 1101, 1959, 281, 0, 0], "tmd": [0, 24, 0, 0, 24, 0, 0, 0, 0, 0, 0, 0, 0, 0, 0, 0, 0, 0, 0, 0, 0], "wmn": 5650, "wmt": 17409, "wmd": 0, "wmv": 10525, "wdn": 65, "wdt": 5, "wdd": 0, "wdv": -58, "tlv": "Ohio"}