{"loc": "Fulton", "iso": "US", "l1": "United States", "l2": "Pennsylvania", "lvl": 3, "pop": 14530, "key": 11433, "isd": true, "ppd": 35.608000000000004, "med": 38.3, "p65": 15.413, "p70": 9.732000000000001, "hos": 2.77, "exp": 78.86, "adr": 1.0, "amn": 118238.0, "amv": 1157792.0, "amd": 1376.0, "amt": 1289914.0, "tmn": [688, 412, 481, 344, 412, 1376, 1032, 1101, 963, 1169, 344, 481, 619, 1651, 1651, 1238, 1514, 481, 481, 1238, 1169], "tmv": [2807, 3250, 3257, 2889, 2103, 1988, 3241, 2538, 4249, 2950, 0, 0, 0, 2913, 2024, 2876, 2739, 2336, 1790, 1886, 0], "tmd": [69, 0, 0, 0, 0, 0, 0, 69, 0, 0, 69, 0, 0, 0, 0, 0, 0, 0, 0, 0, 0], "wmn": 7778, "wmt": 22497, "wmd": 0, "wmv": 13653, "wdn": 23, "wdt": 7, "wdd": -100, "wdv": 8, "tlv": "Pennsylvania"}