{"loc": "Fulton", "iso": "US", "l1": "United States", "l2": "Ohio", "lvl": 3, "pop": 42126, "key": 11432, "isd": true, "ppd": 35.608000000000004, "med": 38.3, "p65": 15.413, "p70": 9.732000000000001, "hos": 2.77, "exp": 78.86, "adr": 2.0, "amn": 102811.0, "amv": 1008740.0, "amd": 1780.0, "amt": 1173949.0, "tmn": [0, 0, 23, 0, 0, 23, 0, 23, 23, 0, 23, 23, 23, 0, 0, 0, 0, 23, 23, 23, 23], "tmv": [3276, 3244, 2575, 1851, 1965, 1967, 2474, 1554, 2803, 3655, 3299, 2241, 4154, 4949, 1994, 3524, 1923, 0, 0, 1326, 2107], "tmd": [0, 0, 0, 0, 0, 0, 0, 0, 0, 0, 0, 0, 0, 0, 0, 0, 0, 0, 0, 0, 0], "wmn": 95, "wmt": 7629, "wmd": 0, "wmv": 10877, "wdn": -20, "wdt": -8, "wdd": 0, "wdv": -52, "tlv": "Ohio"}