{"loc": "Gallatin", "iso": "US", "l1": "United States", "l2": "Illinois", "lvl": 3, "pop": 4828, "key": 11444, "isd": true, "ppd": 35.608000000000004, "med": 38.3, "p65": 15.413, "p70": 9.732000000000001, "hos": 2.77, "exp": 78.86, "adr": 1.0, "amn": 90099.0, "amv": 194792.0, "amd": 829.0, "amt": 1398502.0, "tmn": [207, 621, 207, 621, 207, 0, 414, 0, 621, 207, 0, 207, 828, 414, 0, 0, 0, 0, 207, 0, 414], "tmv": [3330, 4023, 4903, 6734, 6595, 3662, 2393, 4746, 4917, 6132, 6772, 6806, 0, 0, 3221, 4419, 5606, 5173, 5466, 3298, 0], "tmd": [0, 0, 0, 0, 0, 0, 0, 0, 0, 0, 208, 0, 0, 0, 0, 0, 0, 0, 0, 0, 0], "wmn": 622, "wmt": 35566, "wmd": 0, "wmv": 27187, "wdn": -73, "wdt": -15, "wdd": -100, "wdv": -7, "tlv": "Illinois"}