{"loc": "Galax", "iso": "US", "l1": "United States", "l2": "Virginia", "lvl": 3, "pop": 6347, "key": 11442, "isd": true, "ppd": 35.608000000000004, "med": 38.3, "p65": 15.413, "p70": 9.732000000000001, "hos": 2.77, "exp": 78.86, "adr": 4.0, "amn": 249409.0, "amv": 1341580.0, "amd": 10084.0, "amt": 1191075.0, "tmn": [630, 315, 945, 787, 0, 0, 1417, 787, 157, 1102, -315, 0, 0, 2048, 1102, 472, 1260, 1417, 0, 0, -787], "tmv": [4456, 4611, 4549, 5061, 2356, 1255, 4023, 4168, 4272, 4405, 5092, 2672, 1421, 3738, 4100, 4188, 3596, 4102, 1618, 109, 0], "tmd": [0, 0, 0, 0, 0, 0, 0, 0, 0, 0, 0, 0, 0, 0, 158, 0, 158, 0, 0, 0, 0], "wmn": 3467, "wmt": 15105, "wmd": 316, "wmv": 17716, "wdn": -8, "wdt": 12, "wdd": 0, "wdv": -31, "tlv": "Virginia"}