{"loc": "Gallia", "iso": "US", "l1": "United States", "l2": "Ohio", "lvl": 3, "pop": 29898, "key": 11447, "isd": true, "ppd": 35.608000000000004, "med": 38.3, "p65": 15.413, "p70": 9.732000000000001, "hos": 2.77, "exp": 78.86, "adr": 2.0, "amn": 132484.0, "amv": 1216117.0, "amd": 2074.0, "amt": 1412585.0, "tmn": [802, 367, 1070, 869, 836, 1003, 869, 401, 401, 1270, 1237, 1505, 1204, 1003, 568, 434, 1237, 1237, 1505, 1070, 535], "tmv": [2047, 1978, 1647, 2163, 995, 2262, 2445, 2251, 1671, 0, 0, 2784, 2570, 2833, 3777, 2988, 2423, 2905, 2661, 3390, 0], "tmd": [0, 0, 0, 0, 0, 0, 34, 0, 0, 0, 0, 0, 0, 0, 0, 0, 0, 0, 0, 34, 0], "wmn": 6590, "wmt": 22678, "wmd": 34, "wmv": 18148, "wdn": -6, "wdt": -7, "wdd": 0, "wdv": 50, "tlv": "Ohio"}