{"loc": "Galveston", "iso": "US", "l1": "United States", "l2": "Texas", "lvl": 3, "pop": 342139, "key": 11448, "isd": true, "ppd": 35.608000000000004, "med": 38.3, "p65": 15.413, "p70": 9.732000000000001, "hos": 2.77, "exp": 78.86, "adr": 1.0, "amn": 183303.0, "amv": 1212726.0, "amd": 1944.0, "amt": 1154798.0, "tmn": [713, 552, 0, 1116, 546, 564, 645, 546, 537, 0, 575, 318, 412, 371, 502, 318, 0, 344, 374, 283, 0], "tmv": [2781, 2047, 1978, 1647, 2163, 995, 2262, 2445, 2251, 1671, 0, 0, 2784, 2570, 2833, 3777, 2988, 2423, 2905, 2661, 0], "tmd": [18, 9, 3, 12, 18, 18, 24, 9, 9, 0, 9, 12, 6, 12, 6, 9, 6, 3, 18, 3, 0], "wmn": 1824, "wmt": 17982, "wmd": 44, "wmv": 17591, "wdn": -34, "wdt": -16, "wdd": -21, "wdv": 50, "tlv": "Texas"}