{"loc": "Gambia", "iso": "GM", "l1": "Gambia", "l2": "0", "lvl": 1, "pop": 2416664, "key": 11449, "isd": true, "ppd": 207.56599999999997, "med": 17.5, "p65": 2.339, "p70": 1.4169999999999998, "hos": 1.1, "exp": 62.05, "adr": 3.0, "amn": 2243.0, "amv": 2212.0, "amd": 68.0, "amt": 21667.0, "tmn": [0, 0, 0, 60, 19, 0, 14, 0, 27, 15, 12, 0, 42, 0, 0, 19, 0, 25, 0, 14, 7], "tmv": [0, 0, 0, 0, 0, 0, 0, 0, 0, 0, 0, 0, 0, 0, 0, 0, 0, 0, 0, 0, 0], "tmd": [0, 0, 0, 0, 0, 0, 0, 0, 3, 1, 0, 0, 1, 0, 0, 0, 0, 1, 0, 0, 1], "wmn": 69, "wmt": 0, "wmd": 2, "wmv": 0, "wdn": -30, "wdt": 0, "wdd": -62, "wdv": 0, "tlv": "Gambia"}