{"loc": "Gallia", "iso": "US", "l1": "United States", "l2": "Ohio", "lvl": 3, "pop": 29898, "key": 11447, "isd": true, "ppd": 35.608000000000004, "med": 38.3, "p65": 15.413, "p70": 9.732000000000001, "hos": 2.77, "exp": 78.86, "adr": 2.0, "amn": 89906.0, "amv": 1091533.0, "amd": 1706.0, "amt": 1241710.0, "tmn": [100, 133, 100, 100, 468, 668, 167, 200, 66, 167, 33, 301, 234, 301, 234, 267, 200, 301, 668, 568, 535], "tmv": [2600, 2160, 2477, 1419, 1374, 2201, 2622, 2492, 2548, 2348, 1615, 1875, 1986, 1986, 2786, 3007, 2017, 2605, 1830, 2139, 3106], "tmd": [0, 34, 0, 0, 0, 0, 0, 0, 0, 0, 0, 0, 0, 0, 0, 0, 0, 0, 0, 0, 0], "wmn": 2777, "wmt": 16993, "wmd": 0, "wmv": 17494, "wdn": 113, "wdt": 26, "wdd": 0, "wdv": 18, "tlv": "Ohio"}