{"loc": "Galax", "iso": "US", "l1": "United States", "l2": "Virginia", "lvl": 3, "pop": 6347, "key": 11442, "isd": true, "ppd": 35.608000000000004, "med": 38.3, "p65": 15.413, "p70": 9.732000000000001, "hos": 2.77, "exp": 78.86, "adr": 4.0, "amn": 155191.0, "amv": 191493.0, "amd": 6932.0, "amt": 675107.0, "tmn": [0, 315, 472, 157, 472, 472, 157, 315, 0, 315, 157, 0, 315, 157, -157, 472, -157, 315, 0, 157, 315], "tmv": [1695, 3330, 4023, 4903, 6734, 6595, 3662, 2393, 4746, 4917, 6132, 6772, 6806, 0, 0, 3221, 4419, 5606, 5173, 5466, 0], "tmd": [0, 0, 0, 316, 0, 0, 0, 0, 0, 0, 0, 158, 0, 0, 158, 0, 0, 0, 0, 0, 158], "wmn": 946, "wmt": 16408, "wmd": 316, "wmv": 23888, "wdn": -25, "wdt": -19, "wdd": 100, "wdv": -25, "tlv": "Virginia"}