{"loc": "Gajapati", "iso": "IN", "l1": "India", "l2": "Odisha", "lvl": 3, "pop": 575880, "key": 11441, "isd": true, "ppd": 450.41900000000004, "med": 28.2, "p65": 5.989, "p70": 3.4139999999999997, "hos": 0.53, "exp": 69.66, "adr": 1.0, "amn": 7095.0, "amv": 21672.0, "amd": 57.0, "amt": 185988.0, "tmn": [1, 0, 1, 0, 1, 1, 0, 0, 1, 0, 1, 0, 0, 0, 1, 0, 0, 0, 6, 0, 5], "tmv": [245, 350, 332, 507, 499, 351, 42, 400, 555, 721, 1006, 1081, 1032, 48, 1463, 984, 954, 347, 1488, 1101, 122], "tmd": [0, 0, 0, 0, 0, 0, 0, 0, 0, 0, 0, 0, 0, 0, 0, 0, 0, 0, 0, 0, 0], "wmn": 14, "wmt": 3225, "wmd": 0, "wmv": 6464, "wdn": 300, "wdt": -1, "wdd": 0, "wdv": 33, "tlv": "Odisha"}