{"loc": "Gasconade", "iso": "US", "l1": "United States", "l2": "Missouri", "lvl": 3, "pop": 14706, "key": 11468, "isd": true, "ppd": 35.608000000000004, "med": 38.3, "p65": 15.413, "p70": 9.732000000000001, "hos": 2.77, "exp": 78.86, "adr": 3.0, "amn": 108459.0, "amv": 1005306.0, "amd": 3196.0, "amt": 941128.0, "tmn": [0, 0, 67, 0, 0, 0, 135, 0, 135, 67, 0, 135, 67, 0, 0, 0, 0, 135, 67, 67, 203], "tmv": [6234, 3276, 3244, 2575, 1851, 1965, 1967, 2474, 1554, 2803, 3655, 3299, 2241, 4154, 4949, 1994, 3524, 1923, 0, 0, 0], "tmd": [0, 0, 0, 0, 0, 0, 0, 0, 0, 68, 0, 0, 0, 0, 0, 0, 0, 0, 0, 0, 0], "wmn": 476, "wmt": 8140, "wmd": 0, "wmv": 12392, "wdn": 17, "wdt": -7, "wdd": -100, "wdv": -39, "tlv": "Missouri"}