{"loc": "Gaston", "iso": "US", "l1": "United States", "l2": "North Carolina", "lvl": 3, "pop": 224529, "key": 11469, "isd": true, "ppd": 35.608000000000004, "med": 38.3, "p65": 15.413, "p70": 9.732000000000001, "hos": 2.77, "exp": 78.86, "adr": 2.0, "amn": 113918.0, "amv": 624865.0, "amd": 1822.0, "amt": 1045410.0, "tmn": [0, 516, 200, 240, 173, 0, 0, 0, 627, 66, 97, 182, 258, 0, 0, 672, 209, 285, 271, 298, 0], "tmv": [9961, 7133, 5431, 8106, 10192, 12065, 12389, 10214, 6477, 4262, 8755, 10329, 12013, 14052, 10864, 8027, 7863, 7615, 10699, 12037, 10893], "tmd": [0, 9, 0, 0, 5, 0, 0, 0, 0, 0, 0, 0, 0, 0, 0, 23, 5, 5, 0, 0, 0], "wmn": 1737, "wmt": 18954, "wmd": 32, "wmv": 68002, "wdn": 41, "wdt": -9, "wdd": 0, "wdv": 3, "tlv": "North Carolina"}