{"loc": "Gariaband", "iso": "IN", "l1": "India", "l2": "Chhattisgarh", "lvl": 3, "pop": 597653, "key": 11462, "isd": true, "ppd": 450.41900000000004, "med": 28.2, "p65": 5.989, "p70": 3.4139999999999997, "hos": 0.53, "exp": 69.66, "adr": 1.0, "amn": 17298.0, "amv": 89748.0, "amd": 156.0, "amt": 224595.0, "tmn": [55, 68, 83, 135, 168, 66, 250, 107, 259, 185, 319, 322, 498, 522, 687, 557, 1330, 781, 1082, 749, 798], "tmv": [1406, 1495, 2660, 3090, 2119, 2264, 2902, 2874, 2261, 2996, 2710, 2550, 2125, 2901, 1917, 2401, 1978, 1966, 1945, 891, 0], "tmd": [2, 0, 0, 2, 2, 0, 2, 4, 6, 2, 4, 6, 2, 6, 2, 0, 6, 4, 4, 0, 11], "wmn": 5987, "wmt": 11843, "wmd": 24, "wmv": 11102, "wdn": 170, "wdt": 8, "wdd": -7, "wdv": -40, "tlv": "Chhattisgarh"}