{"loc": "Gasconade", "iso": "US", "l1": "United States", "l2": "Missouri", "lvl": 3, "pop": 14706, "key": 11468, "isd": true, "ppd": 35.608000000000004, "med": 38.3, "p65": 15.413, "p70": 9.732000000000001, "hos": 2.77, "exp": 78.86, "adr": 4.0, "amn": 58820.0, "amv": 153709.0, "amd": 2448.0, "amt": 705791.0, "tmn": [67, 135, 407, 339, 475, 0, 67, 67, 203, -135, 271, 203, 135, 67, 135, 0, 203, 67, 271, 67, 0], "tmv": [2687, 2448, 3374, 4677, 5132, 5139, 4690, 3336, 1695, 3330, 4023, 4903, 6734, 6595, 3662, 2393, 4746, 4917, 6132, 6772, 0], "tmd": [0, 68, 0, 0, 0, 0, 0, 0, 0, 0, 0, 0, 204, 0, 0, 0, 0, 0, 0, 0, 0], "wmn": 748, "wmt": 13396, "wmd": 0, "wmv": 28625, "wdn": -8, "wdt": -11, "wdd": -100, "wdv": -7, "tlv": "Missouri"}