{"loc": "Garza", "iso": "US", "l1": "United States", "l2": "Texas", "lvl": 3, "pop": 6229, "key": 11467, "isd": true, "ppd": 35.608000000000004, "med": 38.3, "p65": 15.413, "p70": 9.732000000000001, "hos": 2.77, "exp": 78.86, "adr": 6.0, "amn": 60684.0, "amv": 324951.0, "amd": 3371.0, "amt": 699655.0, "tmn": [0, 321, 0, 0, 160, 0, 0, 0, 481, 0, 321, 642, 0, 0, 0, 0, 0, 481, 0, 0, 0], "tmv": [3298, 2593, 4349, 5491, 6616, 7139, 7375, 5050, 5255, 5793, 6168, 7391, 8814, 7404, 5275, 4864, 6157, 7535, 8875, 13887, 4118], "tmd": [0, 0, 0, 0, 0, 0, 0, 0, 161, 0, 0, 0, 161, 0, 0, 0, 0, 0, 0, 0, 0], "wmn": 482, "wmt": 13096, "wmd": 0, "wmv": 50714, "wdn": -67, "wdt": 9, "wdd": -100, "wdv": 11, "tlv": "Texas"}