{"loc": "Garrett", "iso": "US", "l1": "United States", "l2": "Maryland", "lvl": 3, "pop": 29014, "key": 11465, "isd": true, "ppd": 35.608000000000004, "med": 38.3, "p65": 15.413, "p70": 9.732000000000001, "hos": 2.77, "exp": 78.86, "adr": 3.0, "amn": 85097.0, "amv": 1165506.0, "amd": 2378.0, "amt": 2067449.0, "tmn": [448, 241, 241, 379, 413, 172, 482, 723, 241, 654, 103, 172, 275, 620, 206, 516, 413, 413, 344, 448, 1171], "tmv": [3257, 2889, 2103, 1988, 3241, 2538, 4249, 2950, 0, 0, 0, 2913, 2024, 2876, 2739, 2336, 1790, 1886, 2554, 2257, 2903], "tmd": [0, 0, 0, 0, 35, 69, 0, 0, 0, 0, 0, 0, 0, 0, 0, 0, 0, 0, 0, 0, 0], "wmn": 3516, "wmt": 40317, "wmd": 0, "wmv": 16467, "wdn": 26, "wdt": 36, "wdd": 0, "wdv": 53, "tlv": "Maryland"}