{"loc": "Gaston", "iso": "US", "l1": "United States", "l2": "North Carolina", "lvl": 3, "pop": 224529, "key": 11469, "isd": true, "ppd": 35.608000000000004, "med": 38.3, "p65": 15.413, "p70": 9.732000000000001, "hos": 2.77, "exp": 78.86, "adr": 2.0, "amn": 122256.0, "amv": 1029249.0, "amd": 1977.0, "amt": 1213680.0, "tmn": [48, 0, 0, 0, 102, 17, 71, 22, 0, 0, 84, 57, 57, 120, 48, 0, 0, 253, 62, 106, 115], "tmv": [1994, 3524, 1923, 0, 0, 1326, 2107, 1883, 1818, 1779, 1363, 1036, 1655, 1721, 1666, 1928, 1520, 1539, 740, 1856, 0], "tmd": [0, 0, 0, 0, 0, 0, 9, 5, 0, 0, 0, 0, 0, 0, 0, 0, 0, 0, 0, 0, 0], "wmn": 588, "wmt": 9525, "wmd": 0, "wmv": 9252, "wdn": 71, "wdt": 8, "wdd": -100, "wdv": -18, "tlv": "North Carolina"}