{"loc": "Gasconade", "iso": "US", "l1": "United States", "l2": "Missouri", "lvl": 3, "pop": 14706, "key": 11468, "isd": true, "ppd": 35.608000000000004, "med": 38.3, "p65": 15.413, "p70": 9.732000000000001, "hos": 2.77, "exp": 78.86, "adr": 3.0, "amn": 103631.0, "amv": 298070.0, "amd": 2856.0, "amt": 752868.0, "tmn": [67, 67, 67, 0, 0, 135, 0, 67, 0, 67, 67, 0, 67, 203, 67, 67, 0, 203, 0, 42907, 339], "tmv": [5173, 5466, 3298, 2593, 4349, 5491, 6616, 7139, 7375, 5050, 5255, 5793, 6168, 7391, 8814, 7404, 5275, 4864, 6157, 7535, 0], "tmd": [0, 0, 0, 0, 0, 68, 0, 0, 0, 0, 0, 136, 0, 0, 0, 0, 0, 68, 0, 0, 0], "wmn": 43588, "wmt": 12971, "wmd": 68, "wmv": 40053, "wdn": 9057, "wdt": -3, "wdd": -50, "wdv": -9, "tlv": "Missouri"}