{"loc": "Geauga", "iso": "US", "l1": "United States", "l2": "Ohio", "lvl": 3, "pop": 93649, "key": 11476, "isd": true, "ppd": 35.608000000000004, "med": 38.3, "p65": 15.413, "p70": 9.732000000000001, "hos": 2.77, "exp": 78.86, "adr": 2.0, "amn": 86664.0, "amv": 1170335.0, "amd": 1655.0, "amt": 1344288.0, "tmn": [352, 245, 373, 266, 298, 320, 149, 395, 309, 234, 341, 384, 234, 309, 587, 363, 384, 309, 266, 363, 170], "tmv": [1988, 3241, 2538, 4249, 2950, 0, 0, 0, 2913, 2024, 2876, 2739, 2336, 1790, 1886, 2554, 2257, 2903, 2781, 2047, 0], "tmd": [0, 0, 0, 0, 0, 0, 0, 0, 0, 0, 0, 0, 0, 0, 0, 0, 0, 0, 0, 0, 0], "wmn": 2446, "wmt": 32099, "wmd": 0, "wmv": 14431, "wdn": 11, "wdt": 110, "wdd": 0, "wdv": -2, "tlv": "Ohio"}