{"loc": "Gaya", "iso": "IN", "l1": "India", "l2": "Bihar", "lvl": 3, "pop": 4379383, "key": 11474, "isd": true, "ppd": 450.41900000000004, "med": 28.2, "p65": 5.989, "p70": 3.4139999999999997, "hos": 0.53, "exp": 69.66, "adr": 0.0, "amn": 6980.0, "amv": 129247.0, "amd": 35.0, "amt": 222201.0, "tmn": [186, 170, 305, 150, 175, 259, 257, 275, 221, 124, 151, 175, 135, 171, 118, 96, 92, 54, 92, 88, 53], "tmv": [0, 0, 0, 2420, 1705, 1575, 1605, 1977, 1179, 424, 1355, 1209, 1580, 1936, 1874, 1669, 587, 2024, 2002, 1581, 1678], "tmd": [1, 1, 1, 2, 2, 0, 1, 1, 2, 1, 1, 3, 0, 0, 0, 1, 0, 1, 1, 1, 3], "wmn": 597, "wmt": 5962, "wmd": 4, "wmv": 11419, "wdn": -53, "wdt": 14, "wdd": -23, "wdv": 18, "tlv": "Bihar"}