{"loc": "Geary", "iso": "US", "l1": "United States", "l2": "Kansas", "lvl": 3, "pop": 31670, "key": 11475, "isd": true, "ppd": 35.608000000000004, "med": 38.3, "p65": 15.413, "p70": 9.732000000000001, "hos": 2.77, "exp": 78.86, "adr": 1.0, "amn": 151058.0, "amv": 1283911.0, "amd": 1800.0, "amt": 628975.0, "tmn": [884, 0, 536, 0, 0, 347, 0, 599, 0, 726, 0, 0, 347, 0, 757, 0, 347, 0, 0, 126, 0], "tmv": [2552, 2575, 2955, 1399, 770, 2354, 2306, 2307, 2345, 3781, 2315, 1328, 4158, 4126, 4122, 3797, 3784, 1119, 91, 0, 0], "tmd": [0, 0, 0, 0, 0, 0, 0, 0, 0, 0, 0, 0, 0, 0, 95, 0, 0, 0, 0, 0, 0], "wmn": 1232, "wmt": 5834, "wmd": 95, "wmv": 12915, "wdn": -26, "wdt": -7, "wdd": 0, "wdv": -37, "tlv": "Kansas"}