{"loc": "Gelderland", "iso": "NL", "l1": "Netherlands", "l2": "Gelderland", "lvl": 2, "pop": 2085952, "key": 11477, "isd": true, "ppd": 508.54400000000004, "med": 43.2, "p65": 18.779, "p70": 11.880999999999998, "hos": 3.32, "exp": 82.28, "adr": 1.0, "amn": 96227.0, "amv": 1066436.0, "amd": 973.0, "amt": 633081.0, "tmn": [32, 20, 40, 43, 62, 47, 49, 84, 134, 196, 329, 325, 328, 348, 335, 489, 611, 692, 551, 632, 426], "tmv": [0, 0, 0, 0, 0, 0, 0, 0, 0, 0, 0, 0, 0, 0, 0, 0, 0, 0, 0, 0, 0], "tmd": [0, 0, 0, 0, 0, 0, 1, 0, 0, 0, 0, 0, 0, 0, 0, 0, 0, 0, 0, 0, 0], "wmn": 3741, "wmt": 0, "wmd": 0, "wmv": 0, "wdn": 114, "wdt": 0, "wdd": 0, "wdv": 0, "tlv": "Netherlands"}