{"loc": "Genesee", "iso": "US", "l1": "United States", "l2": "New York", "lvl": 3, "pop": 57280, "key": 11480, "isd": true, "ppd": 35.608000000000004, "med": 38.3, "p65": 15.413, "p70": 9.732000000000001, "hos": 2.77, "exp": 78.86, "adr": 2.0, "amn": 116131.0, "amv": 1216117.0, "amd": 2304.0, "amt": 3692607.0, "tmn": [593, 192, 296, 384, 523, 872, 506, 331, 576, 488, 698, 471, 803, 628, 453, 296, 436, 942, 803, 942, 436], "tmv": [2047, 1978, 1647, 2163, 995, 2262, 2445, 2251, 1671, 0, 0, 2784, 2570, 2833, 3777, 2988, 2423, 2905, 2661, 3390, 0], "tmd": [0, 0, 35, 18, 18, 0, 0, 0, 0, 0, 0, 18, 0, 0, 0, 0, 0, 0, 0, 0, 0], "wmn": 4313, "wmt": 68459, "wmd": 0, "wmv": 18148, "wdn": 8, "wdt": 2, "wdd": -100, "wdv": 50, "tlv": "New York"}