{"loc": "Georgia", "iso": "US", "l1": "United States", "l2": "Georgia", "lvl": 2, "pop": 10617423, "key": 11486, "isd": true, "ppd": 35.608000000000004, "med": 38.3, "p65": 15.413, "p70": 9.732000000000001, "hos": 2.77, "exp": 78.86, "adr": 2.0, "amn": 104155.0, "amv": 752032.0, "amd": 1909.0, "amt": 790595.0, "tmn": [150, 155, 157, 91, 83, 123, 124, 160, 173, 142, 86, 76, 122, 131, 136, 137, 122, 122, 81, 110, 95], "tmv": [10699, 12037, 10893, 10729, 6600, 5484, 7781, 9092, 10242, 10071, 9169, 6395, 4975, 6773, 8259, 8496, 10027, 6458, 3608, 3001, 0], "tmd": [6, 6, 4, 1, 3, 2, 3, 5, 4, 6, 1, 4, 2, 7, 6, 4, 3, 0, 2, 2, 4], "wmn": 808, "wmt": 12749, "wmd": 17, "wmv": 39852, "wdn": -10, "wdt": 6, "wdd": -35, "wdv": -30, "tlv": "Georgia"}