{"loc": "Genesee", "iso": "US", "l1": "United States", "l2": "New York", "lvl": 3, "pop": 57280, "key": 11480, "isd": true, "ppd": 35.608000000000004, "med": 38.3, "p65": 15.413, "p70": 9.732000000000001, "hos": 2.77, "exp": 78.86, "adr": 3.0, "amn": 79574.0, "amv": 306945.0, "amd": 2095.0, "amt": 2095458.0, "tmn": [366, 384, 87, 261, 645, 104, 296, 192, 87, 157, 261, 261, 157, 244, 174, 139, 69, 226, 401, 0, 471], "tmv": [5466, 3298, 2593, 4349, 5491, 6616, 7139, 7375, 5050, 5255, 5793, 6168, 7391, 8814, 7404, 5275, 4864, 6157, 7535, 8875, 0], "tmd": [0, 0, 0, 0, 0, 0, 0, 0, 0, 0, 0, 0, 0, 0, 18, 18, 0, 0, 0, 0, 0], "wmn": 1484, "wmt": 80701, "wmd": 35, "wmv": 40113, "wdn": 9, "wdt": 15, "wdd": 0, "wdv": -13, "tlv": "New York"}