{"loc": "Georgia", "iso": "US", "l1": "United States", "l2": "Georgia", "lvl": 2, "pop": 10617423, "key": 11486, "isd": true, "ppd": 35.608000000000004, "med": 38.3, "p65": 15.413, "p70": 9.732000000000001, "hos": 2.77, "exp": 78.86, "adr": 2.0, "amn": 153792.0, "amv": 1263117.0, "amd": 2726.0, "amt": 1160763.0, "tmn": [308, 0, 0, 0, 660, 189, 197, 179, 0, 0, 312, 158, 158, 140, 144, 0, 0, 260, 110, 189, 143], "tmv": [3390, 3489, 0, 0, 0, 2411, 3257, 3418, 2659, 2485, 1614, 1945, 2278, 2491, 2890, 2710, 2395, 1993, 2154, 3467, 0], "tmd": [13, 0, 0, 0, 19, 9, 13, 20, 0, 0, 16, 13, 15, 11, 17, 0, 0, 12, 10, 11, 9], "wmn": 849, "wmt": 15011, "wmd": 57, "wmv": 15613, "wdn": -11, "wdt": -16, "wdd": -24, "wdv": -8, "tlv": "Georgia"}