{"loc": "Georgetown", "iso": "US", "l1": "United States", "l2": "South Carolina", "lvl": 3, "pop": 62680, "key": 11484, "isd": true, "ppd": 35.608000000000004, "med": 38.3, "p65": 15.413, "p70": 9.732000000000001, "hos": 2.77, "exp": 78.86, "adr": 2.0, "amn": 108424.0, "amv": 955999.0, "amd": 2234.0, "amt": 1278718.0, "tmn": [15, 15, 0, 0, 47, 31, 15, 0, 47, 15, 15, 15, 47, 0, 0, 47, 47, 31, 31, 15, 15], "tmv": [4872, 3714, 0, 0, 1543, 2452, 4248, 3485, 4157, 3682, 3252, 2518, 2835, 2495, 4865, 3672, 4016, 3766, 3121, 6234, 0], "tmd": [0, 0, 0, 0, 0, 0, 0, 0, 0, 0, 0, 0, 0, 0, 0, 0, 0, 0, 0, 0, 0], "wmn": 192, "wmt": 9335, "wmd": 0, "wmv": 25677, "wdn": 33, "wdt": -15, "wdd": 0, "wdv": 14, "tlv": "South Carolina"}