{"loc": "George", "iso": "US", "l1": "United States", "l2": "Mississippi", "lvl": 3, "pop": 24500, "key": 11483, "isd": true, "ppd": 35.608000000000004, "med": 38.3, "p65": 15.413, "p70": 9.732000000000001, "hos": 2.77, "exp": 78.86, "adr": 2.0, "amn": 190204.0, "amv": 1176126.0, "amd": 2939.0, "amt": 815517.0, "tmn": [4857, 1428, 0, 0, 938, 40, 530, 1632, 857, 0, 0, 7469, 734, 408, 693, 571, 0, 0, 2571, 408, 367], "tmv": [2538, 4249, 2950, 0, 0, 0, 2913, 2024, 2876, 2739, 2336, 1790, 1886, 2554, 2257, 2903, 2781, 2047, 1978, 1647, 2163], "tmd": [41, 0, 0, 0, 41, 0, 82, 0, 0, 0, 0, 0, 0, 0, 0, 82, 0, 0, 0, 123, 41], "wmn": 4613, "wmt": 14611, "wmd": 245, "wmv": 15780, "wdn": -58, "wdt": 13, "wdd": 0, "wdv": -3, "tlv": "Mississippi"}