{"loc": "Gentry", "iso": "US", "l1": "United States", "l2": "Missouri", "lvl": 3, "pop": 6571, "key": 11482, "isd": true, "ppd": 35.608000000000004, "med": 38.3, "p65": 15.413, "p70": 9.732000000000001, "hos": 2.77, "exp": 78.86, "adr": 2.0, "amn": 173337.0, "amv": 1146163.0, "amd": 3500.0, "amt": 1091396.0, "tmn": [152, 152, 0, 0, 456, 1978, 913, -152, 0, 152, 456, 608, 304, 1521, 1217, 152, 152, 152, 608, 913, 1521], "tmv": [3187, 2953, 1851, 1966, 2813, 2807, 3250, 3257, 2889, 2103, 1988, 3241, 2538, 4249, 2950, 0, 0, 0, 2913, 2024, 0], "tmd": [0, 0, 0, 0, 0, 0, 0, 0, 0, 0, 0, 0, 0, 0, 0, 0, 0, 0, 0, 0, 0], "wmn": 4718, "wmt": 16401, "wmd": 0, "wmv": 7888, "wdn": 63, "wdt": -7, "wdd": 0, "wdv": -61, "tlv": "Missouri"}