{"loc": "George", "iso": "US", "l1": "United States", "l2": "Mississippi", "lvl": 3, "pop": 24500, "key": 11483, "isd": true, "ppd": 35.608000000000004, "med": 38.3, "p65": 15.413, "p70": 9.732000000000001, "hos": 2.77, "exp": 78.86, "adr": 2.0, "amn": 130082.0, "amv": 1072054.0, "amd": 2163.0, "amt": 710735.0, "tmn": [734, 0, 0, 1387, 489, 571, 1183, 693, 0, 0, 1836, 244, 3469, 1469, 1224, 0, 0, 3673, 3102, 1510, 2448], "tmv": [1821, 2051, 2364, 1193, 1200, 2288, 2155, 2600, 2160, 2477, 1419, 1374, 2201, 2622, 2492, 2548, 2348, 1615, 1875, 1986, 0], "tmd": [0, 0, 0, 0, 0, 0, 0, 0, 0, 0, 0, 0, 0, 0, 41, 0, 0, 0, 0, 0, 41], "wmn": 11960, "wmt": 13678, "wmd": 82, "wmv": 12867, "wdn": 55, "wdt": 36, "wdd": 0, "wdv": -13, "tlv": "Mississippi"}