{"loc": "Gibson", "iso": "US", "l1": "United States", "l2": "Indiana", "lvl": 3, "pop": 33659, "key": 11492, "isd": true, "ppd": 35.608000000000004, "med": 38.3, "p65": 15.413, "p70": 9.732000000000001, "hos": 2.77, "exp": 78.86, "adr": 2.0, "amn": 154253.0, "amv": 1100743.0, "amd": 2971.0, "amt": 1754254.0, "tmn": [207, 623, 178, 386, 0, 0, 1188, 356, 1069, 534, 713, 0, 0, 2168, 594, 1485, 0, 1247, 0, 0, 3594], "tmv": [1374, 2201, 2622, 2492, 2548, 2348, 1615, 1875, 1986, 1986, 2786, 3007, 2017, 2605, 1830, 2139, 3106, 3068, 3187, 2953, 0], "tmd": [0, 0, 0, 0, 0, 0, 0, 0, 0, 0, 0, 0, 0, 0, 0, 0, 0, 0, 0, 0, 90], "wmn": 6923, "wmt": 37366, "wmd": 90, "wmv": 16287, "wdn": 43, "wdt": 31, "wdd": 0, "wdv": 0, "tlv": "Indiana"}