{"loc": "Gibson", "iso": "US", "l1": "United States", "l2": "Indiana", "lvl": 3, "pop": 33659, "key": 11492, "isd": true, "ppd": 35.608000000000004, "med": 38.3, "p65": 15.413, "p70": 9.732000000000001, "hos": 2.77, "exp": 78.86, "adr": 2.0, "amn": 149410.0, "amv": 1086287.0, "amd": 2882.0, "amt": 1733419.0, "tmn": [178, 891, 0, 0, 1099, 207, 623, 178, 386, 0, 0, 1188, 356, 1069, 534, 713, 0, 0, 2168, 594, 1485], "tmv": [2155, 2600, 2160, 2477, 1419, 1374, 2201, 2622, 2492, 2548, 2348, 1615, 1875, 1986, 1986, 2786, 3007, 2017, 2605, 1830, 0], "tmd": [0, 0, 0, 0, 30, 0, 0, 0, 0, 0, 0, 0, 0, 0, 0, 0, 0, 0, 0, 0, 0], "wmn": 5497, "wmt": 32154, "wmd": 0, "wmv": 14234, "wdn": 73, "wdt": 31, "wdd": 0, "wdv": -8, "tlv": "Indiana"}