{"loc": "Gibraltar", "iso": "GI", "l1": "United Kingdom", "l2": "Gibraltar", "lvl": 2, "pop": 33691, "key": 11491, "isd": true, "ppd": 272.89799999999997, "med": 40.8, "p65": 18.517, "p70": 12.527000000000001, "hos": 2.54, "exp": 81.32, "adr": 2.0, "amn": 125701.0, "amv": 278584.0, "amd": 2731.0, "amt": 1200647.0, "tmn": [207, 207, 148, 148, 89, 207, 178, 267, 89, 118, 118, 29, 59, 29, 29, 0, 0, 118, 59, 0, 29], "tmv": [7339, 8123, 4122, 5248, 6112, 6712, 7494, 8092, 7486, 3533, 4161, 5557, 7324, 6898, 5703, 5081, 2222, 3105, 5200, 0, 0], "tmd": [30, 0, 90, 0, 0, 0, 0, 30, 0, 0, 90, 0, 0, 30, 0, 0, 60, 30, 0, 0, 30], "wmn": 238, "wmt": 0, "wmd": 119, "wmv": 21313, "wdn": -67, "wdt": -100, "wdd": -20, "wdv": -50, "tlv": "United Kingdom"}