{"loc": "Gibson", "iso": "US", "l1": "United States", "l2": "Indiana", "lvl": 3, "pop": 33659, "key": 11492, "isd": true, "ppd": 35.608000000000004, "med": 38.3, "p65": 15.413, "p70": 9.732000000000001, "hos": 2.77, "exp": 78.86, "adr": 2.0, "amn": 130753.0, "amv": 861822.0, "amd": 2733.0, "amt": 1527415.0, "tmn": [59, 29, 59, 118, 59, 89, 29, 89, 29, 89, 89, 89, 59, 89, 89, 89, 207, 386, -29, 178, 148], "tmv": [6458, 3608, 3001, 5456, 7305, 8515, 7794, 7192, 5713, 4653, 4699, 5814, 5591, 7265, 6352, 4511, 3409, 5326, 6395, 6671, 7120], "tmd": [0, 0, 30, 0, 0, 30, 0, 0, 0, 0, 0, 0, 0, 0, 0, 0, 0, 0, 0, 0, 0], "wmn": 1070, "wmt": 22102, "wmd": 0, "wmv": 39789, "wdn": 100, "wdt": -9, "wdd": 0, "wdv": -3, "tlv": "Indiana"}