{"loc": "Gillespie", "iso": "US", "l1": "United States", "l2": "Texas", "lvl": 3, "pop": 26988, "key": 11500, "isd": true, "ppd": 35.608000000000004, "med": 38.3, "p65": 15.413, "p70": 9.732000000000001, "hos": 2.77, "exp": 78.86, "adr": 2.0, "amn": 91448.0, "amv": 290534.0, "amd": 1779.0, "amt": 693405.0, "tmn": [0, 0, 0, 0, 3149, 592, 185, 592, 0, 222, 0, 518, 444, 37, 0, 111, 0, 0, 185, 37, 222], "tmv": [5606, 5173, 5466, 3298, 2593, 4349, 5491, 6616, 7139, 7375, 5050, 5255, 5793, 6168, 7391, 8814, 7404, 5275, 4864, 6157, 0], "tmd": [0, 0, 0, 0, 0, 38, 0, 0, 38, 0, 0, 0, 0, 0, 0, 0, 0, 0, 0, 0, 0], "wmn": 556, "wmt": 11786, "wmd": 0, "wmv": 39909, "wdn": -69, "wdt": -16, "wdd": -100, "wdv": -8, "tlv": "Texas"}