{"loc": "Gilmer", "iso": "US", "l1": "United States", "l2": "Georgia", "lvl": 3, "pop": 31369, "key": 11502, "isd": true, "ppd": 35.608000000000004, "med": 38.3, "p65": 15.413, "p70": 9.732000000000001, "hos": 2.77, "exp": 78.86, "adr": 3.0, "amn": 88623.0, "amv": 258018.0, "amd": 2423.0, "amt": 689007.0, "tmn": [159, 191, 127, 95, 191, 63, 223, 0, 127, 382, 95, 286, 191, 223, 127, 127, 95, 159, 127, 63, 63], "tmv": [6806, 0, 0, 3221, 4419, 5606, 5173, 5466, 3298, 2593, 4349, 5491, 6616, 7139, 7375, 5050, 5255, 5793, 6168, 7391, 0], "tmd": [0, 0, 32, 0, 128, 32, 32, 0, 0, 32, 96, 0, 0, 0, 0, 0, 0, 0, 32, 0, 32], "wmn": 766, "wmt": 12573, "wmd": 64, "wmv": 37036, "wdn": -41, "wdt": -18, "wdd": -50, "wdv": 6, "tlv": "Georgia"}