{"loc": "Gilmer", "iso": "US", "l1": "United States", "l2": "Georgia", "lvl": 3, "pop": 31369, "key": 11502, "isd": true, "ppd": 35.608000000000004, "med": 38.3, "p65": 15.413, "p70": 9.732000000000001, "hos": 2.77, "exp": 78.86, "adr": 3.0, "amn": 97230.0, "amv": 949764.0, "amd": 2837.0, "amt": 844195.0, "tmn": [0, 95, 0, 31, 0, 127, 0, 31, -31, 95, 127, 223, 63, 286, 191, 159, 63, 127, 63, 95, 0], "tmv": [4173, 4872, 3714, 0, 0, 1543, 2452, 4248, 3485, 4157, 3682, 3252, 2518, 2835, 2495, 4865, 3672, 4016, 3766, 3121, 0], "tmd": [0, 0, 0, 0, 0, 0, 0, 0, 0, 0, 0, 0, 0, 32, 0, 32, 0, 0, 0, 0, 0], "wmn": 702, "wmt": 7830, "wmd": 32, "wmv": 21938, "wdn": -12, "wdt": 0, "wdd": 0, "wdv": -9, "tlv": "Georgia"}