{"loc": "Giridih", "iso": "IN", "l1": "India", "l2": "Jharkhand", "lvl": 3, "pop": 2445203, "key": 11506, "isd": true, "ppd": 450.41900000000004, "med": 28.2, "p65": 5.989, "p70": 3.4139999999999997, "hos": 0.53, "exp": 69.66, "adr": 2.0, "amn": 3417.0, "amv": 138927.0, "amd": 53.0, "amt": 209896.0, "tmn": [110, 91, 97, 80, 89, 105, 55, 70, 54, 42, 50, 52, 43, 40, 34, 23, 26, 33, 22, 23, 24], "tmv": [1355, 1209, 1580, 1936, 1874, 1669, 587, 2024, 2002, 1581, 1678, 930, 1375, 511, 1134, 995, 883, 1069, 0, 0, 635], "tmd": [2, 3, 4, 5, 5, 3, 2, 5, 2, 3, 0, 3, 3, 0, 1, 0, 0, 2, 0, 0, 0], "wmn": 190, "wmt": 9457, "wmd": 3, "wmv": 4720, "wdn": -47, "wdt": -11, "wdd": -84, "wdv": -53, "tlv": "Jharkhand"}