{"loc": "Glades", "iso": "US", "l1": "United States", "l2": "Florida", "lvl": 3, "pop": 13811, "key": 11508, "isd": true, "ppd": 35.608000000000004, "med": 38.3, "p65": 15.413, "p70": 9.732000000000001, "hos": 2.77, "exp": 78.86, "adr": 2.0, "amn": 65310.0, "amv": 207226.0, "amd": 1086.0, "amt": 1005396.0, "tmn": [0, 0, 72, 72, 0, 0, 506, 217, 0, 72, 217, 144, 144, 144, 72, 144, 0, 72, 217, 72, 144], "tmv": [6734, 6595, 3662, 2393, 4746, 4917, 6132, 6772, 6806, 0, 0, 3221, 4419, 5606, 5173, 5466, 3298, 2593, 4349, 5491, 0], "tmd": [0, 0, 0, 73, 0, 0, 0, 0, 73, 0, 0, 0, 0, 0, 0, 0, 0, 0, 0, 0, 0], "wmn": 725, "wmt": 30225, "wmd": 0, "wmv": 26374, "wdn": -23, "wdt": 8, "wdd": -100, "wdv": -2, "tlv": "Florida"}