{"loc": "Glacier", "iso": "US", "l1": "United States", "l2": "Montana", "lvl": 3, "pop": 13753, "key": 11507, "isd": true, "ppd": 35.608000000000004, "med": 38.3, "p65": 15.413, "p70": 9.732000000000001, "hos": 2.77, "exp": 78.86, "adr": 2.0, "amn": 156984.0, "amv": 1263117.0, "amd": 3854.0, "amt": 1887341.0, "tmn": [290, 1090, 0, 0, 0, 2035, 72, 2763, 1526, 0, 0, 1526, 1308, 1526, 872, 581, 0, 0, 799, 945, 654], "tmv": [2661, 3390, 3489, 0, 0, 0, 2411, 3257, 3418, 2659, 2485, 1614, 1945, 2278, 2491, 2890, 2710, 2395, 1993, 2154, 3467], "tmd": [0, 0, 0, 0, 0, 0, 73, 73, 0, 0, 0, 73, 73, 0, 73, 0, 0, 0, 0, 0, 0], "wmn": 3854, "wmt": 39500, "wmd": 73, "wmv": 18105, "wdn": -55, "wdt": -24, "wdd": -67, "wdv": 3, "tlv": "Montana"}