{"loc": "Gilmer", "iso": "US", "l1": "United States", "l2": "West Virginia", "lvl": 3, "pop": 7823, "key": 11503, "isd": true, "ppd": 35.608000000000004, "med": 38.3, "p65": 15.413, "p70": 9.732000000000001, "hos": 2.77, "exp": 78.86, "adr": 1.0, "amn": 110060.0, "amv": 814768.0, "amd": 1023.0, "amt": 1590973.0, "tmn": [0, 511, 0, 127, 511, 1533, 383, 2300, 1022, 894, 511, 0, 1661, 1022, 383, 1022, 1150, 1406, 0, 383, 511], "tmv": [10071, 9169, 6395, 4975, 6773, 8259, 8496, 10027, 6458, 3608, 3001, 5456, 7305, 8515, 7794, 7192, 5713, 4653, 4699, 5814, 5591], "tmd": [0, 0, 0, -383, 0, 0, 0, 0, 0, 0, 0, 0, 0, 0, 0, 0, 0, 0, 0, 0, 0], "wmn": 4858, "wmt": 28660, "wmd": 0, "wmv": 41459, "wdn": -34, "wdt": -16, "wdd": 0, "wdv": -7, "tlv": "West Virginia"}