{"loc": "Gilliam", "iso": "US", "l1": "United States", "l2": "Oregon", "lvl": 3, "pop": 1912, "key": 11501, "isd": true, "ppd": 35.608000000000004, "med": 38.3, "p65": 15.413, "p70": 9.732000000000001, "hos": 2.77, "exp": 78.86, "adr": 2.0, "amn": 85251.0, "amv": 1263117.0, "amd": 2092.0, "amt": 1776778.0, "tmn": [0, 0, 0, 1046, 1046, 0, 0, 0, 0, 0, 523, 1569, 523, 523, 0, 0, 0, 1046, 1569, 1569, 523], "tmv": [3390, 3489, 0, 0, 0, 2411, 3257, 3418, 2659, 2485, 1614, 1945, 2278, 2491, 2890, 2710, 2395, 1993, 2154, 3467, 0], "tmd": [0, 0, 0, 0, 0, 0, 0, 0, 0, 0, 0, 0, 0, 0, 0, 0, 0, 0, 0, 0, 0], "wmn": 4708, "wmt": 32406, "wmd": 0, "wmv": 15613, "wdn": 50, "wdt": -1, "wdd": 0, "wdv": -8, "tlv": "Oregon"}