{"loc": "Gilpin", "iso": "US", "l1": "United States", "l2": "Colorado", "lvl": 3, "pop": 6243, "key": 11504, "isd": true, "ppd": 35.608000000000004, "med": 38.3, "p65": 15.413, "p70": 9.732000000000001, "hos": 2.77, "exp": 78.86, "adr": 2.0, "amn": 25949.0, "amv": 160515.0, "amd": 481.0, "amt": 1019211.0, "tmn": [160, 160, 160, 160, 0, 0, 160, -160, 320, 320, 320, 0, 0, 320, 320, 160, 160, 160, 0, 0, 0], "tmv": [3374, 4677, 5132, 5139, 4690, 3336, 1695, 3330, 4023, 4903, 6734, 6595, 3662, 2393, 4746, 4917, 6132, 6772, 6806, 0, 0], "tmd": [0, 0, 0, 161, 0, 0, 0, 0, 0, 0, 0, 0, 0, 0, 0, 0, 0, 0, 0, 0, 0], "wmn": 801, "wmt": 32080, "wmd": 0, "wmv": 29376, "wdn": -29, "wdt": -9, "wdd": 0, "wdv": -7, "tlv": "Colorado"}