{"loc": "Gillespie", "iso": "US", "l1": "United States", "l2": "Texas", "lvl": 3, "pop": 26988, "key": 11500, "isd": true, "ppd": 35.608000000000004, "med": 38.3, "p65": 15.413, "p70": 9.732000000000001, "hos": 2.77, "exp": 78.86, "adr": 2.0, "amn": 98748.0, "amv": 1029249.0, "amd": 1927.0, "amt": 907638.0, "tmn": [74, 0, 0, 0, 185, 0, 74, 0, 74, 0, 0, 407, 259, 74, 333, 74, 0, 0, -37, 407, 815], "tmv": [1994, 3524, 1923, 0, 0, 1326, 2107, 1883, 1818, 1779, 1363, 1036, 1655, 1721, 1666, 1928, 1520, 1539, 740, 1856, 0], "tmd": [0, 0, 0, 0, 0, 0, 0, 0, 0, 0, 0, 0, 0, 0, 0, 0, 0, 0, 0, 0, 0], "wmn": 1594, "wmt": 9552, "wmd": 0, "wmv": 9252, "wdn": 95, "wdt": 23, "wdd": 0, "wdv": -18, "tlv": "Texas"}