{"loc": "Glascock", "iso": "US", "l1": "United States", "l2": "Georgia", "lvl": 3, "pop": 2971, "key": 11510, "isd": true, "ppd": 35.608000000000004, "med": 38.3, "p65": 15.413, "p70": 9.732000000000001, "hos": 2.77, "exp": 78.86, "adr": 7.0, "amn": 86839.0, "amv": 238664.0, "amd": 5722.0, "amt": 682974.0, "tmn": [336, 0, 336, 0, 0, 336, 0, 673, 336, 336, 336, 0, 336, 1009, 336, 0, 0, 1009, 0, 336, 0], "tmv": [4917, 6132, 6772, 6806, 0, 0, 3221, 4419, 5606, 5173, 5466, 3298, 2593, 4349, 5491, 6616, 7139, 7375, 5050, 5255, 0], "tmd": [337, 0, 0, 0, 337, 0, 337, 0, 0, 0, 0, 0, 0, 0, 0, 0, 0, 0, 337, 0, 0], "wmn": 1683, "wmt": 14566, "wmd": 337, "wmv": 36929, "wdn": -44, "wdt": -15, "wdd": 0, "wdv": 19, "tlv": "Georgia"}