{"loc": "Godda", "iso": "IN", "l1": "India", "l2": "Jharkhand", "lvl": 3, "pop": 1311382, "key": 11517, "isd": true, "ppd": 450.41900000000004, "med": 28.2, "p65": 5.989, "p70": 3.4139999999999997, "hos": 0.53, "exp": 69.66, "adr": 1.0, "amn": 3464.0, "amv": 114312.0, "amd": 46.0, "amt": 183078.0, "tmn": [32, 43, 38, 42, 41, 69, 60, 59, 63, 77, 104, 64, 84, 61, 115, 74, 100, 86, 87, 195, 69], "tmv": [2401, 1978, 1966, 1945, 891, 2374, 0, 0, 2252, 0, 0, 0, 2420, 1705, 1575, 1605, 1977, 1179, 424, 1355, 1209], "tmd": [0, 1, 3, 1, 4, 1, 1, 2, 2, 2, 3, 1, 0, 1, 4, 3, 1, 5, 4, 3, 4], "wmn": 731, "wmt": 7472, "wmd": 20, "wmv": 9328, "wdn": 42, "wdt": -2, "wdd": 136, "wdv": 46, "tlv": "Jharkhand"}