{"loc": "Gloucester", "iso": "US", "l1": "United States", "l2": "New Jersey", "lvl": 3, "pop": 291636, "key": 11513, "isd": true, "ppd": 35.608000000000004, "med": 38.3, "p65": 15.413, "p70": 9.732000000000001, "hos": 2.77, "exp": 78.86, "adr": 2.0, "amn": 80138.0, "amv": 167606.0, "amd": 1790.0, "amt": 1144361.0, "tmn": [600, 740, 524, 356, 288, 349, 267, 332, 414, 342, 308, 226, 257, 390, 329, 270, 281, 144, 174, 308, 332], "tmv": [4677, 5132, 5139, 4690, 3336, 1695, 3330, 4023, 4903, 6734, 6595, 3662, 2393, 4746, 4917, 6132, 6772, 6806, 0, 0, 0], "tmd": [14, 4, 4, 4, 0, 14, 14, 7, 7, 14, 4, -6, 0, 7, 7, 7, 0, 0, 4, 0, 14], "wmn": 1842, "wmt": 27900, "wmd": 31, "wmv": 24629, "wdn": -19, "wdt": -21, "wdd": 0, "wdv": -25, "tlv": "New Jersey"}