{"loc": "Gloucester", "iso": "US", "l1": "United States", "l2": "New Jersey", "lvl": 3, "pop": 291636, "key": 11513, "isd": true, "ppd": 35.608000000000004, "med": 38.3, "p65": 15.413, "p70": 9.732000000000001, "hos": 2.77, "exp": 78.86, "adr": 2.0, "amn": 109589.0, "amv": 1079834.0, "amd": 2236.0, "amt": 1686232.0, "tmn": [37, 171, 102, 116, 133, 126, 89, 99, 257, 96, 185, 171, 130, 174, 109, 205, 157, 277, 250, 243, 137], "tmv": [1193, 1200, 2288, 2155, 2600, 2160, 2477, 1419, 1374, 2201, 2622, 2492, 2548, 2348, 1615, 1875, 1986, 1986, 2786, 3007, 0], "tmd": [0, 0, 0, 0, 0, 0, 0, -3, 4, 4, 0, 4, 0, 0, 0, 4, 0, 0, 0, 0, 0], "wmn": 1382, "wmt": 10617, "wmd": 4, "wmv": 13258, "wdn": 24, "wdt": -2, "wdd": -50, "wdv": -12, "tlv": "New Jersey"}