{"loc": "Goa", "iso": "IN", "l1": "India", "l2": "Goa", "lvl": 2, "pop": 1586250, "key": 11516, "isd": true, "ppd": 450.41900000000004, "med": 28.2, "p65": 5.989, "p70": 3.4139999999999997, "hos": 0.53, "exp": 69.66, "adr": 2.0, "amn": 107834.0, "amv": 334433.0, "amd": 1983.0, "amt": 336702.0, "tmn": [82, 68, 103, 143, 79, 75, 100, 75, 62, 83, 82, 61, 0, 136, 47, 56, 93, 51, 56, 95, 0], "tmv": [956, 2981, 4514, 2639, 2900, 3153, 3794, 0, 0, 2627, 1723, 4033, 3235, 3817, 1481, 4866, 3075, 3296, 3860, 3974, 0], "tmd": [2, 0, 3, 0, 1, 3, 2, 2, 0, 2, 4, 4, 0, 2, 4, 3, 3, 2, 2, 2, 0], "wmn": 401, "wmt": 7305, "wmd": 13, "wmv": 20557, "wdn": -20, "wdt": -20, "wdd": 18, "wdv": 33, "tlv": "India"}