{"loc": "Gogebic", "iso": "US", "l1": "United States", "l2": "Michigan", "lvl": 3, "pop": 13975, "key": 11518, "isd": true, "ppd": 35.608000000000004, "med": 38.3, "p65": 15.413, "p70": 9.732000000000001, "hos": 2.77, "exp": 78.86, "adr": 4.0, "amn": 90089.0, "amv": 191493.0, "amd": 3363.0, "amt": 1010604.0, "tmn": [0, 930, 71, 429, 71, 0, 286, 143, 715, 644, 357, 429, 0, 0, 286, 286, 143, 0, 0, 0, 787], "tmv": [1695, 3330, 4023, 4903, 6734, 6595, 3662, 2393, 4746, 4917, 6132, 6772, 6806, 0, 0, 3221, 4419, 5606, 5173, 5466, 0], "tmd": [0, 72, 0, 0, 0, 0, 0, 0, 0, 72, 0, 0, 0, 0, 0, 0, 72, 0, 0, 0, 0], "wmn": 1503, "wmt": 20218, "wmd": 72, "wmv": 23888, "wdn": -34, "wdt": -12, "wdd": 0, "wdv": -25, "tlv": "Michigan"}