{"loc": "Gogebic", "iso": "US", "l1": "United States", "l2": "Michigan", "lvl": 3, "pop": 13975, "key": 11518, "isd": true, "ppd": 35.608000000000004, "med": 38.3, "p65": 15.413, "p70": 9.732000000000001, "hos": 2.77, "exp": 78.86, "adr": 3.0, "amn": 116923.0, "amv": 1197969.0, "amd": 3792.0, "amt": 1634171.0, "tmn": [429, 0, 787, 0, 500, 0, 0, 858, 0, 214, 0, 644, 0, 0, 500, 0, 715, 0, 572, 0, 0], "tmv": [1790, 1886, 2554, 2257, 2903, 2781, 2047, 1978, 1647, 2163, 995, 2262, 2445, 2251, 1671, 0, 0, 2784, 2570, 2833, 0], "tmd": [0, 0, 0, 0, 0, 0, 0, 0, 0, -71, 0, 0, 0, 0, 0, 0, 0, 0, 72, 0, 0], "wmn": 1789, "wmt": 25458, "wmd": 72, "wmv": 9860, "wdn": 4, "wdt": -5, "wdd": -200, "wdv": -28, "tlv": "Michigan"}