{"loc": "Goochland", "iso": "US", "l1": "United States", "l2": "Virginia", "lvl": 3, "pop": 23753, "key": 11527, "isd": true, "ppd": 35.608000000000004, "med": 38.3, "p65": 15.413, "p70": 9.732000000000001, "hos": 2.77, "exp": 78.86, "adr": 2.0, "amn": 59319.0, "amv": 664553.0, "amd": 968.0, "amt": 807555.0, "tmn": [168, 210, 42, 84, 378, 126, 210, 210, 210, 168, 168, 210, 168, 210, 252, 126, 210, 42, 168, 210, 126], "tmv": [12389, 10214, 6477, 4262, 8755, 10329, 12013, 14052, 10864, 8027, 7863, 7615, 10699, 12037, 10893, 10729, 6600, 5484, 7781, 9092, 0], "tmd": [0, 0, 43, 0, 0, 43, 0, 0, 0, 0, 0, 0, 0, 0, 0, 0, 0, 0, 0, 0, 0], "wmn": 1137, "wmt": 14960, "wmd": 0, "wmv": 50581, "wdn": -16, "wdt": -2, "wdd": 0, "wdv": -29, "tlv": "Virginia"}