{"loc": "Goochland", "iso": "US", "l1": "United States", "l2": "Virginia", "lvl": 3, "pop": 23753, "key": 11527, "isd": true, "ppd": 35.608000000000004, "med": 38.3, "p65": 15.413, "p70": 9.732000000000001, "hos": 2.77, "exp": 78.86, "adr": 2.0, "amn": 62561.0, "amv": 1016621.0, "amd": 968.0, "amt": 912572.0, "tmn": [0, 0, 168, 42, 0, 42, 0, 42, 0, 168, -42, 0, 42, 0, 0, 84, 0, 0, 0, -42, 84], "tmv": [1967, 2474, 1554, 2803, 3655, 3299, 2241, 4154, 4949, 1994, 3524, 1923, 0, 0, 1326, 2107, 1883, 1818, 1779, 1363, 1036], "tmd": [0, 0, 0, 0, 0, 0, 0, 0, 0, 0, 0, 0, 0, 0, 0, 0, 0, 0, 0, 0, 0], "wmn": 127, "wmt": 6365, "wmd": 0, "wmv": 11315, "wdn": -40, "wdt": -3, "wdd": 0, "wdv": -32, "tlv": "Virginia"}