{"loc": "Goshen", "iso": "US", "l1": "United States", "l2": "Wyoming", "lvl": 3, "pop": 13211, "key": 11533, "isd": true, "ppd": 35.608000000000004, "med": 38.3, "p65": 15.413, "p70": 9.732000000000001, "hos": 2.77, "exp": 78.86, "adr": 2.0, "amn": 94467.0, "amv": 1008740.0, "amd": 1817.0, "amt": 1368012.0, "tmn": [0, 0, 0, 75, 151, 75, 75, 75, 0, 0, 0, 227, 75, 0, 151, 0, 0, 0, 75, 75, -75], "tmv": [3276, 3244, 2575, 1851, 1965, 1967, 2474, 1554, 2803, 3655, 3299, 2241, 4154, 4949, 1994, 3524, 1923, 0, 0, 1326, 2107], "tmd": [0, 0, 0, 0, 0, 0, 0, 0, 0, 0, 0, 0, 0, 0, 0, 0, 0, 0, 0, 0, 0], "wmn": 228, "wmt": 8842, "wmd": 0, "wmv": 10877, "wdn": -40, "wdt": -3, "wdd": 0, "wdv": -52, "tlv": "Wyoming"}