{"loc": "Gordon", "iso": "US", "l1": "United States", "l2": "Georgia", "lvl": 3, "pop": 57963, "key": 11532, "isd": true, "ppd": 35.608000000000004, "med": 38.3, "p65": 15.413, "p70": 9.732000000000001, "hos": 2.77, "exp": 78.86, "adr": 2.0, "amn": 194245.0, "amv": 1263117.0, "amd": 3347.0, "amt": 1160763.0, "tmn": [586, 0, 0, 0, 793, 86, 172, 224, 0, 0, 966, 103, 345, 51, 86, 0, 0, 327, 86, 172, 138], "tmv": [3390, 3489, 0, 0, 0, 2411, 3257, 3418, 2659, 2485, 1614, 1945, 2278, 2491, 2890, 2710, 2395, 1993, 2154, 3467, 0], "tmd": [35, 0, 0, 0, 0, 35, 0, 35, 0, 0, 18, 52, 0, 0, 18, 0, 0, 0, 18, 18, 0], "wmn": 811, "wmt": 15011, "wmd": 52, "wmv": 15613, "wdn": -52, "wdt": -16, "wdd": -50, "wdv": -8, "tlv": "Georgia"}