{"loc": "Gordon", "iso": "US", "l1": "United States", "l2": "Georgia", "lvl": 3, "pop": 57963, "key": 11532, "isd": true, "ppd": 35.608000000000004, "med": 38.3, "p65": 15.413, "p70": 9.732000000000001, "hos": 2.77, "exp": 78.86, "adr": 1.0, "amn": 156462.0, "amv": 1086287.0, "amd": 2122.0, "amt": 934741.0, "tmn": [207, 172, 0, 0, 483, 603, 379, 655, 310, 0, 0, 1242, 776, 1052, 828, 396, 0, 0, 1604, 759, 1259], "tmv": [2155, 2600, 2160, 2477, 1419, 1374, 2201, 2622, 2492, 2548, 2348, 1615, 1875, 1986, 1986, 2786, 3007, 2017, 2605, 1830, 0], "tmd": [0, 0, 0, 0, 0, 0, 0, 0, 0, 0, 0, 0, 0, 18, 0, 0, 0, 0, 0, 0, 35], "wmn": 4848, "wmt": 19098, "wmd": 35, "wmv": 14234, "wdn": 20, "wdt": 25, "wdd": 100, "wdv": -8, "tlv": "Georgia"}