{"loc": "Gorakhpur", "iso": "IN", "l1": "India", "l2": "Uttar Pradesh", "lvl": 3, "pop": 4436275, "key": 11531, "isd": true, "ppd": 450.41900000000004, "med": 28.2, "p65": 5.989, "p70": 3.4139999999999997, "hos": 0.53, "exp": 69.66, "adr": 1.0, "amn": 12289.0, "amv": 132066.0, "amd": 127.0, "amt": 187887.0, "tmn": [347, 192, 235, 270, 185, 241, 167, 247, 208, 237, 223, 188, 168, 213, 232, 150, 163, 174, 129, 180, 97], "tmv": [2420, 1705, 1575, 1605, 1977, 1179, 424, 1355, 1209, 1580, 1936, 1874, 1669, 587, 2024, 2002, 1581, 1678, 930, 1375, 511], "tmd": [2, 0, 3, 1, 1, 2, 1, 5, 2, 3, 1, 4, 2, 3, 2, 2, 3, 3, 1, 2, 2], "wmn": 1129, "wmt": 7320, "wmd": 11, "wmv": 10106, "wdn": -24, "wdt": 9, "wdd": -39, "wdv": -1, "tlv": "Uttar Pradesh"}