{"loc": "Grafton", "iso": "US", "l1": "United States", "l2": "New Hampshire", "lvl": 3, "pop": 89886, "key": 11539, "isd": true, "ppd": 35.608000000000004, "med": 38.3, "p65": 15.413, "p70": 9.732000000000001, "hos": 2.77, "exp": 78.86, "adr": 1.0, "amn": 45391.0, "amv": 986908.0, "amd": 312.0, "amt": 1518019.0, "tmn": [55, 22, 0, 0, -55, 0, 0, 11, 11, 0, 0, 33, 0, 0, 22, 0, 0, 0, 77, 0, 0], "tmv": [2835, 2495, 4865, 3672, 4016, 3766, 3121, 6234, 3276, 3244, 2575, 1851, 1965, 1967, 2474, 1554, 2803, 3655, 3299, 2241, 0], "tmd": [0, 0, 0, 0, 0, 0, 0, 0, 0, 0, 0, 0, 12, 0, 0, 12, 0, 0, 0, 0, 0], "wmn": 101, "wmt": 12710, "wmd": 12, "wmv": 16029, "wdn": 80, "wdt": 15, "wdd": 0, "wdv": -24, "tlv": "New Hampshire"}