{"loc": "Goshen", "iso": "US", "l1": "United States", "l2": "Wyoming", "lvl": 3, "pop": 13211, "key": 11533, "isd": true, "ppd": 35.608000000000004, "med": 38.3, "p65": 15.413, "p70": 9.732000000000001, "hos": 2.77, "exp": 78.86, "adr": 2.0, "amn": 87579.0, "amv": 306945.0, "amd": 1741.0, "amt": 1140654.0, "tmn": [75, 151, 0, 75, 75, 75, 0, 0, 75, 0, 378, 0, 0, 0, 0, 227, 75, 0, 75, 75, 0], "tmv": [5466, 3298, 2593, 4349, 5491, 6616, 7139, 7375, 5050, 5255, 5793, 6168, 7391, 8814, 7404, 5275, 4864, 6157, 7535, 8875, 0], "tmd": [0, 0, 76, 0, 0, 0, 0, 0, 0, 0, 0, 0, 0, 0, 0, 0, 0, 0, 0, 0, 0], "wmn": 455, "wmt": 18784, "wmd": 0, "wmv": 40113, "wdn": 0, "wdt": -14, "wdd": 0, "wdv": -13, "tlv": "Wyoming"}