{"loc": "Grand", "iso": "US", "l1": "United States", "l2": "Colorado", "lvl": 3, "pop": 15734, "key": 11549, "isd": true, "ppd": 35.608000000000004, "med": 38.3, "p65": 15.413, "p70": 9.732000000000001, "hos": 2.77, "exp": 78.86, "adr": 0.0, "amn": 89742.0, "amv": 647679.0, "amd": 381.0, "amt": 1302136.0, "tmn": [381, 190, 254, 63, 63, 381, 63, 444, 699, 63, 254, 381, 381, 254, 0, 444, 190, 254, 254, 63, 190], "tmv": [8106, 10192, 12065, 12389, 10214, 6477, 4262, 8755, 10329, 12013, 14052, 10864, 8027, 7863, 7615, 10699, 12037, 10893, 10729, 6600, 5484], "tmd": [0, 0, 0, 0, 0, 0, 0, 0, 0, 0, 0, 0, 0, 0, 0, 0, 0, 0, 0, 0, 0], "wmn": 1399, "wmt": 33741, "wmd": 0, "wmv": 64060, "wdn": -44, "wdt": 1, "wdd": 0, "wdv": -11, "tlv": "Colorado"}