{"loc": "Grainger", "iso": "US", "l1": "United States", "l2": "Tennessee", "lvl": 3, "pop": 23320, "key": 11543, "isd": true, "ppd": 35.608000000000004, "med": 38.3, "p65": 15.413, "p70": 9.732000000000001, "hos": 2.77, "exp": 78.86, "adr": 2.0, "amn": 122170.0, "amv": 1072054.0, "amd": 2187.0, "amt": 1259610.0, "tmn": [42, 0, 0, 257, 214, 128, 128, 300, 0, 0, 900, 214, 128, 471, 600, 0, 0, 1372, 343, 385, 686], "tmv": [1821, 2051, 2364, 1193, 1200, 2288, 2155, 2600, 2160, 2477, 1419, 1374, 2201, 2622, 2492, 2548, 2348, 1615, 1875, 1986, 0], "tmd": [0, 0, 0, 0, 0, 0, 0, 0, 0, 0, 0, 43, 0, 0, 0, 0, 0, 0, 0, 0, 0], "wmn": 3388, "wmt": 16764, "wmd": 0, "wmv": 12867, "wdn": 68, "wdt": 23, "wdd": -100, "wdv": -13, "tlv": "Tennessee"}