{"loc": "Grand", "iso": "US", "l1": "United States", "l2": "Colorado", "lvl": 3, "pop": 15734, "key": 11549, "isd": true, "ppd": 35.608000000000004, "med": 38.3, "p65": 15.413, "p70": 9.732000000000001, "hos": 2.77, "exp": 78.86, "adr": 0.0, "amn": 82560.0, "amv": 306945.0, "amd": 381.0, "amt": 1133284.0, "tmn": [444, 63, 63, 572, 444, 572, 190, 0, 63, 63, 572, 381, -63, 127, 0, 63, 127, 190, 63, 63, 127], "tmv": [5466, 3298, 2593, 4349, 5491, 6616, 7139, 7375, 5050, 5255, 5793, 6168, 7391, 8814, 7404, 5275, 4864, 6157, 7535, 8875, 0], "tmd": [0, 0, 0, 0, 0, 0, 0, 0, 0, 0, 0, 0, 0, 64, 0, 0, 0, 0, 0, 0, 0], "wmn": 636, "wmt": 31765, "wmd": 0, "wmv": 40113, "wdn": -44, "wdt": 20, "wdd": -100, "wdv": -13, "tlv": "Colorado"}