{"loc": "Grainger", "iso": "US", "l1": "United States", "l2": "Tennessee", "lvl": 3, "pop": 23320, "key": 11543, "isd": true, "ppd": 35.608000000000004, "med": 38.3, "p65": 15.413, "p70": 9.732000000000001, "hos": 2.77, "exp": 78.86, "adr": 2.0, "amn": 188508.0, "amv": 1314721.0, "amd": 2916.0, "amt": 1522341.0, "tmn": [557, 257, 428, 0, 0, 0, 514, 171, 257, 300, 0, 0, 0, 643, 257, 385, -85, 0, 0, 0, 514], "tmv": [2351, 2413, 3899, 2384, 1362, 4330, 4389, 4534, 4456, 4953, 2304, 1233, 3937, 4025, 4080, 4142, 4614, 1985, 454, 175, 0], "tmd": [43, 0, 0, 0, 0, 0, 0, 0, 0, 43, 0, 0, 0, 0, 0, 0, 0, 0, 0, 0, 43], "wmn": 1073, "wmt": 11722, "wmd": 43, "wmv": 15454, "wdn": -22, "wdt": -7, "wdd": 0, "wdv": -39, "tlv": "Tennessee"}