{"loc": "Graham", "iso": "US", "l1": "United States", "l2": "North Carolina", "lvl": 3, "pop": 8441, "key": 11542, "isd": true, "ppd": 35.608000000000004, "med": 38.3, "p65": 15.413, "p70": 9.732000000000001, "hos": 2.77, "exp": 78.86, "adr": 2.0, "amn": 65040.0, "amv": 167606.0, "amd": 1422.0, "amt": 936320.0, "tmn": [236, 355, 0, 592, 0, 236, 118, 236, 355, 0, 0, 118, 236, 355, 355, 0, 0, 118, 0, 0, 118], "tmv": [4677, 5132, 5139, 4690, 3336, 1695, 3330, 4023, 4903, 6734, 6595, 3662, 2393, 4746, 4917, 6132, 6772, 6806, 0, 0, 0], "tmd": [0, 0, 0, 0, 0, 0, 0, 0, 0, 0, 0, 0, 0, 0, 0, 0, 0, 0, 0, 0, 0], "wmn": 593, "wmt": 32978, "wmd": 0, "wmv": 24629, "wdn": -55, "wdt": -7, "wdd": 0, "wdv": -25, "tlv": "North Carolina"}