{"loc": "Grand", "iso": "US", "l1": "United States", "l2": "Colorado", "lvl": 3, "pop": 15734, "key": 11549, "isd": true, "ppd": 35.608000000000004, "med": 38.3, "p65": 15.413, "p70": 9.732000000000001, "hos": 2.77, "exp": 78.86, "adr": 1.0, "amn": 126668.0, "amv": 1187231.0, "amd": 699.0, "amt": 1918657.0, "tmn": [444, 444, 254, 0, 0, 1398, 444, 1080, 699, 953, 0, 0, 2732, 1461, 1144, 1080, 953, 0, 0, 2732, 699], "tmv": [2913, 2024, 2876, 2739, 2336, 1790, 1886, 2554, 2257, 2903, 2781, 2047, 1978, 1647, 2163, 995, 2262, 2445, 2251, 1671, 1480], "tmd": [0, 0, 0, 0, 0, 64, 0, -63, 0, 64, 0, 0, 0, 0, 128, 0, 0, 0, 0, 64, -63], "wmn": 6610, "wmt": 39913, "wmd": 128, "wmv": 13270, "wdn": -5, "wdt": -30, "wdd": 0, "wdv": -18, "tlv": "Colorado"}