{"loc": "Graham", "iso": "US", "l1": "United States", "l2": "Arizona", "lvl": 3, "pop": 38837, "key": 11540, "isd": true, "ppd": 35.608000000000004, "med": 38.3, "p65": 15.413, "p70": 9.732000000000001, "hos": 2.77, "exp": 78.86, "adr": 1.0, "amn": 208384.0, "amv": 1341580.0, "amd": 3116.0, "amt": 1941442.0, "tmn": [231, 1004, 1519, 283, 1287, 463, 360, 51, 669, 1210, 746, 231, 952, 437, 154, 1338, 1132, 695, 1004, 257, 926], "tmv": [4456, 4611, 4549, 5061, 2356, 1255, 4023, 4168, 4272, 4405, 5092, 2672, 1421, 3738, 4100, 4188, 3596, 4102, 1618, 109, 0], "tmd": [52, 0, 26, 26, 0, 0, 0, 0, 0, 0, 0, 0, 0, 0, 26, 26, 0, 0, 0, 0, 0], "wmn": 5511, "wmt": 33070, "wmd": 52, "wmv": 17716, "wdn": 28, "wdt": 10, "wdd": 0, "wdv": -31, "tlv": "Arizona"}