{"loc": "Grant", "iso": "US", "l1": "United States", "l2": "Indiana", "lvl": 3, "pop": 65769, "key": 11552, "isd": true, "ppd": 35.608000000000004, "med": 38.3, "p65": 15.413, "p70": 9.732000000000001, "hos": 2.77, "exp": 78.86, "adr": 2.0, "amn": 138819.0, "amv": 1176126.0, "amd": 3102.0, "amt": 1961444.0, "tmn": [501, 669, 0, 0, 0, 1566, 1094, 1201, 638, 0, 0, 1733, 745, 988, 653, 577, 0, 0, 1185, 775, 942], "tmv": [2538, 4249, 2950, 0, 0, 0, 2913, 2024, 2876, 2739, 2336, 1790, 1886, 2554, 2257, 2903, 2781, 2047, 1978, 1647, 2163], "tmd": [16, 0, 0, 0, 0, 31, 16, 16, 0, 0, 0, 0, 16, 0, 31, 0, 0, 0, 61, 61, 0], "wmn": 4136, "wmt": 44762, "wmd": 153, "wmv": 15780, "wdn": -22, "wdt": -1, "wdd": 400, "wdv": -3, "tlv": "Indiana"}