{"loc": "Grant", "iso": "US", "l1": "United States", "l2": "New Mexico", "lvl": 3, "pop": 26998, "key": 11558, "isd": true, "ppd": 35.608000000000004, "med": 38.3, "p65": 15.413, "p70": 9.732000000000001, "hos": 2.77, "exp": 78.86, "adr": 2.0, "amn": 68635.0, "amv": 1100743.0, "amd": 1593.0, "amt": 1909228.0, "tmn": [296, 37, 259, 296, 74, 0, 0, 148, 74, 185, 259, 0, 0, 0, 370, 37, 74, 148, 296, 0, 0], "tmv": [1419, 1374, 2201, 2622, 2492, 2548, 2348, 1615, 1875, 1986, 1986, 2786, 3007, 2017, 2605, 1830, 2139, 3106, 3068, 3187, 2953], "tmd": [0, 0, 0, 38, 0, 0, 0, 0, 0, 38, 0, 0, 0, 0, 0, 0, 0, 0, 0, 0, 0], "wmn": 926, "wmt": 35464, "wmd": 0, "wmv": 18892, "wdn": 39, "wdt": 11, "wdd": -100, "wdv": 24, "tlv": "New Mexico"}