{"loc": "Grant", "iso": "US", "l1": "United States", "l2": "Kansas", "lvl": 3, "pop": 7150, "key": 11553, "isd": true, "ppd": 35.608000000000004, "med": 38.3, "p65": 15.413, "p70": 9.732000000000001, "hos": 2.77, "exp": 78.86, "adr": 2.0, "amn": 169510.0, "amv": 1240788.0, "amd": 3776.0, "amt": 616857.0, "tmn": [1398, 0, 839, 0, 0, 1538, 0, 979, 0, 1538, 0, 0, 1958, 0, 2377, 0, 1818, 0, 0, 1398, 0], "tmv": [0, 2784, 2570, 2833, 3777, 2988, 2423, 2905, 2661, 3390, 3489, 0, 0, 0, 2411, 3257, 3418, 2659, 2485, 1614, 0], "tmd": [0, 0, 0, 0, 0, 0, 0, 280, 0, 0, 0, 0, 0, 0, 0, 0, 0, 0, 0, 0, 0], "wmn": 5595, "wmt": 6356, "wmd": 0, "wmv": 15848, "wdn": 25, "wdt": -6, "wdd": -100, "wdv": 27, "tlv": "Kansas"}