{"loc": "Gratiot", "iso": "US", "l1": "United States", "l2": "Michigan", "lvl": 3, "pop": 40711, "key": 11567, "isd": true, "ppd": 35.608000000000004, "med": 38.3, "p65": 15.413, "p70": 9.732000000000001, "hos": 2.77, "exp": 78.86, "adr": 2.0, "amn": 171993.0, "amv": 1393875.0, "amd": 3439.0, "amt": 1856655.0, "tmn": [1350, 0, 2603, 0, 0, 3340, 0, 2112, 0, 1645, 0, 0, 2308, 0, 2308, 0, 0, 0, 0, 2726, 0], "tmv": [4933, 4463, 5576, 3317, 1660, 4353, 4663, 4819, 4832, 5563, 3334, 1728, 4724, 4234, 2965, 50, 2434, 1138, 149, 0, 0], "tmd": [25, 0, 50, 0, 0, 50, 0, 25, 0, 25, 0, 0, 50, 0, 0, 0, 0, 0, 0, 25, 0], "wmn": 5036, "wmt": 8801, "wmd": 25, "wmv": 6738, "wdn": -17, "wdt": -74, "wdd": -75, "wdv": -77, "tlv": "Michigan"}