{"loc": "Granville", "iso": "US", "l1": "United States", "l2": "North Carolina", "lvl": 3, "pop": 60443, "key": 11566, "isd": true, "ppd": 35.608000000000004, "med": 38.3, "p65": 15.413, "p70": 9.732000000000001, "hos": 2.77, "exp": 78.86, "adr": 1.0, "amn": 136889.0, "amv": 1393875.0, "amd": 1737.0, "amt": 1690915.0, "tmn": [66, 0, 595, 0, 0, 314, 16, 99, 198, 297, 0, 0, 678, 215, 231, 0, 0, 0, 0, 810, 148], "tmv": [4933, 4463, 5576, 3317, 1660, 4353, 4663, 4819, 4832, 5563, 3334, 1728, 4724, 4234, 2965, 50, 2434, 1138, 149, 0, 0], "tmd": [0, 0, 17, 0, 0, 0, 0, 17, 0, 0, 0, 0, 17, 0, 0, 0, 0, 0, 0, 0, 0], "wmn": 1192, "wmt": 16084, "wmd": 0, "wmv": 6738, "wdn": -20, "wdt": -21, "wdd": -100, "wdv": -77, "tlv": "North Carolina"}