{"loc": "Grant", "iso": "US", "l1": "United States", "l2": "West Virginia", "lvl": 3, "pop": 11568, "key": 11564, "isd": true, "ppd": 35.608000000000004, "med": 38.3, "p65": 15.413, "p70": 9.732000000000001, "hos": 2.77, "exp": 78.86, "adr": 2.0, "amn": 109613.0, "amv": 749030.0, "amd": 2507.0, "amt": 1544869.0, "tmn": [432, 172, 259, 0, 259, -86, 172, -172, 86, 172, 86, 345, 86, 0, 86, 172, 345, 518, 86, 345, 172], "tmv": [7863, 7615, 10699, 12037, 10893, 10729, 6600, 5484, 7781, 9092, 10242, 10071, 9169, 6395, 4975, 6773, 8259, 8496, 10027, 6458, 3608], "tmd": [0, 0, 0, 0, 0, 0, 0, 0, 0, 0, 0, 0, 0, 0, -172, 0, 0, 0, 0, 0, 0], "wmn": 1729, "wmt": 34940, "wmd": -172, "wmv": 48600, "wdn": 186, "wdt": -1, "wdd": 0, "wdv": -17, "tlv": "West Virginia"}