{"loc": "Gratiot", "iso": "US", "l1": "United States", "l2": "Michigan", "lvl": 3, "pop": 40711, "key": 11567, "isd": true, "ppd": 35.608000000000004, "med": 38.3, "p65": 15.413, "p70": 9.732000000000001, "hos": 2.77, "exp": 78.86, "adr": 3.0, "amn": 98794.0, "amv": 854702.0, "amd": 2849.0, "amt": 1353258.0, "tmn": [564, 0, 908, 442, 564, 442, 442, 393, 0, 540, 491, 515, 98, 270, 294, 0, 393, 171, 147, 196, 73], "tmv": [10027, 6458, 3608, 3001, 5456, 7305, 8515, 7794, 7192, 5713, 4653, 4699, 5814, 5591, 7265, 6352, 4511, 3409, 5326, 6395, 6671], "tmd": [0, 0, 0, 0, 50, 0, 0, 0, 0, 0, 0, 0, 0, 0, 0, 0, 0, 50, 0, 0, 0], "wmn": 1278, "wmt": 20785, "wmd": 50, "wmv": 39934, "wdn": -45, "wdt": -7, "wdd": 0, "wdv": -4, "tlv": "Michigan"}