{"loc": "Grant", "iso": "US", "l1": "United States", "l2": "Wisconsin", "lvl": 3, "pop": 51439, "key": 11565, "isd": true, "ppd": 35.608000000000004, "med": 38.3, "p65": 15.413, "p70": 9.732000000000001, "hos": 2.77, "exp": 78.86, "adr": 2.0, "amn": 110966.0, "amv": 841634.0, "amd": 1789.0, "amt": 1474284.0, "tmn": [77, 136, 58, 0, 19, 38, 97, 58, 77, 116, 38, 0, 58, 97, 19, 19, 136, 19, 0, 19, 136], "tmv": [8259, 8496, 10027, 6458, 3608, 3001, 5456, 7305, 8515, 7794, 7192, 5713, 4653, 4699, 5814, 5591, 7265, 6352, 4511, 3409, 5326], "tmd": [0, 0, 0, 0, 0, 0, 0, 0, 0, 39, 0, 0, 0, 0, 0, 0, 0, 0, 0, 0, 0], "wmn": 350, "wmt": 20842, "wmd": 0, "wmv": 38272, "wdn": -22, "wdt": -2, "wdd": -100, "wdv": -17, "tlv": "Wisconsin"}