{"loc": "Grant", "iso": "US", "l1": "United States", "l2": "West Virginia", "lvl": 3, "pop": 11568, "key": 11564, "isd": true, "ppd": 35.608000000000004, "med": 38.3, "p65": 15.413, "p70": 9.732000000000001, "hos": 2.77, "exp": 78.86, "adr": 2.0, "amn": 201072.0, "amv": 1341580.0, "amd": 3026.0, "amt": 2487664.0, "tmn": [345, 1123, 778, 605, 1123, 605, 432, 86, 518, 518, 1037, 1123, 518, 518, 778, 1123, 1296, 1123, 950, 1123, 259], "tmv": [4456, 4611, 4549, 5061, 2356, 1255, 4023, 4168, 4272, 4405, 5092, 2672, 1421, 3738, 4100, 4188, 3596, 4102, 1618, 109, 0], "tmd": [0, 0, 0, 0, 0, 0, 0, 0, 0, 0, 0, 0, 0, 0, 87, 0, 0, 0, 0, 0, 87], "wmn": 6657, "wmt": 39931, "wmd": 173, "wmv": 17716, "wdn": 54, "wdt": -2, "wdd": 0, "wdv": -31, "tlv": "West Virginia"}