{"loc": "Grant", "iso": "US", "l1": "United States", "l2": "Washington", "lvl": 3, "pop": 97733, "key": 11563, "isd": true, "ppd": 35.608000000000004, "med": 38.3, "p65": 15.413, "p70": 9.732000000000001, "hos": 2.77, "exp": 78.86, "adr": 1.0, "amn": 86614.0, "amv": 664553.0, "amd": 726.0, "amt": 836494.0, "tmn": [40, 0, 102, 92, 112, 112, 225, 173, 0, 71, 214, 163, 173, 306, 245, 0, 266, 1074, 122, 194, 327], "tmv": [12389, 10214, 6477, 4262, 8755, 10329, 12013, 14052, 10864, 8027, 7863, 7615, 10699, 12037, 10893, 10729, 6600, 5484, 7781, 9092, 0], "tmd": [0, 0, 0, 11, 0, 0, 0, 0, 0, 0, 0, 0, 0, 0, 0, 0, 0, 0, 11, 0, 0], "wmn": 2231, "wmt": 20963, "wmd": 11, "wmv": 50581, "wdn": 102, "wdt": 18, "wdd": 0, "wdv": -29, "tlv": "Washington"}