{"loc": "Grant", "iso": "US", "l1": "United States", "l2": "Washington", "lvl": 3, "pop": 97733, "key": 11563, "isd": true, "ppd": 35.608000000000004, "med": 38.3, "p65": 15.413, "p70": 9.732000000000001, "hos": 2.77, "exp": 78.86, "adr": 1.0, "amn": 159567.0, "amv": 1240788.0, "amd": 1432.0, "amt": 1292525.0, "tmn": [634, 828, 951, 0, 0, 2128, 317, 1023, 982, 849, 0, 0, 1862, 378, 910, 644, 634, 0, 0, 0, 1903], "tmv": [0, 2784, 2570, 2833, 3777, 2988, 2423, 2905, 2661, 3390, 3489, 0, 0, 0, 2411, 3257, 3418, 2659, 2485, 1614, 0], "tmd": [21, 41, 0, 0, 0, 21, 31, 0, 31, 11, 0, 0, 11, 0, 21, 0, 0, 0, 0, 0, 11], "wmn": 4093, "wmt": 0, "wmd": 31, "wmv": 15848, "wdn": -20, "wdt": 0, "wdd": -40, "wdv": 27, "tlv": "Washington"}