{"loc": "Grant", "iso": "US", "l1": "United States", "l2": "Oregon", "lvl": 3, "pop": 7199, "key": 11561, "isd": true, "ppd": 35.608000000000004, "med": 38.3, "p65": 15.413, "p70": 9.732000000000001, "hos": 2.77, "exp": 78.86, "adr": 1.0, "amn": 118905.0, "amv": 1176126.0, "amd": 1111.0, "amt": 1606894.0, "tmn": [972, 0, 0, 0, 0, 277, 2778, 1805, 0, 0, 1527, 2361, 1250, 138, 0, 0, 0, 277, 4028, 9445, 555], "tmv": [4249, 2950, 0, 0, 0, 2913, 2024, 2876, 2739, 2336, 1790, 1886, 2554, 2257, 2903, 2781, 2047, 1978, 1647, 2163, 0], "tmd": [0, 0, 0, 0, 0, 0, 0, 0, 0, 0, 0, 0, 0, 0, 0, 0, 0, 0, 0, 0, 0], "wmn": 14308, "wmt": 35576, "wmd": 0, "wmv": 13523, "wdn": 102, "wdt": 6, "wdd": 0, "wdv": -18, "tlv": "Oregon"}