{"loc": "Grant", "iso": "US", "l1": "United States", "l2": "Washington", "lvl": 3, "pop": 97733, "key": 11563, "isd": true, "ppd": 35.608000000000004, "med": 38.3, "p65": 15.413, "p70": 9.732000000000001, "hos": 2.77, "exp": 78.86, "adr": 1.0, "amn": 82193.0, "amv": 448004.0, "amd": 706.0, "amt": 770460.0, "tmn": [173, 71, 92, 133, 0, 184, 122, 163, 245, 81, 163, 0, 204, 81, 102, 153, 81, 184, 0, 133, 133], "tmv": [6157, 7535, 8875, 13887, 4118, 6135, 5026, 6980, 8171, 7842, 9493, 9226, 6156, 5181, 6849, 8594, 10257, 10611, 9961, 7133, 5431], "tmd": [0, 0, 0, 0, 0, 0, 0, 0, 0, 0, 0, 0, 0, 0, 0, 0, 0, 0, 0, 0, 0], "wmn": 788, "wmt": 20406, "wmd": 0, "wmv": 58839, "wdn": -16, "wdt": 15, "wdd": 0, "wdv": 11, "tlv": "Washington"}