{"loc": "Grant", "iso": "US", "l1": "United States", "l2": "Washington", "lvl": 3, "pop": 97733, "key": 11563, "isd": true, "ppd": 35.608000000000004, "med": 38.3, "p65": 15.413, "p70": 9.732000000000001, "hos": 2.77, "exp": 78.86, "adr": 1.0, "amn": 78714.0, "amv": 220982.0, "amd": 706.0, "amt": 684635.0, "tmn": [0, 583, 214, 173, 225, 266, 266, 0, 0, 368, 184, 133, 276, 163, 0, 133, 245, 296, 112, 460, 153], "tmv": [6595, 3662, 2393, 4746, 4917, 6132, 6772, 6806, 0, 0, 3221, 4419, 5606, 5173, 5466, 3298, 2593, 4349, 5491, 6616, 7139], "tmd": [0, 0, 0, 21, 11, 0, 0, 0, 0, 0, 21, 0, 0, 0, 0, 11, 0, 0, 21, 0, 0], "wmn": 1402, "wmt": 21717, "wmd": 31, "wmv": 34956, "wdn": 25, "wdt": -9, "wdd": 50, "wdv": 39, "tlv": "Washington"}