{"loc": "Grayson", "iso": "US", "l1": "United States", "l2": "Texas", "lvl": 3, "pop": 136212, "key": 11573, "isd": true, "ppd": 35.608000000000004, "med": 38.3, "p65": 15.413, "p70": 9.732000000000001, "hos": 2.77, "exp": 78.86, "adr": 3.0, "amn": 102766.0, "amv": 1157792.0, "amd": 2981.0, "amt": 1084542.0, "tmn": [110, 961, 345, 0, 0, 836, 271, 0, 1020, 572, 0, 0, 0, 1431, 139, 389, 176, 0, 0, 1299, 352], "tmv": [2807, 3250, 3257, 2889, 2103, 1988, 3241, 2538, 4249, 2950, 0, 0, 0, 2913, 2024, 2876, 2739, 2336, 1790, 1886, 0], "tmd": [30, 8, 30, 0, 0, 37, 15, 0, 23, 23, 0, 0, 0, 30, 8, 8, 30, 0, 0, 23, 45], "wmn": 2357, "wmt": 29130, "wmd": 111, "wmv": 13653, "wdn": -22, "wdt": -9, "wdd": 50, "wdv": 8, "tlv": "Texas"}