{"loc": "Grays Harbor", "iso": "US", "l1": "United States", "l2": "Washington", "lvl": 3, "pop": 75061, "key": 11571, "isd": true, "ppd": 35.608000000000004, "med": 38.3, "p65": 15.413, "p70": 9.732000000000001, "hos": 2.77, "exp": 78.86, "adr": 2.0, "amn": 61590.0, "amv": 1005306.0, "amd": 1013.0, "amt": 1005553.0, "tmn": [53, 79, 186, 0, 13, 66, 93, 53, 0, 66, 0, 66, 53, 13, -13, 66, 0, 0, 0, 386, 13], "tmv": [6234, 3276, 3244, 2575, 1851, 1965, 1967, 2474, 1554, 2803, 3655, 3299, 2241, 4154, 4949, 1994, 3524, 1923, 0, 0, 0], "tmd": [0, 0, 0, 0, 0, 0, 0, 0, 0, 0, 0, 0, 14, 0, 0, 0, 0, 0, 0, 0, 0], "wmn": 453, "wmt": 13294, "wmd": 0, "wmv": 12392, "wdn": 79, "wdt": 0, "wdd": -100, "wdv": -39, "tlv": "Washington"}