{"loc": "Grays Harbor", "iso": "US", "l1": "United States", "l2": "Washington", "lvl": 3, "pop": 75061, "key": 11571, "isd": true, "ppd": 35.608000000000004, "med": 38.3, "p65": 15.413, "p70": 9.732000000000001, "hos": 2.77, "exp": 78.86, "adr": 2.0, "amn": 48214.0, "amv": 591235.0, "amd": 773.0, "amt": 810753.0, "tmn": [186, -26, 266, 0, -133, 79, 106, 53, 26, 79, 0, 93, 53, 13, 146, 159, 66, 0, 79, 93, 106], "tmv": [8594, 10257, 10611, 9961, 7133, 5431, 8106, 10192, 12065, 12389, 10214, 6477, 4262, 8755, 10329, 12013, 14052, 10864, 8027, 7863, 7615], "tmd": [0, 0, 0, 0, 0, 0, 0, 0, 0, 0, 0, 0, 0, 0, 14, 0, 0, 0, 0, 0, 0], "wmn": 653, "wmt": 17192, "wmd": 14, "wmv": 70767, "wdn": 104, "wdt": -14, "wdd": 0, "wdv": 10, "tlv": "Washington"}