{"loc": "Grayson", "iso": "US", "l1": "United States", "l2": "Virginia", "lvl": 3, "pop": 15550, "key": 11574, "isd": true, "ppd": 35.608000000000004, "med": 38.3, "p65": 15.413, "p70": 9.732000000000001, "hos": 2.77, "exp": 78.86, "adr": 3.0, "amn": 72862.0, "amv": 228357.0, "amd": 1994.0, "amt": 691548.0, "tmn": [0, 192, 64, 257, 450, 0, 128, 257, -64, 321, 192, 64, 257, 128, 257, 450, 257, 0, 257, 192, 257], "tmv": [3662, 2393, 4746, 4917, 6132, 6772, 6806, 0, 0, 3221, 4419, 5606, 5173, 5466, 3298, 2593, 4349, 5491, 6616, 7139, 7375], "tmd": [0, 65, 0, 0, 0, 0, 0, 0, 0, 0, 0, 0, 0, 65, 0, 0, 0, 0, 0, 65, 65], "wmn": 1673, "wmt": 17924, "wmd": 129, "wmv": 36864, "wdn": 44, "wdt": 8, "wdd": 100, "wdv": 54, "tlv": "Virginia"}