{"loc": "Grayson", "iso": "US", "l1": "United States", "l2": "Texas", "lvl": 3, "pop": 136212, "key": 11573, "isd": true, "ppd": 35.608000000000004, "med": 38.3, "p65": 15.413, "p70": 9.732000000000001, "hos": 2.77, "exp": 78.86, "adr": 3.0, "amn": 118859.0, "amv": 1259649.0, "amd": 3546.0, "amt": 1199404.0, "tmn": [154, 132, 0, 0, 0, 0, 0, 1534, 293, 183, 0, 0, 0, 491, 73, 124, 73, 0, 0, 0, 631], "tmv": [2905, 2661, 3390, 3489, 0, 0, 0, 2411, 3257, 3418, 2659, 2485, 1614, 1945, 2278, 2491, 2890, 2710, 2395, 1993, 2154], "tmd": [15, 15, 0, 0, 0, 0, 0, 45, 15, 15, 15, 15, 0, 8, 8, 23, 23, 23, 0, 0, 23], "wmn": 904, "wmt": 16869, "wmd": 96, "wmv": 16916, "wdn": -64, "wdt": 6, "wdd": -13, "wdv": -5, "tlv": "Texas"}