{"loc": "Greeley", "iso": "US", "l1": "United States", "l2": "Kansas", "lvl": 3, "pop": 1232, "key": 11576, "isd": true, "ppd": 35.608000000000004, "med": 38.3, "p65": 15.413, "p70": 9.732000000000001, "hos": 2.77, "exp": 78.86, "adr": 1.0, "amn": 82792.0, "amv": 324951.0, "amd": 812.0, "amt": 441186.0, "tmn": [0, 0, 0, 0, 0, 0, 0, 811, 0, -811, 0, 0, 0, 0, 0, 0, 811, 0, 0, 0, 0], "tmv": [3298, 2593, 4349, 5491, 6616, 7139, 7375, 5050, 5255, 5793, 6168, 7391, 8814, 7404, 5275, 4864, 6157, 7535, 8875, 13887, 4118], "tmd": [0, 0, 0, 0, 0, 0, 0, 0, 0, 0, 0, 0, 0, 0, 0, 0, 0, 0, 0, 0, 0], "wmn": 812, "wmt": 5069, "wmd": 0, "wmv": 50714, "wdn": 0, "wdt": -8, "wdd": 0, "wdv": 11, "tlv": "Kansas"}