{"loc": "Greene", "iso": "US", "l1": "United States", "l2": "Arkansas", "lvl": 3, "pop": 45325, "key": 11583, "isd": true, "ppd": 35.608000000000004, "med": 38.3, "p65": 15.413, "p70": 9.732000000000001, "hos": 2.77, "exp": 78.86, "adr": 1.0, "amn": 128163.0, "amv": 220982.0, "amd": 1655.0, "amt": 875435.0, "tmn": [176, 595, 242, 0, 375, 110, 198, 88, 110, 88, 110, 44, 22, 88, 0, 110, 154, 154, 353, 176, 22], "tmv": [6595, 3662, 2393, 4746, 4917, 6132, 6772, 6806, 0, 0, 3221, 4419, 5606, 5173, 5466, 3298, 2593, 4349, 5491, 6616, 7139], "tmd": [0, 0, 23, 23, 23, 0, 23, 0, 0, 23, 0, 0, 0, 0, 0, 0, 0, 0, 23, 0, 0], "wmn": 971, "wmt": 13735, "wmd": 23, "wmv": 34956, "wdn": 76, "wdt": 89, "wdd": 0, "wdv": 39, "tlv": "Arkansas"}