{"loc": "Greene", "iso": "US", "l1": "United States", "l2": "Arkansas", "lvl": 3, "pop": 45325, "key": 11583, "isd": true, "ppd": 35.608000000000004, "med": 38.3, "p65": 15.413, "p70": 9.732000000000001, "hos": 2.77, "exp": 78.86, "adr": 1.0, "amn": 127038.0, "amv": 167606.0, "amd": 1633.0, "amt": 859377.0, "tmn": [595, 485, 926, 353, 992, 485, 419, 551, 706, 485, 176, 595, 242, 0, 375, 110, 198, 88, 110, 88, 110], "tmv": [4677, 5132, 5139, 4690, 3336, 1695, 3330, 4023, 4903, 6734, 6595, 3662, 2393, 4746, 4917, 6132, 6772, 6806, 0, 0, 0], "tmd": [23, 23, 0, 0, 0, 23, 23, 0, 45, 0, 0, 0, 23, 23, 23, 0, 23, 0, 0, 23, 0], "wmn": 1082, "wmt": 13645, "wmd": 67, "wmv": 24629, "wdn": -61, "wdt": -43, "wdd": -25, "wdv": -25, "tlv": "Arkansas"}