{"loc": "Greenbrier", "iso": "US", "l1": "United States", "l2": "West Virginia", "lvl": 3, "pop": 34662, "key": 11581, "isd": true, "ppd": 35.608000000000004, "med": 38.3, "p65": 15.413, "p70": 9.732000000000001, "hos": 2.77, "exp": 78.86, "adr": 2.0, "amn": 135970.0, "amv": 1227352.0, "amd": 2510.0, "amt": 2278651.0, "tmn": [1990, 865, 519, 1269, 605, 952, 1384, 778, 403, 605, 346, 288, 173, 865, 663, 519, 577, 403, 432, 288, 605], "tmv": [2262, 2445, 2251, 1671, 0, 0, 2784, 2570, 2833, 3777, 2988, 2423, 2905, 2661, 3390, 3489, 0, 0, 0, 2411, 0], "tmd": [29, 0, 0, 0, 0, 0, 0, 29, 0, 0, 58, 0, 0, 0, 29, 0, 0, 29, 0, 0, 87], "wmn": 3491, "wmt": 51795, "wmd": 145, "wmv": 9292, "wdn": 1, "wdt": 3, "wdd": 67, "wdv": -54, "tlv": "West Virginia"}