{"loc": "Greenup", "iso": "US", "l1": "United States", "l2": "Kentucky", "lvl": 3, "pop": 35098, "key": 11599, "isd": true, "ppd": 35.608000000000004, "med": 38.3, "p65": 15.413, "p70": 9.732000000000001, "hos": 2.77, "exp": 78.86, "adr": 1.0, "amn": 95960.0, "amv": 290534.0, "amd": 912.0, "amt": 893659.0, "tmn": [85, 227, 142, 199, 455, 113, 142, 256, 113, 85, 85, -56, 170, 85, 170, 85, 113, 142, 56, 256, 85], "tmv": [5606, 5173, 5466, 3298, 2593, 4349, 5491, 6616, 7139, 7375, 5050, 5255, 5793, 6168, 7391, 8814, 7404, 5275, 4864, 6157, 0], "tmd": [0, 0, 0, 0, 0, 0, 0, 0, 0, 0, 0, 0, 0, 0, 0, 86, 0, 0, 57, 114, 0], "wmn": 912, "wmt": 8492, "wmd": 257, "wmv": 39909, "wdn": 23, "wdt": -50, "wdd": 0, "wdv": -8, "tlv": "Kentucky"}