{"loc": "Greene", "iso": "US", "l1": "United States", "l2": "North Carolina", "lvl": 3, "pop": 21069, "key": 11591, "isd": true, "ppd": 35.608000000000004, "med": 38.3, "p65": 15.413, "p70": 9.732000000000001, "hos": 2.77, "exp": 78.86, "adr": 2.0, "amn": 107836.0, "amv": 705407.0, "amd": 2088.0, "amt": 1074245.0, "tmn": [189, 427, 0, 0, 522, 0, 94, 189, 142, 0, 0, 474, 47, 47, 47, 237, 0, 0, 617, 142, 94], "tmv": [10329, 12013, 14052, 10864, 8027, 7863, 7615, 10699, 12037, 10893, 10729, 6600, 5484, 7781, 9092, 10242, 10071, 9169, 6395, 4975, 0], "tmd": [0, 0, 0, 0, 0, 0, 0, 0, 0, 0, 0, 0, 0, 0, 0, 48, 0, 0, 48, 0, 0], "wmn": 1140, "wmt": 20007, "wmd": 95, "wmv": 49947, "wdn": 26, "wdt": 6, "wdd": 0, "wdv": -22, "tlv": "North Carolina"}