{"loc": "Greene", "iso": "US", "l1": "United States", "l2": "Ohio", "lvl": 3, "pop": 168937, "key": 11592, "isd": true, "ppd": 35.608000000000004, "med": 38.3, "p65": 15.413, "p70": 9.732000000000001, "hos": 2.77, "exp": 78.86, "adr": 2.0, "amn": 78864.0, "amv": 167606.0, "amd": 1237.0, "amt": 827402.0, "tmn": [402, 485, 402, 325, 278, 325, 278, 384, 355, 384, 295, 171, 278, 266, 195, 266, 278, 183, 195, 201, 88], "tmv": [4677, 5132, 5139, 4690, 3336, 1695, 3330, 4023, 4903, 6734, 6595, 3662, 2393, 4746, 4917, 6132, 6772, 6806, 0, 0, 0], "tmd": [0, 6, 0, 0, 0, 0, 6, 6, 0, 0, 12, 0, 0, 0, 0, 0, 0, 0, 0, 0, 6], "wmn": 1409, "wmt": 20945, "wmd": 6, "wmv": 24629, "wdn": -34, "wdt": -6, "wdd": -67, "wdv": -25, "tlv": "Ohio"}