{"loc": "Greenlee", "iso": "US", "l1": "United States", "l2": "Arizona", "lvl": 3, "pop": 9498, "key": 11597, "isd": true, "ppd": 35.608000000000004, "med": 38.3, "p65": 15.413, "p70": 9.732000000000001, "hos": 2.77, "exp": 78.86, "adr": 2.0, "amn": 65593.0, "amv": 1054363.0, "amd": 1053.0, "amt": 1483083.0, "tmn": [105, 105, 0, 315, 210, 105, 210, 0, 105, 105, 105, 0, 421, 210, 0, 315, 105, 0, 526, 315, 526], "tmv": [1721, 1666, 1928, 1520, 1539, 740, 1856, 2005, 1821, 2051, 2364, 1193, 1200, 2288, 2155, 2600, 2160, 2477, 1419, 1374, 0], "tmd": [0, 0, 0, 0, 0, 0, 0, 0, 0, 0, 0, 0, 0, 0, 0, 0, 0, 0, 0, 0, 0], "wmn": 1790, "wmt": 20204, "wmd": 0, "wmv": 12189, "wdn": 89, "wdt": 17, "wdd": 0, "wdv": -6, "tlv": "Arizona"}