{"loc": "Greensville", "iso": "US", "l1": "United States", "l2": "Virginia", "lvl": 3, "pop": 11336, "key": 11598, "isd": true, "ppd": 35.608000000000004, "med": 38.3, "p65": 15.413, "p70": 9.732000000000001, "hos": 2.77, "exp": 78.86, "adr": 2.0, "amn": 131528.0, "amv": 359108.0, "amd": 2205.0, "amt": 732108.0, "tmn": [0, 264, 352, 264, 352, 88, 0, 176, 0, 264, 529, 0, 88, 176, 529, 88, 0, 88, 88, 264, 88], "tmv": [7139, 7375, 5050, 5255, 5793, 6168, 7391, 8814, 7404, 5275, 4864, 6157, 7535, 8875, 13887, 4118, 6135, 5026, 6980, 8171, 7842], "tmd": [0, 177, 0, 0, 89, 0, 0, 0, 0, 0, 0, 0, -88, 0, 0, 0, 0, 0, 0, 0, 0], "wmn": 1147, "wmt": 16859, "wmd": 0, "wmv": 52163, "wdn": -7, "wdt": 33, "wdd": -100, "wdv": 7, "tlv": "Virginia"}