{"loc": "Greenwood", "iso": "US", "l1": "United States", "l2": "South Carolina", "lvl": 3, "pop": 70811, "key": 11602, "isd": true, "ppd": 35.608000000000004, "med": 38.3, "p65": 15.413, "p70": 9.732000000000001, "hos": 2.77, "exp": 78.86, "adr": 2.0, "amn": 117482.0, "amv": 1008740.0, "amd": 2457.0, "amt": 1303473.0, "tmn": [0, 0, 0, 42, 0, 84, 42, 28, 0, 0, 141, 14, 28, 42, -14, 0, 0, 0, 0, 28, 14], "tmv": [3276, 3244, 2575, 1851, 1965, 1967, 2474, 1554, 2803, 3655, 3299, 2241, 4154, 4949, 1994, 3524, 1923, 0, 0, 1326, 2107], "tmd": [0, 0, 0, 0, 0, 0, 0, 0, 0, 0, 0, 0, 0, 0, 0, 0, 0, 15, 0, 0, 0], "wmn": 29, "wmt": 7995, "wmd": 15, "wmv": 10877, "wdn": -89, "wdt": -12, "wdd": 0, "wdv": -52, "tlv": "South Carolina"}