{"loc": "Grenada", "iso": "US", "l1": "United States", "l2": "Mississippi", "lvl": 3, "pop": 20758, "key": 11607, "isd": true, "ppd": 35.608000000000004, "med": 38.3, "p65": 15.413, "p70": 9.732000000000001, "hos": 2.77, "exp": 78.86, "adr": 3.0, "amn": 171307.0, "amv": 1179384.0, "amd": 5010.0, "amt": 816246.0, "tmn": [0, 0, 2697, 337, 337, 915, 433, 0, 0, 2890, 337, 963, 1059, 289, 0, 0, 722, 192, 337, 481, 144], "tmv": [2950, 0, 0, 0, 2913, 2024, 2876, 2739, 2336, 1790, 1886, 2554, 2257, 2903, 2781, 2047, 1978, 1647, 2163, 995, 2262], "tmd": [0, 0, 0, 0, 49, 0, 0, 0, 0, 49, 97, 0, 0, 49, 0, 0, 0, 49, 97, 0, 0], "wmn": 1879, "wmt": 14415, "wmd": 145, "wmv": 13878, "wdn": -66, "wdt": 13, "wdd": -25, "wdv": -16, "tlv": "Mississippi"}