{"loc": "Gregory", "iso": "US", "l1": "United States", "l2": "South Dakota", "lvl": 3, "pop": 4185, "key": 11605, "isd": true, "ppd": 35.608000000000004, "med": 38.3, "p65": 15.413, "p70": 9.732000000000001, "hos": 2.77, "exp": 78.86, "adr": 5.0, "amn": 125448.0, "amv": 160515.0, "amd": 6452.0, "amt": 468555.0, "tmn": [-238, 238, 0, 0, 477, 0, 0, 716, 238, 716, 1194, 477, 0, 0, 238, 0, 1194, 238, 238, 238, 477], "tmv": [3374, 4677, 5132, 5139, 4690, 3336, 1695, 3330, 4023, 4903, 6734, 6595, 3662, 2393, 4746, 4917, 6132, 6772, 6806, 0, 0], "tmd": [0, 0, 0, 0, 0, 0, 0, 0, 0, 0, 0, 0, 0, 0, 0, 0, 0, 0, 0, 0, 0], "wmn": 2629, "wmt": 6934, "wmd": 0, "wmv": 29376, "wdn": -21, "wdt": 23, "wdd": 0, "wdv": -7, "tlv": "South Dakota"}