{"loc": "Greenwood", "iso": "US", "l1": "United States", "l2": "Kansas", "lvl": 3, "pop": 5982, "key": 11601, "isd": true, "ppd": 35.608000000000004, "med": 38.3, "p65": 15.413, "p70": 9.732000000000001, "hos": 2.77, "exp": 78.86, "adr": 1.0, "amn": 154965.0, "amv": 1176126.0, "amd": 1839.0, "amt": 587178.0, "tmn": [0, 2507, 0, 0, 0, 0, 5349, 0, 2507, 0, 0, 2006, 0, 3176, 0, 167, 0, 0, 668, 0, 668], "tmv": [2538, 4249, 2950, 0, 0, 0, 2913, 2024, 2876, 2739, 2336, 1790, 1886, 2554, 2257, 2903, 2781, 2047, 1978, 1647, 2163], "tmd": [0, 0, 0, 0, 0, 0, 0, 0, 0, 0, 0, 0, 0, 0, 0, 0, 0, 0, 0, 0, 0], "wmn": 1505, "wmt": 10932, "wmd": 0, "wmv": 15780, "wdn": -80, "wdt": -24, "wdd": 0, "wdv": -3, "tlv": "Kansas"}