{"loc": "Grenada", "iso": "US", "l1": "United States", "l2": "Mississippi", "lvl": 3, "pop": 20758, "key": 11607, "isd": true, "ppd": 35.608000000000004, "med": 38.3, "p65": 15.413, "p70": 9.732000000000001, "hos": 2.77, "exp": 78.86, "adr": 3.0, "amn": 169140.0, "amv": 1160346.0, "amd": 4817.0, "amt": 801354.0, "tmn": [1637, 0, 0, 2216, 337, 1204, 1348, 529, 0, 0, 2697, 337, 337, 915, 433, 0, 0, 2890, 337, 963, 1059], "tmv": [3250, 3257, 2889, 2103, 1988, 3241, 2538, 4249, 2950, 0, 0, 0, 2913, 2024, 2876, 2739, 2336, 1790, 1886, 2554, 0], "tmd": [0, 0, 0, 97, 49, 49, 0, 0, 0, 0, 0, 0, 49, 0, 0, 0, 0, 49, 97, 0, 0], "wmn": 5685, "wmt": 12919, "wmd": 145, "wmv": 14183, "wdn": 18, "wdt": -16, "wdd": 200, "wdv": 17, "tlv": "Mississippi"}