{"loc": "Greenwood", "iso": "US", "l1": "United States", "l2": "South Carolina", "lvl": 3, "pop": 70811, "key": 11602, "isd": true, "ppd": 35.608000000000004, "med": 38.3, "p65": 15.413, "p70": 9.732000000000001, "hos": 2.77, "exp": 78.86, "adr": 2.0, "amn": 119981.0, "amv": 1054363.0, "amd": 2471.0, "amt": 1353470.0, "tmn": [70, 56, 0, 0, 127, 0, 70, 84, 42, 0, 0, 240, 14, 211, 310, 240, 0, 0, 593, 112, 112], "tmv": [1721, 1666, 1928, 1520, 1539, 740, 1856, 2005, 1821, 2051, 2364, 1193, 1200, 2288, 2155, 2600, 2160, 2477, 1419, 1374, 0], "tmd": [0, 0, 0, 0, 0, 0, 0, 0, 0, 0, 0, 0, 0, 0, 0, 0, 0, 0, 0, 0, 15], "wmn": 1370, "wmt": 21331, "wmd": 15, "wmv": 12189, "wdn": 131, "wdt": 68, "wdd": 0, "wdv": -6, "tlv": "South Carolina"}