{"loc": "Groningen", "iso": "NL", "l1": "Netherlands", "l2": "Groningen", "lvl": 2, "pop": 585866, "key": 11610, "isd": true, "ppd": 508.54400000000004, "med": 43.2, "p65": 18.779, "p70": 11.880999999999998, "hos": 3.32, "exp": 82.28, "adr": 1.0, "amn": 60053.0, "amv": 307318.0, "amd": 427.0, "amt": 501797.0, "tmn": [250, 312, 197, 213, 209, 105, 447, 235, 245, 322, 238, 276, 230, 447, 378, 303, 220, 218, 238, 286, 348], "tmv": [0, 0, 0, 0, 0, 0, 0, 0, 0, 0, 0, 0, 0, 4616, 0, 0, 0, 0, 0, 5243, 0], "tmd": [0, 0, 2, 0, 0, 0, 0, 0, 4, 2, 2, 0, 0, 2, 0, 2, 0, 0, 4, 0, 4], "wmn": 1996, "wmt": 0, "wmd": 9, "wmv": 5244, "wdn": 0, "wdt": 0, "wdd": 0, "wdv": 14, "tlv": "Netherlands"}