{"loc": "Guadalupe", "iso": "US", "l1": "United States", "l2": "Texas", "lvl": 3, "pop": 166847, "key": 11616, "isd": true, "ppd": 35.608000000000004, "med": 38.3, "p65": 15.413, "p70": 9.732000000000001, "hos": 2.77, "exp": 78.86, "adr": 1.0, "amn": 151858.0, "amv": 1476857.0, "amd": 2092.0, "amt": 1303303.0, "tmn": [0, 0, 0, 0, 0, 671, 65, 161, 125, 143, 23, 65, 161, 143, 65, 617, 107, 47, 89, 107, 101], "tmv": [70, 3476, 2565, 1693, 4764, 5451, 6033, 6077, 6801, 4120, 2054, 5104, 5248, 5184, 4986, 5175, 2683, 957, 367, 0, 0], "tmd": [0, 0, 0, 0, 0, 6, 0, 0, 0, 6, 0, 0, 0, 0, 12, 6, 0, 0, 0, 0, 0], "wmn": 1139, "wmt": 15669, "wmd": 18, "wmv": 14171, "wdn": 38, "wdt": -2, "wdd": 200, "wdv": -59, "tlv": "Texas"}