{"loc": "Grundy", "iso": "US", "l1": "United States", "l2": "Missouri", "lvl": 3, "pop": 9850, "key": 11613, "isd": true, "ppd": 35.608000000000004, "med": 38.3, "p65": 15.413, "p70": 9.732000000000001, "hos": 2.77, "exp": 78.86, "adr": 3.0, "amn": 102335.0, "amv": 343093.0, "amd": 3452.0, "amt": 763311.0, "tmn": [0, 0, 0, 0, 101, 0, 0, 0, 101, 0, 0, 0, 0, 17563, 0, 0, 0, 101, 0, 101, 304], "tmv": [6616, 7139, 7375, 5050, 5255, 5793, 6168, 7391, 8814, 7404, 5275, 4864, 6157, 7535, 8875, 13887, 4118, 6135, 5026, 6980, 0], "tmd": [0, 0, 0, 0, 0, 0, 0, 0, 0, 0, 0, 0, 0, 0, 0, 0, 0, 0, 0, 0, 0], "wmn": 508, "wmt": 13800, "wmd": 0, "wmv": 45024, "wdn": -97, "wdt": 12, "wdd": 0, "wdv": -5, "tlv": "Missouri"}