{"loc": "Guadalupe", "iso": "US", "l1": "United States", "l2": "New Mexico", "lvl": 3, "pop": 4300, "key": 11615, "isd": true, "ppd": 35.608000000000004, "med": 38.3, "p65": 15.413, "p70": 9.732000000000001, "hos": 2.77, "exp": 78.86, "adr": 2.0, "amn": 107674.0, "amv": 966947.0, "amd": 2558.0, "amt": 1724554.0, "tmn": [0, 697, 1860, 0, 0, 465, 232, 232, 697, 232, 0, 0, 465, 232, 465, 232, 232, 0, 0, 930, 465], "tmv": [1543, 2452, 4248, 3485, 4157, 3682, 3252, 2518, 2835, 2495, 4865, 3672, 4016, 3766, 3121, 6234, 3276, 3244, 2575, 1851, 0], "tmd": [0, 0, 0, 0, 0, 0, 0, 0, 0, 0, 0, 0, 0, 0, 0, 0, 0, 0, 0, 0, 0], "wmn": 2326, "wmt": 15845, "wmd": 0, "wmv": 20305, "wdn": 25, "wdt": -13, "wdd": 0, "wdv": -16, "tlv": "New Mexico"}