{"loc": "Grundy", "iso": "US", "l1": "United States", "l2": "Illinois", "lvl": 3, "pop": 51054, "key": 11611, "isd": true, "ppd": 35.608000000000004, "med": 38.3, "p65": 15.413, "p70": 9.732000000000001, "hos": 2.77, "exp": 78.86, "adr": 1.0, "amn": 113821.0, "amv": 752032.0, "amd": 1391.0, "amt": 1809489.0, "tmn": [235, 97, 156, 97, 58, 176, 156, 156, 313, 117, 137, 313, 176, 470, 235, 489, 352, 117, 137, 274, 274], "tmv": [10699, 12037, 10893, 10729, 6600, 5484, 7781, 9092, 10242, 10071, 9169, 6395, 4975, 6773, 8259, 8496, 10027, 6458, 3608, 3001, 0], "tmd": [0, 0, 0, 0, 0, 0, 0, 0, 0, 0, 0, 0, 0, 0, 0, 0, 0, 0, 0, 0, 0], "wmn": 1881, "wmt": 43246, "wmd": 0, "wmv": 39852, "wdn": 12, "wdt": 1, "wdd": 0, "wdv": -30, "tlv": "Illinois"}