{"loc": "Grundy", "iso": "US", "l1": "United States", "l2": "Missouri", "lvl": 3, "pop": 9850, "key": 11613, "isd": true, "ppd": 35.608000000000004, "med": 38.3, "p65": 15.413, "p70": 9.732000000000001, "hos": 2.77, "exp": 78.86, "adr": 3.0, "amn": 144365.0, "amv": 1136653.0, "amd": 4162.0, "amt": 1085288.0, "tmn": [710, 2131, 913, 1015, 710, 710, 101, 406, 710, 203, 507, 0, 101, 203, 609, 507, 609, 507, 406, 203, 101], "tmv": [2139, 3106, 3068, 3187, 2953, 1851, 1966, 2813, 2807, 3250, 3257, 2889, 2103, 1988, 3241, 2538, 4249, 2950, 0, 0, 0], "tmd": [0, 0, 102, 0, 0, 0, 102, 0, 0, 0, 0, 0, 0, 305, 0, 0, 0, 0, 0, 0, 0], "wmn": 2945, "wmt": 17950, "wmd": 0, "wmv": 12982, "wdn": 38, "wdt": 1, "wdd": -100, "wdv": -32, "tlv": "Missouri"}