{"loc": "Grundy", "iso": "US", "l1": "United States", "l2": "Illinois", "lvl": 3, "pop": 51054, "key": 11611, "isd": true, "ppd": 35.608000000000004, "med": 38.3, "p65": 15.413, "p70": 9.732000000000001, "hos": 2.77, "exp": 78.86, "adr": 1.0, "amn": 117777.0, "amv": 1018277.0, "amd": 1547.0, "amt": 2069025.0, "tmn": [0, 0, 0, 19, 78, 0, -19, 19, 0, 0, 0, 19, 19, 39, 39, 0, 0, 58, 19, 58, 97], "tmv": [1554, 2803, 3655, 3299, 2241, 4154, 4949, 1994, 3524, 1923, 0, 0, 1326, 2107, 1883, 1818, 1779, 1363, 1036, 1655, 0], "tmd": [0, 0, 0, 0, 0, 0, 0, 0, 0, 0, 0, 0, 0, 0, 0, 0, 0, 20, 0, 0, 0], "wmn": 275, "wmt": 18072, "wmd": 20, "wmv": 9537, "wdn": 180, "wdt": 19, "wdd": 0, "wdv": -12, "tlv": "Illinois"}