{"loc": "Guam", "iso": "GU", "l1": "United States", "l2": "Guam", "lvl": 2, "pop": 164229, "key": 11619, "isd": true, "ppd": 35.608000000000004, "med": 38.3, "p65": 15.413, "p70": 9.732000000000001, "hos": 2.77, "exp": 78.86, "adr": 1.0, "amn": 76436.0, "amv": 1154115.0, "amd": 1023.0, "amt": 1267687.0, "tmn": [767, 895, 657, 1089, 663, 511, 694, 1254, 1102, 1029, 1199, 0, 1132, 6, 1223, 1978, 0, 2484, 407, 517, 1059], "tmv": [1966, 2813, 2807, 3250, 3257, 2889, 2103, 1988, 3241, 2538, 4249, 2950, 0, 0, 0, 2913, 2024, 2876, 2739, 2336, 0], "tmd": [0, 0, 0, 0, 0, 0, 0, 25, 7, 0, 7, 0, 0, 0, 13, 7, 0, 31, 0, 0, 55], "wmn": 7673, "wmt": 24832, "wmd": 104, "wmv": 12890, "wdn": 34, "wdt": -46, "wdd": 183, "wdv": -14, "tlv": "Guam"}