{"loc": "Grundy", "iso": "US", "l1": "United States", "l2": "Missouri", "lvl": 3, "pop": 9850, "key": 11613, "isd": true, "ppd": 35.608000000000004, "med": 38.3, "p65": 15.413, "p70": 9.732000000000001, "hos": 2.77, "exp": 78.86, "adr": 3.0, "amn": 152183.0, "amv": 1179384.0, "amd": 4569.0, "amt": 1132299.0, "tmn": [507, 406, 203, 101, 304, 304, 1015, 609, 710, 101, 304, 406, 304, 406, 710, 203, 203, 710, 609, 507, 406], "tmv": [2950, 0, 0, 0, 2913, 2024, 2876, 2739, 2336, 1790, 1886, 2554, 2257, 2903, 2781, 2047, 1978, 1647, 2163, 995, 2262], "tmd": [0, 0, 0, 0, 0, 0, 0, 0, 102, 0, 102, 102, 0, 0, 102, 0, 0, 0, 0, 0, 0], "wmn": 3351, "wmt": 19720, "wmd": 102, "wmv": 13878, "wdn": 18, "wdt": -7, "wdd": -67, "wdv": -16, "tlv": "Missouri"}