{"loc": "Guaynabo", "iso": "PR", "l1": "United States", "l2": "Puerto Rico", "lvl": 3, "pop": 83728, "key": 11628, "isd": true, "ppd": 35.608000000000004, "med": 38.3, "p65": 15.413, "p70": 9.732000000000001, "hos": 2.77, "exp": 78.86, "adr": 0.0, "amn": 39378.0, "amv": 160515.0, "amd": 0.0, "amt": 126590.0, "tmn": [143, 59, 203, 119, 47, 203, 203, 131, 167, 11, 83, 131, 71, 35, 23, 47, 107, 71, 131, 83, 226], "tmv": [3374, 4677, 5132, 5139, 4690, 3336, 1695, 3330, 4023, 4903, 6734, 6595, 3662, 2393, 4746, 4917, 6132, 6772, 6806, 0, 0], "tmd": [0, 0, 0, 0, 0, 0, 0, 0, 0, 0, 0, 0, 0, 0, 0, 0, 0, 0, 0, 0, 0], "wmn": 693, "wmt": 600, "wmd": 0, "wmv": 29376, "wdn": 9, "wdt": 2, "wdd": 0, "wdv": -7, "tlv": "Puerto Rico"}