{"loc": "Guaynabo", "iso": "PR", "l1": "United States", "l2": "Puerto Rico", "lvl": 3, "pop": 83728, "key": 11628, "isd": true, "ppd": 35.608000000000004, "med": 38.3, "p65": 15.413, "p70": 9.732000000000001, "hos": 2.77, "exp": 78.86, "adr": 0.0, "amn": 50127.0, "amv": 830268.0, "amd": 0.0, "amt": 130151.0, "tmn": [23, 23, 155, 107, 47, 238, 47, 35, 59, 143, 59, 131, 83, 35, 0, 23, 83, 47, 35, 23, 11], "tmv": [4975, 6773, 8259, 8496, 10027, 6458, 3608, 3001, 5456, 7305, 8515, 7794, 7192, 5713, 4653, 4699, 5814, 5591, 7265, 8234, 0], "tmd": [0, 0, 0, 0, 0, 0, 0, 0, 0, 0, 0, 0, 0, 0, 0, 0, 0, 0, 0, 0, 0], "wmn": 227, "wmt": 0, "wmd": 0, "wmv": 36259, "wdn": -59, "wdt": 0, "wdd": 0, "wdv": -19, "tlv": "Puerto Rico"}