{"loc": "Guangdong", "iso": "CN", "l1": "China", "l2": "Guangdong", "lvl": 2, "pop": 113460000, "key": 11621, "isd": true, "ppd": 147.674, "med": 38.7, "p65": 10.640999999999998, "p70": 5.928999999999999, "hos": 4.34, "exp": 76.91, "adr": 0.0, "amn": 26.0, "amv": 1295842.0, "amd": 0.0, "amt": 0.0, "tmn": [0, 0, 0, 0, 0, 0, 0, 0, 0, 0, 0, 0, 0, 0, 0, 0, 0, 0, 0, 0, 0], "tmv": [12310, 9831, 8230, 11108, 12450, 12734, 12792, 12940, 10980, 11894, 13637, 14005, 12719, 11097, 11367, 8915, 8700, 0, 18201, 8646, 0], "tmd": [0, 0, 0, 0, 0, 0, 0, 0, 0, 0, 0, 0, 0, 0, 0, 0, 0, 0, 0, 0, 0], "wmn": 1, "wmt": 0, "wmd": 0, "wmv": 55833, "wdn": 36, "wdt": 0, "wdd": 0, "wdv": -36, "tlv": "China"}