{"loc": "Guilford", "iso": "US", "l1": "United States", "l2": "North Carolina", "lvl": 3, "pop": 537174, "key": 11631, "isd": true, "ppd": 35.608000000000004, "med": 38.3, "p65": 15.413, "p70": 9.732000000000001, "hos": 2.77, "exp": 78.86, "adr": 1.0, "amn": 89040.0, "amv": 841634.0, "amd": 1316.0, "amt": 1123168.0, "tmn": [173, 178, 0, 0, 456, 83, 111, 171, 174, 0, 0, 335, 29, 188, 121, 428, 0, 0, 290, 72, 87], "tmv": [8259, 8496, 10027, 6458, 3608, 3001, 5456, 7305, 8515, 7794, 7192, 5713, 4653, 4699, 5814, 5591, 7265, 6352, 4511, 3409, 5326], "tmd": [6, 25, 0, 0, 4, 2, 4, 0, 4, 0, 0, 0, 2, 0, 0, -1, 0, 0, 6, 0, 8], "wmn": 1000, "wmt": 15644, "wmd": 12, "wmv": 38272, "wdn": 11, "wdt": -3, "wdd": 100, "wdv": -17, "tlv": "North Carolina"}