{"loc": "Gurdaspur", "iso": "IN", "l1": "India", "l2": "Punjab", "lvl": 3, "pop": 2299026, "key": 11643, "isd": true, "ppd": 450.41900000000004, "med": 28.2, "p65": 5.989, "p70": 3.4139999999999997, "hos": 0.53, "exp": 69.66, "adr": 3.0, "amn": 4869.0, "amv": 49847.0, "amd": 148.0, "amt": 198155.0, "tmn": [20, 26, 35, 36, 12, 44, 43, 68, 53, 50, 39, 40, 65, 90, 42, 41, 21, 107, 46, 50, 54], "tmv": [1488, 1101, 122, 2202, 1534, 1506, 1591, 1973, 1840, 334, 2484, 1700, 1669, 1709, 1887, 1565, 188, 422, 1406, 1495, 2660], "tmd": [1, 0, 0, 1, 1, 1, 1, 2, 2, 4, 2, 1, 2, 1, 1, 1, 3, 2, 2, 1, 1], "wmn": 365, "wmt": 7559, "wmd": 8, "wmv": 9627, "wdn": -11, "wdt": -9, "wdd": -22, "wdv": -18, "tlv": "Punjab"}