{"loc": "Gwinnett", "iso": "US", "l1": "United States", "l2": "Georgia", "lvl": 3, "pop": 936250, "key": 11648, "isd": true, "ppd": 35.608000000000004, "med": 38.3, "p65": 15.413, "p70": 9.732000000000001, "hos": 2.77, "exp": 78.86, "adr": 1.0, "amn": 109108.0, "amv": 854702.0, "amd": 1243.0, "amt": 813529.0, "tmn": [118, 77, 103, 113, 92, 70, 96, 82, 46, 42, 71, 79, 77, 56, 60, 46, 30, 63, 89, 75, 49], "tmv": [10027, 6458, 3608, 3001, 5456, 7305, 8515, 7794, 7192, 5713, 4653, 4699, 5814, 5591, 7265, 6352, 4511, 3409, 5326, 6395, 6671], "tmd": [0, 0, 3, 0, 3, 4, 0, 2, 0, 0, 4, 5, 0, 0, 2, 0, 0, 0, 3, 0, 4], "wmn": 417, "wmt": 9316, "wmd": 7, "wmv": 39934, "wdn": -9, "wdt": -12, "wdd": -25, "wdv": -4, "tlv": "Georgia"}