{"loc": "Gunnison", "iso": "US", "l1": "United States", "l2": "Colorado", "lvl": 3, "pop": 17462, "key": 11640, "isd": true, "ppd": 35.608000000000004, "med": 38.3, "p65": 15.413, "p70": 9.732000000000001, "hos": 2.77, "exp": 78.86, "adr": 1.0, "amn": 109209.0, "amv": 1341580.0, "amd": 687.0, "amt": 2177953.0, "tmn": [171, 171, 458, 114, 0, 0, 400, 0, 286, 343, 286, 0, 0, 515, 400, 229, 458, 229, 0, 0, 687], "tmv": [4456, 4611, 4549, 5061, 2356, 1255, 4023, 4168, 4272, 4405, 5092, 2672, 1421, 3738, 4100, 4188, 3596, 4102, 1618, 109, 0], "tmd": [0, 0, 0, 0, 0, 0, 0, 0, 0, 0, 0, 0, 0, 0, 0, 0, 0, 0, 0, 0, 0], "wmn": 2005, "wmt": 43441, "wmd": 0, "wmv": 17716, "wdn": 40, "wdt": 5, "wdd": 0, "wdv": -31, "tlv": "Colorado"}