{"loc": "Gurugram", "iso": "IN", "l1": "India", "l2": "Haryana", "lvl": 3, "pop": 1514085, "key": 11644, "isd": true, "ppd": 450.41900000000004, "med": 28.2, "p65": 5.989, "p70": 3.4139999999999997, "hos": 0.53, "exp": 69.66, "adr": 0.0, "amn": 117993.0, "amv": 138927.0, "amd": 498.0, "amt": 308179.0, "tmn": [2005, 2955, 3130, 2468, 2369, 2272, 1877, 1815, 1756, 1814, 1425, 1416, 1116, 1231, 776, 823, 766, 720, 411, 340, 203], "tmv": [1355, 1209, 1580, 1936, 1874, 1669, 587, 2024, 2002, 1581, 1678, 930, 1375, 511, 1134, 995, 883, 1069, 0, 0, 635], "tmd": [6, 11, 10, 9, 12, 7, 7, 8, 9, 6, 12, 10, 12, 8, 9, 10, 10, 6, 5, 6, 4], "wmn": 4044, "wmt": 13922, "wmd": 47, "wmv": 4720, "wdn": -62, "wdt": -9, "wdd": -26, "wdv": -53, "tlv": "Haryana"}