{"loc": "Gurdaspur", "iso": "IN", "l1": "India", "l2": "Punjab", "lvl": 3, "pop": 2299026, "key": 11643, "isd": true, "ppd": 450.41900000000004, "med": 28.2, "p65": 5.989, "p70": 3.4139999999999997, "hos": 0.53, "exp": 69.66, "adr": 3.0, "amn": 3639.0, "amv": 8278.0, "amd": 122.0, "amt": 161976.0, "tmn": [2, 1, 5, 3, 1, 1, 2, 8, 4, 6, 3, 1, 4, 2, 5, 3, 6, 0, 3, 8, 0], "tmv": [225, 369, 331, 259, 26, 323, 255, 293, 353, 335, 61, 0, 0, 246, 238, 478, 437, 281, 178, 245, 0], "tmd": [0, 0, 0, 0, 0, 0, 1, 3, 0, 0, 0, 0, 0, 0, 0, 0, 1, 0, 0, 1, 0], "wmn": 28, "wmt": 4193, "wmd": 2, "wmv": 1860, "wdn": -10, "wdt": -3, "wdd": -40, "wdv": 44, "tlv": "Punjab"}