{"loc": "Gwinnett", "iso": "US", "l1": "United States", "l2": "Georgia", "lvl": 3, "pop": 936250, "key": 11648, "isd": true, "ppd": 35.608000000000004, "med": 38.3, "p65": 15.413, "p70": 9.732000000000001, "hos": 2.77, "exp": 78.86, "adr": 1.0, "amn": 121590.0, "amv": 1107375.0, "amd": 1329.0, "amt": 961797.0, "tmn": [377, 0, 0, 717, 370, 295, 246, 281, 0, 0, 1046, 362, 286, 492, 427, 0, 0, 821, 346, 548, 456], "tmv": [2492, 2548, 2348, 1615, 1875, 1986, 1986, 2786, 3007, 2017, 2605, 1830, 2139, 3106, 3068, 3187, 2953, 1851, 1966, 2813, 0], "tmd": [2, 0, 0, 0, 0, 3, 5, 3, 0, 0, 0, 0, 3, 6, 0, 0, 0, 0, 4, 4, 3], "wmn": 2600, "wmt": 24133, "wmd": 9, "wmv": 15842, "wdn": 5, "wdt": 25, "wdd": -11, "wdv": -9, "tlv": "Georgia"}