{"loc": "Hale", "iso": "US", "l1": "United States", "l2": "Texas", "lvl": 3, "pop": 33406, "key": 11656, "isd": true, "ppd": 35.608000000000004, "med": 38.3, "p65": 15.413, "p70": 9.732000000000001, "hos": 2.77, "exp": 78.86, "adr": 3.0, "amn": 182123.0, "amv": 500973.0, "amd": 4580.0, "amt": 742686.0, "tmn": [0, 89, 29, 59, 29, 29, 0, 0, 0, 0, 0, 179, 0, 0, 0, 0, 0, 119, 0, 209, 0], "tmv": [6135, 5026, 6980, 8171, 7842, 9493, 9226, 6156, 5181, 6849, 8594, 10257, 10611, 9961, 7133, 5431, 8106, 10192, 12065, 12389, 10214], "tmd": [0, 0, 0, 0, 0, 0, 0, 0, 0, 0, 0, 0, 0, 0, 0, 0, 0, 0, 0, 0, 0], "wmn": 330, "wmt": 14501, "wmd": 0, "wmv": 65534, "wdn": 83, "wdt": -2, "wdd": 0, "wdv": 14, "tlv": "Texas"}