{"loc": "Hale", "iso": "US", "l1": "United States", "l2": "Texas", "lvl": 3, "pop": 33406, "key": 11656, "isd": true, "ppd": 35.608000000000004, "med": 38.3, "p65": 15.413, "p70": 9.732000000000001, "hos": 2.77, "exp": 78.86, "adr": 2.0, "amn": 217087.0, "amv": 1160346.0, "amd": 5209.0, "amt": 1087559.0, "tmn": [0, 3652, 0, 0, 2424, 0, 0, 0, 2394, 0, 0, 0, 0, 3592, 0, 1406, 0, 0, 0, 3053, 0], "tmv": [3250, 3257, 2889, 2103, 1988, 3241, 2538, 4249, 2950, 0, 0, 0, 2913, 2024, 2876, 2739, 2336, 1790, 1886, 2554, 0], "tmd": [0, 0, 0, 0, 0, 30, 30, 0, 30, 0, 0, 0, 0, 60, 30, 0, 0, 0, 0, 60, 30], "wmn": 4461, "wmt": 28705, "wmd": 120, "wmv": 14183, "wdn": -26, "wdt": -3, "wdd": 33, "wdv": 17, "tlv": "Texas"}