{"loc": "Halifax", "iso": "US", "l1": "United States", "l2": "North Carolina", "lvl": 3, "pop": 50010, "key": 11657, "isd": true, "ppd": 35.608000000000004, "med": 38.3, "p65": 15.413, "p70": 9.732000000000001, "hos": 2.77, "exp": 78.86, "adr": 2.0, "amn": 98620.0, "amv": 186027.0, "amd": 1900.0, "amt": 956440.0, "tmn": [239, 219, 5398, 479, 299, 299, 679, 739, 499, 419, 279, 519, 379, 199, 139, 259, 259, 159, 279, 99, 199], "tmv": [3336, 1695, 3330, 4023, 4903, 6734, 6595, 3662, 2393, 4746, 4917, 6132, 6772, 6806, 0, 0, 3221, 4419, 5606, 5173, 0], "tmd": [0, 0, 40, 0, 40, 0, 20, 0, 0, 40, 60, 20, 20, 0, 0, 20, 0, 20, 0, 0, 0], "wmn": 1400, "wmt": 29475, "wmd": 40, "wmv": 18422, "wdn": -54, "wdt": -15, "wdd": -71, "wdv": -48, "tlv": "North Carolina"}