{"loc": "Haiti", "iso": "HT", "l1": "Haiti", "l2": "0", "lvl": 1, "pop": 11402533, "key": 11654, "isd": true, "ppd": 398.44800000000004, "med": 24.3, "p65": 4.8, "p70": 2.9539999999999997, "hos": 0.7, "exp": 64.0, "adr": 3.0, "amn": 2270.0, "amv": 0.0, "amd": 67.0, "amt": 0.0, "tmn": [0, 4, 0, 0, 12, 0, 15, 0, 9, 4, 0, 11, 0, 4, 4, 0, 0, 0, 1, 9, 1], "tmv": [0, 0, 0, 0, 0, 0, 0, 0, 0, 0, 0, 0, 0, 0, 0, 0, 0, 0, 0, 0, 0], "tmd": [0, 0, 0, 0, 2, 0, 1, 0, 1, 0, 0, 1, 0, 1, 1, 0, 0, 0, 1, 1, 0], "wmn": 17, "wmt": 0, "wmd": 1, "wmv": 0, "wdn": -45, "wdt": 0, "wdd": 0, "wdv": 0, "tlv": "Haiti"}