{"loc": "Halifax", "iso": "US", "l1": "United States", "l2": "North Carolina", "lvl": 3, "pop": 50010, "key": 11657, "isd": true, "ppd": 35.608000000000004, "med": 38.3, "p65": 15.413, "p70": 9.732000000000001, "hos": 2.77, "exp": 78.86, "adr": 2.0, "amn": 101220.0, "amv": 306945.0, "amd": 2040.0, "amt": 1019731.0, "tmn": [199, 39, 179, 339, 239, 399, 79, 0, 119, 19, 79, 179, 99, 219, 0, 199, 19, 119, 99, 99, 59], "tmv": [5466, 3298, 2593, 4349, 5491, 6616, 7139, 7375, 5050, 5255, 5793, 6168, 7391, 8814, 7404, 5275, 4864, 6157, 7535, 8875, 0], "tmd": [0, 0, 0, 0, 20, 20, 0, 0, 0, 0, 0, 0, 0, 40, 0, 20, 0, 20, 20, 0, 0], "wmn": 600, "wmt": 30833, "wmd": 60, "wmv": 40113, "wdn": -17, "wdt": -148, "wdd": 50, "wdv": -13, "tlv": "North Carolina"}