{"loc": "Hale", "iso": "US", "l1": "United States", "l2": "Texas", "lvl": 3, "pop": 33406, "key": 11656, "isd": true, "ppd": 35.608000000000004, "med": 38.3, "p65": 15.413, "p70": 9.732000000000001, "hos": 2.77, "exp": 78.86, "adr": 2.0, "amn": 247141.0, "amv": 1476857.0, "amd": 5897.0, "amt": 1303303.0, "tmn": [0, 0, 0, 0, 0, 0, 119, 179, 239, 89, 209, 59, 149, 89, 179, 1197, 329, 269, 179, 179, 628], "tmv": [70, 3476, 2565, 1693, 4764, 5451, 6033, 6077, 6801, 4120, 2054, 5104, 5248, 5184, 4986, 5175, 2683, 957, 367, 0, 0], "tmd": [0, 0, 0, 0, 30, 0, 30, 0, 0, 0, 0, 0, 0, 0, 0, 0, 0, 0, 0, 0, 0], "wmn": 2964, "wmt": 15669, "wmd": 0, "wmv": 14171, "wdn": 191, "wdt": -2, "wdd": 0, "wdv": -59, "tlv": "Texas"}