{"loc": "Halifax", "iso": "US", "l1": "United States", "l2": "North Carolina", "lvl": 3, "pop": 50010, "key": 11657, "isd": true, "ppd": 35.608000000000004, "med": 38.3, "p65": 15.413, "p70": 9.732000000000001, "hos": 2.77, "exp": 78.86, "adr": 2.0, "amn": 110718.0, "amv": 749030.0, "amd": 2180.0, "amt": 1083156.0, "tmn": [179, 179, 359, 379, 0, 0, 359, 79, 199, 279, 259, 0, 0, 699, 39, 219, 339, 119, 0, 0, 339], "tmv": [7863, 7615, 10699, 12037, 10893, 10729, 6600, 5484, 7781, 9092, 10242, 10071, 9169, 6395, 4975, 6773, 8259, 8496, 10027, 6458, 3608], "tmd": [0, 0, 0, 0, 0, 0, 20, 0, 0, 0, 20, 0, 0, 0, 0, 0, 0, 0, 0, 0, 0], "wmn": 1060, "wmt": 19022, "wmd": 0, "wmv": 48600, "wdn": -30, "wdt": 2, "wdd": -100, "wdv": -17, "tlv": "North Carolina"}