{"loc": "Hall", "iso": "US", "l1": "United States", "l2": "Georgia", "lvl": 3, "pop": 204441, "key": 11659, "isd": true, "ppd": 35.608000000000004, "med": 38.3, "p65": 15.413, "p70": 9.732000000000001, "hos": 2.77, "exp": 78.86, "adr": 2.0, "amn": 138769.0, "amv": 1039887.0, "amd": 2446.0, "amt": 887708.0, "tmn": [78, 44, 0, 0, 146, 83, 83, 73, 68, 0, 0, 205, 92, 195, 190, 205, 0, 0, 376, 313, 239], "tmv": [2107, 1883, 1818, 1779, 1363, 1036, 1655, 1721, 1666, 1928, 1520, 1539, 740, 1856, 2005, 1821, 2051, 2364, 1193, 1200, 0], "tmd": [0, 10, 0, 0, -4, 10, 0, 0, 0, 0, 0, 5, 0, 0, 5, 0, 0, 0, 0, 5, 0], "wmn": 1326, "wmt": 9301, "wmd": 10, "wmv": 10638, "wdn": 108, "wdt": 26, "wdd": 100, "wdv": -3, "tlv": "Georgia"}