{"loc": "Hamilton", "iso": "US", "l1": "United States", "l2": "Indiana", "lvl": 3, "pop": 338011, "key": 11667, "isd": true, "ppd": 35.608000000000004, "med": 38.3, "p65": 15.413, "p70": 9.732000000000001, "hos": 2.77, "exp": 78.86, "adr": 1.0, "amn": 108428.0, "amv": 974908.0, "amd": 1251.0, "amt": 1604866.0, "tmn": [0, 73, 53, 53, 44, 73, 53, 0, 65, 29, 44, 26, 26, 53, 0, 47, 23, 14, 59, 38, 0], "tmv": [4157, 3682, 3252, 2518, 2835, 2495, 4865, 3672, 4016, 3766, 3121, 6234, 3276, 3244, 2575, 1851, 1965, 1967, 2474, 1554, 0], "tmd": [0, 0, 0, 3, 0, 0, 0, 0, 0, 0, 3, 0, 0, 0, 0, 0, 0, 0, 18, 0, 0], "wmn": 184, "wmt": 13154, "wmd": 18, "wmv": 12389, "wdn": -25, "wdt": -3, "wdd": 500, "wdv": -55, "tlv": "Indiana"}