{"loc": "Hamilton", "iso": "US", "l1": "United States", "l2": "Indiana", "lvl": 3, "pop": 338011, "key": 11667, "isd": true, "ppd": 35.608000000000004, "med": 38.3, "p65": 15.413, "p70": 9.732000000000001, "hos": 2.77, "exp": 78.86, "adr": 1.0, "amn": 108902.0, "amv": 1014221.0, "amd": 1257.0, "amt": 1625707.0, "tmn": [47, 23, 14, 59, 38, 0, 0, 88, 41, 50, 32, 29, 0, 0, 0, 85, 14, 79, 50, 0, 0], "tmv": [1851, 1965, 1967, 2474, 1554, 2803, 3655, 3299, 2241, 4154, 4949, 1994, 3524, 1923, 0, 0, 1326, 2107, 1883, 1818, 1779], "tmd": [0, 0, 0, 18, 0, 0, 0, 0, 0, 0, 0, 0, 0, 0, 0, 3, 3, 0, 0, 0, 0], "wmn": 231, "wmt": 9589, "wmd": 6, "wmv": 8916, "wdn": -5, "wdt": -15, "wdd": 0, "wdv": -60, "tlv": "Indiana"}