{"loc": "Hamilton", "iso": "US", "l1": "United States", "l2": "Florida", "lvl": 3, "pop": 14428, "key": 11665, "isd": true, "ppd": 35.608000000000004, "med": 38.3, "p65": 15.413, "p70": 9.732000000000001, "hos": 2.77, "exp": 78.86, "adr": 2.0, "amn": 112212.0, "amv": 664553.0, "amd": 1733.0, "amt": 1033317.0, "tmn": [0, 0, 0, 0, 138, 69, 0, 69, 138, 69, 138, 138, 69, 277, 69, 0, 69, 415, 69, 69, 0], "tmv": [12389, 10214, 6477, 4262, 8755, 10329, 12013, 14052, 10864, 8027, 7863, 7615, 10699, 12037, 10893, 10729, 6600, 5484, 7781, 9092, 0], "tmd": [0, 0, 0, 0, 0, 0, 0, 70, 0, 0, 0, 0, 0, 0, 0, 70, 0, 0, 0, 0, 0], "wmn": 694, "wmt": 20110, "wmd": 70, "wmv": 50581, "wdn": -23, "wdt": 2, "wdd": 0, "wdv": -29, "tlv": "Florida"}