{"loc": "Hamlin", "iso": "US", "l1": "United States", "l2": "South Dakota", "lvl": 3, "pop": 6164, "key": 11677, "isd": true, "ppd": 35.608000000000004, "med": 38.3, "p65": 15.413, "p70": 9.732000000000001, "hos": 2.77, "exp": 78.86, "adr": 4.0, "amn": 151038.0, "amv": 1176126.0, "amd": 6489.0, "amt": 1054080.0, "tmn": [162, 324, 0, 0, 0, 0, 1297, 324, 2109, 0, 0, 162, 3731, 1135, 973, 1135, 0, 0, 1297, 2109, 1460], "tmv": [2538, 4249, 2950, 0, 0, 0, 2913, 2024, 2876, 2739, 2336, 1790, 1886, 2554, 2257, 2903, 2781, 2047, 1978, 1647, 2163], "tmd": [0, 0, 0, 0, 0, 0, 0, 0, 0, 0, 0, 0, 163, 0, 0, 0, 0, 0, 0, 0, 0], "wmn": 6976, "wmt": 19058, "wmd": 0, "wmv": 15780, "wdn": -7, "wdt": -16, "wdd": -100, "wdv": -3, "tlv": "South Dakota"}