{"loc": "Hamilton", "iso": "US", "l1": "United States", "l2": "Tennessee", "lvl": 3, "pop": 367804, "key": 11673, "isd": true, "ppd": 35.608000000000004, "med": 38.3, "p65": 15.413, "p70": 9.732000000000001, "hos": 2.77, "exp": 78.86, "adr": 1.0, "amn": 154778.0, "amv": 1146163.0, "amd": 1561.0, "amt": 1374748.0, "tmn": [0, 0, 2153, 581, 0, 1247, 916, 0, 0, 2090, 970, 1084, 532, 976, 0, 0, 0, 3839, 736, 551, 320], "tmv": [3187, 2953, 1851, 1966, 2813, 2807, 3250, 3257, 2889, 2103, 1988, 3241, 2538, 4249, 2950, 0, 0, 0, 2913, 2024, 0], "tmd": [0, 0, 6, 6, 0, 9, 6, 0, 0, 11, 9, 0, 14, 6, 0, 0, 0, 9, 20, 3, 0], "wmn": 5449, "wmt": 33339, "wmd": 30, "wmv": 7888, "wdn": -4, "wdt": 11, "wdd": -21, "wdv": -61, "tlv": "Tennessee"}