{"loc": "Hamlin", "iso": "US", "l1": "United States", "l2": "South Dakota", "lvl": 3, "pop": 6164, "key": 11677, "isd": true, "ppd": 35.608000000000004, "med": 38.3, "p65": 15.413, "p70": 9.732000000000001, "hos": 2.77, "exp": 78.86, "adr": 5.0, "amn": 119079.0, "amv": 343093.0, "amd": 6165.0, "amt": 807024.0, "tmn": [486, -162, 486, 162, 162, 486, 324, 324, 0, 162, 0, 162, 162, 324, 324, 162, 0, 0, 162, 648, 0], "tmv": [6616, 7139, 7375, 5050, 5255, 5793, 6168, 7391, 8814, 7404, 5275, 4864, 6157, 7535, 8875, 13887, 4118, 6135, 5026, 6980, 0], "tmd": [0, -162, 0, 0, 0, 163, 0, 0, 0, 0, 0, 0, 0, 0, 0, 0, 0, 0, 0, 0, 0], "wmn": 1298, "wmt": 321143, "wmd": 0, "wmv": 45024, "wdn": 14, "wdt": -206, "wdd": 0, "wdv": -5, "tlv": "South Dakota"}