{"loc": "Hampden", "iso": "US", "l1": "United States", "l2": "Massachusetts", "lvl": 3, "pop": 466372, "key": 11678, "isd": true, "ppd": 35.608000000000004, "med": 38.3, "p65": 15.413, "p70": 9.732000000000001, "hos": 2.77, "exp": 78.86, "adr": 3.0, "amn": 108250.0, "amv": 720439.0, "amd": 3195.0, "amt": 3071548.0, "tmn": [403, 456, 347, 315, 422, 394, 422, 334, 469, 212, 308, 368, 261, 390, 368, 263, 244, 188, 182, 338, 287], "tmv": [12013, 14052, 10864, 8027, 7863, 7615, 10699, 12037, 10893, 10729, 6600, 5484, 7781, 9092, 10242, 10071, 9169, 6395, 4975, 6773, 8259], "tmd": [5, 0, 3, 3, 5, 3, 5, 5, 7, 3, 3, 3, 3, 3, 3, 0, 5, 0, 0, 5, 3], "wmn": 1875, "wmt": 82826, "wmd": 13, "wmv": 55887, "wdn": -20, "wdt": 3, "wdd": -40, "wdv": -11, "tlv": "Massachusetts"}