{"loc": "Hamirpur", "iso": "IN", "l1": "India", "l2": "Himachal Pradesh", "lvl": 3, "pop": 454293, "key": 11675, "isd": true, "ppd": 450.41900000000004, "med": 28.2, "p65": 5.989, "p70": 3.4139999999999997, "hos": 0.53, "exp": 69.66, "adr": 1.0, "amn": 12138.0, "amv": 100275.0, "amd": 169.0, "amt": 194231.0, "tmn": [125, 39, 136, 149, 125, 213, 57, 215, 96, 145, 215, 0, 482, 145, 79, 303, 264, 442, 182, 427, 228], "tmv": [2902, 2874, 2261, 2996, 2710, 2550, 2125, 2901, 1917, 2401, 1978, 1966, 1945, 891, 2374, 0, 0, 2252, 4076, 0, 0], "tmd": [0, 0, 0, 0, 0, 3, 0, 0, 0, 0, 0, 7, 0, 0, 0, 3, 5, 5, 16, 12, 7], "wmn": 1929, "wmt": 8159, "wmd": 45, "wmv": 8704, "wdn": 48, "wdt": 12, "wdd": 567, "wdv": -38, "tlv": "Himachal Pradesh"}