{"loc": "Hampshire", "iso": "US", "l1": "United States", "l2": "Massachusetts", "lvl": 3, "pop": 160830, "key": 11679, "isd": true, "ppd": 35.608000000000004, "med": 38.3, "p65": 15.413, "p70": 9.732000000000001, "hos": 2.77, "exp": 78.86, "adr": 3.0, "amn": 67717.0, "amv": 1170335.0, "amd": 1928.0, "amt": 3998457.0, "tmn": [211, 118, 99, 310, 0, 0, 0, 845, 87, 286, 646, 0, 0, 1467, 211, 795, 665, 435, 0, 0, 659], "tmv": [1988, 3241, 2538, 4249, 2950, 0, 0, 0, 2913, 2024, 2876, 2739, 2336, 1790, 1886, 2554, 2257, 2903, 2781, 2047, 0], "tmd": [0, 0, 13, 13, 0, 0, 0, 0, 0, 0, 0, 0, 0, 0, 0, 0, 0, 13, 0, 0, 7], "wmn": 2767, "wmt": 95758, "wmd": 19, "wmv": 14431, "wdn": -17, "wdt": 33, "wdd": 0, "wdv": -2, "tlv": "Massachusetts"}