{"loc": "Hampshire", "iso": "US", "l1": "United States", "l2": "Massachusetts", "lvl": 3, "pop": 160830, "key": 11679, "isd": true, "ppd": 35.608000000000004, "med": 38.3, "p65": 15.413, "p70": 9.732000000000001, "hos": 2.77, "exp": 78.86, "adr": 3.0, "amn": 70391.0, "amv": 1212726.0, "amd": 1971.0, "amt": 4242278.0, "tmn": [0, 0, 659, 124, 192, 304, 323, 0, 0, 447, 155, 74, 124, 180, 0, 0, 335, 62, 99, 87, 161], "tmv": [2781, 2047, 1978, 1647, 2163, 995, 2262, 2445, 2251, 1671, 0, 0, 2784, 2570, 2833, 3777, 2988, 2423, 2905, 2661, 0], "tmd": [0, 0, 7, 7, 13, 0, 0, 0, 0, 7, 0, 7, 0, 0, 0, 0, 0, 7, 7, 0, 0], "wmn": 747, "wmt": 83675, "wmd": 13, "wmv": 17591, "wdn": -24, "wdt": -5, "wdd": 0, "wdv": 50, "tlv": "Massachusetts"}