{"loc": "Hancock", "iso": "US", "l1": "United States", "l2": "Mississippi", "lvl": 3, "pop": 47632, "key": 11689, "isd": true, "ppd": 35.608000000000004, "med": 38.3, "p65": 15.413, "p70": 9.732000000000001, "hos": 2.77, "exp": 78.86, "adr": 2.0, "amn": 70604.0, "amv": 180853.0, "amd": 1533.0, "amt": 565706.0, "tmn": [545, 167, 251, 104, 314, 293, 125, 230, 251, 230, 230, 230, 503, 125, 314, 104, 293, 419, 20, 0, 167], "tmv": [4690, 3336, 1695, 3330, 4023, 4903, 6734, 6595, 3662, 2393, 4746, 4917, 6132, 6772, 6806, 0, 0, 3221, 4419, 5606, 0], "tmd": [0, 0, 21, 0, 63, 0, 0, 0, 0, 21, 0, 0, 21, 0, 0, 0, 0, 21, 0, 0, 0], "wmn": 1323, "wmt": 12313, "wmd": 21, "wmv": 20055, "wdn": -27, "wdt": -5, "wdd": -50, "wdv": -43, "tlv": "Mississippi"}