{"loc": "Hampton", "iso": "US", "l1": "United States", "l2": "Virginia", "lvl": 3, "pop": 134510, "key": 11682, "isd": true, "ppd": 35.608000000000004, "med": 38.3, "p65": 15.413, "p70": 9.732000000000001, "hos": 2.77, "exp": 78.86, "adr": 1.0, "amn": 99152.0, "amv": 1154115.0, "amd": 1479.0, "amt": 1030639.0, "tmn": [631, 423, 542, 661, 0, 0, 1226, 676, 609, 386, 579, 0, 0, 1003, 297, 557, 446, 594, 0, 0, 1293], "tmv": [1966, 2813, 2807, 3250, 3257, 2889, 2103, 1988, 3241, 2538, 4249, 2950, 0, 0, 0, 2913, 2024, 2876, 2739, 2336, 0], "tmd": [0, 0, 8, 0, 0, 0, 23, 8, 0, 8, 8, 0, 0, 0, 8, 30, 8, 0, 0, 0, 8], "wmn": 3190, "wmt": 18448, "wmd": 53, "wmv": 12890, "wdn": -2, "wdt": -3, "wdd": 133, "wdv": -14, "tlv": "Virginia"}