{"loc": "Hampton", "iso": "US", "l1": "United States", "l2": "Virginia", "lvl": 3, "pop": 134510, "key": 11682, "isd": true, "ppd": 35.608000000000004, "med": 38.3, "p65": 15.413, "p70": 9.732000000000001, "hos": 2.77, "exp": 78.86, "adr": 1.0, "amn": 63415.0, "amv": 201735.0, "amd": 736.0, "amt": 683083.0, "tmn": [959, 691, 505, 237, 527, 386, 460, 364, 683, 386, 215, 215, 334, 312, 349, 319, 408, 52, 327, 170, 267], "tmv": [4903, 6734, 6595, 3662, 2393, 4746, 4917, 6132, 6772, 6806, 0, 0, 3221, 4419, 5606, 5173, 5466, 3298, 2593, 4349, 0], "tmd": [15, 8, 0, 53, 60, 0, 0, 0, 0, 0, 0, 30, 0, 0, 0, 15, 38, 15, 8, 8, 0], "wmn": 1896, "wmt": 17648, "wmd": 82, "wmv": 26489, "wdn": -25, "wdt": -6, "wdd": 175, "wdv": -3, "tlv": "Virginia"}