{"loc": "Hampshire", "iso": "US", "l1": "United States", "l2": "West Virginia", "lvl": 3, "pop": 23175, "key": 11680, "isd": true, "ppd": 35.608000000000004, "med": 38.3, "p65": 15.413, "p70": 9.732000000000001, "hos": 2.77, "exp": 78.86, "adr": 1.0, "amn": 113743.0, "amv": 1176126.0, "amd": 1640.0, "amt": 2109249.0, "tmn": [388, 906, 1121, 862, 733, 388, 733, 647, 1596, 949, 1165, 604, 1165, 1251, 1553, 776, 862, 862, 1035, 1208, 1121], "tmv": [2538, 4249, 2950, 0, 0, 0, 2913, 2024, 2876, 2739, 2336, 1790, 1886, 2554, 2257, 2903, 2781, 2047, 1978, 1647, 2163], "tmd": [0, 0, 0, 0, 0, 0, 0, 0, 0, 0, 0, 0, 0, 0, 0, 0, 0, 0, 44, 0, 0], "wmn": 7422, "wmt": 68813, "wmd": 44, "wmv": 15780, "wdn": 1, "wdt": 7, "wdd": 0, "wdv": -3, "tlv": "West Virginia"}