{"loc": "Hancock", "iso": "US", "l1": "United States", "l2": "Georgia", "lvl": 3, "pop": 8457, "key": 11683, "isd": true, "ppd": 35.608000000000004, "med": 38.3, "p65": 15.413, "p70": 9.732000000000001, "hos": 2.77, "exp": 78.86, "adr": 7.0, "amn": 111387.0, "amv": 1051569.0, "amd": 8159.0, "amt": 893119.0, "tmn": [118, 0, 0, 118, 0, 0, 0, 0, 0, 118, 0, 236, 0, 0, 354, 0, 236, 118, 472, 0, 0], "tmv": [1363, 1036, 1655, 1721, 1666, 1928, 1520, 1539, 740, 1856, 2005, 1821, 2051, 2364, 1193, 1200, 2288, 2155, 2600, 2160, 2477], "tmd": [0, 0, 0, 0, 0, 0, 0, 0, 0, 0, 0, 0, 0, 0, 0, 0, 0, 0, 0, 0, 0], "wmn": 1183, "wmt": 10820, "wmd": 0, "wmv": 14077, "wdn": 233, "wdt": 32, "wdd": 0, "wdv": 14, "tlv": "Georgia"}