{"loc": "Hancock", "iso": "US", "l1": "United States", "l2": "Indiana", "lvl": 3, "pop": 78168, "key": 11685, "isd": true, "ppd": 35.608000000000004, "med": 38.3, "p65": 15.413, "p70": 9.732000000000001, "hos": 2.77, "exp": 78.86, "adr": 1.0, "amn": 150612.0, "amv": 1255502.0, "amd": 2252.0, "amt": 2118898.0, "tmn": [396, 460, 243, 473, 0, 0, 933, 255, 140, 230, 447, 0, 0, 422, 115, 550, 345, 243, 0, 0, 575], "tmv": [2423, 2905, 2661, 3390, 3489, 0, 0, 0, 2411, 3257, 3418, 2659, 2485, 1614, 1945, 2278, 2491, 2890, 2710, 2395, 0], "tmd": [0, 0, 0, 0, 0, 0, 0, 0, 0, 0, 0, 0, 0, 0, 0, 0, 0, 13, 0, 0, 0], "wmn": 1830, "wmt": 31356, "wmd": 13, "wmv": 14714, "wdn": 22, "wdt": -3, "wdd": 0, "wdv": -7, "tlv": "Indiana"}