{"loc": "Hancock", "iso": "US", "l1": "United States", "l2": "Iowa", "lvl": 3, "pop": 10630, "key": 11686, "isd": true, "ppd": 35.608000000000004, "med": 38.3, "p65": 15.413, "p70": 9.732000000000001, "hos": 2.77, "exp": 78.86, "adr": 2.0, "amn": 130480.0, "amv": 298070.0, "amd": 3104.0, "amt": 423404.0, "tmn": [0, 282, 282, 94, 94, 94, 0, 94, 94, 0, 282, 94, 94, 94, 94, 0, 0, 282, 94, 94, 188], "tmv": [5173, 5466, 3298, 2593, 4349, 5491, 6616, 7139, 7375, 5050, 5255, 5793, 6168, 7391, 8814, 7404, 5275, 4864, 6157, 7535, 0], "tmd": [0, 0, 95, 0, 0, 0, 0, 0, 0, 0, 95, 0, 0, 0, 0, 0, 95, 0, 0, 95, 95], "wmn": 753, "wmt": 3962, "wmd": 283, "wmv": 40053, "wdn": 0, "wdt": -3, "wdd": 200, "wdv": -9, "tlv": "Iowa"}