{"loc": "Hancock", "iso": "US", "l1": "United States", "l2": "Mississippi", "lvl": 3, "pop": 47632, "key": 11689, "isd": true, "ppd": 35.608000000000004, "med": 38.3, "p65": 15.413, "p70": 9.732000000000001, "hos": 2.77, "exp": 78.86, "adr": 2.0, "amn": 159284.0, "amv": 1197969.0, "amd": 2540.0, "amt": 826678.0, "tmn": [1448, 1259, 944, 1301, 3191, 0, 0, 860, 545, 272, 2036, 272, 0, 0, 419, 419, 314, 272, 104, 0, 0], "tmv": [1790, 1886, 2554, 2257, 2903, 2781, 2047, 1978, 1647, 2163, 995, 2262, 2445, 2251, 1671, 0, 0, 2784, 2570, 2833, 0], "tmd": [21, 0, 42, 84, 0, 0, 0, 0, 0, 0, 21, 0, 0, 0, 21, 63, 105, 0, 0, 0, 0], "wmn": 1533, "wmt": 10169, "wmd": 189, "wmv": 9860, "wdn": -62, "wdt": -29, "wdd": 800, "wdv": -28, "tlv": "Mississippi"}