{"loc": "Hancock", "iso": "US", "l1": "United States", "l2": "Indiana", "lvl": 3, "pop": 78168, "key": 11685, "isd": true, "ppd": 35.608000000000004, "med": 38.3, "p65": 15.413, "p70": 9.732000000000001, "hos": 2.77, "exp": 78.86, "adr": 2.0, "amn": 94719.0, "amv": 228357.0, "amd": 1676.0, "amt": 1191499.0, "tmn": [140, 307, 204, 294, 255, 140, 230, 115, 38, 191, 89, 115, 166, -204, 63, 115, 217, 166, 89, -63, 127], "tmv": [3662, 2393, 4746, 4917, 6132, 6772, 6806, 0, 0, 3221, 4419, 5606, 5173, 5466, 3298, 2593, 4349, 5491, 6616, 7139, 7375], "tmd": [13, 0, 0, 0, 0, 0, 0, 13, 0, 13, 0, 0, 0, -12, 0, 13, 0, 0, 26, 0, 13], "wmn": 717, "wmt": 39719, "wmd": 52, "wmv": 36864, "wdn": 40, "wdt": 36, "wdd": 300, "wdv": 54, "tlv": "Indiana"}