{"loc": "Hampton", "iso": "US", "l1": "United States", "l2": "Virginia", "lvl": 3, "pop": 134510, "key": 11682, "isd": true, "ppd": 35.608000000000004, "med": 38.3, "p65": 15.413, "p70": 9.732000000000001, "hos": 2.77, "exp": 78.86, "adr": 1.0, "amn": 61520.0, "amv": 170827.0, "amd": 654.0, "amt": 665435.0, "tmn": [550, 446, 282, 423, 490, 505, 483, 959, 691, 505, 237, 527, 386, 460, 364, 683, 386, 215, 215, 334, 312], "tmv": [5132, 5139, 4690, 3336, 1695, 3330, 4023, 4903, 6734, 6595, 3662, 2393, 4746, 4917, 6132, 6772, 6806, 0, 0, 3221, 0], "tmd": [0, 15, 8, 0, 0, 0, 0, 15, 8, 0, 53, 60, 0, 0, 0, 0, 0, 0, 30, 0, 0], "wmn": 2513, "wmt": 18874, "wmd": 30, "wmv": 22933, "wdn": -33, "wdt": -20, "wdd": -78, "wdv": -32, "tlv": "Virginia"}