{"loc": "Hancock", "iso": "US", "l1": "United States", "l2": "Georgia", "lvl": 3, "pop": 8457, "key": 11683, "isd": true, "ppd": 35.608000000000004, "med": 38.3, "p65": 15.413, "p70": 9.732000000000001, "hos": 2.77, "exp": 78.86, "adr": 7.0, "amn": 106539.0, "amv": 500973.0, "amd": 7331.0, "amt": 739897.0, "tmn": [0, 0, 0, 118, 236, 118, 0, 0, 354, -118, 0, 0, 236, 118, 0, 0, 118, 0, 0, 236, 236], "tmv": [6135, 5026, 6980, 8171, 7842, 9493, 9226, 6156, 5181, 6849, 8594, 10257, 10611, 9961, 7133, 5431, 8106, 10192, 12065, 12389, 10214], "tmd": [0, 0, 0, 0, 0, 0, 0, 0, 0, 119, -118, 0, 0, 0, 0, 0, 0, 0, 0, 237, 0], "wmn": 592, "wmt": 11174, "wmd": 237, "wmv": 65534, "wdn": 0, "wdt": -4, "wdd": 0, "wdv": 14, "tlv": "Georgia"}