{"loc": "Hancock", "iso": "US", "l1": "United States", "l2": "Indiana", "lvl": 3, "pop": 78168, "key": 11685, "isd": true, "ppd": 35.608000000000004, "med": 38.3, "p65": 15.413, "p70": 9.732000000000001, "hos": 2.77, "exp": 78.86, "adr": 2.0, "amn": 147912.0, "amv": 1227352.0, "amd": 2239.0, "amt": 2076591.0, "tmn": [626, 0, 0, 1112, 294, 511, 703, 857, 0, 0, 1407, 396, 460, 243, 473, 0, 0, 933, 255, 140, 230], "tmv": [2262, 2445, 2251, 1671, 0, 0, 2784, 2570, 2833, 3777, 2988, 2423, 2905, 2661, 3390, 3489, 0, 0, 0, 2411, 0], "tmd": [0, 0, 0, 26, 13, 26, 0, 0, 0, 0, 52, 0, 0, 0, 0, 0, 0, 0, 0, 0, 0], "wmn": 2035, "wmt": 34800, "wmd": 0, "wmv": 9292, "wdn": -40, "wdt": -3, "wdd": -100, "wdv": -54, "tlv": "Indiana"}