{"loc": "Hancock", "iso": "US", "l1": "United States", "l2": "Iowa", "lvl": 3, "pop": 10630, "key": 11686, "isd": true, "ppd": 35.608000000000004, "med": 38.3, "p65": 15.413, "p70": 9.732000000000001, "hos": 2.77, "exp": 78.86, "adr": 2.0, "amn": 165569.0, "amv": 1204735.0, "amd": 3481.0, "amt": 526489.0, "tmn": [2728, 0, 0, 0, 0, 0, 0, 2822, 0, 0, 0, 0, 0, 0, 5362, 0, 0, 0, 0, 0, 0], "tmv": [2554, 2257, 2903, 2781, 2047, 1978, 1647, 2163, 995, 2262, 2445, 2251, 1671, 0, 0, 2784, 2570, 2833, 3777, 2988, 0], "tmd": [0, 0, 0, 0, 0, 0, 0, 95, 0, 0, 0, 0, 0, 0, 95, 0, 0, 0, 0, 0, 0], "wmn": 5363, "wmt": 5975, "wmd": 95, "wmv": 14955, "wdn": 90, "wdt": -15, "wdd": 0, "wdv": 27, "tlv": "Iowa"}