{"loc": "Hancock", "iso": "US", "l1": "United States", "l2": "Indiana", "lvl": 3, "pop": 78168, "key": 11685, "isd": true, "ppd": 35.608000000000004, "med": 38.3, "p65": 15.413, "p70": 9.732000000000001, "hos": 2.77, "exp": 78.86, "adr": 2.0, "amn": 110122.0, "amv": 991062.0, "amd": 1881.0, "amt": 1612281.0, "tmn": [-25, 38, 0, 102, 89, 51, 25, 12, 166, 0, 12, 12, 0, 102, 51, 0, 0, 115, 51, 38, 25], "tmv": [2495, 4865, 3672, 4016, 3766, 3121, 6234, 3276, 3244, 2575, 1851, 1965, 1967, 2474, 1554, 2803, 3655, 3299, 2241, 4154, 0], "tmd": [0, 0, 0, 0, 13, 0, 0, 0, 13, 0, 13, 0, 0, 0, 0, 0, 0, 0, 0, 0, -12], "wmn": 282, "wmt": 12169, "wmd": -12, "wmv": 17709, "wdn": -8, "wdt": -6, "wdd": -150, "wdv": 2, "tlv": "Indiana"}