{"loc": "Hansford", "iso": "US", "l1": "United States", "l2": "Texas", "lvl": 3, "pop": 5399, "key": 11695, "isd": true, "ppd": 35.608000000000004, "med": 38.3, "p65": 15.413, "p70": 9.732000000000001, "hos": 2.77, "exp": 78.86, "adr": 2.0, "amn": 200407.0, "amv": 1187231.0, "amd": 4816.0, "amt": 1131782.0, "tmn": [926, 0, 0, 0, 0, 740, 185, 185, 1666, 0, 0, 0, 0, 2778, 2037, 0, 185, 0, 0, 740, 1481], "tmv": [2024, 2876, 2739, 2336, 1790, 1886, 2554, 2257, 2903, 2781, 2047, 1978, 1647, 2163, 995, 2262, 2445, 2251, 1671, 1480, 0], "tmd": [0, 0, 186, 0, 0, 0, 0, 0, 186, 0, 0, 0, 0, 0, 0, 0, 0, 0, 0, 0, 0], "wmn": 4446, "wmt": 22579, "wmd": 0, "wmv": 11106, "wdn": -4, "wdt": -8, "wdd": -100, "wdv": -30, "tlv": "Texas"}