{"loc": "Hancock", "iso": "US", "l1": "United States", "l2": "Ohio", "lvl": 3, "pop": 75783, "key": 11690, "isd": true, "ppd": 35.608000000000004, "med": 38.3, "p65": 15.413, "p70": 9.732000000000001, "hos": 2.77, "exp": 78.86, "adr": 2.0, "amn": 107874.0, "amv": 1160346.0, "amd": 1847.0, "amt": 1330989.0, "tmn": [290, 369, 224, 145, 606, 646, 461, 435, 395, 488, 277, 250, 831, 659, 686, 752, 224, 395, 699, 831, 923], "tmv": [3250, 3257, 2889, 2103, 1988, 3241, 2538, 4249, 2950, 0, 0, 0, 2913, 2024, 2876, 2739, 2336, 1790, 1886, 2554, 0], "tmd": [0, 0, 0, 0, 0, 14, 0, 0, 0, 0, 0, 0, 0, 0, 0, 0, 0, 0, 14, 0, 0], "wmn": 4513, "wmt": 26249, "wmd": 14, "wmv": 14183, "wdn": 35, "wdt": 12, "wdd": 0, "wdv": 17, "tlv": "Ohio"}