{"loc": "Haralson", "iso": "US", "l1": "United States", "l2": "Georgia", "lvl": 3, "pop": 29792, "key": 11699, "isd": true, "ppd": 35.608000000000004, "med": 38.3, "p65": 15.413, "p70": 9.732000000000001, "hos": 2.77, "exp": 78.86, "adr": 3.0, "amn": 93481.0, "amv": 1046931.0, "amd": 3055.0, "amt": 893119.0, "tmn": [0, 201, 100, 33, 134, 33, 0, 0, 369, 33, 201, 167, 67, 0, 0, 637, 134, 201, 268, 167, 0], "tmv": [1779, 1363, 1036, 1655, 1721, 1666, 1928, 1520, 1539, 740, 1856, 2005, 1821, 2051, 2364, 1193, 1200, 2288, 2155, 2600, 0], "tmd": [0, 0, 0, 0, 0, 34, 0, 0, 0, 0, 0, 0, 0, 0, 0, 0, 0, 0, 0, 0, 0], "wmn": 1410, "wmt": 10820, "wmd": 0, "wmv": 11803, "wdn": 68, "wdt": 32, "wdd": 0, "wdv": 2, "tlv": "Georgia"}