{"loc": "Hanover", "iso": "US", "l1": "United States", "l2": "Virginia", "lvl": 3, "pop": 107766, "key": 11694, "isd": true, "ppd": 35.608000000000004, "med": 38.3, "p65": 15.413, "p70": 9.732000000000001, "hos": 2.77, "exp": 78.86, "adr": 2.0, "amn": 89685.0, "amv": 1121684.0, "amd": 1605.0, "amt": 1000689.0, "tmn": [361, 269, 287, 0, 0, 714, 324, 399, 399, 306, 0, 0, 1159, 408, 408, 408, 296, 0, 0, 1057, 389], "tmv": [1986, 1986, 2786, 3007, 2017, 2605, 1830, 2139, 3106, 3068, 3187, 2953, 1851, 1966, 2813, 2807, 3250, 3257, 2889, 2103, 0], "tmd": [0, 0, 0, 0, 0, 10, 0, 0, 0, 10, 0, 0, 0, 0, 0, 0, 0, 0, 0, 19, 0], "wmn": 2562, "wmt": 18884, "wmd": 19, "wmv": 17122, "wdn": -4, "wdt": 19, "wdd": 100, "wdv": -6, "tlv": "Virginia"}