{"loc": "Hardin", "iso": "US", "l1": "United States", "l2": "Illinois", "lvl": 3, "pop": 3821, "key": 11704, "isd": true, "ppd": 35.608000000000004, "med": 38.3, "p65": 15.413, "p70": 9.732000000000001, "hos": 2.77, "exp": 78.86, "adr": 3.0, "amn": 95525.0, "amv": 591235.0, "amd": 3141.0, "amt": 1686558.0, "tmn": [0, 0, 0, 0, 261, 0, 261, 0, 0, 0, 0, 261, 523, 0, 261, 0, 0, 0, 0, 0, 0], "tmv": [10257, 10611, 9961, 7133, 5431, 8106, 10192, 12065, 12389, 10214, 6477, 4262, 8755, 10329, 12013, 14052, 10864, 8027, 7863, 7615, 0], "tmd": [0, 0, 0, 0, 0, 0, 0, 0, 0, 0, 0, 0, 0, 0, 0, 0, 0, 0, 0, 0, 0], "wmn": 262, "wmt": 43665, "wmd": 0, "wmv": 60438, "wdn": -67, "wdt": 9, "wdd": 0, "wdv": -6, "tlv": "Illinois"}