{"loc": "Hardin", "iso": "US", "l1": "United States", "l2": "Illinois", "lvl": 3, "pop": 3821, "key": 11704, "isd": true, "ppd": 35.608000000000004, "med": 38.3, "p65": 15.413, "p70": 9.732000000000001, "hos": 2.77, "exp": 78.86, "adr": 3.0, "amn": 94216.0, "amv": 448004.0, "amd": 3141.0, "amt": 1592805.0, "tmn": [261, 0, 523, 0, 0, 0, 261, 261, 785, 0, 0, 0, 0, 0, 523, 0, 0, 0, 0, 0, 261], "tmv": [6157, 7535, 8875, 13887, 4118, 6135, 5026, 6980, 8171, 7842, 9493, 9226, 6156, 5181, 6849, 8594, 10257, 10611, 9961, 7133, 5431], "tmd": [0, 0, 0, 0, 0, 0, 0, 0, 0, 0, 0, 0, 0, 0, 0, 0, 0, 0, 0, 0, 0], "wmn": 786, "wmt": 40038, "wmd": 0, "wmv": 58839, "wdn": -25, "wdt": 0, "wdd": 0, "wdv": 11, "tlv": "Illinois"}