{"loc": "Hardin", "iso": "US", "l1": "United States", "l2": "Texas", "lvl": 3, "pop": 57602, "key": 11709, "isd": true, "ppd": 35.608000000000004, "med": 38.3, "p65": 15.413, "p70": 9.732000000000001, "hos": 2.77, "exp": 78.86, "adr": 2.0, "amn": 112461.0, "amv": 1039887.0, "amd": 2049.0, "amt": 920445.0, "tmn": [243, 225, 69, 0, 0, 312, 555, 190, 347, 138, 0, 0, 0, 954, 0, 1267, 659, 0, 0, 329, 1041], "tmv": [2107, 1883, 1818, 1779, 1363, 1036, 1655, 1721, 1666, 1928, 1520, 1539, 740, 1856, 2005, 1821, 2051, 2364, 1193, 1200, 0], "tmd": [0, 0, 0, 0, 0, 0, 0, 0, 0, 0, 0, 0, 0, 0, 18, 0, 18, 0, 0, 0, 0], "wmn": 3299, "wmt": 13935, "wmd": 35, "wmv": 10638, "wdn": 102, "wdt": 42, "wdd": 0, "wdv": -3, "tlv": "Texas"}