{"loc": "Harlan", "iso": "US", "l1": "United States", "l2": "Kentucky", "lvl": 3, "pop": 26010, "key": 11716, "isd": true, "ppd": 35.608000000000004, "med": 38.3, "p65": 15.413, "p70": 9.732000000000001, "hos": 2.77, "exp": 78.86, "adr": 3.0, "amn": 89466.0, "amv": 160515.0, "amd": 2461.0, "amt": 844044.0, "tmn": [1153, 461, 1191, 768, 730, 230, 384, 768, 269, 230, 230, 307, 76, 269, 346, 115, 538, 38, 76, 307, 38], "tmv": [2448, 3374, 4677, 5132, 5139, 4690, 3336, 1695, 3330, 4023, 4903, 6734, 6595, 3662, 2393, 4746, 4917, 6132, 6772, 6806, 0], "tmd": [0, 77, 77, 0, 462, 77, 77, 0, 0, 39, 0, 0, 39, 0, 0, 116, 116, 39, 0, 0, 0], "wmn": 1461, "wmt": 17177, "wmd": 270, "wmv": 31769, "wdn": -32, "wdt": 6, "wdd": 250, "wdv": 3, "tlv": "Kentucky"}