{"loc": "Harnett", "iso": "US", "l1": "United States", "l2": "North Carolina", "lvl": 3, "pop": 135976, "key": 11719, "isd": true, "ppd": 35.608000000000004, "med": 38.3, "p65": 15.413, "p70": 9.732000000000001, "hos": 2.77, "exp": 78.86, "adr": 2.0, "amn": 69042.0, "amv": 191493.0, "amd": 1081.0, "amt": 960076.0, "tmn": [191, 1544, 441, 588, 250, 272, 338, 330, 455, 250, 411, 353, 323, 161, 213, 382, 367, 286, 375, 242, 139], "tmv": [1695, 3330, 4023, 4903, 6734, 6595, 3662, 2393, 4746, 4917, 6132, 6772, 6806, 0, 0, 3221, 4419, 5606, 5173, 5466, 0], "tmd": [0, 15, 30, 8, 15, 0, 0, 0, 45, 8, 0, 0, 0, 0, 0, 30, 8, 0, 67, 0, 0], "wmn": 2008, "wmt": 29587, "wmd": 103, "wmv": 23888, "wdn": -12, "wdt": -12, "wdd": 100, "wdv": -25, "tlv": "North Carolina"}