{"loc": "Harlan", "iso": "US", "l1": "United States", "l2": "Kentucky", "lvl": 3, "pop": 26010, "key": 11716, "isd": true, "ppd": 35.608000000000004, "med": 38.3, "p65": 15.413, "p70": 9.732000000000001, "hos": 2.77, "exp": 78.86, "adr": 3.0, "amn": 122953.0, "amv": 0.0, "amd": 3576.0, "amt": 1295860.0, "tmn": [153, 76, 0, 0, 307, 153, 653, 230, 615, 0, 0, 461, 1153, 768, 422, 307, 0, 0, 999, 730, 730], "tmv": [0, 0, 0, 0, 0, 0, 0, 0, 0, 0, 0, 0, 0, 0, 0, 0, 0, 0, 0, 0, 0], "tmd": [0, 0, 0, 0, 0, 0, 0, 0, 0, 0, 0, 0, 0, 0, 0, 0, 0, 0, 0, 0, 0], "wmn": 3192, "wmt": 19361, "wmd": 0, "wmv": 0, "wdn": -1, "wdt": 26, "wdd": 0, "wdv": 0, "tlv": "Kentucky"}