{"loc": "Harford", "iso": "US", "l1": "United States", "l2": "Maryland", "lvl": 3, "pop": 255441, "key": 11714, "isd": true, "ppd": 35.608000000000004, "med": 38.3, "p65": 15.413, "p70": 9.732000000000001, "hos": 2.77, "exp": 78.86, "adr": 2.0, "amn": 46993.0, "amv": 153709.0, "amd": 877.0, "amt": 1228934.0, "tmn": [332, 293, 238, 321, 344, 230, 395, 317, 168, 152, 121, 176, 160, 274, 301, 199, 101, 227, 238, 203, 164], "tmv": [3978, 2687, 2448, 3374, 4677, 5132, 5139, 4690, 3336, 1695, 3330, 4023, 4903, 6734, 6595, 3662, 2393, 4746, 4917, 6132, 6772], "tmd": [0, 4, 8, 12, 12, 4, 0, 0, 4, 4, 16, 0, 0, 12, 0, 0, 8, 0, 12, 8, 4], "wmn": 1437, "wmt": 39881, "wmd": 32, "wmv": 35221, "wdn": 5, "wdt": 9, "wdd": -11, "wdv": 23, "tlv": "Maryland"}