{"loc": "Harford", "iso": "US", "l1": "United States", "l2": "Maryland", "lvl": 3, "pop": 255441, "key": 11714, "isd": true, "ppd": 35.608000000000004, "med": 38.3, "p65": 15.413, "p70": 9.732000000000001, "hos": 2.77, "exp": 78.86, "adr": 2.0, "amn": 49636.0, "amv": 258018.0, "amd": 940.0, "amt": 1327242.0, "tmn": [140, 156, 58, 133, 152, 172, 195, 90, 93, 105, 144, 117, 113, 97, 101, 125, 54, 148, 97, 168, 172], "tmv": [6806, 0, 0, 3221, 4419, 5606, 5173, 5466, 3298, 2593, 4349, 5491, 6616, 7139, 7375, 5050, 5255, 5793, 6168, 7391, 0], "tmd": [8, 0, 8, 4, 8, 0, 0, 0, 0, 8, 4, 8, 0, 4, 0, 0, 8, 0, 0, 4, 0], "wmn": 870, "wmt": 29085, "wmd": 12, "wmv": 37036, "wdn": 14, "wdt": -22, "wdd": -50, "wdv": 6, "tlv": "Maryland"}