{"loc": "Harford", "iso": "US", "l1": "United States", "l2": "Maryland", "lvl": 3, "pop": 255441, "key": 11714, "isd": true, "ppd": 35.608000000000004, "med": 38.3, "p65": 15.413, "p70": 9.732000000000001, "hos": 2.77, "exp": 78.86, "adr": 2.0, "amn": 67276.0, "amv": 0.0, "amd": 1194.0, "amt": 1898096.0, "tmn": [23, 62, 46, 66, 35, 39, 58, 105, 97, 70, 86, 62, 70, 109, 125, 125, 133, 109, 62, 117, 129], "tmv": [0, 0, 0, 0, 0, 0, 0, 0, 0, 0, 0, 0, 0, 0, 0, 0, 0, 0, 0, 0, 0], "tmd": [0, 4, 0, 0, 0, 0, 0, 4, 0, 0, 0, 0, 0, 0, 0, 0, 0, 0, 0, 4, 0], "wmn": 803, "wmt": 28325, "wmd": 4, "wmv": 0, "wdn": 33, "wdt": 42, "wdd": 0, "wdv": 0, "tlv": "Maryland"}