{"loc": "Harrison", "iso": "US", "l1": "United States", "l2": "Mississippi", "lvl": 3, "pop": 208080, "key": 11728, "isd": true, "ppd": 35.608000000000004, "med": 38.3, "p65": 15.413, "p70": 9.732000000000001, "hos": 2.77, "exp": 78.86, "adr": 1.0, "amn": 117311.0, "amv": 1074040.0, "amd": 1658.0, "amt": 711455.0, "tmn": [0, 0, 1744, 634, 624, 821, 778, 0, 0, 2590, 509, 1071, 1307, 1004, 0, 0, 4272, 1903, 1062, 2061, 2878], "tmv": [2051, 2364, 1193, 1200, 2288, 2155, 2600, 2160, 2477, 1419, 1374, 2201, 2622, 2492, 2548, 2348, 1615, 1875, 1986, 1986, 0], "tmd": [0, 0, 5, 5, 0, 5, 0, 0, 0, 5, 25, 0, 5, 0, 0, 0, 15, 20, 0, 5, 5], "wmn": 12179, "wmt": 13901, "wmd": 44, "wmv": 12361, "wdn": 88, "wdt": 36, "wdd": 29, "wdv": -16, "tlv": "Mississippi"}