{"loc": "Harris", "iso": "US", "l1": "United States", "l2": "Texas", "lvl": 3, "pop": 4713325, "key": 11724, "isd": true, "ppd": 35.608000000000004, "med": 38.3, "p65": 15.413, "p70": 9.732000000000001, "hos": 2.77, "exp": 78.86, "adr": 2.0, "amn": 124284.0, "amv": 1393875.0, "amd": 2023.0, "amt": 1270510.0, "tmn": [203, 195, 48, 40, 12, 28, 175, 125, 86, 91, 56, 8, 24, 51, 187, 64, 8, 7, 0, 0, 66], "tmv": [4933, 4463, 5576, 3317, 1660, 4353, 4663, 4819, 4832, 5563, 3334, 1728, 4724, 4234, 2965, 50, 2434, 1138, 149, 0, 0], "tmd": [0, 10, 10, 3, 1, 0, 2, 5, 5, 4, 3, 2, 1, 3, 3, 0, 0, 0, 0, 5, 3], "wmn": 335, "wmt": 13083, "wmd": 10, "wmv": 6738, "wdn": -25, "wdt": -5, "wdd": -51, "wdv": -77, "tlv": "Texas"}