{"loc": "Harrison", "iso": "US", "l1": "United States", "l2": "Missouri", "lvl": 3, "pop": 8352, "key": 11729, "isd": true, "ppd": 35.608000000000004, "med": 38.3, "p65": 15.413, "p70": 9.732000000000001, "hos": 2.77, "exp": 78.86, "adr": 2.0, "amn": 98539.0, "amv": 153709.0, "amd": 1676.0, "amt": 705791.0, "tmn": [838, 1197, 838, 478, 598, 359, 598, 478, 239, -119, 718, 598, 0, 0, 0, 239, 359, 359, 239, 0, 0], "tmv": [2687, 2448, 3374, 4677, 5132, 5139, 4690, 3336, 1695, 3330, 4023, 4903, 6734, 6595, 3662, 2393, 4746, 4917, 6132, 6772, 0], "tmd": [0, 120, 0, 0, 120, 0, 0, 0, 120, 120, 0, 0, 0, 0, 0, 0, 0, 0, 0, 0, 0], "wmn": 1198, "wmt": 13396, "wmd": 0, "wmv": 28625, "wdn": -38, "wdt": -11, "wdd": -100, "wdv": -7, "tlv": "Missouri"}