{"loc": "Harrison", "iso": "US", "l1": "United States", "l2": "Kentucky", "lvl": 3, "pop": 18886, "key": 11727, "isd": true, "ppd": 35.608000000000004, "med": 38.3, "p65": 15.413, "p70": 9.732000000000001, "hos": 2.77, "exp": 78.86, "adr": 1.0, "amn": 76671.0, "amv": 153709.0, "amd": 477.0, "amt": 841213.0, "tmn": [529, 847, 423, 847, 370, 847, 317, 211, 423, 476, 953, 370, 105, 582, 105, 529, 211, 264, 105, 52, 529], "tmv": [2687, 2448, 3374, 4677, 5132, 5139, 4690, 3336, 1695, 3330, 4023, 4903, 6734, 6595, 3662, 2393, 4746, 4917, 6132, 6772, 0], "tmd": [0, 53, 53, 0, 0, 53, 0, 53, 0, 0, 0, 0, 53, 0, 53, 0, 53, 0, 0, 0, 0], "wmn": 1801, "wmt": 18346, "wmd": 106, "wmv": 28625, "wdn": -42, "wdt": -5, "wdd": 0, "wdv": -7, "tlv": "Kentucky"}