{"loc": "Harrison", "iso": "US", "l1": "United States", "l2": "Mississippi", "lvl": 3, "pop": 208080, "key": 11728, "isd": true, "ppd": 35.608000000000004, "med": 38.3, "p65": 15.413, "p70": 9.732000000000001, "hos": 2.77, "exp": 78.86, "adr": 1.0, "amn": 156473.0, "amv": 1170335.0, "amd": 2297.0, "amt": 802208.0, "tmn": [360, 1095, 1307, 1110, 0, 0, 2273, 297, 812, 1355, 408, 0, 0, 1629, 788, 672, 1215, 860, 0, 0, 1057], "tmv": [1988, 3241, 2538, 4249, 2950, 0, 0, 0, 2913, 2024, 2876, 2739, 2336, 1790, 1886, 2554, 2257, 2903, 2781, 2047, 0], "tmd": [20, 58, 0, 25, 0, 0, 53, 15, 15, 63, 15, 0, 0, 44, 10, 39, 15, 15, 0, 0, 20], "wmn": 4595, "wmt": 12824, "wmd": 97, "wmv": 14431, "wdn": 2, "wdt": -14, "wdd": -35, "wdv": -2, "tlv": "Mississippi"}