{"loc": "Harrison", "iso": "US", "l1": "United States", "l2": "Indiana", "lvl": 3, "pop": 40515, "key": 11725, "isd": true, "ppd": 35.608000000000004, "med": 38.3, "p65": 15.413, "p70": 9.732000000000001, "hos": 2.77, "exp": 78.86, "adr": 1.0, "amn": 148365.0, "amv": 1170335.0, "amd": 2098.0, "amt": 1940638.0, "tmn": [1086, 641, 1036, 765, 0, 0, 0, 2813, 987, 1530, 1209, 0, 0, 1826, 518, 543, 913, 962, 0, 0, 1382], "tmv": [1988, 3241, 2538, 4249, 2950, 0, 0, 0, 2913, 2024, 2876, 2739, 2336, 1790, 1886, 2554, 2257, 2903, 2781, 2047, 0], "tmd": [25, 0, 0, 0, 0, 0, 0, 0, 50, 50, 0, 0, 0, 0, 0, 0, 0, 25, 0, 0, 0], "wmn": 4320, "wmt": 47448, "wmd": 25, "wmv": 14431, "wdn": -48, "wdt": 8, "wdd": -75, "wdv": -2, "tlv": "Indiana"}