{"loc": "Harris", "iso": "US", "l1": "United States", "l2": "Georgia", "lvl": 3, "pop": 35236, "key": 11723, "isd": true, "ppd": 35.608000000000004, "med": 38.3, "p65": 15.413, "p70": 9.732000000000001, "hos": 2.77, "exp": 78.86, "adr": 2.0, "amn": 103190.0, "amv": 1212726.0, "amd": 2270.0, "amt": 1112424.0, "tmn": [0, 0, 681, 170, 340, 312, 425, 0, 0, 340, 340, 113, 312, 283, 0, 0, 397, 312, 0, 482, 368], "tmv": [2781, 2047, 1978, 1647, 2163, 995, 2262, 2445, 2251, 1671, 0, 0, 2784, 2570, 2833, 3777, 2988, 2423, 2905, 2661, 0], "tmd": [0, 0, 29, 57, 0, 29, 29, 0, 0, -28, 0, 0, 0, 0, 0, 0, 29, 57, 29, 0, 29], "wmn": 1561, "wmt": 22269, "wmd": 142, "wmv": 17591, "wdn": 12, "wdt": -4, "wdd": -600, "wdv": 50, "tlv": "Georgia"}