{"loc": "Harrison", "iso": "US", "l1": "United States", "l2": "Kentucky", "lvl": 3, "pop": 18886, "key": 11727, "isd": true, "ppd": 35.608000000000004, "med": 38.3, "p65": 15.413, "p70": 9.732000000000001, "hos": 2.77, "exp": 78.86, "adr": 1.0, "amn": 103304.0, "amv": 1072054.0, "amd": 1430.0, "amt": 1300757.0, "tmn": [317, 0, 0, 105, 211, 158, 264, 52, 0, 0, 688, 0, 370, 317, 264, 0, 0, 1270, 476, 158, 953], "tmv": [1821, 2051, 2364, 1193, 1200, 2288, 2155, 2600, 2160, 2477, 1419, 1374, 2201, 2622, 2492, 2548, 2348, 1615, 1875, 1986, 0], "tmd": [0, 0, 0, 0, 0, 0, 0, 0, 0, 0, 0, 0, 0, 0, 0, 0, 0, 0, 0, 0, 0], "wmn": 3125, "wmt": 22623, "wmd": 0, "wmv": 12867, "wdn": 119, "wdt": 39, "wdd": 0, "wdv": -13, "tlv": "Kentucky"}