{"loc": "Harper", "iso": "US", "l1": "United States", "l2": "Oklahoma", "lvl": 3, "pop": 3688, "key": 11722, "isd": true, "ppd": 35.608000000000004, "med": 38.3, "p65": 15.413, "p70": 9.732000000000001, "hos": 2.77, "exp": 78.86, "adr": 1.0, "amn": 109273.0, "amv": 180853.0, "amd": 1085.0, "amt": 862911.0, "tmn": [0, 0, 271, 0, 542, 271, 0, 271, 0, 1084, 0, 1355, 0, 271, 0, 0, 0, 271, -271, 271, 0], "tmv": [4690, 3336, 1695, 3330, 4023, 4903, 6734, 6595, 3662, 2393, 4746, 4917, 6132, 6772, 6806, 0, 0, 3221, 4419, 5606, 0], "tmd": [0, 0, 0, 0, 0, 0, 0, 0, 0, 0, 0, 0, 0, 272, 0, 0, 0, 0, 0, 0, 0], "wmn": 272, "wmt": 11280, "wmd": 0, "wmv": 20055, "wdn": -91, "wdt": -43, "wdd": -100, "wdv": -43, "tlv": "Oklahoma"}