{"loc": "Harrison", "iso": "US", "l1": "United States", "l2": "West Virginia", "lvl": 3, "pop": 67256, "key": 11732, "isd": true, "ppd": 35.608000000000004, "med": 38.3, "p65": 15.413, "p70": 9.732000000000001, "hos": 2.77, "exp": 78.86, "adr": 1.0, "amn": 71191.0, "amv": 180853.0, "amd": 1041.0, "amt": 1185995.0, "tmn": [490, 252, 505, 312, 252, 475, 133, 550, 208, 148, 193, 446, 208, 148, 282, 208, 133, 282, 148, 178, 104], "tmv": [5139, 4690, 3336, 1695, 3330, 4023, 4903, 6734, 6595, 3662, 2393, 4746, 4917, 6132, 6772, 6806, 0, 0, 3221, 4419, 5606], "tmd": [0, 0, 0, 15, 0, 0, 30, 15, 0, 0, 0, 30, 15, 45, 0, 15, 0, 0, 15, 30, 0], "wmn": 1339, "wmt": 31809, "wmd": 60, "wmv": 26827, "wdn": -30, "wdt": -22, "wdd": -43, "wdv": -24, "tlv": "West Virginia"}