{"loc": "Harrisonburg", "iso": "US", "l1": "United States", "l2": "Virginia", "lvl": 3, "pop": 53016, "key": 11733, "isd": true, "ppd": 35.608000000000004, "med": 38.3, "p65": 15.413, "p70": 9.732000000000001, "hos": 2.77, "exp": 78.86, "adr": 1.0, "amn": 122246.0, "amv": 814768.0, "amd": 1792.0, "amt": 846192.0, "tmn": [75, 188, 188, 132, 113, -37, 169, 56, 150, 75, 18, 37, 94, 56, 18, 0, 37, 18, 56, 0, 18], "tmv": [10071, 9169, 6395, 4975, 6773, 8259, 8496, 10027, 6458, 3608, 3001, 5456, 7305, 8515, 7794, 7192, 5713, 4653, 4699, 5814, 5591], "tmd": [0, 0, 0, 0, 0, 0, 19, 0, 0, 0, 0, 0, 0, 0, 0, 0, 0, 0, -18, 0, 0], "wmn": 151, "wmt": 12040, "wmd": -18, "wmv": 41459, "wdn": -69, "wdt": -3, "wdd": 0, "wdv": -7, "tlv": "Virginia"}