{"loc": "Harrison", "iso": "US", "l1": "United States", "l2": "Texas", "lvl": 3, "pop": 66553, "key": 11731, "isd": true, "ppd": 35.608000000000004, "med": 38.3, "p65": 15.413, "p70": 9.732000000000001, "hos": 2.77, "exp": 78.86, "adr": 2.0, "amn": 69043.0, "amv": 290534.0, "amd": 1473.0, "amt": 693405.0, "tmn": [405, 120, 195, 30, 30, 135, 195, 165, 120, 60, 30, 45, 60, 15, 60, 135, 15, 90, 15, 60, 45], "tmv": [5606, 5173, 5466, 3298, 2593, 4349, 5491, 6616, 7139, 7375, 5050, 5255, 5793, 6168, 7391, 8814, 7404, 5275, 4864, 6157, 0], "tmd": [0, 0, 0, 0, 0, 16, 0, 0, 16, 16, 0, 31, 0, 0, 0, 0, 0, 0, 0, 46, 0], "wmn": 421, "wmt": 11786, "wmd": 46, "wmv": 39909, "wdn": -15, "wdt": -16, "wdd": -25, "wdv": -8, "tlv": "Texas"}