{"loc": "Harrison", "iso": "US", "l1": "United States", "l2": "Ohio", "lvl": 3, "pop": 15040, "key": 11730, "isd": true, "ppd": 35.608000000000004, "med": 38.3, "p65": 15.413, "p70": 9.732000000000001, "hos": 2.77, "exp": 78.86, "adr": 3.0, "amn": 84309.0, "amv": 1121684.0, "amd": 2527.0, "amt": 1275267.0, "tmn": [199, 332, 132, 332, 0, 265, 398, 332, 465, 332, 66, 132, 0, 332, 265, 664, 398, 199, 265, 398, 598], "tmv": [1986, 1986, 2786, 3007, 2017, 2605, 1830, 2139, 3106, 3068, 3187, 2953, 1851, 1966, 2813, 2807, 3250, 3257, 2889, 2103, 0], "tmd": [0, 0, 0, 0, 0, 0, 0, 0, 0, 0, 0, 0, 0, 0, 0, 0, 0, 0, 0, 0, 0], "wmn": 2793, "wmt": 21508, "wmd": 0, "wmv": 17122, "wdn": 68, "wdt": 29, "wdd": 0, "wdv": -6, "tlv": "Ohio"}