{"loc": "Hartford", "iso": "US", "l1": "United States", "l2": "Connecticut", "lvl": 3, "pop": 891720, "key": 11736, "isd": true, "ppd": 35.608000000000004, "med": 38.3, "p65": 15.413, "p70": 9.732000000000001, "hos": 2.77, "exp": 78.86, "adr": 3.0, "amn": 95477.0, "amv": 1027393.0, "amd": 2736.0, "amt": 2511829.0, "tmn": [1, 25, 0, 0, 0, 50, 25, 13, 43, 0, 0, 22, 60, 63, 38, 61, 0, 0, 140, 66, 72], "tmv": [4949, 1994, 3524, 1923, 0, 0, 1326, 2107, 1883, 1818, 1779, 1363, 1036, 1655, 1721, 1666, 1928, 1520, 1539, 740, 0], "tmd": [2, 0, 0, 0, 0, 0, -1, 0, 0, 0, 0, 0, 0, 0, 0, 0, 0, 0, 0, 0, 0], "wmn": 380, "wmt": 16012, "wmd": 0, "wmv": 9117, "wdn": 86, "wdt": -10, "wdd": 0, "wdv": -22, "tlv": "Connecticut"}