{"loc": "Harvey", "iso": "US", "l1": "United States", "l2": "Kansas", "lvl": 3, "pop": 34429, "key": 11738, "isd": true, "ppd": 35.608000000000004, "med": 38.3, "p65": 15.413, "p70": 9.732000000000001, "hos": 2.77, "exp": 78.86, "adr": 2.0, "amn": 107555.0, "amv": 966947.0, "amd": 2091.0, "amt": 493682.0, "tmn": [58, 0, 58, 0, 0, 58, 0, 116, 0, 87, 0, 0, 87, 0, 87, 0, 116, 0, 0, 58, 0], "tmv": [1543, 2452, 4248, 3485, 4157, 3682, 3252, 2518, 2835, 2495, 4865, 3672, 4016, 3766, 3121, 6234, 3276, 3244, 2575, 1851, 0], "tmd": [59, 0, 0, 0, 0, -29, 0, 0, 0, 0, 0, 0, 0, 0, 0, 0, 30, 0, 0, 0, 0], "wmn": 262, "wmt": 2343, "wmd": 30, "wmv": 20305, "wdn": -10, "wdt": -14, "wdd": 0, "wdv": -16, "tlv": "Kansas"}