{"loc": "Hartford", "iso": "US", "l1": "United States", "l2": "Connecticut", "lvl": 3, "pop": 891720, "key": 11736, "isd": true, "ppd": 35.608000000000004, "med": 38.3, "p65": 15.413, "p70": 9.732000000000001, "hos": 2.77, "exp": 78.86, "adr": 3.0, "amn": 99905.0, "amv": 1100743.0, "amd": 2753.0, "amt": 2621137.0, "tmn": [437, 123, 167, 208, 222, 0, 0, 458, 65, 312, 242, 133, 0, 0, 435, 298, 154, 155, 132, 0, 0], "tmv": [1419, 1374, 2201, 2622, 2492, 2548, 2348, 1615, 1875, 1986, 1986, 2786, 3007, 2017, 2605, 1830, 2139, 3106, 3068, 3187, 2953], "tmd": [0, 0, 0, 0, 0, 0, 0, 0, 0, 0, 6, 0, 0, 0, 0, -1, 3, 6, 3, 0, 0], "wmn": 1177, "wmt": 22682, "wmd": 9, "wmv": 18892, "wdn": -3, "wdt": -13, "wdd": 60, "wdv": 24, "tlv": "Connecticut"}