{"loc": "Hassan", "iso": "IN", "l1": "India", "l2": "Karnataka", "lvl": 3, "pop": 1776221, "key": 11743, "isd": true, "ppd": 450.41900000000004, "med": 28.2, "p65": 5.989, "p70": 3.4139999999999997, "hos": 0.53, "exp": 69.66, "adr": 1.0, "amn": 16209.0, "amv": 15209.0, "amd": 224.0, "amt": 286572.0, "tmn": [3, 0, 2, 3, 9, 2, 2, 5, 3, 3, 5, 4, 6, 0, 3, 6, 6, 4, 4, 1, 2], "tmv": [246, 238, 478, 437, 281, 178, 245, 350, 332, 507, 499, 351, 42, 400, 555, 721, 1006, 1081, 1032, 48, 0], "tmd": [0, 0, 0, 0, 0, 0, 0, 0, 0, 0, 1, 0, 0, 0, 0, 0, 0, 0, 1, 0, 0], "wmn": 30, "wmt": 7470, "wmd": 1, "wmv": 4446, "wdn": -2, "wdt": 6, "wdd": 0, "wdv": 79, "tlv": "Karnataka"}