{"loc": "Hawaii", "iso": "US", "l1": "United States", "l2": "Hawaii", "lvl": 2, "pop": 1415872, "key": 11748, "isd": true, "ppd": 35.608000000000004, "med": 38.3, "p65": 15.413, "p70": 9.732000000000001, "hos": 2.77, "exp": 78.86, "adr": 1.0, "amn": 58193.0, "amv": 1236688.0, "amd": 616.0, "amt": 1739197.0, "tmn": [180, 169, 162, 234, 258, 197, 195, 137, 64, 118, 214, 141, 138, 153, 79, 34, 89, 115, 110, 98, 101], "tmv": [1671, 0, 0, 2784, 2570, 2833, 3777, 2988, 2423, 2905, 2661, 3390, 3489, 0, 0, 0, 2411, 3257, 3418, 2659, 0], "tmd": [0, 0, 10, 9, 5, 9, 5, 3, 0, 5, 6, 5, 3, 3, 3, 0, 5, 5, 4, 3, 5], "wmn": 631, "wmt": 25835, "wmd": 22, "wmv": 11747, "wdn": -35, "wdt": -12, "wdd": -6, "wdv": -34, "tlv": "Hawaii"}