{"loc": "Haveri", "iso": "IN", "l1": "India", "l2": "Karnataka", "lvl": 3, "pop": 1598506, "key": 11746, "isd": true, "ppd": 450.41900000000004, "med": 28.2, "p65": 5.989, "p70": 3.4139999999999997, "hos": 0.53, "exp": 69.66, "adr": 2.0, "amn": 7445.0, "amv": 103279.0, "amd": 129.0, "amt": 368388.0, "tmn": [3, 7, 9, 8, 10, 13, 22, 10, 27, 16, 21, 30, 26, 22, 23, 16, 28, 46, 57, 61, 48], "tmv": [2874, 2261, 2996, 2710, 2550, 2125, 2901, 1917, 2401, 1978, 1966, 1945, 891, 2374, 0, 0, 2252, 0, 0, 0, 2420], "tmd": [0, 0, 0, 0, 0, 0, 0, 1, 0, 0, 0, 0, 0, 1, 0, 1, 0, 3, 2, 2, 3], "wmn": 284, "wmt": 17353, "wmd": 9, "wmv": 4673, "wdn": 81, "wdt": 29, "wdd": 600, "wdv": -65, "tlv": "Karnataka"}