{"loc": "Hawkins", "iso": "US", "l1": "United States", "l2": "Tennessee", "lvl": 3, "pop": 56786, "key": 11749, "isd": true, "ppd": 35.608000000000004, "med": 38.3, "p65": 15.413, "p70": 9.732000000000001, "hos": 2.77, "exp": 78.86, "adr": 2.0, "amn": 114342.0, "amv": 1044330.0, "amd": 2025.0, "amt": 1229181.0, "tmn": [88, 0, 0, 140, 123, 140, 35, 0, 0, 70, 35, 176, 88, 299, 140, 0, 0, 369, 193, 352, 299], "tmv": [1883, 1818, 1779, 1363, 1036, 1655, 1721, 1666, 1928, 1520, 1539, 740, 1856, 2005, 1821, 2051, 2364, 1193, 1200, 2288, 2155], "tmd": [18, 0, 0, 0, 0, 18, 0, 0, 0, 0, 0, 0, 0, 0, 0, 0, 0, 0, 0, 0, 0], "wmn": 1356, "wmt": 9922, "wmd": 0, "wmv": 13076, "wdn": 103, "wdt": 29, "wdd": 0, "wdv": 16, "tlv": "Tennessee"}