{"loc": "Hawaii", "iso": "US", "l1": "United States", "l2": "Hawaii", "lvl": 2, "pop": 1415872, "key": 11748, "isd": true, "ppd": 35.608000000000004, "med": 38.3, "p65": 15.413, "p70": 9.732000000000001, "hos": 2.77, "exp": 78.86, "adr": 1.0, "amn": 59611.0, "amv": 1283911.0, "amd": 647.0, "amt": 1811710.0, "tmn": [89, 115, 110, 98, 101, 82, 56, 98, 110, 94, 118, 115, 68, 52, 129, 88, 109, 110, 107, 48, 26], "tmv": [2552, 2575, 2955, 1399, 770, 2354, 2306, 2307, 2345, 3781, 2315, 1328, 4158, 4126, 4122, 3797, 3784, 1119, 91, 0, 0], "tmd": [5, 5, 4, 3, 5, 3, 0, 0, 3, 3, 2, 3, 0, 0, 1, 2, 4, 8, 8, 0, 0], "wmn": 622, "wmt": 38998, "wmd": 20, "wmv": 12915, "wdn": -5, "wdt": 68, "wdd": 133, "wdv": -37, "tlv": "Hawaii"}