{"loc": "Hays", "iso": "US", "l1": "United States", "l2": "Texas", "lvl": 3, "pop": 230191, "key": 11751, "isd": true, "ppd": 35.608000000000004, "med": 38.3, "p65": 15.413, "p70": 9.732000000000001, "hos": 2.77, "exp": 78.86, "adr": 1.0, "amn": 76532.0, "amv": 167606.0, "amd": 878.0, "amt": 648738.0, "tmn": [899, 0, -951, 0, 1403, 556, 269, 534, 443, 0, 0, 942, 534, 399, 278, 0, -82, 0, 0, 0, 0], "tmv": [4677, 5132, 5139, 4690, 3336, 1695, 3330, 4023, 4903, 6734, 6595, 3662, 2393, 4746, 4917, 6132, 6772, 6806, 0, 0, 0], "tmd": [18, 5, 0, 0, 18, 9, 5, 9, 14, 0, 0, 0, 9, 5, 5, 0, 0, 0, 0, 0, 0], "wmn": 196, "wmt": 13653, "wmd": 5, "wmv": 24629, "wdn": -93, "wdt": -45, "wdd": -88, "wdv": -25, "tlv": "Texas"}