{"loc": "Haywood", "iso": "US", "l1": "United States", "l2": "North Carolina", "lvl": 3, "pop": 62317, "key": 11752, "isd": true, "ppd": 35.608000000000004, "med": 38.3, "p65": 15.413, "p70": 9.732000000000001, "hos": 2.77, "exp": 78.86, "adr": 2.0, "amn": 95383.0, "amv": 1141226.0, "amd": 1781.0, "amt": 1383960.0, "tmn": [625, 834, 0, 0, 1428, 561, 770, 1091, 770, 0, 0, 1380, 545, 1010, 722, 930, 0, 0, 0, 1652, 513], "tmv": [3106, 3068, 3187, 2953, 1851, 1966, 2813, 2807, 3250, 3257, 2889, 2103, 1988, 3241, 2538, 4249, 2950, 0, 0, 0, 0], "tmd": [17, 0, 0, 0, 17, 0, 33, 0, 0, 0, 0, 49, 0, 0, 0, 33, 0, 0, 0, 0, 17], "wmn": 3820, "wmt": 35553, "wmd": 49, "wmv": 9740, "wdn": -20, "wdt": 13, "wdd": 0, "wdv": -50, "tlv": "North Carolina"}