{"loc": "Heard", "iso": "US", "l1": "United States", "l2": "Georgia", "lvl": 3, "pop": 11923, "key": 11755, "isd": true, "ppd": 35.608000000000004, "med": 38.3, "p65": 15.413, "p70": 9.732000000000001, "hos": 2.77, "exp": 78.86, "adr": 2.0, "amn": 101485.0, "amv": 1107375.0, "amd": 1929.0, "amt": 961797.0, "tmn": [167, 0, 0, 1425, 922, 1174, 419, 1845, 0, 0, 1845, 922, 1090, 1174, 1006, 0, 0, 4025, 1006, 1761, 587], "tmv": [2492, 2548, 2348, 1615, 1875, 1986, 1986, 2786, 3007, 2017, 2605, 1830, 2139, 3106, 3068, 3187, 2953, 1851, 1966, 2813, 0], "tmd": [0, 0, 0, 0, 0, 0, 0, 0, 0, 0, 0, 0, 0, 0, 0, 0, 0, 0, 0, 0, 0], "wmn": 8388, "wmt": 24133, "wmd": 0, "wmv": 15842, "wdn": 22, "wdt": 25, "wdd": 0, "wdv": -9, "tlv": "Georgia"}