{"loc": "Haywood", "iso": "US", "l1": "United States", "l2": "North Carolina", "lvl": 3, "pop": 62317, "key": 11752, "isd": true, "ppd": 35.608000000000004, "med": 38.3, "p65": 15.413, "p70": 9.732000000000001, "hos": 2.77, "exp": 78.86, "adr": 2.0, "amn": 109440.0, "amv": 1187231.0, "amd": 2038.0, "amt": 1487817.0, "tmn": [513, 593, 625, 0, 0, 2262, 770, 818, 1027, 946, 0, 0, 1588, 738, 690, 818, 882, 0, 0, 1973, 320], "tmv": [2913, 2024, 2876, 2739, 2336, 1790, 1886, 2554, 2257, 2903, 2781, 2047, 1978, 1647, 2163, 995, 2262, 2445, 2251, 1671, 1480], "tmd": [17, 33, 0, 0, 0, 0, 0, 17, 0, 0, 0, 0, 193, 0, 0, 17, 0, 0, 0, 0, 0], "wmn": 4686, "wmt": 35289, "wmd": 17, "wmv": 13270, "wdn": -8, "wdt": -9, "wdd": -92, "wdv": -18, "tlv": "North Carolina"}