{"loc": "Hays", "iso": "US", "l1": "United States", "l2": "Texas", "lvl": 3, "pop": 230191, "key": 11751, "isd": true, "ppd": 35.608000000000004, "med": 38.3, "p65": 15.413, "p70": 9.732000000000001, "hos": 2.77, "exp": 78.86, "adr": 1.0, "amn": 142890.0, "amv": 1263117.0, "amd": 1720.0, "amt": 1201805.0, "tmn": [356, 221, 0, 0, 0, 812, 152, 112, 52, 0, 0, 447, 152, 191, 169, 139, 0, 0, 477, 121, 195], "tmv": [2661, 3390, 3489, 0, 0, 0, 2411, 3257, 3418, 2659, 2485, 1614, 1945, 2278, 2491, 2890, 2710, 2395, 1993, 2154, 3467], "tmd": [5, 14, 0, 0, 0, 14, 9, 0, 5, 0, 0, 5, 0, 5, 5, 5, 0, 0, 18, 14, 0], "wmn": 1104, "wmt": 16225, "wmd": 40, "wmv": 18105, "wdn": 15, "wdt": -4, "wdd": 200, "wdv": 3, "tlv": "Texas"}