{"loc": "Hendricks", "iso": "US", "l1": "United States", "l2": "Indiana", "lvl": 3, "pop": 170311, "key": 11766, "isd": true, "ppd": 35.608000000000004, "med": 38.3, "p65": 15.413, "p70": 9.732000000000001, "hos": 2.77, "exp": 78.86, "adr": 2.0, "amn": 107779.0, "amv": 1059187.0, "amd": 1897.0, "amt": 1680117.0, "tmn": [88, 0, 0, 275, 17, 76, 129, 105, 0, 0, 275, 76, 99, 234, 228, 0, 0, 375, 228, 287, 211], "tmv": [1666, 1928, 1520, 1539, 740, 1856, 2005, 1821, 2051, 2364, 1193, 1200, 2288, 2155, 2600, 2160, 2477, 1419, 1374, 2201, 2622], "tmd": [0, 0, 0, 6, 0, -5, 0, 0, 0, 0, 0, 0, 12, 0, 0, 0, 0, 0, 0, 0, 0], "wmn": 1333, "wmt": 19190, "wmd": 0, "wmv": 14857, "wdn": 68, "wdt": 25, "wdd": -100, "wdv": 14, "tlv": "Indiana"}