{"loc": "Henderson", "iso": "US", "l1": "United States", "l2": "Texas", "lvl": 3, "pop": 82737, "key": 11765, "isd": true, "ppd": 35.608000000000004, "med": 38.3, "p65": 15.413, "p70": 9.732000000000001, "hos": 2.77, "exp": 78.86, "adr": 3.0, "amn": 84303.0, "amv": 1086287.0, "amd": 2502.0, "amt": 978706.0, "tmn": [0, 1994, 0, 0, 0, 797, 0, 0, 1232, 0, 0, 0, 0, 1752, 0, 0, 1172, 0, 0, 2042, 0], "tmv": [2155, 2600, 2160, 2477, 1419, 1374, 2201, 2622, 2492, 2548, 2348, 1615, 1875, 1986, 1986, 2786, 3007, 2017, 2605, 1830, 0], "tmd": [0, 0, 13, 0, 0, 25, 0, 13, 0, 13, 13, 0, 0, 0, -12, 25, 0, 13, 0, 0, 13], "wmn": 3216, "wmt": 20834, "wmd": 37, "wmv": 14234, "wdn": 8, "wdt": 14, "wdd": 0, "wdv": -8, "tlv": "Texas"}