{"loc": "Henderson", "iso": "US", "l1": "United States", "l2": "Kentucky", "lvl": 3, "pop": 45210, "key": 11762, "isd": true, "ppd": 35.608000000000004, "med": 38.3, "p65": 15.413, "p70": 9.732000000000001, "hos": 2.77, "exp": 78.86, "adr": 1.0, "amn": 94758.0, "amv": 180853.0, "amd": 1217.0, "amt": 852246.0, "tmn": [663, 287, 353, 486, 508, 530, 774, 398, 110, 464, 464, 353, 287, 132, 221, 199, 287, 110, 154, 22, 199], "tmv": [4690, 3336, 1695, 3330, 4023, 4903, 6734, 6595, 3662, 2393, 4746, 4917, 6132, 6772, 6806, 0, 0, 3221, 4419, 5606, 0], "tmd": [0, 0, 23, 0, 0, 0, 0, 0, 0, 0, 0, 0, 0, 0, 0, 0, 0, 0, 0, 0, 0], "wmn": 1195, "wmt": 11034, "wmd": 0, "wmv": 20055, "wdn": -46, "wdt": -40, "wdd": 0, "wdv": -43, "tlv": "Kentucky"}