{"loc": "Hendricks", "iso": "US", "l1": "United States", "l2": "Indiana", "lvl": 3, "pop": 170311, "key": 11766, "isd": true, "ppd": 35.608000000000004, "med": 38.3, "p65": 15.413, "p70": 9.732000000000001, "hos": 2.77, "exp": 78.86, "adr": 2.0, "amn": 142046.0, "amv": 1283911.0, "amd": 2143.0, "amt": 2149062.0, "tmn": [205, 422, 252, 258, 0, 0, 534, 170, 164, 346, 252, 0, 0, 369, 99, 182, 252, 281, 0, 0, 546], "tmv": [2626, 2552, 2575, 2955, 1399, 770, 2354, 2306, 2307, 2345, 3781, 2315, 1328, 4158, 4126, 4122, 3797, 3784, 1119, 91, 0], "tmd": [0, 12, 0, 0, 0, 0, 6, 6, 12, 12, 0, 0, 0, 6, 12, 12, 0, 6, 0, 0, 0], "wmn": 1363, "wmt": 30164, "wmd": 30, "wmv": 17042, "wdn": 5, "wdt": -4, "wdd": -17, "wdv": -8, "tlv": "Indiana"}