{"loc": "Henderson", "iso": "US", "l1": "United States", "l2": "North Carolina", "lvl": 3, "pop": 117417, "key": 11763, "isd": true, "ppd": 35.608000000000004, "med": 38.3, "p65": 15.413, "p70": 9.732000000000001, "hos": 2.77, "exp": 78.86, "adr": 2.0, "amn": 80815.0, "amv": 435440.0, "amd": 1303.0, "amt": 1019731.0, "tmn": [144, 281, 238, 340, 110, 0, 493, 127, 306, 212, 221, 289, 0, 195, 76, 298, 161, 136, 0, 0, 298], "tmv": [4864, 6157, 7535, 8875, 13887, 4118, 6135, 5026, 6980, 8171, 7842, 9493, 9226, 6156, 5181, 6849, 8594, 10257, 10611, 9961, 0], "tmd": [0, 9, 0, 0, 0, 0, 0, 0, 0, 9, 0, 0, 0, 0, 0, 9, 0, 0, 0, 0, 0], "wmn": 971, "wmt": 15452, "wmd": 9, "wmv": 51456, "wdn": -28, "wdt": -28, "wdd": 0, "wdv": -3, "tlv": "North Carolina"}