{"loc": "Hennepin", "iso": "US", "l1": "United States", "l2": "Minnesota", "lvl": 3, "pop": 1265843, "key": 11768, "isd": true, "ppd": 35.608000000000004, "med": 38.3, "p65": 15.413, "p70": 9.732000000000001, "hos": 2.77, "exp": 78.86, "adr": 2.0, "amn": 84518.0, "amv": 435440.0, "amd": 1299.0, "amt": 1348032.0, "tmn": [74, 263, 127, 180, 159, 200, 161, 134, 136, 171, 235, 253, 232, 154, 213, 155, 210, 326, 294, 308, 197], "tmv": [5275, 4864, 6157, 7535, 8875, 13887, 4118, 6135, 5026, 6980, 8171, 7842, 9493, 9226, 6156, 5181, 6849, 8594, 10257, 10611, 9961], "tmd": [0, 22, 1, 4, 0, 0, 1, 0, 0, 1, 1, 2, 2, 0, 0, 1, 4, 2, 2, 1, 1], "wmn": 1707, "wmt": 31492, "wmd": 9, "wmv": 57613, "wdn": 29, "wdt": 7, "wdd": 83, "wdv": 9, "tlv": "Minnesota"}