{"loc": "Hendricks", "iso": "US", "l1": "United States", "l2": "Indiana", "lvl": 3, "pop": 170311, "key": 11766, "isd": true, "ppd": 35.608000000000004, "med": 38.3, "p65": 15.413, "p70": 9.732000000000001, "hos": 2.77, "exp": 78.86, "adr": 2.0, "amn": 93752.0, "amv": 274237.0, "amd": 1773.0, "amt": 1224317.0, "tmn": [105, 158, 305, -64, 217, 129, 129, 129, 123, 123, 117, 93, 70, 70, 58, 117, 129, 129, 264, 64, 70], "tmv": [0, 3221, 4419, 5606, 5173, 5466, 3298, 2593, 4349, 5491, 6616, 7139, 7375, 5050, 5255, 5793, 6168, 7391, 8814, 7404, 0], "tmd": [6, 6, 0, 24, 0, -5, 0, 12, 6, 18, 0, 0, 0, 0, 0, 0, 0, 6, 6, 0, 0], "wmn": 834, "wmt": 30695, "wmd": 12, "wmv": 40829, "wdn": 15, "wdt": -14, "wdd": -67, "wdv": 6, "tlv": "Indiana"}