{"loc": "Henry", "iso": "US", "l1": "United States", "l2": "Alabama", "lvl": 3, "pop": 17205, "key": 11770, "isd": true, "ppd": 35.608000000000004, "med": 38.3, "p65": 15.413, "p70": 9.732000000000001, "hos": 2.77, "exp": 78.86, "adr": 2.0, "amn": 158617.0, "amv": 1136653.0, "amd": 2790.0, "amt": 562193.0, "tmn": [1278, 464, 813, 813, 755, 1453, 348, 813, 0, 0, 1859, 639, 1162, 523, 639, 1627, 988, 988, 1220, 871, 871], "tmv": [2605, 1830, 2139, 3106, 3068, 3187, 2953, 1851, 1966, 2813, 2807, 3250, 3257, 2889, 2103, 1988, 3241, 2538, 4249, 2950, 0], "tmd": [0, 0, 0, 0, 0, 0, 0, 0, 0, 0, 0, 0, 0, 0, 0, 59, 0, 0, 117, 0, 0], "wmn": 7208, "wmt": 0, "wmd": 175, "wmv": 17074, "wdn": 44, "wdt": 0, "wdd": 0, "wdv": -9, "tlv": "Alabama"}