{"loc": "Henry", "iso": "US", "l1": "United States", "l2": "Alabama", "lvl": 3, "pop": 17205, "key": 11770, "isd": true, "ppd": 35.608000000000004, "med": 38.3, "p65": 15.413, "p70": 9.732000000000001, "hos": 2.77, "exp": 78.86, "adr": 2.0, "amn": 179308.0, "amv": 1216117.0, "amd": 3662.0, "amt": 1190634.0, "tmn": [639, 697, 929, 348, 755, 406, 581, 290, 464, 406, 174, 755, 232, 232, 58, 116, 406, 464, 232, 174, 174], "tmv": [2047, 1978, 1647, 2163, 995, 2262, 2445, 2251, 1671, 0, 0, 2784, 2570, 2833, 3777, 2988, 2423, 2905, 2661, 3390, 0], "tmd": [0, 0, 0, 0, 59, 0, 59, 0, 0, 0, 0, 59, 117, 0, 0, 0, 0, 0, 0, 117, 0], "wmn": 1628, "wmt": 16157, "wmd": 117, "wmv": 18148, "wdn": -36, "wdt": 108, "wdd": -33, "wdv": 50, "tlv": "Alabama"}