{"loc": "Henry", "iso": "US", "l1": "United States", "l2": "Missouri", "lvl": 3, "pop": 21824, "key": 11776, "isd": true, "ppd": 35.608000000000004, "med": 38.3, "p65": 15.413, "p70": 9.732000000000001, "hos": 2.77, "exp": 78.86, "adr": 2.0, "amn": 92650.0, "amv": 861822.0, "amd": 1833.0, "amt": 891647.0, "tmn": [0, 91, 0, 45, 45, 91, 0, 45, 0, 0, 0, 91, 45, 0, 0, 91, 91, 0, 0, 91, 0], "tmv": [6458, 3608, 3001, 5456, 7305, 8515, 7794, 7192, 5713, 4653, 4699, 5814, 5591, 7265, 6352, 4511, 3409, 5326, 6395, 6671, 7120], "tmd": [0, 0, 46, 0, 0, 0, 0, 0, 0, 0, 0, 0, 0, 0, 0, 0, 46, 0, 0, 0, 0], "wmn": 275, "wmt": 9084, "wmd": 46, "wmv": 39789, "wdn": 50, "wdt": -14, "wdd": 0, "wdv": -3, "tlv": "Missouri"}