{"loc": "Henry", "iso": "US", "l1": "United States", "l2": "Georgia", "lvl": 3, "pop": 234561, "key": 11771, "isd": true, "ppd": 35.608000000000004, "med": 38.3, "p65": 15.413, "p70": 9.732000000000001, "hos": 2.77, "exp": 78.86, "adr": 1.0, "amn": 91341.0, "amv": 207226.0, "amd": 1130.0, "amt": 673753.0, "tmn": [541, 366, 358, 324, 268, 362, 443, 383, 225, 281, 200, 281, 285, 464, 349, 144, 174, 370, 379, 460, 630], "tmv": [6734, 6595, 3662, 2393, 4746, 4917, 6132, 6772, 6806, 0, 0, 3221, 4419, 5606, 5173, 5466, 3298, 2593, 4349, 5491, 0], "tmd": [13, 0, 5, 5, 9, 0, 22, 5, 0, 0, 26, 5, 22, 30, 18, 0, 0, 0, 18, 9, 0], "wmn": 2512, "wmt": 15569, "wmd": 43, "wmv": 26374, "wdn": 18, "wdt": -15, "wdd": -50, "wdv": -2, "tlv": "Georgia"}