{"loc": "Henry", "iso": "US", "l1": "United States", "l2": "Tennessee", "lvl": 3, "pop": 32345, "key": 11778, "isd": true, "ppd": 35.608000000000004, "med": 38.3, "p65": 15.413, "p70": 9.732000000000001, "hos": 2.77, "exp": 78.86, "adr": 2.0, "amn": 93616.0, "amv": 290534.0, "amd": 2319.0, "amt": 1013804.0, "tmn": [123, 30, 0, 92, 30, 216, 92, 61, 278, 92, 92, 0, 0, 92, 61, 61, 61, -30, 123, 123, 92], "tmv": [5606, 5173, 5466, 3298, 2593, 4349, 5491, 6616, 7139, 7375, 5050, 5255, 5793, 6168, 7391, 8814, 7404, 5275, 4864, 6157, 0], "tmd": [0, 0, 0, 0, 31, 31, 0, 0, 0, 0, 0, 0, 0, 0, 0, 0, 0, 0, 0, 0, 0], "wmn": 495, "wmt": 12968, "wmd": 0, "wmv": 39909, "wdn": -20, "wdt": -459, "wdd": 0, "wdv": -8, "tlv": "Tennessee"}