{"loc": "Henry", "iso": "US", "l1": "United States", "l2": "Kentucky", "lvl": 3, "pop": 16126, "key": 11775, "isd": true, "ppd": 35.608000000000004, "med": 38.3, "p65": 15.413, "p70": 9.732000000000001, "hos": 2.77, "exp": 78.86, "adr": 1.0, "amn": 89855.0, "amv": 1051569.0, "amd": 1240.0, "amt": 1267167.0, "tmn": [-62, 124, 0, 124, 62, 0, 0, 372, 248, 186, 186, 186, 0, 0, 620, 186, 558, 372, 434, 0, 0], "tmv": [1363, 1036, 1655, 1721, 1666, 1928, 1520, 1539, 740, 1856, 2005, 1821, 2051, 2364, 1193, 1200, 2288, 2155, 2600, 2160, 2477], "tmd": [0, 0, 0, 0, 0, 0, 0, 0, 0, 0, 0, 0, 0, 0, 0, 0, 0, 0, 0, 0, 0], "wmn": 2171, "wmt": 13258, "wmd": 0, "wmv": 14077, "wdn": 84, "wdt": 42, "wdd": 0, "wdv": 14, "tlv": "Kentucky"}