{"loc": "Henry", "iso": "US", "l1": "United States", "l2": "Georgia", "lvl": 3, "pop": 234561, "key": 11771, "isd": true, "ppd": 35.608000000000004, "med": 38.3, "p65": 15.413, "p70": 9.732000000000001, "hos": 2.77, "exp": 78.86, "adr": 1.0, "amn": 106271.0, "amv": 720439.0, "amd": 1369.0, "amt": 779711.0, "tmn": [196, 294, 153, 106, 179, 225, 157, 247, 281, 140, 174, 123, 170, 315, 294, 179, 119, 98, 174, 179, 191], "tmv": [12013, 14052, 10864, 8027, 7863, 7615, 10699, 12037, 10893, 10729, 6600, 5484, 7781, 9092, 10242, 10071, 9169, 6395, 4975, 6773, 8259], "tmd": [13, 0, 0, 0, 0, 0, 9, 5, 5, 0, 5, 0, 5, 5, 0, 0, 0, 5, 0, 9, 0], "wmn": 1237, "wmt": 12455, "wmd": 13, "wmv": 55887, "wdn": -15, "wdt": 17, "wdd": -40, "wdv": -11, "tlv": "Georgia"}