{"loc": "Hickman", "iso": "US", "l1": "United States", "l2": "Tennessee", "lvl": 3, "pop": 25178, "key": 11786, "isd": true, "ppd": 35.608000000000004, "med": 38.3, "p65": 15.413, "p70": 9.732000000000001, "hos": 2.77, "exp": 78.86, "adr": 2.0, "amn": 178926.0, "amv": 1216117.0, "amd": 2860.0, "amt": 1470797.0, "tmn": [0, 1509, 0, 953, 397, 675, 0, 0, 754, 516, 357, 357, 595, 0, 0, 794, 158, 357, 516, 397, 0], "tmv": [2047, 1978, 1647, 2163, 995, 2262, 2445, 2251, 1671, 0, 0, 2784, 2570, 2833, 3777, 2988, 2423, 2905, 2661, 3390, 0], "tmd": [0, 40, 0, 120, 80, 0, 0, 0, 0, 0, 0, 120, 40, 0, 0, 80, 40, 0, 0, 0, 0], "wmn": 2225, "wmt": 17964, "wmd": 120, "wmv": 18148, "wdn": -14, "wdt": -7, "wdd": -25, "wdv": 50, "tlv": "Tennessee"}