{"loc": "Hickman", "iso": "US", "l1": "United States", "l2": "Tennessee", "lvl": 3, "pop": 25178, "key": 11786, "isd": true, "ppd": 35.608000000000004, "med": 38.3, "p65": 15.413, "p70": 9.732000000000001, "hos": 2.77, "exp": 78.86, "adr": 2.0, "amn": 106402.0, "amv": 258018.0, "amd": 1628.0, "amt": 1011352.0, "tmn": [1350, 913, 1151, 39, 39, 119, 158, 119, 39, 158, 198, 317, 119, 119, 278, 79, 0, 198, 357, 238, 317], "tmv": [6806, 0, 0, 3221, 4419, 5606, 5173, 5466, 3298, 2593, 4349, 5491, 6616, 7139, 7375, 5050, 5255, 5793, 6168, 7391, 0], "tmd": [0, 0, 0, 0, 0, 0, 40, 0, 0, 0, 40, 0, 40, 0, 0, 0, 0, 0, 0, 0, 0], "wmn": 1470, "wmt": -5604, "wmd": 0, "wmv": 37036, "wdn": 37, "wdt": -136, "wdd": -100, "wdv": 6, "tlv": "Tennessee"}