{"loc": "Herkimer", "iso": "US", "l1": "United States", "l2": "New York", "lvl": 3, "pop": 61319, "key": 11780, "isd": true, "ppd": 35.608000000000004, "med": 38.3, "p65": 15.413, "p70": 9.732000000000001, "hos": 2.77, "exp": 78.86, "adr": 2.0, "amn": 85210.0, "amv": 1026653.0, "amd": 1794.0, "amt": 3089206.0, "tmn": [0, 16, 16, 16, 0, 16, 0, 16, 16, 32, 48, 16, 16, 16, 0, 32, 48, 16, 0, 0, 0], "tmv": [2241, 4154, 4949, 1994, 3524, 1923, 0, 0, 1326, 2107, 1883, 1818, 1779, 1363, 1036, 1655, 1721, 1666, 1928, 1520, 1539], "tmd": [0, 0, 0, 0, 0, 0, 0, 17, 0, 0, 0, 0, 0, 0, 0, 0, 0, 0, 0, 0, 0], "wmn": 98, "wmt": 25582, "wmd": 0, "wmv": 11069, "wdn": -40, "wdt": 7, "wdd": -100, "wdv": 8, "tlv": "New York"}