{"loc": "Hickman", "iso": "US", "l1": "United States", "l2": "Kentucky", "lvl": 3, "pop": 4380, "key": 11785, "isd": true, "ppd": 35.608000000000004, "med": 38.3, "p65": 15.413, "p70": 9.732000000000001, "hos": 2.77, "exp": 78.86, "adr": 3.0, "amn": 80137.0, "amv": 591235.0, "amd": 2283.0, "amt": 987590.0, "tmn": [0, 456, 913, 0, 0, 228, 0, 0, 0, 0, 0, 228, 0, 228, 228, 228, 0, 0, 0, 228, 228], "tmv": [8594, 10257, 10611, 9961, 7133, 5431, 8106, 10192, 12065, 12389, 10214, 6477, 4262, 8755, 10329, 12013, 14052, 10864, 8027, 7863, 7615], "tmd": [0, 0, 0, 0, 0, 0, 0, 0, 0, 0, 0, 0, 0, 0, 0, 0, 0, 0, 0, 0, 0], "wmn": 914, "wmt": 12644, "wmd": 0, "wmv": 70767, "wdn": 100, "wdt": -67, "wdd": 0, "wdv": 10, "tlv": "Kentucky"}