{"loc": "Herkimer", "iso": "US", "l1": "United States", "l2": "New York", "lvl": 3, "pop": 61319, "key": 11780, "isd": true, "ppd": 35.608000000000004, "med": 38.3, "p65": 15.413, "p70": 9.732000000000001, "hos": 2.77, "exp": 78.86, "adr": 2.0, "amn": 104878.0, "amv": 1216117.0, "amd": 1973.0, "amt": 3692607.0, "tmn": [212, 570, 277, 391, 277, 472, 309, 391, 179, 309, 326, 407, 424, 456, 407, 146, 407, 603, 440, 489, 766], "tmv": [2047, 1978, 1647, 2163, 995, 2262, 2445, 2251, 1671, 0, 0, 2784, 2570, 2833, 3777, 2988, 2423, 2905, 2661, 3390, 0], "tmd": [17, 0, 17, 0, 0, 0, 0, 17, 0, 17, 0, 0, 0, 17, 0, 0, 0, 0, 0, 17, 0], "wmn": 3262, "wmt": 68459, "wmd": 17, "wmv": 18148, "wdn": 31, "wdt": 2, "wdd": -67, "wdv": 50, "tlv": "New York"}