{"loc": "Hernando", "iso": "US", "l1": "United States", "l2": "Florida", "lvl": 3, "pop": 193920, "key": 11781, "isd": true, "ppd": 35.608000000000004, "med": 38.3, "p65": 15.413, "p70": 9.732000000000001, "hos": 2.77, "exp": 78.86, "adr": 2.0, "amn": 147679.0, "amv": 1283911.0, "amd": 2486.0, "amt": 1955532.0, "tmn": [0, 0, 0, 876, 0, 0, 0, 0, 0, 0, 489, 0, 0, 0, 0, 0, 0, 288, 0, 0, 0], "tmv": [2626, 2552, 2575, 2955, 1399, 770, 2354, 2306, 2307, 2345, 3781, 2315, 1328, 4158, 4126, 4122, 3797, 3784, 1119, 91, 0], "tmd": [0, 0, 0, 0, 0, 0, 0, 0, 0, 0, 0, 0, 0, 0, 0, 0, 0, 0, 0, 0, 0], "wmn": 289, "wmt": 21905, "wmd": 0, "wmv": 17042, "wdn": -41, "wdt": 0, "wdd": 0, "wdv": -8, "tlv": "Florida"}