{"loc": "Hickory", "iso": "US", "l1": "United States", "l2": "Missouri", "lvl": 3, "pop": 9544, "key": 11787, "isd": true, "ppd": 35.608000000000004, "med": 38.3, "p65": 15.413, "p70": 9.732000000000001, "hos": 2.77, "exp": 78.86, "adr": 2.0, "amn": 95977.0, "amv": 1100743.0, "amd": 1781.0, "amt": 1047717.0, "tmn": [523, 419, 419, 1571, 314, 209, 104, 419, 209, 314, 419, 314, 104, 104, 419, 523, 523, 419, 104, 0, 104], "tmv": [1374, 2201, 2622, 2492, 2548, 2348, 1615, 1875, 1986, 1986, 2786, 3007, 2017, 2605, 1830, 2139, 3106, 3068, 3187, 2953, 0], "tmd": [0, 0, 0, 0, 0, 0, 0, 0, 0, 0, 0, 0, 0, 0, 105, 0, 0, 0, 0, 0, 0], "wmn": 2096, "wmt": 17721, "wmd": 105, "wmv": 16287, "wdn": 11, "wdt": -3, "wdd": 0, "wdv": 0, "tlv": "Missouri"}