{"loc": "Hillsborough", "iso": "US", "l1": "United States", "l2": "New Hampshire", "lvl": 3, "pop": 417025, "key": 11797, "isd": true, "ppd": 35.608000000000004, "med": 38.3, "p65": 15.413, "p70": 9.732000000000001, "hos": 2.77, "exp": 78.86, "adr": 2.0, "amn": 87302.0, "amv": 986908.0, "amd": 1551.0, "amt": 1518019.0, "tmn": [35, 38, 0, 0, 67, 23, 28, 19, 31, 0, 0, 16, 14, 9, 4, 0, 0, 0, 26, 28, 16], "tmv": [2835, 2495, 4865, 3672, 4016, 3766, 3121, 6234, 3276, 3244, 2575, 1851, 1965, 1967, 2474, 1554, 2803, 3655, 3299, 2241, 0], "tmd": [3, 0, 0, 0, 3, 0, 0, 0, 0, 0, 0, 0, 0, 0, 0, 0, 0, 0, 0, 0, 0], "wmn": 77, "wmt": 12710, "wmd": 0, "wmv": 16029, "wdn": -16, "wdt": 15, "wdd": 0, "wdv": -24, "tlv": "New Hampshire"}