{"loc": "Highland", "iso": "US", "l1": "United States", "l2": "Ohio", "lvl": 3, "pop": 43161, "key": 11791, "isd": true, "ppd": 35.608000000000004, "med": 38.3, "p65": 15.413, "p70": 9.732000000000001, "hos": 2.77, "exp": 78.86, "adr": 2.0, "amn": 76829.0, "amv": 298070.0, "amd": 1182.0, "amt": 886856.0, "tmn": [185, 92, 139, 278, 185, 231, 185, 139, 115, 92, 69, 69, 69, -46, 0, 23, 162, 139, 185, 69, 162], "tmv": [5173, 5466, 3298, 2593, 4349, 5491, 6616, 7139, 7375, 5050, 5255, 5793, 6168, 7391, 8814, 7404, 5275, 4864, 6157, 7535, 0], "tmd": [0, 0, 0, 0, 0, 0, 0, 0, 0, 0, 0, 0, 0, 0, 0, 0, 0, 0, 0, 0, 0], "wmn": 742, "wmt": 15303, "wmd": 0, "wmv": 40053, "wdn": 45, "wdt": -28, "wdd": 0, "wdv": -9, "tlv": "Ohio"}