{"loc": "Himachal Pradesh", "iso": "IN", "l1": "India", "l2": "Himachal Pradesh", "lvl": 2, "pop": 7451955, "key": 11799, "isd": true, "ppd": 450.41900000000004, "med": 28.2, "p65": 5.989, "p70": 3.4139999999999997, "hos": 0.53, "exp": 69.66, "adr": 2.0, "amn": 28092.0, "amv": 379471.0, "amd": 475.0, "amt": 351489.0, "tmn": [0, 29, 5, 18, 24, 15, 30, 19, 20, 17, 27, 29, 32, 34, 34, 47, 25, 41, 56, 50, 47], "tmv": [3235, 3817, 1481, 4866, 3075, 3296, 3860, 3974, 0, 0, 0, 0, 2938, 4337, 4117, 4203, 1343, 4228, 3319, 3326, 0], "tmd": [0, 1, 1, 1, 1, 1, 0, 0, 1, 0, 1, 1, 1, 1, 1, 0, 1, 1, 1, 1, 1], "wmn": 303, "wmt": 7365, "wmd": 2, "wmv": 20539, "wdn": 66, "wdt": -17, "wdd": 0, "wdv": 83, "tlv": "India"}