{"loc": "Hillsborough", "iso": "US", "l1": "United States", "l2": "Florida", "lvl": 3, "pop": 1471968, "key": 11796, "isd": true, "ppd": 35.608000000000004, "med": 38.3, "p65": 15.413, "p70": 9.732000000000001, "hos": 2.77, "exp": 78.86, "adr": 1.0, "amn": 95672.0, "amv": 841634.0, "amd": 1213.0, "amt": 1100064.0, "tmn": [324, 351, 290, 209, 137, 197, 264, 283, 228, 203, 143, 102, 194, 226, 248, 225, 205, 125, 74, 188, 218], "tmv": [8259, 8496, 10027, 6458, 3608, 3001, 5456, 7305, 8515, 7794, 7192, 5713, 4653, 4699, 5814, 5591, 7265, 6352, 4511, 3409, 5326], "tmd": [2, 5, 7, 2, 0, 0, 9, 5, 4, 4, 3, 1, 1, 0, 3, 5, 4, 3, 2, 3, 11], "wmn": 1288, "wmt": 16477, "wmd": 26, "wmv": 38272, "wdn": -7, "wdt": -8, "wdd": 73, "wdv": -17, "tlv": "Florida"}