{"loc": "Hillsdale", "iso": "US", "l1": "United States", "l2": "Michigan", "lvl": 3, "pop": 45605, "key": 11798, "isd": true, "ppd": 35.608000000000004, "med": 38.3, "p65": 15.413, "p70": 9.732000000000001, "hos": 2.77, "exp": 78.86, "adr": 2.0, "amn": 112115.0, "amv": 1160346.0, "amd": 2259.0, "amt": 1572953.0, "tmn": [767, 0, 0, 701, 0, 548, 0, 964, 0, 0, 0, 1534, 767, 0, 1337, 0, 0, 1754, 0, 1206, 0], "tmv": [3250, 3257, 2889, 2103, 1988, 3241, 2538, 4249, 2950, 0, 0, 0, 2913, 2024, 2876, 2739, 2336, 1790, 1886, 2554, 0], "tmd": [22, 0, 0, 0, 0, 22, 0, 22, 0, 0, 0, 0, 22, 0, 0, 0, 0, 22, 0, 22, 0], "wmn": 4298, "wmt": 23188, "wmd": 44, "wmv": 14183, "wdn": 32, "wdt": 32, "wdd": 0, "wdv": 17, "tlv": "Michigan"}