{"loc": "Himachal Pradesh", "iso": "IN", "l1": "India", "l2": "Himachal Pradesh", "lvl": 2, "pop": 7451955, "key": 11799, "isd": true, "ppd": 450.41900000000004, "med": 28.2, "p65": 5.989, "p70": 3.4139999999999997, "hos": 0.53, "exp": 69.66, "adr": 2.0, "amn": 8701.0, "amv": 55058.0, "amd": 141.0, "amt": 171547.0, "tmn": [10, 10, 15, 22, 22, 24, 19, 18, 26, 21, 35, 42, 47, 55, 37, 43, 45, 38, 54, 54, 56], "tmv": [122, 2202, 1534, 1506, 1591, 1973, 1840, 334, 2484, 1700, 1669, 1709, 1887, 1565, 188, 422, 1406, 1495, 2660, 3090, 2119], "tmd": [1, 1, 1, 0, 1, 1, 1, 1, 1, 1, 1, 1, 1, 1, 1, 1, 1, 1, 1, 1, 1], "wmn": 330, "wmt": 5085, "wmd": 4, "wmv": 11384, "wdn": 33, "wdt": -16, "wdd": 69, "wdv": 0, "tlv": "Himachal Pradesh"}