{"loc": "Highland", "iso": "US", "l1": "United States", "l2": "Virginia", "lvl": 3, "pop": 2190, "key": 11792, "isd": true, "ppd": 35.608000000000004, "med": 38.3, "p65": 15.413, "p70": 9.732000000000001, "hos": 2.77, "exp": 78.86, "adr": 1.0, "amn": 49772.0, "amv": 841634.0, "amd": 457.0, "amt": 853592.0, "tmn": [0, 0, 0, 0, 456, 0, 0, 0, 0, 0, 0, 0, 0, 0, 0, 0, 0, 0, 0, 0, 0], "tmv": [8259, 8496, 10027, 6458, 3608, 3001, 5456, 7305, 8515, 7794, 7192, 5713, 4653, 4699, 5814, 5591, 7265, 6352, 4511, 3409, 5326], "tmd": [0, 0, 0, 0, 0, 0, 0, 0, 0, 0, 0, 0, 0, 0, 0, 0, 0, 0, 0, 0, 0], "wmn": 0, "wmt": 10732, "wmd": 0, "wmv": 38272, "wdn": 0, "wdt": -15, "wdd": 0, "wdv": -17, "tlv": "Virginia"}