{"loc": "Hillsborough", "iso": "US", "l1": "United States", "l2": "New Hampshire", "lvl": 3, "pop": 417025, "key": 11797, "isd": true, "ppd": 35.608000000000004, "med": 38.3, "p65": 15.413, "p70": 9.732000000000001, "hos": 2.77, "exp": 78.86, "adr": 1.0, "amn": 116439.0, "amv": 1318760.0, "amd": 1667.0, "amt": 2007246.0, "tmn": [520, 0, 0, 0, 0, 493, 0, 0, 0, 0, 0, 3230, 429, 455, 481, 0, 0, 1438, 246, 522, 0], "tmv": [3907, 2388, 1363, 4340, 4401, 4549, 4472, 4977, 2311, 1237, 3968, 4080, 4140, 4246, 4837, 2345, 1101, 1959, 281, 0, 0], "tmd": [0, 0, 0, 0, 0, 3, 0, 0, 0, 0, 0, 22, 3, 5, 3, 0, 0, 0, 8, 5, 0], "wmn": 2691, "wmt": 39836, "wmd": 15, "wmv": 10525, "wdn": -35, "wdt": -13, "wdd": -50, "wdv": -58, "tlv": "New Hampshire"}