{"loc": "Hinds", "iso": "US", "l1": "United States", "l2": "Mississippi", "lvl": 3, "pop": 231840, "key": 11800, "isd": true, "ppd": 35.608000000000004, "med": 38.3, "p65": 15.413, "p70": 9.732000000000001, "hos": 2.77, "exp": 78.86, "adr": 2.0, "amn": 135999.0, "amv": 1204735.0, "amd": 2627.0, "amt": 835757.0, "tmn": [422, 327, 323, 0, 0, 577, 194, 181, 211, 207, 0, 0, 703, 530, 172, 358, 116, 0, 0, 215, 99], "tmv": [2554, 2257, 2903, 2781, 2047, 1978, 1647, 2163, 995, 2262, 2445, 2251, 1671, 0, 0, 2784, 2570, 2833, 3777, 2988, 0], "tmd": [5, 22, 5, 0, 0, 18, 9, 5, 18, 13, 0, 0, 0, 13, 5, 5, 22, 0, 0, 18, 26], "wmn": 962, "wmt": 10046, "wmd": 74, "wmv": 14955, "wdn": -48, "wdt": -57, "wdd": 55, "wdv": 27, "tlv": "Mississippi"}