{"loc": "Hingoli", "iso": "IN", "l1": "India", "l2": "Maharashtra", "lvl": 3, "pop": 1178973, "key": 11801, "isd": true, "ppd": 450.41900000000004, "med": 28.2, "p65": 5.989, "p70": 3.4139999999999997, "hos": 0.53, "exp": 69.66, "adr": 2.0, "amn": 4008.0, "amv": 10321.0, "amd": 85.0, "amt": 131552.0, "tmn": [6, 1, 0, 3, -16, 10, 7, 0, 12, 7, 0, 8, 11, 23, 11, 15, 19, 32, 8, 48, 13], "tmv": [26, 323, 255, 293, 353, 335, 61, 0, 0, 246, 238, 478, 437, 281, 178, 245, 350, 332, 507, 499, 351], "tmd": [0, 0, 0, 1, 1, 0, 0, 0, 0, 0, 0, 0, 0, 0, 0, 0, 0, 0, 0, 0, 0], "wmn": 149, "wmt": 4443, "wmd": 0, "wmv": 2467, "wdn": 130, "wdt": 44, "wdd": 0, "wdv": 47, "tlv": "Maharashtra"}