{"loc": "Hinds", "iso": "US", "l1": "United States", "l2": "Mississippi", "lvl": 3, "pop": 231840, "key": 11800, "isd": true, "ppd": 35.608000000000004, "med": 38.3, "p65": 15.413, "p70": 9.732000000000001, "hos": 2.77, "exp": 78.86, "adr": 2.0, "amn": 89786.0, "amv": 973354.0, "amd": 1829.0, "amt": 664171.0, "tmn": [30, 0, 0, 107, 25, 51, 56, 69, 0, 0, 94, 47, 51, 86, 181, 0, 0, 94, 60, 116, 146], "tmv": [4248, 3485, 4157, 3682, 3252, 2518, 2835, 2495, 4865, 3672, 4016, 3766, 3121, 6234, 3276, 3244, 2575, 1851, 1965, 1967, 2474], "tmd": [0, 0, 0, 5, 0, 0, 0, 9, 0, 0, 0, 0, 0, 0, 0, 0, 0, 0, 13, 0, 0], "wmn": 600, "wmt": 3860, "wmd": 13, "wmv": 17355, "wdn": 72, "wdt": 11, "wdd": 50, "wdv": -38, "tlv": "Mississippi"}