{"loc": "Hocking", "iso": "US", "l1": "United States", "l2": "Ohio", "lvl": 3, "pop": 28264, "key": 11807, "isd": true, "ppd": 35.608000000000004, "med": 38.3, "p65": 15.413, "p70": 9.732000000000001, "hos": 2.77, "exp": 78.86, "adr": 2.0, "amn": 95068.0, "amv": 1146163.0, "amd": 2335.0, "amt": 1307603.0, "tmn": [247, 353, 106, 707, 566, 424, 424, 459, 176, 283, 566, 672, 601, 566, 459, 176, 459, 459, 990, 1875, 778], "tmv": [3187, 2953, 1851, 1966, 2813, 2807, 3250, 3257, 2889, 2103, 1988, 3241, 2538, 4249, 2950, 0, 0, 0, 2913, 2024, 0], "tmd": [0, 0, 0, 0, 0, 0, 0, 0, 0, 0, 0, 0, 0, 0, 0, 0, 0, 36, 0, 0, 36], "wmn": 5201, "wmt": 22242, "wmd": 71, "wmv": 7888, "wdn": 56, "wdt": -3, "wdd": 0, "wdv": -61, "tlv": "Ohio"}