{"loc": "Honolulu", "iso": "US", "l1": "United States", "l2": "Hawaii", "lvl": 3, "pop": 974563, "key": 11819, "isd": true, "ppd": 35.608000000000004, "med": 38.3, "p65": 15.413, "p70": 9.732000000000001, "hos": 2.77, "exp": 78.86, "adr": 2.0, "amn": 22633.0, "amv": 197386.0, "amd": 355.0, "amt": 759408.0, "tmn": [81, 75, 87, 53, 20, 22, 41, 62, 43, 47, 36, 23, 13, 17, 46, 36, 35, 32, 19, 27, 16], "tmv": [4023, 4903, 6734, 6595, 3662, 2393, 4746, 4917, 6132, 6772, 6806, 0, 0, 3221, 4419, 5606, 5173, 5466, 3298, 2593, 0], "tmd": [3, 0, 0, 3, 0, 0, 3, 2, 2, 0, 2, 0, 0, 2, 2, 2, 0, 2, 0, 0, 3], "wmn": 216, "wmt": 23710, "wmd": 6, "wmv": 26559, "wdn": -12, "wdt": 16, "wdd": 25, "wdv": -5, "tlv": "Hawaii"}