{"loc": "Holt", "iso": "US", "l1": "United States", "l2": "Nebraska", "lvl": 3, "pop": 10067, "key": 11816, "isd": true, "ppd": 35.608000000000004, "med": 38.3, "p65": 15.413, "p70": 9.732000000000001, "hos": 2.77, "exp": 78.86, "adr": 2.0, "amn": 81951.0, "amv": 500973.0, "amd": 1589.0, "amt": 1367532.0, "tmn": [0, -198, 198, 0, 0, -298, 0, 0, 298, 99, 0, -198, 397, -198, 0, 99, 99, 695, 1092, 496, 198], "tmv": [6135, 5026, 6980, 8171, 7842, 9493, 9226, 6156, 5181, 6849, 8594, 10257, 10611, 9961, 7133, 5431, 8106, 10192, 12065, 12389, 10214], "tmd": [0, 0, 0, 0, 0, 0, 0, 0, 0, 0, 0, 0, 0, 0, 0, 0, 0, 0, 0, 0, 0], "wmn": 2683, "wmt": 37726, "wmd": 0, "wmv": 65534, "wdn": 575, "wdt": 33, "wdd": 0, "wdv": 14, "tlv": "Nebraska"}