{"loc": "Holmes", "iso": "US", "l1": "United States", "l2": "Mississippi", "lvl": 3, "pop": 17010, "key": 11813, "isd": true, "ppd": 35.608000000000004, "med": 38.3, "p65": 15.413, "p70": 9.732000000000001, "hos": 2.77, "exp": 78.86, "adr": 4.0, "amn": 105526.0, "amv": 160515.0, "amd": 4056.0, "amt": 564946.0, "tmn": [176, 411, 823, 411, 235, 117, 117, 117, 293, 117, 235, 235, 293, 117, 117, 0, 176, 117, 0, 176, 0], "tmv": [2448, 3374, 4677, 5132, 5139, 4690, 3336, 1695, 3330, 4023, 4903, 6734, 6595, 3662, 2393, 4746, 4917, 6132, 6772, 6806, 0], "tmd": [0, 0, 0, 0, 0, 0, 0, 59, 0, 0, 0, 0, 0, 0, 0, 0, 0, 0, 0, 0, 0], "wmn": 588, "wmt": 23998, "wmd": 0, "wmv": 31769, "wdn": -58, "wdt": 981, "wdd": -100, "wdv": 3, "tlv": "Mississippi"}