{"loc": "Hopewell", "iso": "US", "l1": "United States", "l2": "Virginia", "lvl": 3, "pop": 22529, "key": 11824, "isd": true, "ppd": 35.608000000000004, "med": 38.3, "p65": 15.413, "p70": 9.732000000000001, "hos": 2.77, "exp": 78.86, "adr": 3.0, "amn": 117271.0, "amv": 959275.0, "amd": 3507.0, "amt": 890245.0, "tmn": [310, 44, -133, -88, 44, -177, 0, 0, 0, 44, 0, 310, -177, 44, 88, -44, 88, 44, 221, 0, 133], "tmv": [3714, 0, 0, 1543, 2452, 4248, 3485, 4157, 3682, 3252, 2518, 2835, 2495, 4865, 3672, 4016, 3766, 3121, 6234, 3276, 0], "tmd": [45, 45, 0, 0, 0, 0, 0, 0, 0, 45, 0, 0, 0, 0, 45, 0, 0, 0, 0, 0, 0], "wmn": 533, "wmt": 7402, "wmd": 45, "wmv": 24088, "wdn": 140, "wdt": -9, "wdd": 0, "wdv": 1, "tlv": "Virginia"}