{"loc": "Hooghly", "iso": "IN", "l1": "India", "l2": "West Bengal", "lvl": 3, "pop": 5520389, "key": 11822, "isd": true, "ppd": 450.41900000000004, "med": 28.2, "p65": 5.989, "p70": 3.4139999999999997, "hos": 0.53, "exp": 69.66, "adr": 2.0, "amn": 5844.0, "amv": 82966.0, "amd": 91.0, "amt": 96706.0, "tmn": [5, 5, 7, 4, 3, 2, 9, 13, 14, 13, 18, 14, 16, 21, 28, 38, 34, 38, 52, 30, 52], "tmv": [1709, 1887, 1565, 188, 422, 1406, 1495, 2660, 3090, 2119, 2264, 2902, 2874, 2261, 2996, 2710, 2550, 2125, 2901, 1917, 2401], "tmd": [0, 0, 0, 0, 0, 0, 0, 0, 0, 1, 0, 0, 1, 0, 0, 0, 0, 0, 0, 1, 0], "wmn": 275, "wmt": 2708, "wmd": 1, "wmv": 17605, "wdn": 142, "wdt": 41, "wdd": 0, "wdv": -3, "tlv": "West Bengal"}