{"loc": "Hooghly", "iso": "IN", "l1": "India", "l2": "West Bengal", "lvl": 3, "pop": 5520389, "key": 11822, "isd": true, "ppd": 450.41900000000004, "med": 28.2, "p65": 5.989, "p70": 3.4139999999999997, "hos": 0.53, "exp": 69.66, "adr": 1.0, "amn": 11843.0, "amv": 138291.0, "amd": 125.0, "amt": 119029.0, "tmn": [113, 145, 172, 178, 164, 179, 171, 175, 172, 205, 217, 223, 226, 216, 242, 196, 207, 212, 209, 252, 219], "tmv": [424, 1355, 1209, 1580, 1936, 1874, 1669, 587, 2024, 2002, 1581, 1678, 930, 1375, 511, 1134, 995, 883, 1069, 0, 0], "tmd": [2, 1, 1, 1, 1, 1, 2, 1, 2, 2, 1, 2, 1, 3, 1, 2, 2, 1, 2, 2, 2], "wmn": 1540, "wmt": 4823, "wmd": 9, "wmv": 4596, "wdn": 7, "wdt": 2, "wdd": -2, "wdv": -55, "tlv": "West Bengal"}