{"loc": "Hood", "iso": "US", "l1": "United States", "l2": "Texas", "lvl": 3, "pop": 61643, "key": 11821, "isd": true, "ppd": 35.608000000000004, "med": 38.3, "p65": 15.413, "p70": 9.732000000000001, "hos": 2.77, "exp": 78.86, "adr": 2.0, "amn": 125367.0, "amv": 1100743.0, "amd": 2385.0, "amt": 988442.0, "tmn": [0, 3228, 194, 762, 470, 340, 0, 0, 454, 519, 324, 373, 405, 0, 0, 2011, 1005, 648, 535, 470, 0], "tmv": [1419, 1374, 2201, 2622, 2492, 2548, 2348, 1615, 1875, 1986, 1986, 2786, 3007, 2017, 2605, 1830, 2139, 3106, 3068, 3187, 2953], "tmd": [0, 0, 17, 0, 33, 0, 0, 0, 0, 17, 0, 0, 0, 33, 0, 0, 33, 0, 0, 0, 0], "wmn": 4673, "wmt": 19995, "wmd": 33, "wmv": 18892, "wdn": 125, "wdt": 6, "wdd": -33, "wdv": 24, "tlv": "Texas"}