{"loc": "Hopewell", "iso": "US", "l1": "United States", "l2": "Virginia", "lvl": 3, "pop": 22529, "key": 11824, "isd": true, "ppd": 35.608000000000004, "med": 38.3, "p65": 15.413, "p70": 9.732000000000001, "hos": 2.77, "exp": 78.86, "adr": 1.0, "amn": 86422.0, "amv": 153709.0, "amd": 1021.0, "amt": 656978.0, "tmn": [2530, 1420, 2618, 932, 798, 2086, 1020, 798, 798, 443, 488, 1020, 976, 1065, 310, 577, 0, 843, 399, 710, 532], "tmv": [2687, 2448, 3374, 4677, 5132, 5139, 4690, 3336, 1695, 3330, 4023, 4903, 6734, 6595, 3662, 2393, 4746, 4917, 6132, 6772, 0], "tmd": [0, 45, 0, 89, 0, 0, 0, 0, 0, 45, 45, 45, 45, 0, 0, 89, 0, 0, 0, 0, 0], "wmn": 3374, "wmt": 19903, "wmd": 89, "wmv": 28625, "wdn": -40, "wdt": -17, "wdd": -50, "wdv": -7, "tlv": "Virginia"}