{"loc": "Hood", "iso": "US", "l1": "United States", "l2": "Texas", "lvl": 3, "pop": 61643, "key": 11821, "isd": true, "ppd": 35.608000000000004, "med": 38.3, "p65": 15.413, "p70": 9.732000000000001, "hos": 2.77, "exp": 78.86, "adr": 2.0, "amn": 117807.0, "amv": 1059187.0, "amd": 2271.0, "amt": 942147.0, "tmn": [194, 535, 0, 0, 0, 162, 438, 324, 64, 0, 0, 940, 146, 713, 259, 243, 0, 0, 3228, 194, 762], "tmv": [1666, 1928, 1520, 1539, 740, 1856, 2005, 1821, 2051, 2364, 1193, 1200, 2288, 2155, 2600, 2160, 2477, 1419, 1374, 2201, 2622], "tmd": [17, 0, 17, 0, 0, 0, 0, 0, 17, 0, 0, 0, 17, 0, 0, 0, 17, 0, 0, 17, 0], "wmn": 4689, "wmt": 18960, "wmd": 33, "wmv": 14857, "wdn": 114, "wdt": 22, "wdd": 0, "wdv": 14, "tlv": "Texas"}