{"loc": "Horry", "iso": "US", "l1": "United States", "l2": "South Carolina", "lvl": 3, "pop": 354081, "key": 11828, "isd": true, "ppd": 35.608000000000004, "med": 38.3, "p65": 15.413, "p70": 9.732000000000001, "hos": 2.77, "exp": 78.86, "adr": 1.0, "amn": 167925.0, "amv": 1187231.0, "amd": 2265.0, "amt": 1709867.0, "tmn": [674, 739, 0, 0, 3213, 864, 720, 889, 1098, 0, 0, 2245, 406, 559, 756, 697, 0, 0, 1587, 338, 514], "tmv": [2024, 2876, 2739, 2336, 1790, 1886, 2554, 2257, 2903, 2781, 2047, 1978, 1647, 2163, 995, 2262, 2445, 2251, 1671, 1480, 0], "tmd": [23, 26, 0, 0, 32, 9, 32, 12, 17, 0, 0, 20, 9, 46, 3, 23, 0, 0, 23, 6, 20], "wmn": 3895, "wmt": 38827, "wmd": 74, "wmv": 11106, "wdn": -25, "wdt": -19, "wdd": -28, "wdv": -30, "tlv": "South Carolina"}