{"loc": "Houston", "iso": "US", "l1": "United States", "l2": "Texas", "lvl": 3, "pop": 22968, "key": 11838, "isd": true, "ppd": 35.608000000000004, "med": 38.3, "p65": 15.413, "p70": 9.732000000000001, "hos": 2.77, "exp": 78.86, "adr": 3.0, "amn": 79458.0, "amv": 867223.0, "amd": 2351.0, "amt": 833202.0, "tmn": [87, 174, 0, 0, 43, 43, 87, 0, 43, 7836, -87, 130, 87, 0, 87, -7532, 261, 87, 130, 87, 0], "tmv": [3608, 3001, 5456, 7305, 8515, 7794, 7192, 5713, 4653, 4699, 5814, 5591, 7265, 6352, 4511, 3409, 5326, 6395, 6671, 7120, 5400], "tmd": [0, 0, 0, 0, 0, 0, 0, 0, 0, 44, 0, 0, 0, 0, 44, 0, 0, 0, 0, 0, 0], "wmn": -6879, "wmt": 12199, "wmd": 44, "wmv": 38837, "wdn": -186, "wdt": 25, "wdd": 0, "wdv": -3, "tlv": "Texas"}