{"loc": "Hot Springs", "iso": "US", "l1": "United States", "l2": "Wyoming", "lvl": 3, "pop": 4413, "key": 11832, "isd": true, "ppd": 35.608000000000004, "med": 38.3, "p65": 15.413, "p70": 9.732000000000001, "hos": 2.77, "exp": 78.86, "adr": 1.0, "amn": 89055.0, "amv": 1064228.0, "amd": 680.0, "amt": 1434727.0, "tmn": [226, 226, 226, 0, 0, 0, 0, 0, 0, 0, 0, 226, 0, 0, 226, 0, 0, 906, 679, 0, 0], "tmv": [1539, 740, 1856, 2005, 1821, 2051, 2364, 1193, 1200, 2288, 2155, 2600, 2160, 2477, 1419, 1374, 2201, 2622, 2492, 2548, 0], "tmd": [0, 0, 0, 0, 0, 0, 0, 0, 0, 0, 0, 0, 0, 0, 0, 0, 0, 0, 0, 0, 0], "wmn": 1813, "wmt": 17935, "wmd": 0, "wmv": 12659, "wdn": 700, "wdt": 34, "wdd": 0, "wdv": -10, "tlv": "Wyoming"}