{"loc": "Houston", "iso": "US", "l1": "United States", "l2": "Tennessee", "lvl": 3, "pop": 8201, "key": 11837, "isd": true, "ppd": 35.608000000000004, "med": 38.3, "p65": 15.413, "p70": 9.732000000000001, "hos": 2.77, "exp": 78.86, "adr": 3.0, "amn": 136813.0, "amv": 998006.0, "amd": 4146.0, "amt": 1201407.0, "tmn": [0, 0, 0, 0, 0, 121, 0, 0, 0, 0, 0, 0, 0, 121, 0, 0, -121, 121, 121, 0, 0], "tmv": [3672, 4016, 3766, 3121, 6234, 3276, 3244, 2575, 1851, 1965, 1967, 2474, 1554, 2803, 3655, 3299, 2241, 4154, 4949, 1994, 0], "tmd": [0, 0, 122, 0, 0, 0, 0, 0, 0, 0, 0, 0, 0, 0, 0, 0, 0, 0, 0, 0, 0], "wmn": 122, "wmt": 7485, "wmd": 0, "wmv": 20295, "wdn": 0, "wdt": 36, "wdd": 0, "wdv": 34, "tlv": "Tennessee"}