{"loc": "Houghton", "iso": "US", "l1": "United States", "l2": "Michigan", "lvl": 3, "pop": 35684, "key": 11833, "isd": true, "ppd": 35.608000000000004, "med": 38.3, "p65": 15.413, "p70": 9.732000000000001, "hos": 2.77, "exp": 78.86, "adr": 1.0, "amn": 119774.0, "amv": 1283911.0, "amd": 1541.0, "amt": 1753275.0, "tmn": [1513, 0, 1008, 0, 0, 1205, 0, 1373, 0, 2522, 0, 0, 1092, 0, 2269, 0, 2718, 0, 0, 1765, 0], "tmv": [2552, 2575, 2955, 1399, 770, 2354, 2306, 2307, 2345, 3781, 2315, 1328, 4158, 4126, 4122, 3797, 3784, 1119, 91, 0, 0], "tmd": [0, 0, 29, 0, 0, 0, 0, 0, 0, 0, 0, 0, 0, 0, 0, 0, 0, 0, 0, 0, 0], "wmn": 6754, "wmt": 24714, "wmd": 0, "wmv": 12915, "wdn": 35, "wdt": -4, "wdd": 0, "wdv": -37, "tlv": "Michigan"}