{"loc": "Houston", "iso": "US", "l1": "United States", "l2": "Alabama", "lvl": 3, "pop": 105882, "key": 11834, "isd": true, "ppd": 35.608000000000004, "med": 38.3, "p65": 15.413, "p70": 9.732000000000001, "hos": 2.77, "exp": 78.86, "adr": 2.0, "amn": 166043.0, "amv": 1314721.0, "amd": 3948.0, "amt": 1247863.0, "tmn": [85, 113, 141, 226, 56, 37, 113, 415, 170, 37, 188, 56, 18, 113, 103, 207, 37, 113, 66, 56, 66], "tmv": [2351, 2413, 3899, 2384, 1362, 4330, 4389, 4534, 4456, 4953, 2304, 1233, 3937, 4025, 4080, 4142, 4614, 1985, 454, 175, 0], "tmd": [19, 0, 10, 0, 0, 0, 0, 0, 0, 0, 0, 0, 0, 19, 10, 10, 0, 19, 0, 0, 0], "wmn": 652, "wmt": 11985, "wmd": 38, "wmv": 15454, "wdn": -35, "wdt": -3, "wdd": 100, "wdv": -39, "tlv": "Alabama"}