{"loc": "Howrah", "iso": "IN", "l1": "India", "l2": "West Bengal", "lvl": 3, "pop": 4841638, "key": 11847, "isd": true, "ppd": 450.41900000000004, "med": 28.2, "p65": 5.989, "p70": 3.4139999999999997, "hos": 0.53, "exp": 69.66, "adr": 3.0, "amn": 7420.0, "amv": 14129.0, "amd": 216.0, "amt": 87126.0, "tmn": [3, 1, 0, 2, 4, 2, 3, 3, 1, 3, 4, 1, 2, 3, 3, 2, 1, 3, 2, 2, 4], "tmv": [0, 0, 246, 238, 478, 437, 281, 178, 245, 350, 332, 507, 499, 351, 42, 400, 555, 721, 1006, 1081, 0], "tmd": [0, 0, 0, 0, 0, 0, 1, 1, 0, 0, 0, 0, 0, 0, 0, 0, 0, 0, 0, 0, 1], "wmn": 21, "wmt": 1357, "wmd": 1, "wmv": 3809, "wdn": -2, "wdt": 1, "wdd": 0, "wdv": 54, "tlv": "West Bengal"}