{"loc": "Howard", "iso": "US", "l1": "United States", "l2": "Indiana", "lvl": 3, "pop": 82544, "key": 11840, "isd": true, "ppd": 35.608000000000004, "med": 38.3, "p65": 15.413, "p70": 9.732000000000001, "hos": 2.77, "exp": 78.86, "adr": 2.0, "amn": 144565.0, "amv": 1104562.0, "amd": 2992.0, "amt": 1775725.0, "tmn": [424, 278, 0, 0, 932, 302, 787, 581, 569, 0, 0, 1429, 545, 1005, 884, 654, 0, 0, 2277, 860, 1296], "tmv": [2622, 2492, 2548, 2348, 1615, 1875, 1986, 1986, 2786, 3007, 2017, 2605, 1830, 2139, 3106, 3068, 3187, 2953, 1851, 1966, 0], "tmd": [0, 0, 0, 0, 0, 25, 25, 0, 13, 0, 0, 13, 13, 0, 0, 13, 0, 0, 13, 0, 13], "wmn": 5973, "wmt": 42306, "wmd": 37, "wmv": 16136, "wdn": 45, "wdt": 32, "wdd": 0, "wdv": -1, "tlv": "Indiana"}