{"loc": "Howard", "iso": "US", "l1": "United States", "l2": "Indiana", "lvl": 3, "pop": 82544, "key": 11840, "isd": true, "ppd": 35.608000000000004, "med": 38.3, "p65": 15.413, "p70": 9.732000000000001, "hos": 2.77, "exp": 78.86, "adr": 2.0, "amn": 110038.0, "amv": 244457.0, "amd": 2411.0, "amt": 1208160.0, "tmn": [266, 254, 242, 84, 193, 109, 24, 72, 96, 48, 121, 48, 84, 72, 96, 109, 96, 12, 36, 193, 96], "tmv": [6132, 6772, 6806, 0, 0, 3221, 4419, 5606, 5173, 5466, 3298, 2593, 4349, 5491, 6616, 7139, 7375, 5050, 5255, 5793, 0], "tmd": [61, 0, 25, 13, 37, 13, 37, 0, 13, 0, 13, 25, 0, 13, 0, 13, 13, 0, 13, 0, 13], "wmn": 643, "wmt": 34326, "wmd": 49, "wmv": 37231, "wdn": 18, "wdt": -8, "wdd": -20, "wdv": 16, "tlv": "Indiana"}