{"loc": "Howard", "iso": "US", "l1": "United States", "l2": "Indiana", "lvl": 3, "pop": 82544, "key": 11840, "isd": true, "ppd": 35.608000000000004, "med": 38.3, "p65": 15.413, "p70": 9.732000000000001, "hos": 2.77, "exp": 78.86, "adr": 2.0, "amn": 114811.0, "amv": 490759.0, "amd": 2556.0, "amt": 1333203.0, "tmn": [133, 72, 121, 193, 133, 145, 96, 145, 96, 290, 181, 145, 169, 230, 181, 109, 36, 302, 327, 205, 109], "tmv": [4118, 6135, 5026, 6980, 8171, 7842, 9493, 9226, 6156, 5181, 6849, 8594, 10257, 10611, 9961, 7133, 5431, 8106, 10192, 12065, 12389], "tmd": [0, 13, 13, 0, 0, 0, 0, 13, 0, 0, 0, 13, 0, 0, 0, 0, 0, 0, 0, 25, 0], "wmn": 1273, "wmt": 36317, "wmd": 25, "wmv": 65281, "wdn": 1, "wdt": 76, "wdd": 0, "wdv": 15, "tlv": "Indiana"}