{"loc": "Howard", "iso": "US", "l1": "United States", "l2": "Missouri", "lvl": 3, "pop": 10001, "key": 11843, "isd": true, "ppd": 35.608000000000004, "med": 38.3, "p65": 15.413, "p70": 9.732000000000001, "hos": 2.77, "exp": 78.86, "adr": 1.0, "amn": 127387.0, "amv": 1136653.0, "amd": 1000.0, "amt": 1085288.0, "tmn": [699, 0, 199, 399, 199, 199, 599, 399, 0, 299, 599, 99, 299, 99, 199, 499, 299, 199, 199, 0, 99], "tmv": [2139, 3106, 3068, 3187, 2953, 1851, 1966, 2813, 2807, 3250, 3257, 2889, 2103, 1988, 3241, 2538, 4249, 2950, 0, 0, 0], "tmd": [0, 0, 0, 0, 0, 0, 0, 100, 0, 0, 0, 0, 0, 0, 0, 0, 0, 0, 0, 0, 0], "wmn": 1500, "wmt": 17950, "wmd": 0, "wmv": 12982, "wdn": -17, "wdt": 1, "wdd": -100, "wdv": -32, "tlv": "Missouri"}