{"loc": "Howard", "iso": "US", "l1": "United States", "l2": "Texas", "lvl": 3, "pop": 36664, "key": 11845, "isd": true, "ppd": 35.608000000000004, "med": 38.3, "p65": 15.413, "p70": 9.732000000000001, "hos": 2.77, "exp": 78.86, "adr": 2.0, "amn": 135392.0, "amv": 1079834.0, "amd": 2837.0, "amt": 968447.0, "tmn": [27, 0, 218, 109, 0, 190, 163, 81, 218, 190, 572, 218, 790, 136, 109, 354, 763, 354, 981, 463, 27], "tmv": [1193, 1200, 2288, 2155, 2600, 2160, 2477, 1419, 1374, 2201, 2622, 2492, 2548, 2348, 1615, 1875, 1986, 1986, 2786, 3007, 0], "tmd": [0, 0, 0, 0, 0, 0, 0, 0, 0, 0, 0, 0, 0, 0, 0, 0, 28, 0, 0, 0, 0], "wmn": 3055, "wmt": 18785, "wmd": 28, "wmv": 13258, "wdn": 38, "wdt": 10, "wdd": 0, "wdv": -12, "tlv": "Texas"}