{"loc": "Huerfano", "iso": "US", "l1": "United States", "l2": "Colorado", "lvl": 3, "pop": 6897, "key": 11854, "isd": true, "ppd": 35.608000000000004, "med": 38.3, "p65": 15.413, "p70": 9.732000000000001, "hos": 2.77, "exp": 78.86, "adr": 4.0, "amn": 65391.0, "amv": 1027393.0, "amd": 2610.0, "amt": 1615220.0, "tmn": [434, 434, 144, 0, 0, 0, 0, 144, 144, 144, 144, 0, 0, 0, 144, 0, 144, 144, 144, 434, 0], "tmv": [4949, 1994, 3524, 1923, 0, 0, 1326, 2107, 1883, 1818, 1779, 1363, 1036, 1655, 1721, 1666, 1928, 1520, 1539, 740, 0], "tmd": [0, 0, 145, 0, 0, 0, 0, 0, 0, 0, 0, 0, 0, 0, 0, 0, 0, 0, 0, 0, 0], "wmn": 1015, "wmt": 15678, "wmd": 0, "wmv": 9117, "wdn": 75, "wdt": -11, "wdd": 0, "wdv": -22, "tlv": "Colorado"}