{"loc": "Humboldt", "iso": "US", "l1": "United States", "l2": "California", "lvl": 3, "pop": 135558, "key": 11859, "isd": true, "ppd": 35.608000000000004, "med": 38.3, "p65": 15.413, "p70": 9.732000000000001, "hos": 2.77, "exp": 78.86, "adr": 1.0, "amn": 50569.0, "amv": 1107375.0, "amd": 479.0, "amt": 2024021.0, "tmn": [737, 0, 66, 1527, 671, 243, 649, 302, 0, 206, 1202, 671, 265, 390, 634, 0, 140, 612, 840, 722, 840], "tmv": [2492, 2548, 2348, 1615, 1875, 1986, 1986, 2786, 3007, 2017, 2605, 1830, 2139, 3106, 3068, 3187, 2953, 1851, 1966, 2813, 0], "tmd": [8, 0, 0, 0, 8, 0, 8, 0, 0, 0, 8, 0, 0, 0, 15, 0, 0, 8, 0, 23, 0], "wmn": 3792, "wmt": 52660, "wmd": 45, "wmv": 15842, "wdn": 25, "wdt": 13, "wdd": 500, "wdv": -9, "tlv": "California"}