{"loc": "Humboldt", "iso": "US", "l1": "United States", "l2": "California", "lvl": 3, "pop": 135558, "key": 11859, "isd": true, "ppd": 35.608000000000004, "med": 38.3, "p65": 15.413, "p70": 9.732000000000001, "hos": 2.77, "exp": 78.86, "adr": 1.0, "amn": 55902.0, "amv": 1141226.0, "amd": 590.0, "amt": 2144577.0, "tmn": [390, 634, 0, 140, 612, 840, 722, 840, 140, 0, 95, 774, 877, 427, 1025, 213, 0, 0, 0, 1541, 236], "tmv": [3106, 3068, 3187, 2953, 1851, 1966, 2813, 2807, 3250, 3257, 2889, 2103, 1988, 3241, 2538, 4249, 2950, 0, 0, 0, 0], "tmd": [0, 15, 0, 0, 8, 0, 23, 0, 45, 0, 0, 37, 0, -7, 0, 0, 0, 0, 0, 23, 15], "wmn": 3018, "wmt": 65424, "wmd": 37, "wmv": 9740, "wdn": -4, "wdt": 6, "wdd": -50, "wdv": -50, "tlv": "California"}