{"loc": "Hubei", "iso": "CN", "l1": "China", "l2": "Hubei", "lvl": 2, "pop": 59170000, "key": 11851, "isd": true, "ppd": 147.674, "med": 38.7, "p65": 10.640999999999998, "p70": 5.928999999999999, "hos": 4.34, "exp": 76.91, "adr": 7.0, "amn": 1152.0, "amv": 886094.0, "amd": 76.0, "amt": 0.0, "tmn": [0, 0, 0, 0, 0, 0, 0, 0, 0, 0, 0, 0, 0, 0, 0, 0, 0, 0, 0, 0, 0], "tmv": [12966, 10685, 10142, 8090, 14078, 15120, 15307, 16804, 14403, 13336, 14609, 15689, 17170, 17613, 16489, 15252, 14634, 14898, 13540, 13484, 0], "tmd": [0, 0, 0, 0, 0, 0, 0, 0, 0, 0, 0, 0, 0, 0, 0, 0, 0, 0, 0, 0, 0], "wmn": 1, "wmt": 0, "wmd": 0, "wmv": 88300, "wdn": 0, "wdt": 0, "wdd": 0, "wdv": -19, "tlv": "China"}