{"loc": "Humboldt", "iso": "US", "l1": "United States", "l2": "California", "lvl": 3, "pop": 135558, "key": 11859, "isd": true, "ppd": 35.608000000000004, "med": 38.3, "p65": 15.413, "p70": 9.732000000000001, "hos": 2.77, "exp": 78.86, "adr": 1.0, "amn": 30732.0, "amv": 841634.0, "amd": 310.0, "amt": 1606539.0, "tmn": [140, 140, 0, 0, 243, 73, 59, 88, 147, 0, 29, 302, 29, 132, 324, 191, 0, 59, 405, 125, 103], "tmv": [8259, 8496, 10027, 6458, 3608, 3001, 5456, 7305, 8515, 7794, 7192, 5713, 4653, 4699, 5814, 5591, 7265, 6352, 4511, 3409, 5326], "tmd": [0, 0, 0, 0, 0, 8, 0, 0, 0, 0, 0, 8, 0, 8, 0, 8, 0, 0, 0, 0, 0], "wmn": 1210, "wmt": 32293, "wmd": 8, "wmv": 38272, "wdn": 66, "wdt": -5, "wdd": -50, "wdv": -17, "tlv": "California"}