{"loc": "Hudspeth", "iso": "US", "l1": "United States", "l2": "Texas", "lvl": 3, "pop": 4886, "key": 11853, "isd": true, "ppd": 35.608000000000004, "med": 38.3, "p65": 15.413, "p70": 9.732000000000001, "hos": 2.77, "exp": 78.86, "adr": 2.0, "amn": 107245.0, "amv": 720439.0, "amd": 2251.0, "amt": 791027.0, "tmn": [-409, 0, 613, 0, 0, 204, -818, 0, 204, 0, 0, 0, 409, 409, -204, 409, 0, 0, 204, 1227, 409], "tmv": [12013, 14052, 10864, 8027, 7863, 7615, 10699, 12037, 10893, 10729, 6600, 5484, 7781, 9092, 10242, 10071, 9169, 6395, 4975, 6773, 8259], "tmd": [0, 0, 0, 0, 0, 0, 0, 0, 0, 0, 0, 0, 0, 0, 0, 0, 0, 0, 0, 0, 0], "wmn": 2047, "wmt": 13749, "wmd": 0, "wmv": 55887, "wdn": 100, "wdt": -1, "wdd": 0, "wdv": -11, "tlv": "Texas"}