{"loc": "Hughes", "iso": "US", "l1": "United States", "l2": "Oklahoma", "lvl": 3, "pop": 13279, "key": 11855, "isd": true, "ppd": 35.608000000000004, "med": 38.3, "p65": 15.413, "p70": 9.732000000000001, "hos": 2.77, "exp": 78.86, "adr": 2.0, "amn": 103848.0, "amv": 1091533.0, "amd": 2259.0, "amt": 1081019.0, "tmn": [0, 0, 0, 0, 0, 1882, 0, 0, 0, 0, 0, 0, 2786, 0, 0, 0, 0, 0, 0, 3238, 0], "tmv": [2600, 2160, 2477, 1419, 1374, 2201, 2622, 2492, 2548, 2348, 1615, 1875, 1986, 1986, 2786, 3007, 2017, 2605, 1830, 2139, 3106], "tmd": [0, 0, 0, 0, 0, 0, 0, 0, 0, 0, 0, 0, 0, 0, 0, 0, 0, 0, 0, 0, 0], "wmn": 3239, "wmt": 6975, "wmd": 0, "wmv": 17494, "wdn": 16, "wdt": -17, "wdd": 0, "wdv": 18, "tlv": "Oklahoma"}