{"loc": "Humboldt", "iso": "US", "l1": "United States", "l2": "California", "lvl": 3, "pop": 135558, "key": 11859, "isd": true, "ppd": 35.608000000000004, "med": 38.3, "p65": 15.413, "p70": 9.732000000000001, "hos": 2.77, "exp": 78.86, "adr": 1.0, "amn": 58897.0, "amv": 1157792.0, "amd": 605.0, "amt": 2193810.0, "tmn": [840, 140, 0, 95, 774, 877, 427, 1025, 213, 0, 0, 0, 1541, 236, 848, 221, 0, 0, 1261, 0, 663], "tmv": [2807, 3250, 3257, 2889, 2103, 1988, 3241, 2538, 4249, 2950, 0, 0, 0, 2913, 2024, 2876, 2739, 2336, 1790, 1886, 0], "tmd": [0, 45, 0, 0, 37, 0, -7, 0, 0, 0, 0, 0, 23, 15, 0, 8, 0, 0, 8, 0, 0], "wmn": 2996, "wmt": 49234, "wmd": 15, "wmv": 13653, "wdn": -1, "wdt": -25, "wdd": -60, "wdv": 8, "tlv": "California"}