{"loc": "Hungary", "iso": "HU", "l1": "Hungary", "l2": "0", "lvl": 1, "pop": 9660350, "key": 11865, "isd": true, "ppd": 108.04299999999999, "med": 43.4, "p65": 18.577, "p70": 11.975999999999999, "hos": 7.02, "exp": 76.88, "adr": 4.0, "amn": 83755.0, "amv": 0.0, "amd": 3108.0, "amt": 603909.0, "tmn": [6, 3, 4, 5, 4, 0, 0, 10, 1, 5, 5, 6, 0, 0, 14, 2, 5, 7, 8, 0, 0], "tmv": [0, 0, 0, 0, 0, 0, 0, 0, 0, 0, 0, 0, 0, 0, 0, 0, 0, 0, 0, 0, 0], "tmd": [1, 1, 1, 1, 0, 0, 0, 1, 1, 1, 0, 1, 0, 0, 1, 1, 0, 1, 0, 0, 0], "wmn": 39, "wmt": 4818, "wmd": 1, "wmv": 0, "wdn": 31, "wdt": 1, "wdd": -55, "wdv": 0, "tlv": "Hungary"}