{"loc": "Iberia", "iso": "US", "l1": "United States", "l2": "Louisiana", "lvl": 3, "pop": 69830, "key": 11878, "isd": true, "ppd": 35.608000000000004, "med": 38.3, "p65": 15.413, "p70": 9.732000000000001, "hos": 2.77, "exp": 78.86, "adr": 2.0, "amn": 102320.0, "amv": 814768.0, "amd": 2191.0, "amt": 1431109.0, "tmn": [0, 0, 300, 257, 57, 358, 100, 0, 0, 128, 558, 114, 100, 572, 0, 0, 272, 372, 114, 100, 157], "tmv": [10071, 9169, 6395, 4975, 6773, 8259, 8496, 10027, 6458, 3608, 3001, 5456, 7305, 8515, 7794, 7192, 5713, 4653, 4699, 5814, 5591], "tmd": [0, 0, 0, 0, 15, 0, 0, 0, 0, 0, 0, 0, 0, 0, 0, 0, 0, 0, 0, 0, 0], "wmn": 1017, "wmt": 18760, "wmd": 0, "wmv": 41459, "wdn": -31, "wdt": -4, "wdd": 0, "wdv": -7, "tlv": "Louisiana"}