{"loc": "Huron", "iso": "US", "l1": "United States", "l2": "Ohio", "lvl": 3, "pop": 58266, "key": 11871, "isd": true, "ppd": 35.608000000000004, "med": 38.3, "p65": 15.413, "p70": 9.732000000000001, "hos": 2.77, "exp": 78.86, "adr": 2.0, "amn": 84423.0, "amv": 298070.0, "amd": 1871.0, "amt": 886856.0, "tmn": [120, 85, 274, 171, 360, 394, 274, 257, 85, 274, 171, 308, 223, 171, 188, 51, 120, 205, 240, 223, 188], "tmv": [5173, 5466, 3298, 2593, 4349, 5491, 6616, 7139, 7375, 5050, 5255, 5793, 6168, 7391, 8814, 7404, 5275, 4864, 6157, 7535, 0], "tmd": [0, 0, 0, 0, 0, 0, 0, 0, 0, 0, 0, 0, 0, 0, 0, 0, 0, 0, 0, 0, 18], "wmn": 1219, "wmt": 15303, "wmd": 18, "wmv": 40053, "wdn": -18, "wdt": -28, "wdd": 0, "wdv": -9, "tlv": "Ohio"}