{"loc": "Huron", "iso": "US", "l1": "United States", "l2": "Ohio", "lvl": 3, "pop": 58266, "key": 11871, "isd": true, "ppd": 35.608000000000004, "med": 38.3, "p65": 15.413, "p70": 9.732000000000001, "hos": 2.77, "exp": 78.86, "adr": 3.0, "amn": 80150.0, "amv": 180853.0, "amd": 2008.0, "amt": 834175.0, "tmn": [102, 360, 240, 188, 291, 549, 291, 34, 102, 51, 240, 154, 274, 102, 51, 120, 51, 154, 257, 188, 120], "tmv": [4690, 3336, 1695, 3330, 4023, 4903, 6734, 6595, 3662, 2393, 4746, 4917, 6132, 6772, 6806, 0, 0, 3221, 4419, 5606, 0], "tmd": [0, 0, 0, 18, 0, 0, 18, 0, 0, 0, 0, 0, 0, 0, 0, 0, 0, 0, 0, 224, 18], "wmn": 944, "wmt": 16338, "wmd": 241, "wmv": 20055, "wdn": -2, "wdt": -23, "wdd": 0, "wdv": -43, "tlv": "Ohio"}