{"loc": "Hutchinson", "iso": "US", "l1": "United States", "l2": "Texas", "lvl": 3, "pop": 20938, "key": 11873, "isd": true, "ppd": 35.608000000000004, "med": 38.3, "p65": 15.413, "p70": 9.732000000000001, "hos": 2.77, "exp": 78.86, "adr": 3.0, "amn": 129382.0, "amv": 1100743.0, "amd": 3439.0, "amt": 990833.0, "tmn": [620, 716, 238, 95, 429, 0, 0, 811, 238, -143, 382, 1385, 0, 0, 1623, 477, 95, 716, 907, 0, 0], "tmv": [1374, 2201, 2622, 2492, 2548, 2348, 1615, 1875, 1986, 1986, 2786, 3007, 2017, 2605, 1830, 2139, 3106, 3068, 3187, 2953, 0], "tmd": [0, 0, 0, 0, 0, 0, 0, 0, 0, 0, 0, 0, 0, 0, 0, 0, 0, 0, 0, 0, 0], "wmn": 3821, "wmt": 19540, "wmd": 0, "wmv": 16287, "wdn": 43, "wdt": 5, "wdd": 0, "wdv": 0, "tlv": "Texas"}