{"loc": "Huron", "iso": "US", "l1": "United States", "l2": "Ohio", "lvl": 3, "pop": 58266, "key": 11871, "isd": true, "ppd": 35.608000000000004, "med": 38.3, "p65": 15.413, "p70": 9.732000000000001, "hos": 2.77, "exp": 78.86, "adr": 2.0, "amn": 119847.0, "amv": 1154115.0, "amd": 2128.0, "amt": 1312190.0, "tmn": [686, 635, 961, 497, 446, 703, 394, 772, 755, 858, 875, 823, 755, 652, 274, 1029, 1304, 978, 755, 566, 1081], "tmv": [1966, 2813, 2807, 3250, 3257, 2889, 2103, 1988, 3241, 2538, 4249, 2950, 0, 0, 0, 2913, 2024, 2876, 2739, 2336, 0], "tmd": [0, 0, 0, 0, 0, 0, 0, 0, 0, 0, 0, 0, 0, 0, 0, 0, 0, 0, 0, 0, 0], "wmn": 5990, "wmt": 15294, "wmd": 0, "wmv": 12890, "wdn": 9, "wdt": -36, "wdd": 0, "wdv": -14, "tlv": "Ohio"}