{"loc": "Iberia", "iso": "US", "l1": "United States", "l2": "Louisiana", "lvl": 3, "pop": 69830, "key": 11878, "isd": true, "ppd": 35.608000000000004, "med": 38.3, "p65": 15.413, "p70": 9.732000000000001, "hos": 2.77, "exp": 78.86, "adr": 2.0, "amn": 173249.0, "amv": 1170335.0, "amd": 3093.0, "amt": 1910443.0, "tmn": [0, 3737, 544, 1288, 0, 0, 0, 1632, 859, 902, 558, 0, 0, 0, 1288, 945, 243, 358, 0, 0, 544], "tmv": [1988, 3241, 2538, 4249, 2950, 0, 0, 0, 2913, 2024, 2876, 2739, 2336, 1790, 1886, 2554, 2257, 2903, 2781, 2047, 0], "tmd": [0, 58, 0, 29, 0, 0, 0, 0, 58, 15, 15, 0, 0, 0, 29, 72, 0, 15, 0, 0, 43], "wmn": 3380, "wmt": 30420, "wmd": 158, "wmv": 14431, "wdn": -14, "wdt": 9, "wdd": 83, "wdv": -2, "tlv": "Louisiana"}