{"loc": "Huron", "iso": "US", "l1": "United States", "l2": "Michigan", "lvl": 3, "pop": 30981, "key": 11870, "isd": true, "ppd": 35.608000000000004, "med": 38.3, "p65": 15.413, "p70": 9.732000000000001, "hos": 2.77, "exp": 78.86, "adr": 2.0, "amn": 115458.0, "amv": 591235.0, "amd": 2195.0, "amt": 1214278.0, "tmn": [1613, 968, 0, 1355, 1355, 2324, 1032, 1129, 1129, 0, 1323, 1258, 2872, 2227, 1678, 871, 0, 1646, 1387, 1258, 1097], "tmv": [10257, 10611, 9961, 7133, 5431, 8106, 10192, 12065, 12389, 10214, 6477, 4262, 8755, 10329, 12013, 14052, 10864, 8027, 7863, 7615, 0], "tmd": [0, 0, 0, 0, 0, 0, 0, 0, 0, 0, 0, 33, 0, 0, 0, 33, 0, 33, 33, 0, 65], "wmn": 7941, "wmt": 34265, "wmd": 162, "wmv": 60438, "wdn": -20, "wdt": 20, "wdd": 400, "wdv": -6, "tlv": "Michigan"}