{"loc": "Huron", "iso": "US", "l1": "United States", "l2": "Ohio", "lvl": 3, "pop": 58266, "key": 11871, "isd": true, "ppd": 35.608000000000004, "med": 38.3, "p65": 15.413, "p70": 9.732000000000001, "hos": 2.77, "exp": 78.86, "adr": 2.0, "amn": 80682.0, "amv": 194792.0, "amd": 2008.0, "amt": 841028.0, "tmn": [188, 291, 549, 291, 34, 102, 51, 240, 154, 274, 102, 51, 120, 51, 154, 257, 188, 120, 85, 274, 171], "tmv": [3330, 4023, 4903, 6734, 6595, 3662, 2393, 4746, 4917, 6132, 6772, 6806, 0, 0, 3221, 4419, 5606, 5173, 5466, 3298, 0], "tmd": [35, 0, 0, 35, 0, 0, 0, 0, 0, 0, 18, 0, 0, 0, 0, -240, 224, 18, 0, 0, -17], "wmn": 1253, "wmt": 15070, "wmd": -17, "wmv": 27187, "wdn": 26, "wdt": -29, "wdd": -200, "wdv": -7, "tlv": "Ohio"}