{"loc": "Illinois", "iso": "US", "l1": "United States", "l2": "Illinois", "lvl": 2, "pop": 12671821, "key": 11886, "isd": true, "ppd": 35.608000000000004, "med": 38.3, "p65": 15.413, "p70": 9.732000000000001, "hos": 2.77, "exp": 78.86, "adr": 2.0, "amn": 110424.0, "amv": 1018277.0, "amd": 2035.0, "amt": 2069025.0, "tmn": [23, 0, 0, 58, 23, 20, 36, 28, 0, 0, 0, 96, 36, 48, 50, 0, 0, 125, 45, 58, 67], "tmv": [1554, 2803, 3655, 3299, 2241, 4154, 4949, 1994, 3524, 1923, 0, 0, 1326, 2107, 1883, 1818, 1779, 1363, 1036, 1655, 0], "tmd": [1, 0, 0, 2, 1, 1, 1, 1, 0, 0, 0, 3, 1, 1, 1, 0, 0, 3, 1, 1, 1], "wmn": 349, "wmt": 18072, "wmd": 5, "wmv": 9537, "wdn": 66, "wdt": 19, "wdd": 17, "wdv": -12, "tlv": "Illinois"}