{"loc": "Idaho", "iso": "US", "l1": "United States", "l2": "Idaho", "lvl": 3, "pop": 16667, "key": 11883, "isd": true, "ppd": 35.608000000000004, "med": 38.3, "p65": 15.413, "p70": 9.732000000000001, "hos": 2.77, "exp": 78.86, "adr": 1.0, "amn": 73679.0, "amv": 809177.0, "amd": 1080.0, "amt": 402489.0, "tmn": [179, 0, 0, 0, 59, 119, 119, -59, 0, 0, 359, 179, 119, 359, 239, 0, 0, 119, 179, 239, 299], "tmv": [10242, 10071, 9169, 6395, 4975, 6773, 8259, 8496, 10027, 6458, 3608, 3001, 5456, 7305, 8515, 7794, 7192, 5713, 4653, 4699, 5814], "tmd": [0, 0, 0, 0, 0, 0, 0, 0, 0, 0, 0, 0, 0, 0, 0, 0, 0, 0, 0, 0, 0], "wmn": 1080, "wmt": 3581, "wmd": 0, "wmv": 44384, "wdn": 12, "wdt": -7, "wdd": 0, "wdv": 0, "tlv": "Idaho"}