{"loc": "Idaho", "iso": "US", "l1": "United States", "l2": "Idaho", "lvl": 3, "pop": 16667, "key": 11883, "isd": true, "ppd": 35.608000000000004, "med": 38.3, "p65": 15.413, "p70": 9.732000000000001, "hos": 2.77, "exp": 78.86, "adr": 1.0, "amn": 109318.0, "amv": 1176126.0, "amd": 1440.0, "amt": 524010.0, "tmn": [899, 419, 0, 0, 0, 119, 1979, 1379, 1199, 239, 0, 1259, 539, 59, 539, 719, 0, 0, 1439, 239, 839], "tmv": [2538, 4249, 2950, 0, 0, 0, 2913, 2024, 2876, 2739, 2336, 1790, 1886, 2554, 2257, 2903, 2781, 2047, 1978, 1647, 2163], "tmd": [0, 0, 0, 0, 0, 0, 120, 0, 0, 0, 0, 60, 120, 60, 0, 0, 0, 0, 0, 0, 0], "wmn": 3780, "wmt": 11206, "wmd": 0, "wmv": 15780, "wdn": -19, "wdt": 6, "wdd": -100, "wdv": -3, "tlv": "Idaho"}