{"loc": "Illinois", "iso": "US", "l1": "United States", "l2": "Illinois", "lvl": 2, "pop": 12671821, "key": 11886, "isd": true, "ppd": 35.608000000000004, "med": 38.3, "p65": 15.413, "p70": 9.732000000000001, "hos": 2.77, "exp": 78.86, "adr": 2.0, "amn": 118615.0, "amv": 1107375.0, "amd": 2076.0, "amt": 2240643.0, "tmn": [239, 0, 0, 620, 232, 310, 245, 274, 0, 0, 720, 287, 302, 250, 387, 0, 0, 727, 235, 351, 318], "tmv": [2492, 2548, 2348, 1615, 1875, 1986, 1986, 2786, 3007, 2017, 2605, 1830, 2139, 3106, 3068, 3187, 2953, 1851, 1966, 2813, 0], "tmd": [2, 0, 0, 3, 1, 1, 2, 2, 0, 0, 3, 2, 4, 2, 2, 0, 0, 4, 2, 4, 5], "wmn": 2021, "wmt": 38398, "wmd": 14, "wmv": 15842, "wdn": 10, "wdt": 10, "wdd": 42, "wdv": -9, "tlv": "Illinois"}