{"loc": "Illinois", "iso": "US", "l1": "United States", "l2": "Illinois", "lvl": 2, "pop": 12671821, "key": 11886, "isd": true, "ppd": 35.608000000000004, "med": 38.3, "p65": 15.413, "p70": 9.732000000000001, "hos": 2.77, "exp": 78.86, "adr": 2.0, "amn": 109648.0, "amv": 965095.0, "amd": 2020.0, "amt": 2001099.0, "tmn": [31, 37, 52, 50, 42, 26, 19, 28, 32, 28, 32, 21, 23, 13, 17, 28, 20, 9, 0, 0, 63], "tmv": [0, 1543, 2452, 4248, 3485, 4157, 3682, 3252, 2518, 2835, 2495, 4865, 3672, 4016, 3766, 3121, 6234, 3276, 3244, 2575, 0], "tmd": [1, 1, 2, 2, 3, 3, 2, 2, 3, 2, 2, 2, 1, 1, 2, 3, 2, 2, 0, 0, 3], "wmn": 140, "wmt": 15540, "wmd": 9, "wmv": 22220, "wdn": -22, "wdt": -28, "wdd": -14, "wdv": -6, "tlv": "Illinois"}