{"loc": "Indiana", "iso": "US", "l1": "United States", "l2": "Pennsylvania", "lvl": 3, "pop": 84073, "key": 11891, "isd": true, "ppd": 35.608000000000004, "med": 38.3, "p65": 15.413, "p70": 9.732000000000001, "hos": 2.77, "exp": 78.86, "adr": 2.0, "amn": 94073.0, "amv": 1187231.0, "amd": 2308.0, "amt": 1340586.0, "tmn": [523, 511, 416, 642, 487, 344, 475, 582, 547, 523, 594, 475, 309, 606, 380, 570, 511, 440, 451, 225, 666], "tmv": [2913, 2024, 2876, 2739, 2336, 1790, 1886, 2554, 2257, 2903, 2781, 2047, 1978, 1647, 2163, 995, 2262, 2445, 2251, 1671, 1480], "tmd": [0, 0, 0, 0, 0, 0, 36, 0, 12, 0, 12, 0, 0, 0, 0, 0, 24, 12, 0, 0, 12], "wmn": 3248, "wmt": 27182, "wmd": 48, "wmv": 13270, "wdn": -11, "wdt": 3, "wdd": 100, "wdv": -18, "tlv": "Pennsylvania"}