{"loc": "Ingham", "iso": "US", "l1": "United States", "l2": "Michigan", "lvl": 3, "pop": 292406, "key": 11895, "isd": true, "ppd": 35.608000000000004, "med": 38.3, "p65": 15.413, "p70": 9.732000000000001, "hos": 2.77, "exp": 78.86, "adr": 2.0, "amn": 86650.0, "amv": 1054363.0, "amd": 1354.0, "amt": 1467900.0, "tmn": [0, 61, 0, 0, 0, 147, 0, 0, 129, 0, 0, 0, 239, 0, 0, 348, 0, 0, 0, 369, 0], "tmv": [1721, 1666, 1928, 1520, 1539, 740, 1856, 2005, 1821, 2051, 2364, 1193, 1200, 2288, 2155, 2600, 2160, 2477, 1419, 1374, 0], "tmd": [0, 0, 0, 0, 0, 4, 0, 0, 0, 0, 0, 0, 0, 0, 0, 0, 0, 0, 0, 7, 0], "wmn": 719, "wmt": 9883, "wmd": 7, "wmv": 12189, "wdn": 94, "wdt": 12, "wdd": 0, "wdv": -6, "tlv": "Michigan"}