{"loc": "Inyo", "iso": "US", "l1": "United States", "l2": "California", "lvl": 3, "pop": 18039, "key": 11898, "isd": true, "ppd": 35.608000000000004, "med": 38.3, "p65": 15.413, "p70": 9.732000000000001, "hos": 2.77, "exp": 78.86, "adr": 3.0, "amn": 67465.0, "amv": 167606.0, "amd": 1885.0, "amt": 1173939.0, "tmn": [1108, 554, 0, 0, 221, 221, 942, 498, 1275, 0, 0, 1219, 665, 110, 221, 720, 0, 0, 0, 1330, 0], "tmv": [4677, 5132, 5139, 4690, 3336, 1695, 3330, 4023, 4903, 6734, 6595, 3662, 2393, 4746, 4917, 6132, 6772, 6806, 0, 0, 0], "tmd": [0, 0, 0, 0, 0, 0, 0, 0, 0, 0, 0, 167, 111, 0, 0, 0, 0, 0, 0, 0, 0], "wmn": 2273, "wmt": 40857, "wmd": 0, "wmv": 24629, "wdn": -40, "wdt": -5, "wdd": -100, "wdv": -25, "tlv": "California"}