{"loc": "Ingham", "iso": "US", "l1": "United States", "l2": "Michigan", "lvl": 3, "pop": 292406, "key": 11895, "isd": true, "ppd": 35.608000000000004, "med": 38.3, "p65": 15.413, "p70": 9.732000000000001, "hos": 2.77, "exp": 78.86, "adr": 2.0, "amn": 87662.0, "amv": 1072054.0, "amd": 1358.0, "amt": 1483388.0, "tmn": [129, 0, 0, 0, 239, 0, 0, 348, 0, 0, 0, 369, 0, 0, 362, 0, 0, 355, 0, 294, 0], "tmv": [1821, 2051, 2364, 1193, 1200, 2288, 2155, 2600, 2160, 2477, 1419, 1374, 2201, 2622, 2492, 2548, 2348, 1615, 1875, 1986, 0], "tmd": [0, 0, 0, 0, 0, 0, 0, 0, 0, 0, 0, 7, 0, 0, 0, 0, 0, 0, 0, 4, 0], "wmn": 1013, "wmt": 15488, "wmd": 4, "wmv": 12867, "wdn": 41, "wdt": 57, "wdd": -50, "wdv": -13, "tlv": "Michigan"}