{"loc": "Ingham", "iso": "US", "l1": "United States", "l2": "Michigan", "lvl": 3, "pop": 292406, "key": 11895, "isd": true, "ppd": 35.608000000000004, "med": 38.3, "p65": 15.413, "p70": 9.732000000000001, "hos": 2.77, "exp": 78.86, "adr": 2.0, "amn": 60416.0, "amv": 359108.0, "amd": 992.0, "amt": 1103520.0, "tmn": [181, 0, 177, 147, 208, 106, 147, 246, 0, 246, 126, 345, 212, 246, 82, 0, 663, 277, 307, 328, 506], "tmv": [7139, 7375, 5050, 5255, 5793, 6168, 7391, 8814, 7404, 5275, 4864, 6157, 7535, 8875, 13887, 4118, 6135, 5026, 6980, 8171, 7842], "tmd": [14, 0, 0, -3, 4, -3, 0, 4, 0, 0, 0, 0, 4, 0, 14, 0, 0, 7, 0, 4, 0], "wmn": 2165, "wmt": 24584, "wmd": 24, "wmv": 52163, "wdn": 52, "wdt": 29, "wdd": 250, "wdv": 7, "tlv": "Michigan"}