{"loc": "Inyo", "iso": "US", "l1": "United States", "l2": "California", "lvl": 3, "pop": 18039, "key": 11898, "isd": true, "ppd": 35.608000000000004, "med": 38.3, "p65": 15.413, "p70": 9.732000000000001, "hos": 2.77, "exp": 78.86, "adr": 3.0, "amn": 77665.0, "amv": 478369.0, "amd": 2107.0, "amt": 1365011.0, "tmn": [0, 0, 388, 0, 277, 55, 110, 0, 0, 609, 0, 55, 277, 0, 0, 0, 166, 0, 110, 0, 110], "tmv": [13887, 4118, 6135, 5026, 6980, 8171, 7842, 9493, 9226, 6156, 5181, 6849, 8594, 10257, 10611, 9961, 7133, 5431, 8106, 10192, 12065], "tmd": [0, 0, 0, 0, 0, 0, 0, 0, 0, 0, 0, 0, 0, 0, 0, 0, 0, 0, 56, 0, 0], "wmn": 389, "wmt": 29595, "wmd": 56, "wmv": 63503, "wdn": -59, "wdt": 0, "wdd": 0, "wdv": 14, "tlv": "California"}