{"loc": "Iredell", "iso": "US", "l1": "United States", "l2": "North Carolina", "lvl": 3, "pop": 181806, "key": 11906, "isd": true, "ppd": 35.608000000000004, "med": 38.3, "p65": 15.413, "p70": 9.732000000000001, "hos": 2.77, "exp": 78.86, "adr": 1.0, "amn": 150248.0, "amv": 1187231.0, "amd": 1617.0, "amt": 1490940.0, "tmn": [797, 1072, 0, 0, 3602, 720, 1056, 731, 1188, 0, 0, 1798, 434, 572, 797, 478, 0, 0, 1507, 418, 643], "tmv": [2024, 2876, 2739, 2336, 1790, 1886, 2554, 2257, 2903, 2781, 2047, 1978, 1647, 2163, 995, 2262, 2445, 2251, 1671, 1480, 0], "tmd": [23, 12, 0, 0, 17, 17, 6, 12, 12, 0, 0, 17, 17, 23, 0, 17, 0, 0, 23, 0, 6], "wmn": 3845, "wmt": 34091, "wmd": 45, "wmv": 11106, "wdn": -19, "wdt": -14, "wdd": -43, "wdv": -30, "tlv": "North Carolina"}