{"loc": "Iowa", "iso": "US", "l1": "United States", "l2": "Wisconsin", "lvl": 3, "pop": 23678, "key": 11903, "isd": true, "ppd": 35.608000000000004, "med": 38.3, "p65": 15.413, "p70": 9.732000000000001, "hos": 2.77, "exp": 78.86, "adr": 1.0, "amn": 101656.0, "amv": 1160346.0, "amd": 676.0, "amt": 1761097.0, "tmn": [506, 0, 0, 211, 422, 211, 337, 42, 0, 0, 633, 0, 464, 295, 506, 0, 0, 380, 380, 422, 380], "tmv": [3250, 3257, 2889, 2103, 1988, 3241, 2538, 4249, 2950, 0, 0, 0, 2913, 2024, 2876, 2739, 2336, 1790, 1886, 2554, 0], "tmd": [0, 0, 0, 0, 0, 0, 0, 0, 0, 0, 0, 0, 0, 0, 0, 0, 0, 85, 0, 0, 0], "wmn": 2070, "wmt": 35744, "wmd": 85, "wmv": 14183, "wdn": 44, "wdt": 57, "wdd": 0, "wdv": 17, "tlv": "Wisconsin"}