{"loc": "Irkutsk Oblast", "iso": "RU", "l1": "Russia", "l2": "Irkutsk Oblast", "lvl": 2, "pop": 2404195, "key": 11909, "isd": true, "ppd": 8.823, "med": 39.6, "p65": 14.177999999999999, "p70": 9.392999999999999, "hos": 8.05, "exp": 72.58, "adr": 4.0, "amn": 29968.0, "amv": 235294.0, "amd": 1076.0, "amt": 989638.0, "tmn": [47, 46, 45, 45, 48, 45, 43, 45, 48, 46, 43, 46, 49, 47, 46, 47, 48, 50, 51, 51, 52], "tmv": [578, 356, 5643, 3205, 1429, 3427, 718, 695, 2344, 1683, 2123, 2380, 2151, 3200, 664, 236, 284, 2144, 4817, 2839, 0], "tmd": [3, 3, 3, 3, 3, 3, 3, 3, 3, 3, 3, 3, 3, 3, 3, 3, 3, 4, 3, 4, 4], "wmn": 348, "wmt": 11274, "wmd": 22, "wmv": 10987, "wdn": 6, "wdt": -29, "wdd": 16, "wdv": -25, "tlv": "Russia"}