{"loc": "Iraq", "iso": "IQ", "l1": "Iraq", "l2": "0", "lvl": 1, "pop": 40222503, "key": 11905, "isd": true, "ppd": 88.125, "med": 20.0, "p65": 3.1860000000000004, "p70": 1.9569999999999999, "hos": 1.4, "exp": 70.6, "adr": 1.0, "amn": 43283.0, "amv": 52273.0, "amd": 482.0, "amt": 331422.0, "tmn": [201, 221, 190, 227, 302, 302, 336, 329, 313, 253, 233, 316, 289, 316, 295, 284, 198, 207, 239, 247, 214], "tmv": [0, 0, 0, 0, 0, 0, 0, 0, 0, 0, 0, 0, 0, 0, 0, 0, 0, 0, 0, 0, 0], "tmd": [3, 2, 2, 2, 2, 2, 2, 2, 2, 2, 2, 2, 2, 2, 2, 3, 2, 2, 2, 2, 2], "wmn": 1687, "wmt": 1261, "wmd": 12, "wmv": 0, "wdn": -18, "wdt": -86, "wdd": 2, "wdv": 0, "tlv": "Iraq"}