{"loc": "Ireland", "iso": "IE", "l1": "Ireland", "l2": "0", "lvl": 1, "pop": 4937796, "key": 11907, "isd": true, "ppd": 69.874, "med": 38.7, "p65": 13.927999999999999, "p70": 8.677999999999999, "hos": 2.96, "exp": 82.3, "adr": 2.0, "amn": 44795.0, "amv": 88277.0, "amd": 882.0, "amt": 713597.0, "tmn": [174, 186, 217, 159, 166, 143, 129, 181, 152, 198, 137, 138, 112, 109, 129, 156, 147, 123, 137, 72, 113], "tmv": [889, 843, 671, 686, 1749, 2667, 3472, 3154, 2881, 1947, 738, 1143, 2767, 3660, 3680, 3349, 1989, 0, 0, 0, 0], "tmd": [11, 4, 14, 4, 0, 7, 12, 10, 6, 6, 1, 1, 9, 12, 7, 6, 3, 2, 0, 3, 5], "wmn": 881, "wmt": 11272, "wmd": 25, "wmv": 9021, "wdn": -15, "wdt": -47, "wdd": -40, "wdv": -45, "tlv": "Ireland"}