{"loc": "Iosco", "iso": "US", "l1": "United States", "l2": "Michigan", "lvl": 3, "pop": 25127, "key": 11900, "isd": true, "ppd": 35.608000000000004, "med": 38.3, "p65": 15.413, "p70": 9.732000000000001, "hos": 2.77, "exp": 78.86, "adr": 5.0, "amn": 50583.0, "amv": 170827.0, "amd": 2666.0, "amt": 998289.0, "tmn": [198, 39, 0, 39, 159, 39, 39, 0, 0, 0, 119, 79, 39, 0, -39, 79, 0, 39, 79, 119, 39], "tmv": [5132, 5139, 4690, 3336, 1695, 3330, 4023, 4903, 6734, 6595, 3662, 2393, 4746, 4917, 6132, 6772, 6806, 0, 0, 3221, 0], "tmd": [0, 0, 0, 0, 0, 0, 0, 0, 80, 0, 0, 40, 40, 0, 0, 0, 0, 0, 0, 0, 40], "wmn": 319, "wmt": 20609, "wmd": 40, "wmv": 22933, "wdn": 33, "wdt": -14, "wdd": -75, "wdv": -32, "tlv": "Michigan"}