{"loc": "Ireland", "iso": "IE", "l1": "Ireland", "l2": "0", "lvl": 1, "pop": 4937796, "key": 11907, "isd": true, "ppd": 69.874, "med": 38.7, "p65": 13.927999999999999, "p70": 8.677999999999999, "hos": 2.96, "exp": 82.3, "adr": 1.0, "amn": 91574.0, "amv": 1482675.0, "amd": 1101.0, "amt": 1628947.0, "tmn": [415, 329, 386, 441, 279, 319, 485, 434, 410, 499, 491, 349, 373, 441, 328, 526, 514, 600, 397, 578, 753], "tmv": [444, 591, 799, 925, 367, 614, 889, 699, 663, 731, 831, 405, 471, 572, 709, 0, 0, 0, 0, 0, 0], "tmd": [6, 0, 0, 0, 0, 0, 0, 13, 0, 0, 0, 0, 0, 0, 14, 0, 0, 0, 0, 0, 0], "wmn": 3701, "wmt": 9085, "wmd": 14, "wmv": 710, "wdn": 23, "wdt": -71, "wdd": 6, "wdv": -84, "tlv": "Ireland"}