{"loc": "Ireland", "iso": "IE", "l1": "Ireland", "l2": "0", "lvl": 1, "pop": 4937796, "key": 11907, "isd": true, "ppd": 69.874, "med": 38.7, "p65": 13.927999999999999, "p70": 8.677999999999999, "hos": 2.96, "exp": 82.3, "adr": 1.0, "amn": 82217.0, "amv": 1465996.0, "amd": 1069.0, "amt": 1553066.0, "tmn": [289, 274, 235, 270, 295, 211, 303, 293, 256, 214, 321, 212, 180, 227, 198, 244, 405, 392, 280, 274, 294], "tmv": [2240, 2082, 1910, 1874, 1779, 1113, 1447, 1073, 1154, 1415, 0, 0, 331, 265, 0, 0, 0, 0, 0, 0, 0], "tmd": [7, 0, 0, 0, 0, 0, 0, 9, 0, 0, 0, 0, 0, 0, 7, 0, 0, 0, 0, 0, 0], "wmn": 2092, "wmt": 24240, "wmd": 7, "wmv": 0, "wdn": 23, "wdt": -13, "wdd": -22, "wdv": -100, "tlv": "Ireland"}