{"loc": "Iron", "iso": "US", "l1": "United States", "l2": "Wisconsin", "lvl": 3, "pop": 5687, "key": 11912, "isd": true, "ppd": 35.608000000000004, "med": 38.3, "p65": 15.413, "p70": 9.732000000000001, "hos": 2.77, "exp": 78.86, "adr": 5.0, "amn": 140848.0, "amv": 1179384.0, "amd": 7385.0, "amt": 1807827.0, "tmn": [0, 0, 527, 0, 879, 351, 527, 0, 0, 1406, 1758, 1406, 527, 527, 0, 0, 351, 1758, 175, 175, 351], "tmv": [2950, 0, 0, 0, 2913, 2024, 2876, 2739, 2336, 1790, 1886, 2554, 2257, 2903, 2781, 2047, 1978, 1647, 2163, 995, 2262], "tmd": [0, 0, 0, 0, 0, 0, 0, 0, 0, 0, 0, 0, 0, 0, 0, 0, 0, 0, 0, 0, 0], "wmn": 2814, "wmt": 43096, "wmd": 0, "wmv": 13878, "wdn": -50, "wdt": 23, "wdd": 0, "wdv": -16, "tlv": "Wisconsin"}