{"loc": "Isanti", "iso": "US", "l1": "United States", "l2": "Minnesota", "lvl": 3, "pop": 40596, "key": 11917, "isd": true, "ppd": 35.608000000000004, "med": 38.3, "p65": 15.413, "p70": 9.732000000000001, "hos": 2.77, "exp": 78.86, "adr": 2.0, "amn": 100552.0, "amv": 752032.0, "amd": 1527.0, "amt": 1529063.0, "tmn": [689, 788, 394, 763, 468, 344, 246, 738, 566, 689, 468, 418, 270, 246, 615, 566, 443, 541, 344, 123, 295], "tmv": [10699, 12037, 10893, 10729, 6600, 5484, 7781, 9092, 10242, 10071, 9169, 6395, 4975, 6773, 8259, 8496, 10027, 6458, 3608, 3001, 0], "tmd": [0, 0, 0, 0, 0, 0, 0, 0, 25, 0, 0, 0, 0, 0, 0, 25, 0, 25, 0, 0, 0], "wmn": 2932, "wmt": 32342, "wmd": 50, "wmv": 39852, "wdn": -14, "wdt": -7, "wdd": 100, "wdv": -30, "tlv": "Minnesota"}