{"loc": "Iron", "iso": "US", "l1": "United States", "l2": "Michigan", "lvl": 3, "pop": 11066, "key": 11910, "isd": true, "ppd": 35.608000000000004, "med": 38.3, "p65": 15.413, "p70": 9.732000000000001, "hos": 2.77, "exp": 78.86, "adr": 4.0, "amn": 127237.0, "amv": 1250395.0, "amd": 5061.0, "amt": 1718262.0, "tmn": [0, 994, 0, 1084, 0, 1626, 0, 0, 1445, 0, 2259, 0, 1355, 0, 0, 903, 0, 1174, 0, 722, 0], "tmv": [3777, 2988, 2423, 2905, 2661, 3390, 3489, 0, 0, 0, 2411, 3257, 3418, 2659, 2485, 1614, 1945, 2278, 2491, 2890, 0], "tmd": [0, 0, 0, 91, 0, 0, 0, 0, 0, 0, 0, 0, 91, 0, 0, 0, 0, 0, 0, 91, 0], "wmn": 2802, "wmt": 26433, "wmd": 91, "wmv": 13708, "wdn": -45, "wdt": -7, "wdd": 0, "wdv": 17, "tlv": "Michigan"}