{"loc": "Irwin", "iso": "US", "l1": "United States", "l2": "Georgia", "lvl": 3, "pop": 9416, "key": 11914, "isd": true, "ppd": 35.608000000000004, "med": 38.3, "p65": 15.413, "p70": 9.732000000000001, "hos": 2.77, "exp": 78.86, "adr": 3.0, "amn": 91865.0, "amv": 153709.0, "amd": 2655.0, "amt": 643183.0, "tmn": [106, 318, 318, 955, 318, 424, 106, 318, 0, 318, 212, 106, 212, 106, -106, 106, 531, 106, 0, 106, 743], "tmv": [3978, 2687, 2448, 3374, 4677, 5132, 5139, 4690, 3336, 1695, 3330, 4023, 4903, 6734, 6595, 3662, 2393, 4746, 4917, 6132, 6772], "tmd": [0, 0, 107, 0, 0, 0, 0, 0, 0, 0, 0, 107, 0, 0, 0, 0, 0, 0, 0, 0, 0], "wmn": 1487, "wmt": 18872, "wmd": 0, "wmv": 35221, "wdn": 17, "wdt": -2, "wdd": -100, "wdv": 23, "tlv": "Georgia"}