{"loc": "Isle of Man", "iso": "IM", "l1": "United Kingdom", "l2": "Isle of Man", "lvl": 2, "pop": 85032, "key": 11921, "isd": true, "ppd": 272.89799999999997, "med": 40.8, "p65": 18.517, "p70": 12.527000000000001, "hos": 2.54, "exp": 81.32, "adr": 1.0, "amn": 32411.0, "amv": 1216642.0, "amd": 341.0, "amt": 3373781.0, "tmn": [23, 82, 58, 82, 70, 0, 58, 82, 105, 0, 294, 82, 211, 352, 611, 1364, 329, 1634, 2740, 2798, 2481], "tmv": [4669, 5090, 4435, 4914, 2778, 3311, 3519, 3806, 4005, 3961, 4495, 2203, 2646, 3201, 3624, 3882, 4003, 4307, 2166, 2640, 0], "tmd": [0, 0, 0, 0, 0, 0, 0, 0, 0, 0, 0, 0, 0, 0, 0, 0, 0, 0, 0, 0, 0], "wmn": 11961, "wmt": 76432, "wmd": 0, "wmv": 20625, "wdn": 959, "wdt": -27, "wdd": 0, "wdv": -15, "tlv": "United Kingdom"}