{"loc": "Issaquena", "iso": "US", "l1": "United States", "l2": "Mississippi", "lvl": 3, "pop": 1327, "key": 11924, "isd": true, "ppd": 35.608000000000004, "med": 38.3, "p65": 15.413, "p70": 9.732000000000001, "hos": 2.77, "exp": 78.86, "adr": 4.0, "amn": 125848.0, "amv": 180853.0, "amd": 4521.0, "amt": 565588.0, "tmn": [0, 753, 0, 0, 753, 753, 0, 0, 0, 0, 0, 0, 0, 753, 1507, 0, 0, 0, 0, 0, 0], "tmv": [5139, 4690, 3336, 1695, 3330, 4023, 4903, 6734, 6595, 3662, 2393, 4746, 4917, 6132, 6772, 6806, 0, 0, 3221, 4419, 5606], "tmd": [0, 0, 0, 0, 0, 0, 0, 0, 0, 0, 0, 0, 0, 0, 0, 0, 0, 0, 0, 0, 0], "wmn": 1508, "wmt": 12429, "wmd": 0, "wmv": 26827, "wdn": 100, "wdt": -5, "wdd": 0, "wdv": -24, "tlv": "Mississippi"}