{"loc": "Isle of Man", "iso": "IM", "l1": "United Kingdom", "l2": "Isle of Man", "lvl": 2, "pop": 85032, "key": 11921, "isd": true, "ppd": 272.89799999999997, "med": 40.8, "p65": 18.517, "p70": 12.527000000000001, "hos": 2.54, "exp": 81.32, "adr": 1.0, "amn": 108877.0, "amv": 1402742.0, "amd": 670.0, "amt": 4311991.0, "tmn": [846, 858, 658, 705, 811, 529, 564, 740, 823, 1046, 1023, 799, 940, 811, 1117, 882, 1340, 1305, 764, 1058, 717], "tmv": [1029, 904, 908, 894, 955, 612, 777, 939, 1004, 1052, 1034, 920, 517, 931, 1114, 1111, 1113, 1037, 971, 0, 0], "tmd": [0, 0, 24, 0, 0, 0, 0, 0, 0, 0, 24, 0, 0, 0, 0, 0, 12, 0, 0, 0, 0], "wmn": 7186, "wmt": 28944, "wmd": 12, "wmv": 5349, "wdn": 16, "wdt": -70, "wdd": -50, "wdv": -16, "tlv": "United Kingdom"}