{"loc": "Isle of Wight", "iso": "US", "l1": "United States", "l2": "Virginia", "lvl": 3, "pop": 37109, "key": 11922, "isd": true, "ppd": 35.608000000000004, "med": 38.3, "p65": 15.413, "p70": 9.732000000000001, "hos": 2.77, "exp": 78.86, "adr": 2.0, "amn": 108653.0, "amv": 1179384.0, "amd": 2075.0, "amt": 1069058.0, "tmn": [0, 0, 700, 458, 215, 646, 377, 0, 0, 1077, 377, 700, 485, 673, 0, 0, 1131, 727, 485, 754, 592], "tmv": [2950, 0, 0, 0, 2913, 2024, 2876, 2739, 2336, 1790, 1886, 2554, 2257, 2903, 2781, 2047, 1978, 1647, 2163, 995, 2262], "tmd": [0, 0, 27, 0, 0, 0, 0, 0, 0, 0, 0, 0, 0, 27, 0, 0, 27, 27, 0, 0, 0], "wmn": 3692, "wmt": 20702, "wmd": 54, "wmv": 13878, "wdn": 11, "wdt": -2, "wdd": 100, "wdv": -16, "tlv": "Virginia"}