{"loc": "Isle of Man", "iso": "IM", "l1": "United Kingdom", "l2": "Isle of Man", "lvl": 2, "pop": 85032, "key": 11921, "isd": true, "ppd": 272.89799999999997, "med": 40.8, "p65": 18.517, "p70": 12.527000000000001, "hos": 2.54, "exp": 81.32, "adr": 1.0, "amn": 96246.0, "amv": 1390214.0, "amd": 635.0, "amt": 4174296.0, "tmn": [552, 411, 282, 470, 740, 329, 646, 399, 446, 341, 270, 435, 317, 846, 858, 658, 705, 811, 529, 564, 740], "tmv": [982, 1026, 1066, 1051, 611, 855, 963, 966, 1013, 1067, 964, 672, 987, 1029, 904, 908, 894, 955, 612, 0, 0], "tmd": [0, 153, 0, 0, 0, 0, 0, 0, 0, 12, 0, 0, 0, 0, 0, 24, 0, 0, 0, 0, 0], "wmn": 4869, "wmt": 67920, "wmd": 24, "wmv": 4276, "wdn": 59, "wdt": -30, "wdd": 100, "wdv": -36, "tlv": "United Kingdom"}