{"loc": "Itasca", "iso": "US", "l1": "United States", "l2": "Minnesota", "lvl": 3, "pop": 45130, "key": 11927, "isd": true, "ppd": 35.608000000000004, "med": 38.3, "p65": 15.413, "p70": 9.732000000000001, "hos": 2.77, "exp": 78.86, "adr": 1.0, "amn": 145114.0, "amv": 1283911.0, "amd": 1972.0, "amt": 2143733.0, "tmn": [797, 531, 974, 0, 0, 1196, 1462, 886, 531, 775, 0, 0, 1107, 1551, 376, 332, 576, 0, 0, 2814, 1240], "tmv": [2552, 2575, 2955, 1399, 770, 2354, 2306, 2307, 2345, 3781, 2315, 1328, 4158, 4126, 4122, 3797, 3784, 1119, 91, 0, 0], "tmd": [23, 23, 0, 0, 0, 45, 23, 23, 0, 67, 0, 0, 23, 23, 0, 0, 0, 0, 0, 0, 45], "wmn": 5341, "wmt": 32063, "wmd": 45, "wmv": 12915, "wdn": 10, "wdt": -4, "wdd": -67, "wdv": -37, "tlv": "Minnesota"}