{"loc": "Island", "iso": "US", "l1": "United States", "l2": "Washington", "lvl": 3, "pop": 85141, "key": 11920, "isd": true, "ppd": 35.608000000000004, "med": 38.3, "p65": 15.413, "p70": 9.732000000000001, "hos": 2.77, "exp": 78.86, "adr": 1.0, "amn": 31606.0, "amv": 1107375.0, "amd": 399.0, "amt": 1229744.0, "tmn": [223, 0, 0, 610, -11, 481, 305, 246, 0, 0, 516, 375, 234, 528, 469, 0, 0, 857, 387, 422, 187], "tmv": [2492, 2548, 2348, 1615, 1875, 1986, 1986, 2786, 3007, 2017, 2605, 1830, 2139, 3106, 3068, 3187, 2953, 1851, 1966, 2813, 0], "tmd": [0, 0, 0, 0, 0, 0, 0, 12, 0, 0, 0, 0, 0, 0, 0, 0, 0, 0, 12, 12, 0], "wmn": 2326, "wmt": 23442, "wmd": 24, "wmv": 15842, "wdn": 22, "wdt": 14, "wdd": 100, "wdv": -9, "tlv": "Washington"}