{"loc": "Island", "iso": "US", "l1": "United States", "l2": "Washington", "lvl": 3, "pop": 85141, "key": 11920, "isd": true, "ppd": 35.608000000000004, "med": 38.3, "p65": 15.413, "p70": 9.732000000000001, "hos": 2.77, "exp": 78.86, "adr": 2.0, "amn": 14881.0, "amv": 160515.0, "amd": 282.0, "amt": 642971.0, "tmn": [46, 93, 140, 23, 0, 105, 58, 93, 46, 82, 35, 0, 234, 82, 58, 11, 46, 58, 0, 0, 58], "tmv": [3374, 4677, 5132, 5139, 4690, 3336, 1695, 3330, 4023, 4903, 6734, 6595, 3662, 2393, 4746, 4917, 6132, 6772, 6806, 0, 0], "tmd": [0, 0, 0, 0, 0, 0, 0, 0, 0, 0, 0, 0, 0, 0, 12, 0, 12, 0, 0, 0, 0], "wmn": 235, "wmt": 16326, "wmd": 24, "wmv": 29376, "wdn": -59, "wdt": -29, "wdd": 0, "wdv": -7, "tlv": "Washington"}