{"loc": "Isle of Wight", "iso": "US", "l1": "United States", "l2": "Virginia", "lvl": 3, "pop": 37109, "key": 11922, "isd": true, "ppd": 35.608000000000004, "med": 38.3, "p65": 15.413, "p70": 9.732000000000001, "hos": 2.77, "exp": 78.86, "adr": 2.0, "amn": 83969.0, "amv": 749030.0, "amd": 1779.0, "amt": 827836.0, "tmn": [269, 134, 350, 485, 242, 80, 161, 107, 188, 80, 53, 134, 80, 107, 80, 107, 80, 161, 107, 80, 53], "tmv": [7863, 7615, 10699, 12037, 10893, 10729, 6600, 5484, 7781, 9092, 10242, 10071, 9169, 6395, 4975, 6773, 8259, 8496, 10027, 6458, 3608], "tmd": [0, 0, 0, 27, 0, 0, 27, 0, 0, 0, 0, 0, 0, 27, 0, 0, 0, 0, 0, 0, 0], "wmn": 674, "wmt": 13333, "wmd": 0, "wmv": 48600, "wdn": -11, "wdt": -6, "wdd": -100, "wdv": -17, "tlv": "Virginia"}