{"loc": "Island", "iso": "US", "l1": "United States", "l2": "Washington", "lvl": 3, "pop": 85141, "key": 11920, "isd": true, "ppd": 35.608000000000004, "med": 38.3, "p65": 15.413, "p70": 9.732000000000001, "hos": 2.77, "exp": 78.86, "adr": 2.0, "amn": 15022.0, "amv": 194792.0, "amd": 305.0, "amt": 672396.0, "tmn": [93, 46, 82, 35, 0, 234, 82, 58, 11, 46, 58, 0, 0, 58, 0, 46, 11, 23, 0, 35, 23], "tmv": [3330, 4023, 4903, 6734, 6595, 3662, 2393, 4746, 4917, 6132, 6772, 6806, 0, 0, 3221, 4419, 5606, 5173, 5466, 3298, 0], "tmd": [0, 0, 0, 0, 0, 0, 0, 12, 0, 12, 0, 0, 0, 0, 12, 12, 0, 0, 0, 0, 0], "wmn": 141, "wmt": 29426, "wmd": 24, "wmv": 27187, "wdn": -40, "wdt": 80, "wdd": 0, "wdv": -7, "tlv": "Washington"}