{"loc": "Island", "iso": "US", "l1": "United States", "l2": "Washington", "lvl": 3, "pop": 85141, "key": 11920, "isd": true, "ppd": 35.608000000000004, "med": 38.3, "p65": 15.413, "p70": 9.732000000000001, "hos": 2.77, "exp": 78.86, "adr": 2.0, "amn": 21928.0, "amv": 977712.0, "amd": 352.0, "amt": 986715.0, "tmn": [11, 46, 23, 70, 35, 70, 0, 58, 35, 23, 46, 23, 70, 0, 58, 82, 58, 58, 11, 0, 0], "tmv": [3682, 3252, 2518, 2835, 2495, 4865, 3672, 4016, 3766, 3121, 6234, 3276, 3244, 2575, 1851, 1965, 1967, 2474, 1554, 2803, 0], "tmd": [0, 0, 0, -11, 0, 0, 0, 0, 0, 0, 0, 0, 0, 0, 0, 0, 0, 0, 0, 0, 0], "wmn": 271, "wmt": 12168, "wmd": 0, "wmv": 12617, "wdn": 5, "wdt": 47, "wdd": 0, "wdv": -52, "tlv": "Washington"}