{"loc": "Itasca", "iso": "US", "l1": "United States", "l2": "Minnesota", "lvl": 3, "pop": 45130, "key": 11927, "isd": true, "ppd": 35.608000000000004, "med": 38.3, "p65": 15.413, "p70": 9.732000000000001, "hos": 2.77, "exp": 78.86, "adr": 1.0, "amn": 129958.0, "amv": 1219607.0, "amd": 1684.0, "amt": 2041891.0, "tmn": [265, 354, 731, 0, 0, 421, 1706, 598, 443, 753, 0, 0, 1085, 1839, 1329, 775, 709, 0, 0, 775, 1528], "tmv": [2163, 995, 2262, 2445, 2251, 1671, 0, 0, 2784, 2570, 2833, 3777, 2988, 2423, 2905, 2661, 3390, 3489, 0, 0, 0], "tmd": [0, 23, 0, 0, 0, 0, 0, 0, 23, 0, 0, 0, 0, 0, 0, 0, 67, 0, 0, 0, 0], "wmn": 5119, "wmt": 39995, "wmd": 67, "wmv": 12448, "wdn": 8, "wdt": 0, "wdd": 200, "wdv": -28, "tlv": "Minnesota"}