{"loc": "Jackson", "iso": "US", "l1": "United States", "l2": "Arkansas", "lvl": 3, "pop": 16719, "key": 11936, "isd": true, "ppd": 35.608000000000004, "med": 38.3, "p65": 15.413, "p70": 9.732000000000001, "hos": 2.77, "exp": 78.86, "adr": 1.0, "amn": 255219.0, "amv": 1259649.0, "amd": 2512.0, "amt": 1344737.0, "tmn": [717, 358, 657, 418, 239, 538, 179, 777, 478, 717, 2332, 358, 119, 1076, 837, 777, 897, 239, 358, 299, 299], "tmv": [2905, 2661, 3390, 3489, 0, 0, 0, 2411, 3257, 3418, 2659, 2485, 1614, 1945, 2278, 2491, 2890, 2710, 2395, 1993, 2154], "tmd": [0, 0, 0, 0, 0, 0, 0, 0, 0, 0, 0, 0, 0, 0, 0, 0, 0, 0, 0, 0, 0], "wmn": 3709, "wmt": 11617, "wmd": 0, "wmv": 16916, "wdn": -37, "wdt": -9, "wdd": 0, "wdv": -5, "tlv": "Arkansas"}