{"loc": "Ivanovo Oblast", "iso": "RU", "l1": "Russia", "l2": "Ivanovo Oblast", "lvl": 2, "pop": 1014646, "key": 11930, "isd": true, "ppd": 8.823, "med": 39.6, "p65": 14.177999999999999, "p70": 9.392999999999999, "hos": 8.05, "exp": 72.58, "adr": 3.0, "amn": 43957.0, "amv": 534852.0, "amd": 1439.0, "amt": 1202625.0, "tmn": [117, 120, 122, 119, 118, 121, 123, 126, 125, 127, 124, 126, 123, 125, 124, 122, 125, 123, 122, 124, 121], "tmv": [3290, 5434, 2462, 847, 6655, 4588, 4342, 16373, 12761, 1839, 2367, 3364, 2913, 4230, 4348, 5346, 2355, 1065, 4247, 3262, 0], "tmd": [3, 3, 3, 3, 3, 4, 3, 2, 3, 3, 2, 0, 3, 3, 3, 3, 2, 4, 3, 3, 3], "wmn": 863, "wmt": 0, "wmd": 21, "wmv": 20627, "wdn": -2, "wdt": 0, "wdd": 31, "wdv": -53, "tlv": "Russia"}