{"loc": "Jackson", "iso": "US", "l1": "United States", "l2": "Alabama", "lvl": 3, "pop": 51626, "key": 11935, "isd": true, "ppd": 35.608000000000004, "med": 38.3, "p65": 15.413, "p70": 9.732000000000001, "hos": 2.77, "exp": 78.86, "adr": 2.0, "amn": 140801.0, "amv": 1037493.0, "amd": 2266.0, "amt": 558400.0, "tmn": [0, 0, 639, 0, 348, 154, 0, 154, 0, 290, 135, 174, 154, 174, 135, 232, 232, 445, 290, 619, 116], "tmv": [0, 0, 1326, 2107, 1883, 1818, 1779, 1363, 1036, 1655, 1721, 1666, 1928, 1520, 1539, 740, 1856, 2005, 1821, 2051, 2364], "tmd": [0, 0, 0, 0, 20, 0, 0, 0, 0, 20, 20, 0, 0, 0, 0, 0, 0, 0, 0, 0, 0], "wmn": 2073, "wmt": 4590, "wmd": 0, "wmv": 12380, "wdn": 91, "wdt": 42, "wdd": -100, "wdv": 14, "tlv": "Alabama"}