{"loc": "Izard", "iso": "US", "l1": "United States", "l2": "Arkansas", "lvl": 3, "pop": 13629, "key": 11932, "isd": true, "ppd": 35.608000000000004, "med": 38.3, "p65": 15.413, "p70": 9.732000000000001, "hos": 2.77, "exp": 78.86, "adr": 2.0, "amn": 182258.0, "amv": 1227352.0, "amd": 4036.0, "amt": 1324402.0, "tmn": [586, 293, 293, 220, 513, 807, 366, 0, 1247, 440, 73, 953, 660, 586, 220, 293, 146, 73, 2347, 733, 220], "tmv": [2262, 2445, 2251, 1671, 0, 0, 2784, 2570, 2833, 3777, 2988, 2423, 2905, 2661, 3390, 3489, 0, 0, 0, 2411, 0], "tmd": [0, 0, 0, 147, 0, 0, 0, 0, 0, 0, 0, 0, 0, 0, 0, 0, -146, 0, 74, 0, 0], "wmn": 4036, "wmt": 12696, "wmd": -73, "wmv": 9292, "wdn": 2, "wdt": -32, "wdd": 0, "wdv": -54, "tlv": "Arkansas"}