{"loc": "Jackson", "iso": "US", "l1": "United States", "l2": "Alabama", "lvl": 3, "pop": 51626, "key": 11935, "isd": true, "ppd": 35.608000000000004, "med": 38.3, "p65": 15.413, "p70": 9.732000000000001, "hos": 2.77, "exp": 78.86, "adr": 2.0, "amn": 188219.0, "amv": 1219607.0, "amd": 3293.0, "amt": 1198358.0, "tmn": [716, 1123, 619, 736, 426, 290, 561, 503, 464, 619, 522, 251, 213, 406, 736, 387, 290, 329, 251, 154, 445], "tmv": [2163, 995, 2262, 2445, 2251, 1671, 0, 0, 2784, 2570, 2833, 3777, 2988, 2423, 2905, 2661, 3390, 3489, 0, 0, 0], "tmd": [20, 117, 78, 39, 0, 0, 59, 0, 20, 0, 39, 0, 0, 0, 20, 59, 20, 20, 0, 0, 0], "wmn": 2596, "wmt": 12873, "wmd": 117, "wmv": 12448, "wdn": -13, "wdt": -18, "wdd": 100, "wdv": -28, "tlv": "Alabama"}