{"loc": "Ivanovo Oblast", "iso": "RU", "l1": "Russia", "l2": "Ivanovo Oblast", "lvl": 2, "pop": 1014646, "key": 11930, "isd": true, "ppd": 8.823, "med": 39.6, "p65": 14.177999999999999, "p70": 9.392999999999999, "hos": 8.05, "exp": 72.58, "adr": 3.0, "amn": 38261.0, "amv": 303684.0, "amd": 1295.0, "amt": 1044074.0, "tmn": [64, 65, 66, 68, 66, 67, 68, 69, 71, 73, 76, 75, 74, 77, 78, 81, 82, 85, 86, 88, 90], "tmv": [4817, 2839, 2956, 907, 2306, 5107, 417, 6346, 4336, 3392, 2343, 2283, 3803, 4793, 5806, 6485, 4305, 2607, 1389, 8802, 0], "tmd": [2, 4, 3, 3, 4, 3, 3, 1, 4, 3, 2, 5, 3, 3, 4, 3, 2, 3, 4, 3, 3], "wmn": 596, "wmt": 15384, "wmd": 22, "wmv": 29397, "wdn": 14, "wdt": -29, "wdd": 5, "wdv": 8, "tlv": "Russia"}