{"loc": "Jackson", "iso": "US", "l1": "United States", "l2": "Alabama", "lvl": 3, "pop": 51626, "key": 11935, "isd": true, "ppd": 35.608000000000004, "med": 38.3, "p65": 15.413, "p70": 9.732000000000001, "hos": 2.77, "exp": 78.86, "adr": 2.0, "amn": 137140.0, "amv": 1008740.0, "amd": 2208.0, "amt": 549175.0, "tmn": [193, 0, 0, 406, 0, 774, 0, 271, 0, 0, 193, 0, 445, 0, 135, 0, 0, 0, 0, 639, 0], "tmv": [3276, 3244, 2575, 1851, 1965, 1967, 2474, 1554, 2803, 3655, 3299, 2241, 4154, 4949, 1994, 3524, 1923, 0, 0, 1326, 2107], "tmd": [0, 0, 0, 0, 0, 0, 0, 0, 0, 0, 0, 0, 20, 0, 0, 0, 0, 0, 0, 0, 0], "wmn": 775, "wmt": 2436, "wmd": 0, "wmv": 10877, "wdn": -15, "wdt": 2, "wdd": -100, "wdv": -52, "tlv": "Alabama"}