{"loc": "Ivanovo Oblast", "iso": "RU", "l1": "Russia", "l2": "Ivanovo Oblast", "lvl": 2, "pop": 1014646, "key": 11930, "isd": true, "ppd": 8.823, "med": 39.6, "p65": 14.177999999999999, "p70": 9.392999999999999, "hos": 8.05, "exp": 72.58, "adr": 3.0, "amn": 40794.0, "amv": 417972.0, "amd": 1369.0, "amt": 1129206.0, "tmn": [100, 97, 98, 101, 102, 100, 103, 102, 104, 106, 109, 108, 111, 111, 111, 112, 109, 112, 114, 111, 113], "tmv": [1625, 1623, 6061, 7290, 4289, 13332, 973, 2135, 973, 12611, 3514, 3779, 8834, 1333, 1235, 1621, 6149, 4072, 5920, 6237, 0], "tmd": [2, 4, 3, 3, 3, 3, 3, 3, 4, 3, 3, 3, 3, 3, 2, 4, 3, 3, 4, 3, 3], "wmn": 785, "wmt": 0, "wmd": 22, "wmv": 25238, "wdn": 4, "wdt": 0, "wdd": 0, "wdv": -24, "tlv": "Russia"}