{"loc": "Jackson", "iso": "US", "l1": "United States", "l2": "Missouri", "lvl": 3, "pop": 703011, "key": 11949, "isd": true, "ppd": 35.608000000000004, "med": 38.3, "p65": 15.413, "p70": 9.732000000000001, "hos": 2.77, "exp": 78.86, "adr": 1.0, "amn": 53790.0, "amv": 749030.0, "amd": 593.0, "amt": 864965.0, "tmn": [75, 54, 68, 73, -1415, 28, 55, 76, 89, 91, 96, 75, 51, 27, 88, 100, 149, 125, 79, 73, 54], "tmv": [7863, 7615, 10699, 12037, 10893, 10729, 6600, 5484, 7781, 9092, 10242, 10071, 9169, 6395, 4975, 6773, 8259, 8496, 10027, 6458, 3608], "tmd": [6, -1, -1, 2, 0, 0, 0, 5, 0, 0, 0, 0, 0, 0, 3, 0, 0, 0, 0, 0, 0], "wmn": 672, "wmt": 13374, "wmd": 3, "wmv": 48600, "wdn": 32, "wdt": -11, "wdd": -33, "wdv": -17, "tlv": "Missouri"}