{"loc": "Jackson", "iso": "US", "l1": "United States", "l2": "Missouri", "lvl": 3, "pop": 703011, "key": 11949, "isd": true, "ppd": 35.608000000000004, "med": 38.3, "p65": 15.413, "p70": 9.732000000000001, "hos": 2.77, "exp": 78.86, "adr": 1.0, "amn": 56187.0, "amv": 973354.0, "amd": 679.0, "amt": 925627.0, "tmn": [58, 35, -35, 68, 64, 51, 42, 51, 22, 24, 15, 24, 52, 46, 65, 58, 28, 39, 44, 72, 79], "tmv": [4248, 3485, 4157, 3682, 3252, 2518, 2835, 2495, 4865, 3672, 4016, 3766, 3121, 6234, 3276, 3244, 2575, 1851, 1965, 1967, 2474], "tmd": [2, 2, -1, 2, 3, 2, 0, 0, 0, 0, 0, 3, 0, 2, 0, 0, 0, 0, 2, 0, 0], "wmn": 389, "wmt": 7607, "wmd": 2, "wmv": 17355, "wdn": 63, "wdt": -3, "wdd": -67, "wdv": -38, "tlv": "Missouri"}