{"loc": "Jackson", "iso": "US", "l1": "United States", "l2": "Missouri", "lvl": 3, "pop": 703011, "key": 11949, "isd": true, "ppd": 35.608000000000004, "med": 38.3, "p65": 15.413, "p70": 9.732000000000001, "hos": 2.77, "exp": 78.86, "adr": 1.0, "amn": 72141.0, "amv": 1136653.0, "amd": 808.0, "amt": 1081173.0, "tmn": [210, 186, 348, 459, 318, 234, 201, 193, 197, 320, 311, 263, 258, 183, 219, 0, 541, 297, 251, 229, 136], "tmv": [2605, 1830, 2139, 3106, 3068, 3187, 2953, 1851, 1966, 2813, 2807, 3250, 3257, 2889, 2103, 1988, 3241, 2538, 4249, 2950, 0], "tmd": [0, 12, 3, 0, 6, 3, 0, 0, 12, 8, 2, 3, 0, 0, 0, 0, 19, 8, 2, 0, 0], "wmn": 1676, "wmt": 18211, "wmd": 28, "wmv": 17074, "wdn": -3, "wdt": 2, "wdd": 19, "wdv": -9, "tlv": "Missouri"}