{"loc": "Jackson", "iso": "US", "l1": "United States", "l2": "Michigan", "lvl": 3, "pop": 158510, "key": 11946, "isd": true, "ppd": 35.608000000000004, "med": 38.3, "p65": 15.413, "p70": 9.732000000000001, "hos": 2.77, "exp": 78.86, "adr": 2.0, "amn": 58835.0, "amv": 167606.0, "amd": 1312.0, "amt": 995005.0, "tmn": [397, 189, 208, 0, 252, 208, 258, 138, 246, 164, 0, 37, 113, 119, 82, 94, 94, 0, 176, 119, 119], "tmv": [4677, 5132, 5139, 4690, 3336, 1695, 3330, 4023, 4903, 6734, 6595, 3662, 2393, 4746, 4917, 6132, 6772, 6806, 0, 0, 0], "tmd": [7, 0, 7, 0, 0, 0, 0, 0, 0, 13, 0, 0, 0, 0, 7, 0, 19, 0, 0, 0, 0], "wmn": 688, "wmt": 22207, "wmd": 26, "wmv": 24629, "wdn": -16, "wdt": -8, "wdd": 100, "wdv": -25, "tlv": "Michigan"}