{"loc": "Jackson", "iso": "US", "l1": "United States", "l2": "Minnesota", "lvl": 3, "pop": 9846, "key": 11947, "isd": true, "ppd": 35.608000000000004, "med": 38.3, "p65": 15.413, "p70": 9.732000000000001, "hos": 2.77, "exp": 78.86, "adr": 1.0, "amn": 146354.0, "amv": 1236688.0, "amd": 1422.0, "amt": 2071931.0, "tmn": [304, 609, 101, 406, 507, 0, 0, 812, 1421, 203, 609, 203, 0, 0, 609, 1117, 203, 507, 507, 0, 0], "tmv": [1671, 0, 0, 2784, 2570, 2833, 3777, 2988, 2423, 2905, 2661, 3390, 3489, 0, 0, 0, 2411, 3257, 3418, 2659, 0], "tmd": [0, 0, 0, 0, 0, 0, 0, 0, 0, 102, 0, 102, 0, 0, 0, 0, 0, 0, 0, 0, 0], "wmn": 2946, "wmt": 44101, "wmd": 0, "wmv": 11747, "wdn": -9, "wdt": 32, "wdd": -100, "wdv": -34, "tlv": "Minnesota"}