{"loc": "Jackson", "iso": "US", "l1": "United States", "l2": "Missouri", "lvl": 3, "pop": 703011, "key": 11949, "isd": true, "ppd": 35.608000000000004, "med": 38.3, "p65": 15.413, "p70": 9.732000000000001, "hos": 2.77, "exp": 78.86, "adr": 1.0, "amn": 73121.0, "amv": 1146163.0, "amd": 834.0, "amt": 1091396.0, "tmn": [234, 201, 193, 197, 320, 311, 263, 258, 183, 219, 0, 541, 297, 251, 229, 136, 133, 85, 253, 190, 317], "tmv": [3187, 2953, 1851, 1966, 2813, 2807, 3250, 3257, 2889, 2103, 1988, 3241, 2538, 4249, 2950, 0, 0, 0, 2913, 2024, 0], "tmd": [3, 0, 0, 12, 8, 2, 3, 0, 0, 0, 0, 19, 8, 2, 0, 0, 0, 5, 16, 2, 5], "wmn": 1346, "wmt": 16401, "wmd": 26, "wmv": 7888, "wdn": -23, "wdt": -7, "wdd": -5, "wdv": -61, "tlv": "Missouri"}