{"loc": "Jackson", "iso": "US", "l1": "United States", "l2": "Louisiana", "lvl": 3, "pop": 15744, "key": 11945, "isd": true, "ppd": 35.608000000000004, "med": 38.3, "p65": 15.413, "p70": 9.732000000000001, "hos": 2.77, "exp": 78.86, "adr": 3.0, "amn": 117569.0, "amv": 511713.0, "amd": 3176.0, "amt": 1317474.0, "tmn": [-317, 254, -63, 0, 0, 698, -63, -127, 381, -63, 0, 0, 317, 571, -190, -127, 0, 0, 0, 889, -190], "tmv": [6980, 8171, 7842, 9493, 9226, 6156, 5181, 6849, 8594, 10257, 10611, 9961, 7133, 5431, 8106, 10192, 12065, 12389, 10214, 6477, 4262], "tmd": [64, 0, 0, 0, 0, 0, 0, 0, 0, 0, 0, 0, 0, 0, 0, 0, 0, 0, 0, 0, 0], "wmn": 382, "wmt": 25110, "wmd": 0, "wmv": 63709, "wdn": -65, "wdt": 35, "wdd": 0, "wdv": 8, "tlv": "Louisiana"}