{"loc": "Jackson", "iso": "US", "l1": "United States", "l2": "Indiana", "lvl": 3, "pop": 44231, "key": 11941, "isd": true, "ppd": 35.608000000000004, "med": 38.3, "p65": 15.413, "p70": 9.732000000000001, "hos": 2.77, "exp": 78.86, "adr": 1.0, "amn": 103706.0, "amv": 160515.0, "amd": 1357.0, "amt": 1127985.0, "tmn": [226, 746, 406, 406, 406, 226, 226, 248, 474, 406, 519, 384, 90, 158, 384, 519, 316, 316, 203, 67, 45], "tmv": [3374, 4677, 5132, 5139, 4690, 3336, 1695, 3330, 4023, 4903, 6734, 6595, 3662, 2393, 4746, 4917, 6132, 6772, 6806, 0, 0], "tmd": [23, 0, 0, 0, 0, 0, 0, 0, 249, 0, 0, 0, 0, 0, 0, 23, 0, 0, 0, 0, 0], "wmn": 1854, "wmt": 39366, "wmd": 23, "wmv": 29376, "wdn": -19, "wdt": 1, "wdd": -91, "wdv": -7, "tlv": "Indiana"}