{"loc": "Jackson", "iso": "US", "l1": "United States", "l2": "Indiana", "lvl": 3, "pop": 44231, "key": 11941, "isd": true, "ppd": 35.608000000000004, "med": 38.3, "p65": 15.413, "p70": 9.732000000000001, "hos": 2.77, "exp": 78.86, "adr": 1.0, "amn": 104587.0, "amv": 197386.0, "amd": 1424.0, "amt": 1167073.0, "tmn": [474, 406, 519, 384, 90, 158, 384, 519, 316, 316, 203, 67, 45, 90, 113, 271, 90, 45, 45, 90, 135], "tmv": [4023, 4903, 6734, 6595, 3662, 2393, 4746, 4917, 6132, 6772, 6806, 0, 0, 3221, 4419, 5606, 5173, 5466, 3298, 2593, 0], "tmd": [249, 0, 0, 0, 0, 0, 0, 23, 0, 0, 0, 0, 0, 0, 0, 0, 0, 46, 23, 0, 0], "wmn": 792, "wmt": 34467, "wmd": 68, "wmv": 26559, "wdn": -49, "wdt": -10, "wdd": 200, "wdv": -5, "tlv": "Indiana"}