{"loc": "Jackson", "iso": "US", "l1": "United States", "l2": "Ohio", "lvl": 3, "pop": 32413, "key": 11951, "isd": true, "ppd": 35.608000000000004, "med": 38.3, "p65": 15.413, "p70": 9.732000000000001, "hos": 2.77, "exp": 78.86, "adr": 2.0, "amn": 93018.0, "amv": 466304.0, "amd": 1573.0, "amt": 939306.0, "tmn": [154, 61, 0, 61, 30, 185, 92, 123, 123, 61, 123, 123, 185, 61, 277, 185, 30, 61, 92, 185, 462], "tmv": [8875, 13887, 4118, 6135, 5026, 6980, 8171, 7842, 9493, 9226, 6156, 5181, 6849, 8594, 10257, 10611, 9961, 7133, 5431, 8106, 10192], "tmd": [0, 0, 0, 0, 0, 0, 0, 0, 0, 0, 0, 0, 0, 0, 0, 0, 0, 0, 0, 0, 0], "wmn": 1296, "wmt": 18244, "wmd": 0, "wmv": 61695, "wdn": 62, "wdt": -3, "wdd": 0, "wdv": 16, "tlv": "Ohio"}