{"loc": "Jackson", "iso": "US", "l1": "United States", "l2": "Tennessee", "lvl": 3, "pop": 11786, "key": 11955, "isd": true, "ppd": 35.608000000000004, "med": 38.3, "p65": 15.413, "p70": 9.732000000000001, "hos": 2.77, "exp": 78.86, "adr": 3.0, "amn": 116070.0, "amv": 968912.0, "amd": 3139.0, "amt": 1191611.0, "tmn": [0, 169, 0, 0, 0, -84, 84, 169, 1612, 0, 0, 0, 1103, 84, 0, -84, 0, 0, 0, 0, 0], "tmv": [2452, 4248, 3485, 4157, 3682, 3252, 2518, 2835, 2495, 4865, 3672, 4016, 3766, 3121, 6234, 3276, 3244, 2575, 1851, 1965, 0], "tmd": [0, 0, 0, 0, 0, 0, 0, 0, 0, 0, 0, 0, 85, 0, 0, 0, 0, 0, 0, 0, 0], "wmn": -84, "wmt": 7170, "wmd": 0, "wmv": 19149, "wdn": -103, "wdt": -1, "wdd": -100, "wdv": -23, "tlv": "Tennessee"}