{"loc": "Jackson", "iso": "US", "l1": "United States", "l2": "Oregon", "lvl": 3, "pop": 220944, "key": 11953, "isd": true, "ppd": 35.608000000000004, "med": 38.3, "p65": 15.413, "p70": 9.732000000000001, "hos": 2.77, "exp": 78.86, "adr": 1.0, "amn": 100840.0, "amv": 1216117.0, "amd": 1331.0, "amt": 1690433.0, "tmn": [0, 1013, 330, 475, 411, 407, 0, 0, 665, 262, 606, 334, 312, 0, 0, 692, 325, 452, 321, 298, 0], "tmv": [2047, 1978, 1647, 2163, 995, 2262, 2445, 2251, 1671, 0, 0, 2784, 2570, 2833, 3777, 2988, 2423, 2905, 2661, 3390, 0], "tmd": [0, 10, 0, 23, 10, 14, 0, 0, 19, 23, 0, 14, 10, 0, 0, 5, 28, 10, 5, 14, 0], "wmn": 2092, "wmt": 34069, "wmd": 59, "wmv": 18148, "wdn": -4, "wdt": -7, "wdd": -7, "wdv": 50, "tlv": "Oregon"}