{"loc": "Jackson", "iso": "US", "l1": "United States", "l2": "South Dakota", "lvl": 3, "pop": 3344, "key": 11954, "isd": true, "ppd": 35.608000000000004, "med": 38.3, "p65": 15.413, "p70": 9.732000000000001, "hos": 2.77, "exp": 78.86, "adr": 5.0, "amn": 83433.0, "amv": 201735.0, "amd": 4187.0, "amt": 475398.0, "tmn": [0, 299, 299, 299, 299, 598, 299, 0, 0, 0, 0, 0, 0, 299, 0, 0, 0, 299, 598, 0, 0], "tmv": [4903, 6734, 6595, 3662, 2393, 4746, 4917, 6132, 6772, 6806, 0, 0, 3221, 4419, 5606, 5173, 5466, 3298, 2593, 4349, 0], "tmd": [0, 300, 0, 0, 0, 0, 0, 0, 0, 0, 0, 0, 0, 0, 0, 0, 0, 0, 0, 0, 0], "wmn": 898, "wmt": 5362, "wmd": 0, "wmv": 26489, "wdn": 200, "wdt": 5, "wdd": 0, "wdv": -3, "tlv": "South Dakota"}