{"loc": "Jackson", "iso": "US", "l1": "United States", "l2": "West Virginia", "lvl": 3, "pop": 28576, "key": 11957, "isd": true, "ppd": 35.608000000000004, "med": 38.3, "p65": 15.413, "p70": 9.732000000000001, "hos": 2.77, "exp": 78.86, "adr": 3.0, "amn": 71494.0, "amv": 752032.0, "amd": 2205.0, "amt": 1547364.0, "tmn": [174, 174, 139, 524, 209, 139, 174, 244, 279, 279, 34, 209, 384, 139, 279, 279, 524, 384, 454, 559, 209], "tmv": [7615, 10699, 12037, 10893, 10729, 6600, 5484, 7781, 9092, 10242, 10071, 9169, 6395, 4975, 6773, 8259, 8496, 10027, 6458, 3608, 3001], "tmd": [0, 35, 70, 0, 0, 0, 35, 0, 0, 0, 0, 0, 0, -139, 0, 0, 0, 0, 35, 0, 35], "wmn": 2695, "wmt": 35008, "wmd": 70, "wmv": 46626, "wdn": 71, "wdt": -1, "wdd": -150, "wdv": -19, "tlv": "West Virginia"}