{"loc": "Jaipur", "iso": "IN", "l1": "India", "l2": "Rajasthan", "lvl": 3, "pop": 6663971, "key": 11960, "isd": true, "ppd": 450.41900000000004, "med": 28.2, "p65": 5.989, "p70": 3.4139999999999997, "hos": 0.53, "exp": 69.66, "adr": 1.0, "amn": 9217.0, "amv": 43862.0, "amd": 78.0, "amt": 84776.0, "tmn": [4, 4, 6, 4, 3, 7, 8, 4, 10, 12, 9, 10, 12, 22, 14, 15, 11, 21, 9, 31, 20], "tmv": [984, 954, 347, 1488, 1101, 122, 2202, 1534, 1506, 1591, 1973, 1840, 334, 2484, 1700, 1669, 1709, 1887, 1565, 188, 0], "tmd": [0, 0, 0, 0, 0, 0, 0, 0, 0, 0, 0, 0, 0, 1, 1, 1, 0, 0, 0, 0, 0], "wmn": 124, "wmt": 2616, "wmd": 1, "wmv": 8722, "wdn": 51, "wdt": 57, "wdd": 100, "wdv": -23, "tlv": "Rajasthan"}