{"loc": "Jalandhar", "iso": "IN", "l1": "India", "l2": "Punjab", "lvl": 3, "pop": 2181753, "key": 11963, "isd": true, "ppd": 450.41900000000004, "med": 28.2, "p65": 5.989, "p70": 3.4139999999999997, "hos": 0.53, "exp": 69.66, "adr": 3.0, "amn": 10868.0, "amv": 21672.0, "amd": 352.0, "amt": 178443.0, "tmn": [24, 16, 27, 29, 30, 32, 49, 19, 27, 44, 110, 61, 63, 60, 87, 50, 90, 87, 56, 82, 80], "tmv": [245, 350, 332, 507, 499, 351, 42, 400, 555, 721, 1006, 1081, 1032, 48, 1463, 984, 954, 347, 1488, 1101, 122], "tmd": [2, 0, 1, 1, 1, 0, 1, 0, 1, 2, 3, 2, 2, 3, 4, 3, 2, 3, 3, 3, 4], "wmn": 537, "wmt": 6238, "wmd": 19, "wmv": 6464, "wdn": 39, "wdt": -2, "wdd": 86, "wdv": 33, "tlv": "Punjab"}