{"loc": "Jalgaon", "iso": "IN", "l1": "India", "l2": "Maharashtra", "lvl": 3, "pop": 4224442, "key": 11965, "isd": true, "ppd": 450.41900000000004, "med": 28.2, "p65": 5.989, "p70": 3.4139999999999997, "hos": 0.53, "exp": 69.66, "adr": 2.0, "amn": 16170.0, "amv": 18960.0, "amd": 364.0, "amt": 140572.0, "tmn": [23, 65, 31, 59, 99, 70, 84, 90, 89, 57, 113, 102, 92, 127, 146, 115, 100, 180, 170, 227, 251], "tmv": [281, 178, 245, 350, 332, 507, 499, 351, 42, 400, 555, 721, 1006, 1081, 1032, 48, 1463, 984, 954, 347, 0], "tmd": [0, 1, 0, 0, 2, 0, 0, 1, 0, 1, 0, 0, 2, 2, 1, 1, 0, 0, 2, 1, 3], "wmn": 1192, "wmt": 5065, "wmd": 6, "wmv": 4832, "wdn": 77, "wdt": 9, "wdd": 57, "wdv": 16, "tlv": "Maharashtra"}