{"loc": "Jammu and Kashmir", "iso": "IN", "l1": "India", "l2": "Jammu and Kashmir", "lvl": 2, "pop": 13606320, "key": 11972, "isd": true, "ppd": 450.41900000000004, "med": 28.2, "p65": 5.989, "p70": 3.4139999999999997, "hos": 0.53, "exp": 69.66, "adr": 1.0, "amn": 23797.0, "amv": 410575.0, "amd": 323.0, "amt": 359875.0, "tmn": [10, 8, 10, 8, 10, 10, 9, 10, 10, 8, 7, 8, 8, 12, 9, 9, 7, 5, 6, 7, 8], "tmv": [3974, 0, 0, 0, 0, 2938, 4337, 4117, 4203, 1343, 4228, 3319, 3326, 0, 0, 5548, 0, 0, 4348, 4080, 3220], "tmd": [1, 0, 1, 1, 1, 1, 1, 0, 0, 1, 1, 1, 1, 1, 0, 0, 1, 1, 1, 1, 0], "wmn": 54, "wmt": 6710, "wmd": 1, "wmv": 17198, "wdn": -20, "wdt": -26, "wdd": -44, "wdv": -16, "tlv": "India"}