{"loc": "Jammu", "iso": "IN", "l1": "India", "l2": "Jammu and Kashmir", "lvl": 3, "pop": 1526406, "key": 11973, "isd": true, "ppd": 450.41900000000004, "med": 28.2, "p65": 5.989, "p70": 3.4139999999999997, "hos": 0.53, "exp": 69.66, "adr": 1.0, "amn": 16437.0, "amv": 5988.0, "amd": 244.0, "amt": 356204.0, "tmn": [15, 13, 10, 8, 7, 5, 4, 4, 5, 5, 5, 5, 5, 5, 4, 5, 3, 5, 9, 6, 9], "tmv": [295, 4, 236, 414, 414, 177, 10, 138, 136, 225, 369, 331, 259, 26, 323, 255, 293, 353, 335, 214, 0], "tmd": [0, 0, 0, 0, 0, 1, 0, 0, 0, 0, 0, 0, 0, 0, 0, 0, 0, 0, 1, 0, 1], "wmn": 44, "wmt": 11586, "wmd": 2, "wmv": 1777, "wdn": 16, "wdt": 9, "wdd": 0, "wdv": 19, "tlv": "Jammu and Kashmir"}