{"loc": "James City", "iso": "US", "l1": "United States", "l2": "Virginia", "lvl": 3, "pop": 76523, "key": 11971, "isd": true, "ppd": 35.608000000000004, "med": 38.3, "p65": 15.413, "p70": 9.732000000000001, "hos": 2.77, "exp": 78.86, "adr": 2.0, "amn": 59564.0, "amv": 749030.0, "amd": 941.0, "amt": 827836.0, "tmn": [143, 130, 222, 169, 117, 91, 78, 52, 143, 91, 104, 39, 104, 65, 117, 65, 104, 91, 52, 143, 26], "tmv": [7863, 7615, 10699, 12037, 10893, 10729, 6600, 5484, 7781, 9092, 10242, 10071, 9169, 6395, 4975, 6773, 8259, 8496, 10027, 6458, 3608], "tmd": [0, 0, 0, 0, 0, 0, 0, 0, 0, 0, 14, 0, 0, 0, 0, 0, 14, 0, 0, 0, 0], "wmn": 602, "wmt": 13333, "wmd": 14, "wmv": 48600, "wdn": 0, "wdt": -6, "wdd": 0, "wdv": -17, "tlv": "Virginia"}