{"loc": "Jammu and Kashmir", "iso": "IN", "l1": "India", "l2": "Jammu and Kashmir", "lvl": 2, "pop": 13606320, "key": 11972, "isd": true, "ppd": 450.41900000000004, "med": 28.2, "p65": 5.989, "p70": 3.4139999999999997, "hos": 0.53, "exp": 69.66, "adr": 1.0, "amn": 23905.0, "amv": 463263.0, "amd": 324.0, "amt": 373154.0, "tmn": [8, 8, 12, 9, 9, 7, 5, 6, 7, 8, 11, 10, 7, 6, 9, 9, 7, 12, 12, 12, 7], "tmv": [3319, 3326, 0, 0, 5548, 0, 0, 4348, 4080, 3220, 4789, 2290, 3192, 1063, 4704, 6660, 4686, 8079, 7481, 4871, 4867], "tmd": [1, 1, 1, 0, 0, 1, 1, 1, 1, 0, 1, 0, 1, 1, 1, 0, 0, 1, 1, 1, 0], "wmn": 71, "wmt": 5365, "wmd": 1, "wmv": 41353, "wdn": 20, "wdt": -42, "wdd": -20, "wdv": 80, "tlv": "India"}