{"loc": "Jasper", "iso": "US", "l1": "United States", "l2": "Texas", "lvl": 3, "pop": 35529, "key": 11988, "isd": true, "ppd": 35.608000000000004, "med": 38.3, "p65": 15.413, "p70": 9.732000000000001, "hos": 2.77, "exp": 78.86, "adr": 3.0, "amn": 63835.0, "amv": 191493.0, "amd": 1970.0, "amt": 662598.0, "tmn": [675, 0, 478, 197, 168, 0, 0, 0, 450, 422, 422, 394, 0, 0, 0, 0, 422, 309, -112, 0, 0], "tmv": [1695, 3330, 4023, 4903, 6734, 6595, 3662, 2393, 4746, 4917, 6132, 6772, 6806, 0, 0, 3221, 4419, 5606, 5173, 5466, 0], "tmd": [0, 0, 29, 29, 57, 0, 29, 57, 0, 29, 0, 0, 0, 0, 0, 0, 0, 29, 0, 0, 0], "wmn": 620, "wmt": 13395, "wmd": 29, "wmv": 23888, "wdn": -63, "wdt": -34, "wdd": -67, "wdv": -25, "tlv": "Texas"}