{"loc": "Jasper", "iso": "US", "l1": "United States", "l2": "Indiana", "lvl": 3, "pop": 33562, "key": 11983, "isd": true, "ppd": 35.608000000000004, "med": 38.3, "p65": 15.413, "p70": 9.732000000000001, "hos": 2.77, "exp": 78.86, "adr": 1.0, "amn": 115935.0, "amv": 968912.0, "amd": 1639.0, "amt": 1598253.0, "tmn": [178, 208, 178, 0, 268, 178, 29, 119, 119, 89, 0, 208, 29, 89, 29, 89, 89, 0, 178, 59, 89], "tmv": [2452, 4248, 3485, 4157, 3682, 3252, 2518, 2835, 2495, 4865, 3672, 4016, 3766, 3121, 6234, 3276, 3244, 2575, 1851, 1965, 0], "tmd": [30, 0, 0, 0, 0, 0, 0, 0, 0, 30, 0, 0, 0, 0, 0, 0, 0, 0, 0, 30, 0], "wmn": 537, "wmt": 13158, "wmd": 30, "wmv": 19149, "wdn": -18, "wdt": -10, "wdd": 0, "wdv": -23, "tlv": "Indiana"}