{"loc": "Jasper", "iso": "US", "l1": "United States", "l2": "Georgia", "lvl": 3, "pop": 14219, "key": 11981, "isd": true, "ppd": 35.608000000000004, "med": 38.3, "p65": 15.413, "p70": 9.732000000000001, "hos": 2.77, "exp": 78.86, "adr": 3.0, "amn": 149659.0, "amv": 1255502.0, "amd": 4079.0, "amt": 1150576.0, "tmn": [140, 140, 140, 210, 0, 0, 0, 281, 281, 210, 140, 0, 0, 562, 70, 210, 351, 281, 0, 0, 140], "tmv": [2423, 2905, 2661, 3390, 3489, 0, 0, 0, 2411, 3257, 3418, 2659, 2485, 1614, 1945, 2278, 2491, 2890, 2710, 2395, 0], "tmd": [71, 0, 0, 0, 0, 0, 0, 141, 0, 0, 0, 0, 0, 71, 0, 0, 0, 0, 0, 0, 0], "wmn": 1055, "wmt": 14429, "wmd": 0, "wmv": 14714, "wdn": -29, "wdt": -27, "wdd": -100, "wdv": -7, "tlv": "Georgia"}