{"loc": "Jasper", "iso": "US", "l1": "United States", "l2": "South Carolina", "lvl": 3, "pop": 30073, "key": 11987, "isd": true, "ppd": 35.608000000000004, "med": 38.3, "p65": 15.413, "p70": 9.732000000000001, "hos": 2.77, "exp": 78.86, "adr": 2.0, "amn": 70196.0, "amv": 191493.0, "amd": 1363.0, "amt": 941653.0, "tmn": [365, 432, 266, 2094, 399, 432, 332, 299, 166, 99, 365, 465, 465, 232, 199, 66, 133, 199, 99, 232, 133], "tmv": [1695, 3330, 4023, 4903, 6734, 6595, 3662, 2393, 4746, 4917, 6132, 6772, 6806, 0, 0, 3221, 4419, 5606, 5173, 5466, 0], "tmd": [0, 0, 67, 0, 0, 0, 0, 0, 0, 67, 0, 0, 0, 0, 0, 0, 0, 0, 0, 0, 0], "wmn": 1065, "wmt": 29360, "wmd": 0, "wmv": 23888, "wdn": -49, "wdt": -25, "wdd": -100, "wdv": -25, "tlv": "South Carolina"}