{"loc": "Jasper", "iso": "US", "l1": "United States", "l2": "Texas", "lvl": 3, "pop": 35529, "key": 11988, "isd": true, "ppd": 35.608000000000004, "med": 38.3, "p65": 15.413, "p70": 9.732000000000001, "hos": 2.77, "exp": 78.86, "adr": 4.0, "amn": 69521.0, "amv": 752032.0, "amd": 2533.0, "amt": 803208.0, "tmn": [0, 506, 0, 0, 0, 0, 562, 28, 0, 0, 0, 0, 225, 0, 0, 225, 0, 0, 0, 112, 0], "tmv": [10699, 12037, 10893, 10729, 6600, 5484, 7781, 9092, 10242, 10071, 9169, 6395, 4975, 6773, 8259, 8496, 10027, 6458, 3608, 3001, 0], "tmd": [0, 0, 0, 0, 0, 0, 0, 0, 0, 0, 0, 0, 0, 0, 0, 0, 0, 0, 0, 29, 29], "wmn": 338, "wmt": 14976, "wmd": 57, "wmv": 39852, "wdn": 33, "wdt": 20, "wdd": 0, "wdv": -30, "tlv": "Texas"}