{"loc": "Jasper", "iso": "US", "l1": "United States", "l2": "South Carolina", "lvl": 3, "pop": 30073, "key": 11987, "isd": true, "ppd": 35.608000000000004, "med": 38.3, "p65": 15.413, "p70": 9.732000000000001, "hos": 2.77, "exp": 78.86, "adr": 2.0, "amn": 98593.0, "amv": 1086287.0, "amd": 1663.0, "amt": 1412923.0, "tmn": [332, 565, 0, 0, 1163, 498, 598, 631, 631, 0, 0, 2859, 665, 665, 332, 1263, 0, 0, 2759, 465, 1330], "tmv": [2155, 2600, 2160, 2477, 1419, 1374, 2201, 2622, 2492, 2548, 2348, 1615, 1875, 1986, 1986, 2786, 3007, 2017, 2605, 1830, 0], "tmd": [0, 0, 0, 0, 0, 0, 0, 0, 0, 0, 0, 34, 0, 0, 0, 0, 0, 0, 0, 0, 0], "wmn": 6152, "wmt": 34171, "wmd": 0, "wmv": 14234, "wdn": 13, "wdt": 35, "wdd": -100, "wdv": -8, "tlv": "South Carolina"}