{"loc": "Jashpur", "iso": "IN", "l1": "India", "l2": "Chhattisgarh", "lvl": 3, "pop": 852043, "key": 11980, "isd": true, "ppd": 450.41900000000004, "med": 28.2, "p65": 5.989, "p70": 3.4139999999999997, "hos": 0.53, "exp": 69.66, "adr": 1.0, "amn": 4886.0, "amv": 11319.0, "amd": 41.0, "amt": 166235.0, "tmn": [10, 7, 7, 1, 19, 1, 9, 15, 10, 8, 1, 19, 15, 11, 8, 19, 5, 9, 12, 9, 21], "tmv": [353, 335, 61, 0, 0, 246, 238, 478, 437, 281, 178, 245, 350, 332, 507, 499, 351, 42, 400, 555, 0], "tmd": [0, 0, 0, 0, 2, 0, 0, 0, 0, 0, 0, 0, 0, 0, 0, 2, 0, 0, 0, 0, 0], "wmn": 87, "wmt": 5394, "wmd": 2, "wmv": 2359, "wdn": 6, "wdt": 6, "wdd": 0, "wdv": 2, "tlv": "Chhattisgarh"}