{"loc": "Jaunpur", "iso": "IN", "l1": "India", "l2": "Uttar Pradesh", "lvl": 3, "pop": 4476072, "key": 11989, "isd": true, "ppd": 450.41900000000004, "med": 28.2, "p65": 5.989, "p70": 3.4139999999999997, "hos": 0.53, "exp": 69.66, "adr": 1.0, "amn": 3929.0, "amv": 114312.0, "amd": 37.0, "amt": 175718.0, "tmn": [68, 59, 118, 97, 114, 86, 75, 169, 134, 101, 165, 127, 98, 92, 118, 81, 118, 107, 115, 36, 55], "tmv": [2401, 1978, 1966, 1945, 891, 2374, 0, 0, 2252, 0, 0, 0, 2420, 1705, 1575, 1605, 1977, 1179, 424, 1355, 1209], "tmd": [1, 0, 1, 1, 0, 1, 1, 1, 0, 1, 2, 1, 1, 1, 1, 2, 2, 0, 1, 1, 2], "wmn": 634, "wmt": 6974, "wmd": 7, "wmv": 9328, "wdn": -29, "wdt": 13, "wdd": 26, "wdv": 46, "tlv": "Uttar Pradesh"}