{"loc": "Jasper", "iso": "US", "l1": "United States", "l2": "South Carolina", "lvl": 3, "pop": 30073, "key": 11987, "isd": true, "ppd": 35.608000000000004, "med": 38.3, "p65": 15.413, "p70": 9.732000000000001, "hos": 2.77, "exp": 78.86, "adr": 2.0, "amn": 76647.0, "amv": 720439.0, "amd": 1496.0, "amt": 1183585.0, "tmn": [33, 33, 99, 99, 99, 33, 66, 99, 33, 99, 166, 133, 133, 66, 166, 99, 33, 99, 0, 133, 99], "tmv": [12013, 14052, 10864, 8027, 7863, 7615, 10699, 12037, 10893, 10729, 6600, 5484, 7781, 9092, 10242, 10071, 9169, 6395, 4975, 6773, 8259], "tmd": [0, 0, 0, 0, 0, 0, 0, 0, 0, 34, 0, 0, 0, 0, 0, 34, 0, 0, 0, 0, 0], "wmn": 632, "wmt": 20785, "wmd": 34, "wmv": 55887, "wdn": -14, "wdt": -4, "wdd": 0, "wdv": -11, "tlv": "South Carolina"}