{"loc": "Jashpur", "iso": "IN", "l1": "India", "l2": "Chhattisgarh", "lvl": 3, "pop": 852043, "key": 11980, "isd": true, "ppd": 450.41900000000004, "med": 28.2, "p65": 5.989, "p70": 3.4139999999999997, "hos": 0.53, "exp": 69.66, "adr": 1.0, "amn": 5144.0, "amv": 30481.0, "amd": 43.0, "amt": 182489.0, "tmn": [5, 9, 12, 9, 21, 15, 10, 7, 8, 14, 8, 23, 14, 22, 10, 15, 8, 15, 23, 22, 39], "tmv": [351, 42, 400, 555, 721, 1006, 1081, 1032, 48, 1463, 984, 954, 347, 1488, 1101, 122, 2202, 1534, 1506, 1591, 1973], "tmd": [0, 0, 0, 0, 0, 0, 0, 0, 0, 0, 0, 0, 0, 0, 0, 0, 2, 0, 0, 2, 0], "wmn": 135, "wmt": 8524, "wmd": 3, "wmv": 10033, "wdn": 39, "wdt": 44, "wdd": 0, "wdv": 59, "tlv": "Chhattisgarh"}