{"loc": "Jefferson", "iso": "US", "l1": "United States", "l2": "Arkansas", "lvl": 3, "pop": 66824, "key": 11997, "isd": true, "ppd": 35.608000000000004, "med": 38.3, "p65": 15.413, "p70": 9.732000000000001, "hos": 2.77, "exp": 78.86, "adr": 2.0, "amn": 167290.0, "amv": 1086287.0, "amd": 2978.0, "amt": 1153432.0, "tmn": [1047, 897, 389, 538, 478, 823, 748, 1466, 1361, 808, 209, 329, 1182, 598, 838, 778, 568, 823, 209, 808, 942], "tmv": [2155, 2600, 2160, 2477, 1419, 1374, 2201, 2622, 2492, 2548, 2348, 1615, 1875, 1986, 1986, 2786, 3007, 2017, 2605, 1830, 0], "tmd": [15, 0, 75, 0, 45, 30, 0, 0, 15, 0, 0, 30, 0, 0, 15, 0, 0, 0, 15, 45, 30], "wmn": 4969, "wmt": 23392, "wmd": 105, "wmv": 14234, "wdn": -17, "wdt": -2, "wdd": 133, "wdv": -8, "tlv": "Arkansas"}