{"loc": "Jefferson", "iso": "US", "l1": "United States", "l2": "Arkansas", "lvl": 3, "pop": 66824, "key": 11997, "isd": true, "ppd": 35.608000000000004, "med": 38.3, "p65": 15.413, "p70": 9.732000000000001, "hos": 2.77, "exp": 78.86, "adr": 2.0, "amn": 131959.0, "amv": 635594.0, "amd": 2484.0, "amt": 970603.0, "tmn": [89, 104, 29, 0, 29, 0, 44, 29, 74, 44, 59, 29, 0, 74, 134, 119, 119, 119, 164, 14, 44], "tmv": [5431, 8106, 10192, 12065, 12389, 10214, 6477, 4262, 8755, 10329, 12013, 14052, 10864, 8027, 7863, 7615, 10699, 12037, 10893, 10729, 0], "tmd": [0, 15, 0, 0, 0, 0, 0, 0, 0, 0, 0, 0, 0, 0, 0, 15, 0, 15, 0, 15, 0], "wmn": 719, "wmt": 10112, "wmd": 45, "wmv": 59839, "wdn": 129, "wdt": 32, "wdd": 0, "wdv": -12, "tlv": "Arkansas"}