{"loc": "Jeff Davis", "iso": "US", "l1": "United States", "l2": "Texas", "lvl": 3, "pop": 2274, "key": 11993, "isd": true, "ppd": 35.608000000000004, "med": 38.3, "p65": 15.413, "p70": 9.732000000000001, "hos": 2.77, "exp": 78.86, "adr": 1.0, "amn": 72999.0, "amv": 160515.0, "amd": 880.0, "amt": 648738.0, "tmn": [879, 439, 0, 0, 439, 439, 0, 3957, -439, 439, 2638, 1759, 0, 439, 2638, 2198, 0, 2198, 0, 439, 439], "tmv": [3374, 4677, 5132, 5139, 4690, 3336, 1695, 3330, 4023, 4903, 6734, 6595, 3662, 2393, 4746, 4917, 6132, 6772, 6806, 0, 0], "tmd": [0, 0, 0, 0, 0, 0, 0, 0, 0, 440, 0, 0, 0, 0, 0, 0, 0, 0, 0, 0, 0], "wmn": 7916, "wmt": 17557, "wmd": 0, "wmv": 29376, "wdn": -10, "wdt": -27, "wdd": -100, "wdv": -7, "tlv": "Texas"}