{"loc": "Jefferson", "iso": "US", "l1": "United States", "l2": "Arkansas", "lvl": 3, "pop": 66824, "key": 11997, "isd": true, "ppd": 35.608000000000004, "med": 38.3, "p65": 15.413, "p70": 9.732000000000001, "hos": 2.77, "exp": 78.86, "adr": 2.0, "amn": 186595.0, "amv": 1393875.0, "amd": 3412.0, "amt": 1400604.0, "tmn": [59, 59, 89, 59, 0, 0, 29, 134, 119, 29, 74, 44, 44, 89, 119, 59, 0, 14, 14, 59, 239], "tmv": [4933, 4463, 5576, 3317, 1660, 4353, 4663, 4819, 4832, 5563, 3334, 1728, 4724, 4234, 2965, 50, 2434, 1138, 149, 0, 0], "tmd": [0, -14, 0, 0, 0, 0, -14, 0, 15, 0, 0, 0, 0, 0, 15, 0, 0, 0, 0, 0, 0], "wmn": 509, "wmt": 9028, "wmd": 15, "wmv": 6738, "wdn": -6, "wdt": -25, "wdd": 0, "wdv": -77, "tlv": "Arkansas"}