{"loc": "Jefferson", "iso": "US", "l1": "United States", "l2": "Arkansas", "lvl": 3, "pop": 66824, "key": 11997, "isd": true, "ppd": 35.608000000000004, "med": 38.3, "p65": 15.413, "p70": 9.732000000000001, "hos": 2.77, "exp": 78.86, "adr": 2.0, "amn": 178454.0, "amv": 1146163.0, "amd": 3173.0, "amt": 1234800.0, "tmn": [718, 329, 284, 463, 942, 568, 763, 568, 149, 299, 568, 523, 808, 269, 433, 239, 359, 134, 404, 329, 583], "tmv": [3187, 2953, 1851, 1966, 2813, 2807, 3250, 3257, 2889, 2103, 1988, 3241, 2538, 4249, 2950, 0, 0, 0, 2913, 2024, 0], "tmd": [0, 0, 0, 15, 0, 15, 0, 15, 0, 15, 0, 15, 0, 0, 0, 15, 45, 0, 30, 15, 15], "wmn": 2485, "wmt": 22304, "wmd": 120, "wmv": 7888, "wdn": -22, "wdt": -13, "wdd": 167, "wdv": -61, "tlv": "Arkansas"}