{"loc": "Jefferson", "iso": "US", "l1": "United States", "l2": "Colorado", "lvl": 3, "pop": 582881, "key": 11998, "isd": true, "ppd": 35.608000000000004, "med": 38.3, "p65": 15.413, "p70": 9.732000000000001, "hos": 2.77, "exp": 78.86, "adr": 2.0, "amn": 93462.0, "amv": 1136653.0, "amd": 1439.0, "amt": 1785237.0, "tmn": [118, 322, 241, 229, 0, 0, 633, 216, 199, 207, 216, 0, 0, 548, 253, 322, 271, 240, 0, 0, 746], "tmv": [1830, 2139, 3106, 3068, 3187, 2953, 1851, 1966, 2813, 2807, 3250, 3257, 2889, 2103, 1988, 3241, 2538, 4249, 2950, 0, 0], "tmd": [6, 2, 0, 6, 0, 0, 4, 2, 0, 4, 6, 0, 0, -1, 4, -1, 0, 9, 0, 0, 2], "wmn": 1834, "wmt": 37040, "wmd": 13, "wmv": 14970, "wdn": 32, "wdt": 16, "wdd": 40, "wdv": -22, "tlv": "Colorado"}