{"loc": "Jay", "iso": "US", "l1": "United States", "l2": "Indiana", "lvl": 3, "pop": 20436, "key": 11990, "isd": true, "ppd": 35.608000000000004, "med": 38.3, "p65": 15.413, "p70": 9.732000000000001, "hos": 2.77, "exp": 78.86, "adr": 2.0, "amn": 86954.0, "amv": 228357.0, "amd": 1370.0, "amt": 1191499.0, "tmn": [0, 195, 146, 48, 0, 146, 48, 48, 48, 48, 0, 0, 48, 97, 97, 0, 0, 0, 97, 48, 48], "tmv": [3662, 2393, 4746, 4917, 6132, 6772, 6806, 0, 0, 3221, 4419, 5606, 5173, 5466, 3298, 2593, 4349, 5491, 6616, 7139, 7375], "tmd": [0, 49, 0, 0, 49, 0, 0, 0, 0, 0, 0, 0, 0, 0, 0, 0, 0, 0, 0, 0, 0], "wmn": 294, "wmt": 39719, "wmd": 0, "wmv": 36864, "wdn": 0, "wdt": 36, "wdd": 0, "wdv": 54, "tlv": "Indiana"}