{"loc": "Jefferson", "iso": "US", "l1": "United States", "l2": "Alabama", "lvl": 3, "pop": 658573, "key": 11996, "isd": true, "ppd": 35.608000000000004, "med": 38.3, "p65": 15.413, "p70": 9.732000000000001, "hos": 2.77, "exp": 78.86, "adr": 2.0, "amn": 167919.0, "amv": 1176126.0, "amd": 2653.0, "amt": 562193.0, "tmn": [1403, 1103, 839, 540, 598, 589, 607, 753, 775, 733, 399, 545, 652, 505, 733, 431, 532, 340, 402, 409, 728], "tmv": [2538, 4249, 2950, 0, 0, 0, 2913, 2024, 2876, 2739, 2336, 1790, 1886, 2554, 2257, 2903, 2781, 2047, 1978, 1647, 2163], "tmd": [2, 11, 5, 0, 0, 0, 2, 25, 0, 22, 0, 0, 0, 17, 0, 14, 10, 0, 0, 11, 20], "wmn": 3579, "wmt": 0, "wmd": 54, "wmv": 15780, "wdn": -18, "wdt": 0, "wdd": -15, "wdv": -3, "tlv": "Alabama"}