{"loc": "Jeff Davis", "iso": "US", "l1": "United States", "l2": "Georgia", "lvl": 3, "pop": 15115, "key": 11992, "isd": true, "ppd": 35.608000000000004, "med": 38.3, "p65": 15.413, "p70": 9.732000000000001, "hos": 2.77, "exp": 78.86, "adr": 2.0, "amn": 151968.0, "amv": 1086287.0, "amd": 2977.0, "amt": 934741.0, "tmn": [1786, 529, 0, 0, 595, 1455, 860, 992, 1124, 0, 0, 2249, 1323, 1058, 330, 1389, 0, 0, 3903, 1786, 1389], "tmv": [2155, 2600, 2160, 2477, 1419, 1374, 2201, 2622, 2492, 2548, 2348, 1615, 1875, 1986, 1986, 2786, 3007, 2017, 2605, 1830, 0], "tmd": [67, 0, 0, 0, 0, 0, -66, 0, 0, 0, 0, 0, 0, 0, 0, 0, 0, 0, 67, 0, 0], "wmn": 8800, "wmt": 19098, "wmd": 67, "wmv": 14234, "wdn": 30, "wdt": 25, "wdd": 0, "wdv": -8, "tlv": "Georgia"}