{"loc": "Jefferson", "iso": "US", "l1": "United States", "l2": "Illinois", "lvl": 3, "pop": 37684, "key": 12002, "isd": true, "ppd": 35.608000000000004, "med": 38.3, "p65": 15.413, "p70": 9.732000000000001, "hos": 2.77, "exp": 78.86, "adr": 3.0, "amn": 130586.0, "amv": 1072054.0, "amd": 3291.0, "amt": 2167397.0, "tmn": [212, 0, 0, 875, 424, 159, 291, 636, 0, 0, 689, 477, 398, 610, 398, 0, 0, 1114, 424, 1141, 530], "tmv": [1821, 2051, 2364, 1193, 1200, 2288, 2155, 2600, 2160, 2477, 1419, 1374, 2201, 2622, 2492, 2548, 2348, 1615, 1875, 1986, 0], "tmd": [0, 0, 0, 0, 0, 0, 0, 0, 0, 0, 0, 0, 27, 0, 0, 0, 0, 0, 0, 0, 0], "wmn": 3609, "wmt": 32231, "wmd": 0, "wmv": 12867, "wdn": 28, "wdt": 22, "wdd": -100, "wdv": -13, "tlv": "Illinois"}