{"loc": "Jefferson", "iso": "US", "l1": "United States", "l2": "Kentucky", "lvl": 3, "pop": 766757, "key": 12006, "isd": true, "ppd": 35.608000000000004, "med": 38.3, "p65": 15.413, "p70": 9.732000000000001, "hos": 2.77, "exp": 78.86, "adr": 1.0, "amn": 105324.0, "amv": 814768.0, "amd": 1556.0, "amt": 1168837.0, "tmn": [89, 92, 70, 119, 147, 302, 179, 146, 121, 87, 164, 148, 163, 156, 66, 56, 36, 114, 169, 177, 161], "tmv": [10071, 9169, 6395, 4975, 6773, 8259, 8496, 10027, 6458, 3608, 3001, 5456, 7305, 8515, 7794, 7192, 5713, 4653, 4699, 5814, 5591], "tmd": [19, 3, 6, 4, 2, 0, 0, 2, 0, 0, 0, 2, 2, 4, 3, 0, 0, 3, 3, 2, 4], "wmn": 783, "wmt": 12425, "wmd": 14, "wmv": 41459, "wdn": -21, "wdt": -90, "wdd": 67, "wdv": -7, "tlv": "Kentucky"}