{"loc": "Jefferson", "iso": "US", "l1": "United States", "l2": "Indiana", "lvl": 3, "pop": 32308, "key": 12003, "isd": true, "ppd": 35.608000000000004, "med": 38.3, "p65": 15.413, "p70": 9.732000000000001, "hos": 2.77, "exp": 78.86, "adr": 2.0, "amn": 102699.0, "amv": 830268.0, "amd": 2507.0, "amt": 1510260.0, "tmn": [0, 61, 123, 1423, 866, 0, 30, 216, 61, 123, 0, 0, 123, 433, 30, 61, 92, 0, 92, 61, 30], "tmv": [6395, 4975, 6773, 8259, 8496, 10027, 6458, 3608, 3001, 5456, 7305, 8515, 7794, 7192, 5713, 4653, 4699, 5814, 5591, 7265, 8234], "tmd": [0, 0, 0, 0, 0, 0, 0, 0, 0, 0, 0, 0, 0, 0, 0, 0, 0, 0, 0, 0, 0], "wmn": 372, "wmt": 24926, "wmd": 0, "wmv": 41972, "wdn": -61, "wdt": -7, "wdd": 0, "wdv": -2, "tlv": "Indiana"}