{"loc": "Jefferson", "iso": "US", "l1": "United States", "l2": "Idaho", "lvl": 3, "pop": 29871, "key": 12001, "isd": true, "ppd": 35.608000000000004, "med": 38.3, "p65": 15.413, "p70": 9.732000000000001, "hos": 2.77, "exp": 78.86, "adr": 1.0, "amn": 109337.0, "amv": 1121684.0, "amd": 1105.0, "amt": 488110.0, "tmn": [200, 267, 167, 267, 0, 0, 368, 167, 301, 167, 167, 0, 0, 234, 636, 267, 368, 234, 0, 0, 368], "tmv": [1875, 1986, 1986, 2786, 3007, 2017, 2605, 1830, 2139, 3106, 3068, 3187, 2953, 1851, 1966, 2813, 2807, 3250, 3257, 2889, 2103], "tmd": [0, 0, 0, 0, 0, 0, 0, 0, 0, 0, 0, 0, 0, 0, 0, 0, 0, 0, 0, 0, 0], "wmn": 1875, "wmt": 7861, "wmd": 0, "wmv": 19089, "wdn": 81, "wdt": 22, "wdd": 0, "wdv": 5, "tlv": "Idaho"}