{"loc": "Jefferson", "iso": "US", "l1": "United States", "l2": "Illinois", "lvl": 3, "pop": 37684, "key": 12002, "isd": true, "ppd": 35.608000000000004, "med": 38.3, "p65": 15.413, "p70": 9.732000000000001, "hos": 2.77, "exp": 78.86, "adr": 2.0, "amn": 158715.0, "amv": 1165506.0, "amd": 3476.0, "amt": 2391788.0, "tmn": [0, 0, 1512, 1326, 663, 1857, 822, 0, 0, 0, 2653, 477, 1273, 1247, 0, 0, 1910, 769, 875, 689, 583], "tmv": [3257, 2889, 2103, 1988, 3241, 2538, 4249, 2950, 0, 0, 0, 2913, 2024, 2876, 2739, 2336, 1790, 1886, 2554, 2257, 2903], "tmd": [0, 0, 0, 0, 0, 54, 0, 0, 0, 0, 27, 27, 0, 0, 0, 0, 0, 0, 0, 0, 27], "wmn": 4830, "wmt": 52761, "wmd": 27, "wmv": 16467, "wdn": -15, "wdt": 17, "wdd": -50, "wdv": 53, "tlv": "Illinois"}