{"loc": "Jefferson", "iso": "US", "l1": "United States", "l2": "Kentucky", "lvl": 3, "pop": 766757, "key": 12006, "isd": true, "ppd": 35.608000000000004, "med": 38.3, "p65": 15.413, "p70": 9.732000000000001, "hos": 2.77, "exp": 78.86, "adr": 1.0, "amn": 133980.0, "amv": 1146163.0, "amd": 1872.0, "amt": 1439722.0, "tmn": [0, 0, 1673, 725, 837, 993, 670, 0, 0, 1751, 699, 807, 975, 705, 0, 0, 0, 2175, 640, 742, 775], "tmv": [3187, 2953, 1851, 1966, 2813, 2807, 3250, 3257, 2889, 2103, 1988, 3241, 2538, 4249, 2950, 0, 0, 0, 2913, 2024, 0], "tmd": [0, 0, 8, 2, 10, 4, 3, 0, 0, 16, 4, 0, 10, 2, 0, 0, 0, 6, 11, 3, 0], "wmn": 4334, "wmt": 34419, "wmd": 19, "wmv": 7888, "wdn": -12, "wdt": -10, "wdd": -39, "wdv": -61, "tlv": "Kentucky"}