{"loc": "Jefferson", "iso": "US", "l1": "United States", "l2": "Georgia", "lvl": 3, "pop": 15362, "key": 12000, "isd": true, "ppd": 35.608000000000004, "med": 38.3, "p65": 15.413, "p70": 9.732000000000001, "hos": 2.77, "exp": 78.86, "adr": 3.0, "amn": 117628.0, "amv": 153709.0, "amd": 3515.0, "amt": 643183.0, "tmn": [390, 455, 65, 195, 846, 585, 520, 130, 195, 325, 390, 781, 846, 781, 260, 455, 911, 325, 455, 325, 716], "tmv": [3978, 2687, 2448, 3374, 4677, 5132, 5139, 4690, 3336, 1695, 3330, 4023, 4903, 6734, 6595, 3662, 2393, 4746, 4917, 6132, 6772], "tmd": [0, 0, 0, 0, 0, 0, 66, 0, 0, 66, 131, 0, 66, 66, 0, 0, 0, 0, 0, 0, 0], "wmn": 3451, "wmt": 18872, "wmd": 0, "wmv": 35221, "wdn": 0, "wdt": -2, "wdd": -100, "wdv": 23, "tlv": "Georgia"}