{"loc": "Jefferson", "iso": "US", "l1": "United States", "l2": "Kentucky", "lvl": 3, "pop": 766757, "key": 12006, "isd": true, "ppd": 35.608000000000004, "med": 38.3, "p65": 15.413, "p70": 9.732000000000001, "hos": 2.77, "exp": 78.86, "adr": 1.0, "amn": 145272.0, "amv": 1187231.0, "amd": 1941.0, "amt": 1530592.0, "tmn": [640, 742, 775, 0, 0, 1477, 691, 843, 599, 709, 0, 0, 1262, 495, 555, 564, 644, 0, 0, 1002, 2444], "tmv": [2913, 2024, 2876, 2739, 2336, 1790, 1886, 2554, 2257, 2903, 2781, 2047, 1978, 1647, 2163, 995, 2262, 2445, 2251, 1671, 1480], "tmd": [11, 3, 0, 0, 0, 10, 0, 4, 8, 3, 0, 0, 17, 0, 3, 2, 6, 0, 0, 20, 0], "wmn": 5212, "wmt": 33148, "wmd": 29, "wmv": 13270, "wdn": 33, "wdt": -9, "wdd": -8, "wdv": -18, "tlv": "Kentucky"}