{"loc": "Jefferson", "iso": "US", "l1": "United States", "l2": "New York", "lvl": 3, "pop": 109834, "key": 12012, "isd": true, "ppd": 35.608000000000004, "med": 38.3, "p65": 15.413, "p70": 9.732000000000001, "hos": 2.77, "exp": 78.86, "adr": 1.0, "amn": 72355.0, "amv": 1197969.0, "amd": 646.0, "amt": 3635519.0, "tmn": [300, 172, 191, 664, 491, 373, 400, 182, 473, 427, 291, 355, 373, 355, 245, 364, 582, 291, 518, 391, 400], "tmv": [1790, 1886, 2554, 2257, 2903, 2781, 2047, 1978, 1647, 2163, 995, 2262, 2445, 2251, 1671, 0, 0, 2784, 2570, 2833, 0], "tmd": [0, 0, 0, 10, 0, 0, 0, 0, 0, 0, 0, 0, 0, 0, 0, 0, 0, 0, 0, 0, 0], "wmn": 2796, "wmt": 67622, "wmd": 0, "wmv": 9860, "wdn": 14, "wdt": 3, "wdd": 0, "wdv": -28, "tlv": "New York"}