{"loc": "Jefferson", "iso": "US", "l1": "United States", "l2": "Oregon", "lvl": 3, "pop": 24658, "key": 12015, "isd": true, "ppd": 35.608000000000004, "med": 38.3, "p65": 15.413, "p70": 9.732000000000001, "hos": 2.77, "exp": 78.86, "adr": 1.0, "amn": 155933.0, "amv": 1263117.0, "amd": 2312.0, "amt": 1776778.0, "tmn": [811, 0, 0, 1906, 527, 770, 851, 729, 0, 0, 1987, 567, 1216, 648, 1500, 0, 0, 1419, 689, 486, 851], "tmv": [3390, 3489, 0, 0, 0, 2411, 3257, 3418, 2659, 2485, 1614, 1945, 2278, 2491, 2890, 2710, 2395, 1993, 2154, 3467, 0], "tmd": [0, 0, 0, 0, 0, 0, 0, 0, 0, 0, 41, 41, 0, 0, 0, 0, 0, 41, 41, 82, 41], "wmn": 4948, "wmt": 32406, "wmd": 203, "wmv": 15613, "wdn": -4, "wdt": -1, "wdd": 150, "wdv": -8, "tlv": "Oregon"}