{"loc": "Jefferson", "iso": "US", "l1": "United States", "l2": "Tennessee", "lvl": 3, "pop": 54495, "key": 12017, "isd": true, "ppd": 35.608000000000004, "med": 38.3, "p65": 15.413, "p70": 9.732000000000001, "hos": 2.77, "exp": 78.86, "adr": 2.0, "amn": 103532.0, "amv": 228357.0, "amd": 2165.0, "amt": 1011352.0, "tmn": [55, 458, 165, 587, 220, 844, 844, 715, 550, 220, 146, 146, 330, 220, 201, 220, 201, 458, 275, 238, 165], "tmv": [3662, 2393, 4746, 4917, 6132, 6772, 6806, 0, 0, 3221, 4419, 5606, 5173, 5466, 3298, 2593, 4349, 5491, 6616, 7139, 7375], "tmd": [37, 0, 74, 111, 37, 19, 37, 0, 0, 0, 56, 0, 0, 0, 19, 0, 0, 19, 0, 19, 0], "wmn": 1762, "wmt": 16070, "wmd": 56, "wmv": 36864, "wdn": -24, "wdt": 56, "wdd": 0, "wdv": 54, "tlv": "Tennessee"}