{"loc": "Jefferson", "iso": "US", "l1": "United States", "l2": "Pennsylvania", "lvl": 3, "pop": 43425, "key": 12016, "isd": true, "ppd": 35.608000000000004, "med": 38.3, "p65": 15.413, "p70": 9.732000000000001, "hos": 2.77, "exp": 78.86, "adr": 3.0, "amn": 86632.0, "amv": 1154115.0, "amd": 2326.0, "amt": 1284610.0, "tmn": [138, 207, 115, 253, 299, 92, 253, 368, 368, 506, 437, 483, 184, 276, 138, 368, 391, 345, 414, 690, 322], "tmv": [1966, 2813, 2807, 3250, 3257, 2889, 2103, 1988, 3241, 2538, 4249, 2950, 0, 0, 0, 2913, 2024, 2876, 2739, 2336, 0], "tmd": [0, 0, 0, 0, 0, 0, 0, 24, 0, 0, 0, 0, 0, 0, 0, 24, 0, 0, 0, 0, 0], "wmn": 2672, "wmt": 21927, "wmd": 24, "wmv": 12890, "wdn": 2, "wdt": 8, "wdd": 0, "wdv": -14, "tlv": "Pennsylvania"}