{"loc": "Jefferson", "iso": "US", "l1": "United States", "l2": "Wisconsin", "lvl": 3, "pop": 84769, "key": 12021, "isd": true, "ppd": 35.608000000000004, "med": 38.3, "p65": 15.413, "p70": 9.732000000000001, "hos": 2.77, "exp": 78.86, "adr": 1.0, "amn": 114606.0, "amv": 1026653.0, "amd": 1604.0, "amt": 1576797.0, "tmn": [35, 0, 11, 11, 0, 0, 106, 0, 23, 35, 11, 0, 0, 23, 35, 11, 0, 0, 0, 0, 35], "tmv": [2241, 4154, 4949, 1994, 3524, 1923, 0, 0, 1326, 2107, 1883, 1818, 1779, 1363, 1036, 1655, 1721, 1666, 1928, 1520, 1539], "tmd": [0, 0, 0, 0, 0, 0, 0, 0, 0, 0, 0, 0, 0, 0, 0, 0, 0, 0, 0, 0, 0], "wmn": 83, "wmt": 9564, "wmd": 0, "wmv": 11069, "wdn": -12, "wdt": -26, "wdd": 0, "wdv": 8, "tlv": "Wisconsin"}