{"loc": "Jewell", "iso": "US", "l1": "United States", "l2": "Kansas", "lvl": 3, "pop": 2879, "key": 12029, "isd": true, "ppd": 35.608000000000004, "med": 38.3, "p65": 15.413, "p70": 9.732000000000001, "hos": 2.77, "exp": 78.86, "adr": 2.0, "amn": 145884.0, "amv": 1283911.0, "amd": 3126.0, "amt": 627513.0, "tmn": [0, 2778, 0, 2778, 0, 0, 1389, 0, 2778, 0, 1389, 0, 0, 0, 0, 2084, 0, 1042, 0, 0, 1389], "tmv": [2626, 2552, 2575, 2955, 1399, 770, 2354, 2306, 2307, 2345, 3781, 2315, 1328, 4158, 4126, 4122, 3797, 3784, 1119, 91, 0], "tmd": [0, 0, 0, 0, 0, 0, 0, 0, 0, 0, 0, 0, 0, 0, 0, 348, 0, 0, 0, 0, 0], "wmn": 4516, "wmt": 6032, "wmd": 348, "wmv": 17042, "wdn": 8, "wdt": -4, "wdd": 0, "wdv": -8, "tlv": "Kansas"}