{"loc": "Jennings", "iso": "US", "l1": "United States", "l2": "Indiana", "lvl": 3, "pop": 27735, "key": 12024, "isd": true, "ppd": 35.608000000000004, "med": 38.3, "p65": 15.413, "p70": 9.732000000000001, "hos": 2.77, "exp": 78.86, "adr": 2.0, "amn": 84839.0, "amv": 965095.0, "amd": 1767.0, "amt": 1594524.0, "tmn": [180, 0, 108, 0, 36, 0, 0, 72, 0, 36, 144, 36, 0, 0, 36, 36, 0, 0, 0, 0, 0], "tmv": [0, 1543, 2452, 4248, 3485, 4157, 3682, 3252, 2518, 2835, 2495, 4865, 3672, 4016, 3766, 3121, 6234, 3276, 3244, 2575, 0], "tmd": [0, 0, 0, 0, 0, 0, 0, 0, 0, 0, 0, 0, 0, 0, 0, 0, 0, 0, 0, 0, 0], "wmn": 73, "wmt": 13564, "wmd": 0, "wmv": 22220, "wdn": -75, "wdt": -13, "wdd": 0, "wdv": -6, "tlv": "Indiana"}