{"loc": "Jessamine", "iso": "US", "l1": "United States", "l2": "Kentucky", "lvl": 3, "pop": 54115, "key": 12028, "isd": true, "ppd": 35.608000000000004, "med": 38.3, "p65": 15.413, "p70": 9.732000000000001, "hos": 2.77, "exp": 78.86, "adr": 1.0, "amn": 81216.0, "amv": 490759.0, "amd": 1109.0, "amt": 947371.0, "tmn": [0, 166, 203, 129, 36, 36, 184, 18, 55, 147, -36, 92, 147, 0, 147, 36, 73, 147, 147, 92, 203], "tmv": [4118, 6135, 5026, 6980, 8171, 7842, 9493, 9226, 6156, 5181, 6849, 8594, 10257, 10611, 9961, 7133, 5431, 8106, 10192, 12065, 12389], "tmd": [0, 0, 0, 0, 56, 19, 0, 0, 19, 0, 0, 0, 0, 0, 0, 0, 0, 0, 0, 0, 0], "wmn": 851, "wmt": 15357, "wmd": 0, "wmv": 65281, "wdn": 100, "wdt": -12, "wdd": -100, "wdv": 15, "tlv": "Kentucky"}