{"loc": "Jefferson", "iso": "US", "l1": "United States", "l2": "West Virginia", "lvl": 3, "pop": 57146, "key": 12020, "isd": true, "ppd": 35.608000000000004, "med": 38.3, "p65": 15.413, "p70": 9.732000000000001, "hos": 2.77, "exp": 78.86, "adr": 1.0, "amn": 62629.0, "amv": 191493.0, "amd": 647.0, "amt": 1196958.0, "tmn": [104, 192, 69, 227, 472, 297, 227, 87, 104, 244, 244, 192, 192, 139, 122, 244, 157, 174, 17, 244, 69], "tmv": [1695, 3330, 4023, 4903, 6734, 6595, 3662, 2393, 4746, 4917, 6132, 6772, 6806, 0, 0, 3221, 4419, 5606, 5173, 5466, 0], "tmd": [0, 18, 0, 0, 0, 0, 0, 0, 18, 0, 0, 0, 0, 0, 0, 0, 0, 18, 0, 0, 0], "wmn": 1033, "wmt": 30170, "wmd": 18, "wmv": 23888, "wdn": -14, "wdt": -19, "wdd": 0, "wdv": -25, "tlv": "West Virginia"}