{"loc": "Jefferson", "iso": "US", "l1": "United States", "l2": "Wisconsin", "lvl": 3, "pop": 84769, "key": 12021, "isd": true, "ppd": 35.608000000000004, "med": 38.3, "p65": 15.413, "p70": 9.732000000000001, "hos": 2.77, "exp": 78.86, "adr": 1.0, "amn": 104673.0, "amv": 258018.0, "amd": 1498.0, "amt": 1208615.0, "tmn": [94, 47, 141, 82, 47, 200, 165, 129, 47, 153, 82, 82, 94, 35, 82, 82, 94, 0, 153, 165, 141], "tmv": [6806, 0, 0, 3221, 4419, 5606, 5173, 5466, 3298, 2593, 4349, 5491, 6616, 7139, 7375, 5050, 5255, 5793, 6168, 7391, 0], "tmd": [0, 0, 12, 0, 0, 0, 0, 0, 0, 0, 36, 449, 0, 0, 0, 0, 0, 0, 0, 0, 24], "wmn": 720, "wmt": 25806, "wmd": 24, "wmv": 37036, "wdn": 15, "wdt": -36, "wdd": -95, "wdv": 6, "tlv": "Wisconsin"}