{"loc": "Jefferson", "iso": "US", "l1": "United States", "l2": "Wisconsin", "lvl": 3, "pop": 84769, "key": 12021, "isd": true, "ppd": 35.608000000000004, "med": 38.3, "p65": 15.413, "p70": 9.732000000000001, "hos": 2.77, "exp": 78.86, "adr": 1.0, "amn": 124090.0, "amv": 1146163.0, "amd": 1652.0, "amt": 1729578.0, "tmn": [0, 0, 224, 436, 271, 330, 424, 0, 0, 412, 436, 401, 353, 306, 0, 0, 448, 0, 377, 141, 471], "tmv": [3187, 2953, 1851, 1966, 2813, 2807, 3250, 3257, 2889, 2103, 1988, 3241, 2538, 4249, 2950, 0, 0, 0, 2913, 2024, 0], "tmd": [0, 0, 0, 12, 12, 0, 0, 0, 0, 0, 0, 0, 12, 0, 0, 0, 0, 0, 0, 0, 0], "wmn": 1440, "wmt": 22213, "wmd": 0, "wmv": 7888, "wdn": -25, "wdt": -13, "wdd": -100, "wdv": -61, "tlv": "Wisconsin"}