{"loc": "Jewish Autonomous Okrug", "iso": "RU", "l1": "Russia", "l2": "Jewish Autonomous Okrug", "lvl": 2, "pop": 162014, "key": 12030, "isd": true, "ppd": 8.823, "med": 39.6, "p65": 14.177999999999999, "p70": 9.392999999999999, "hos": 8.05, "exp": 72.58, "adr": 3.0, "amn": 27584.0, "amv": 138202.0, "amd": 815.0, "amt": 892447.0, "tmn": [6, 6, 6, 6, 6, 6, 6, 6, 6, 0, 0, 0, 0, 6, 0, 0, 0, 0, 0, 0, 6], "tmv": [1345, 2093, 1584, 3195, 480, 2264, 1736, 2720, 2175, 3732, 494, 1114, 1656, 3335, 3289, 2127, 685, 934, 272, 396, 0], "tmd": [0, 0, 0, 0, 0, 0, 0, 0, 0, 7, 7, 0, 7, 13, 0, 0, 7, 0, 7, 0, 0], "wmn": 7, "wmt": 4919, "wmd": 13, "wmv": 7707, "wdn": -67, "wdt": -64, "wdd": -60, "wdv": -49, "tlv": "Russia"}