{"loc": "Jhajjar", "iso": "IN", "l1": "India", "l2": "Haryana", "lvl": 3, "pop": 956907, "key": 12032, "isd": true, "ppd": 450.41900000000004, "med": 28.2, "p65": 5.989, "p70": 3.4139999999999997, "hos": 0.53, "exp": 69.66, "adr": 1.0, "amn": 14725.0, "amv": 129247.0, "amd": 159.0, "amt": 287804.0, "tmn": [245, 230, 226, 214, 227, 253, 233, 230, 275, 276, 303, 471, 329, 422, 340, 384, 335, 293, 427, 189, 436], "tmv": [0, 0, 0, 2420, 1705, 1575, 1605, 1977, 1179, 424, 1355, 1209, 1580, 1936, 1874, 1669, 587, 2024, 2002, 1581, 1678], "tmd": [0, 3, 3, 0, 0, 0, 0, 0, 5, 6, 0, 0, 11, 0, 4, 4, 4, 0, 5, 5, 9], "wmn": 2408, "wmt": 14585, "wmd": 27, "wmv": 11419, "wdn": 4, "wdt": 14, "wdd": 32, "wdv": 18, "tlv": "Haryana"}