{"loc": "Jhunjhunu", "iso": "IN", "l1": "India", "l2": "Rajasthan", "lvl": 3, "pop": 2139658, "key": 12038, "isd": true, "ppd": 450.41900000000004, "med": 28.2, "p65": 5.989, "p70": 3.4139999999999997, "hos": 0.53, "exp": 69.66, "adr": 1.0, "amn": 5511.0, "amv": 132066.0, "amd": 50.0, "amt": 121715.0, "tmn": [44, 77, 103, 93, 103, 57, 207, 46, 132, 87, 142, 72, 172, 107, 112, 199, 257, 105, 268, 268, 167], "tmv": [2420, 1705, 1575, 1605, 1977, 1179, 424, 1355, 1209, 1580, 1936, 1874, 1669, 587, 2024, 2002, 1581, 1678, 930, 1375, 511], "tmd": [0, 1, 1, 1, 1, 1, 3, 1, 0, 1, 2, 0, 1, 1, 1, 2, 3, 1, 2, 2, 3], "wmn": 1379, "wmt": 5743, "wmd": 11, "wmv": 10106, "wdn": 81, "wdt": -17, "wdd": 156, "wdv": -1, "tlv": "Rajasthan"}