{"loc": "Jhabua", "iso": "IN", "l1": "India", "l2": "Madhya Pradesh", "lvl": 3, "pop": 1024091, "key": 12031, "isd": true, "ppd": 450.41900000000004, "med": 28.2, "p65": 5.989, "p70": 3.4139999999999997, "hos": 0.53, "exp": 69.66, "adr": 1.0, "amn": 7422.0, "amv": 138927.0, "amd": 49.0, "amt": 109037.0, "tmn": [89, 95, 58, 72, 81, 72, 71, 52, 39, 70, 19, 18, 8, 14, 12, 5, 8, 6, 7, 11, 7], "tmv": [1355, 1209, 1580, 1936, 1874, 1669, 587, 2024, 2002, 1581, 1678, 930, 1375, 511, 1134, 995, 883, 1069, 0, 0, 635], "tmd": [0, 0, 0, 0, 1, 0, 0, 0, 0, 0, 0, 0, 2, 0, 0, 2, 2, 0, 0, 0, 1], "wmn": 62, "wmt": 6110, "wmd": 5, "wmv": 4720, "wdn": -72, "wdt": 13, "wdd": 150, "wdv": -53, "tlv": "Madhya Pradesh"}