{"loc": "Jhajjar", "iso": "IN", "l1": "India", "l2": "Haryana", "lvl": 3, "pop": 956907, "key": 12032, "isd": true, "ppd": 450.41900000000004, "med": 28.2, "p65": 5.989, "p70": 3.4139999999999997, "hos": 0.53, "exp": 69.66, "adr": 1.0, "amn": 10007.0, "amv": 108165.0, "amd": 113.0, "amt": 260397.0, "tmn": [84, 73, 65, 94, 91, 167, 130, 154, 127, 122, 171, 151, 146, 173, 245, 230, 226, 214, 227, 253, 233], "tmv": [2710, 2550, 2125, 2901, 1917, 2401, 1978, 1966, 1945, 891, 2374, 0, 0, 2252, 0, 0, 0, 2420, 1705, 1575, 1605], "tmd": [2, 0, 0, 0, 0, 0, 0, 0, 0, 0, 0, 0, 0, 0, 0, 3, 3, 0, 0, 0, 0], "wmn": 1633, "wmt": 11537, "wmd": 5, "wmv": 7307, "wdn": 56, "wdt": 10, "wdd": 0, "wdv": -23, "tlv": "Haryana"}