{"loc": "Jewish Autonomous Okrug", "iso": "RU", "l1": "Russia", "l2": "Jewish Autonomous Okrug", "lvl": 2, "pop": 162014, "key": 12030, "isd": true, "ppd": 8.823, "med": 39.6, "p65": 14.177999999999999, "p70": 9.392999999999999, "hos": 8.05, "exp": 72.58, "adr": 3.0, "amn": 57637.0, "amv": 717971.0, "amd": 1815.0, "amt": 1418488.0, "tmn": [234, 240, 234, 240, 234, 228, 234, 253, 265, 259, 265, 253, 259, 271, 277, 271, 277, 271, 277, 265, 277], "tmv": [2505, 1296, 3700, 0, 0, 0, 0, 0, 417, 4022, 5043, 0, 0, 0, 0, 0, 5392, 5802, 2754, 2140, 0], "tmd": [0, 0, 7, 13, 25, 13, 7, 7, 0, 7, 0, 7, 0, 7, 7, 13, 7, 0, 7, 0, 7], "wmn": 1920, "wmt": 0, "wmd": 38, "wmv": 16091, "wdn": 5, "wdt": 0, "wdd": 50, "wdv": 70, "tlv": "Russia"}