{"loc": "Jodhpur", "iso": "IN", "l1": "India", "l2": "Rajasthan", "lvl": 3, "pop": 3685681, "key": 12046, "isd": true, "ppd": 450.41900000000004, "med": 28.2, "p65": 5.989, "p70": 3.4139999999999997, "hos": 0.53, "exp": 69.66, "adr": 1.0, "amn": 28477.0, "amv": 131554.0, "amd": 251.0, "amt": 120817.0, "tmn": [382, 464, 522, 602, 552, 634, 493, 600, 577, 506, 380, 624, 705, 502, 607, 519, 353, 341, 291, 192, 237], "tmv": [0, 2420, 1705, 1575, 1605, 1977, 1179, 424, 1355, 1209, 1580, 1936, 1874, 1669, 587, 2024, 2002, 1581, 1678, 930, 1375], "tmd": [4, 5, 6, 9, 9, 11, 10, 9, 11, 8, 6, 8, 6, 6, 5, 6, 5, 5, 5, 4, 3], "wmn": 2544, "wmt": 5776, "wmd": 31, "wmv": 10182, "wdn": -35, "wdt": -18, "wdd": -39, "wdv": 1, "tlv": "Rajasthan"}