{"loc": "Jodhpur", "iso": "IN", "l1": "India", "l2": "Rajasthan", "lvl": 3, "pop": 3685681, "key": 12046, "isd": true, "ppd": 450.41900000000004, "med": 28.2, "p65": 5.989, "p70": 3.4139999999999997, "hos": 0.53, "exp": 69.66, "adr": 1.0, "amn": 19232.0, "amv": 103279.0, "amd": 129.0, "amt": 102701.0, "tmn": [54, 88, 100, 135, 162, 180, 170, 208, 222, 229, 310, 343, 459, 445, 419, 413, 521, 464, 546, 382, 464], "tmv": [2874, 2261, 2996, 2710, 2550, 2125, 2901, 1917, 2401, 1978, 1966, 1945, 891, 2374, 0, 0, 2252, 0, 0, 0, 2420], "tmd": [2, 0, 0, 1, 2, 1, 2, 2, 1, 1, 2, 5, 2, 4, 5, 5, 3, 4, 3, 4, 5], "wmn": 3212, "wmt": 6440, "wmd": 27, "wmv": 4673, "wdn": 45, "wdt": 39, "wdd": 87, "wdv": -65, "tlv": "Rajasthan"}