{"loc": "Johnson", "iso": "US", "l1": "United States", "l2": "Arkansas", "lvl": 3, "pop": 26578, "key": 12047, "isd": true, "ppd": 35.608000000000004, "med": 38.3, "p65": 15.413, "p70": 9.732000000000001, "hos": 2.77, "exp": 78.86, "adr": 1.0, "amn": 173113.0, "amv": 1263117.0, "amd": 2145.0, "amt": 1346388.0, "tmn": [526, 376, 413, 263, 0, 225, 338, 301, 338, 263, 112, 0, 225, 75, 188, 150, 188, 0, 75, 301, 263], "tmv": [2661, 3390, 3489, 0, 0, 0, 2411, 3257, 3418, 2659, 2485, 1614, 1945, 2278, 2491, 2890, 2710, 2395, 1993, 2154, 3467], "tmd": [0, 38, 0, -75, 0, 0, 0, 0, 0, 0, 38, 0, 0, 0, 0, 0, 0, 38, 0, 0, 0], "wmn": 1167, "wmt": 11658, "wmd": 38, "wmv": 18105, "wdn": -11, "wdt": -7, "wdd": 0, "wdv": 3, "tlv": "Arkansas"}