{"loc": "Johnson", "iso": "US", "l1": "United States", "l2": "Georgia", "lvl": 3, "pop": 9643, "key": 12048, "isd": true, "ppd": 35.608000000000004, "med": 38.3, "p65": 15.413, "p70": 9.732000000000001, "hos": 2.77, "exp": 78.86, "adr": 4.0, "amn": 154724.0, "amv": 1170335.0, "amd": 5496.0, "amt": 1049190.0, "tmn": [622, 518, 1244, 1555, 0, 0, 0, 2177, 622, 311, 207, 0, 0, 933, 311, 207, 518, 725, 0, 0, 518], "tmv": [1988, 3241, 2538, 4249, 2950, 0, 0, 0, 2913, 2024, 2876, 2739, 2336, 1790, 1886, 2554, 2257, 2903, 2781, 2047, 0], "tmd": [0, 0, 0, 0, 0, 0, 0, 0, 0, 0, 0, 0, 0, 104, 0, 0, 104, 0, 0, 0, 104], "wmn": 2282, "wmt": 22583, "wmd": 208, "wmv": 14431, "wdn": -46, "wdt": -13, "wdd": 100, "wdv": -2, "tlv": "Georgia"}