{"loc": "Johnson", "iso": "US", "l1": "United States", "l2": "Illinois", "lvl": 3, "pop": 12417, "key": 12049, "isd": true, "ppd": 35.608000000000004, "med": 38.3, "p65": 15.413, "p70": 9.732000000000001, "hos": 2.77, "exp": 78.86, "adr": 1.0, "amn": 116292.0, "amv": 814768.0, "amd": 1208.0, "amt": 1861934.0, "tmn": [80, 80, 0, 241, -80, 161, 80, 0, 0, 0, 0, 161, 322, 402, 161, 161, 80, 322, 402, 161, 402], "tmv": [10071, 9169, 6395, 4975, 6773, 8259, 8496, 10027, 6458, 3608, 3001, 5456, 7305, 8515, 7794, 7192, 5713, 4653, 4699, 5814, 5591], "tmd": [0, 0, 0, 0, 0, 0, 0, 0, 0, 0, 0, 0, 0, 0, 81, 0, 0, 0, 0, 0, 0], "wmn": 1692, "wmt": 38717, "wmd": 81, "wmv": 41459, "wdn": 91, "wdt": -10, "wdd": 0, "wdv": -7, "tlv": "Illinois"}