{"loc": "Johnson", "iso": "US", "l1": "United States", "l2": "Georgia", "lvl": 3, "pop": 9643, "key": 12048, "isd": true, "ppd": 35.608000000000004, "med": 38.3, "p65": 15.413, "p70": 9.732000000000001, "hos": 2.77, "exp": 78.86, "adr": 4.0, "amn": 113035.0, "amv": 197386.0, "amd": 4874.0, "amt": 668409.0, "tmn": [1451, 518, 311, 0, 0, 311, 103, 103, 103, 311, 311, 414, 103, 207, 2592, 518, 0, 0, -103, 0, 207], "tmv": [4023, 4903, 6734, 6595, 3662, 2393, 4746, 4917, 6132, 6772, 6806, 0, 0, 3221, 4419, 5606, 5173, 5466, 3298, 2593, 0], "tmd": [0, 104, 104, 0, 0, 312, 0, 104, 104, 0, 0, 0, 0, 0, 208, 0, 0, 0, 0, 0, 0], "wmn": 3215, "wmt": 17143, "wmd": 208, "wmv": 26559, "wdn": 107, "wdt": 1, "wdd": 0, "wdv": -5, "tlv": "Georgia"}