{"loc": "Johnston", "iso": "US", "l1": "United States", "l2": "North Carolina", "lvl": 3, "pop": 209339, "key": 12059, "isd": true, "ppd": 35.608000000000004, "med": 38.3, "p65": 15.413, "p70": 9.732000000000001, "hos": 2.77, "exp": 78.86, "adr": 1.0, "amn": 107128.0, "amv": 1008740.0, "amd": 1132.0, "amt": 1196842.0, "tmn": [0, 0, 95, 76, 124, 0, 33, 0, 0, 90, 28, 0, 42, 52, 0, 0, 0, 210, 119, 152, 162], "tmv": [3244, 2575, 1851, 1965, 1967, 2474, 1554, 2803, 3655, 3299, 2241, 4154, 4949, 1994, 3524, 1923, 0, 0, 1326, 2107, 0], "tmd": [0, 0, 0, 0, 0, 0, 5, 0, 0, 5, 0, 0, 0, 0, 0, 0, 0, 0, 0, 0, 0], "wmn": 645, "wmt": 7616, "wmd": 0, "wmv": 8882, "wdn": 200, "wdt": -12, "wdd": -100, "wdv": -62, "tlv": "North Carolina"}