{"loc": "Johnson", "iso": "US", "l1": "United States", "l2": "Missouri", "lvl": 3, "pop": 54062, "key": 12054, "isd": true, "ppd": 35.608000000000004, "med": 38.3, "p65": 15.413, "p70": 9.732000000000001, "hos": 2.77, "exp": 78.86, "adr": 1.0, "amn": 115848.0, "amv": 1136653.0, "amd": 1184.0, "amt": 1085288.0, "tmn": [351, 832, 221, 573, 443, 258, 332, 425, 721, 573, 314, 332, 554, 92, 517, 665, 610, 610, 277, 240, 332], "tmv": [2139, 3106, 3068, 3187, 2953, 1851, 1966, 2813, 2807, 3250, 3257, 2889, 2103, 1988, 3241, 2538, 4249, 2950, 0, 0, 0], "tmd": [0, 0, 19, 0, 0, 0, 0, 0, 0, 0, 0, 0, 0, 37, 0, 0, 0, 0, 0, 0, 0], "wmn": 3256, "wmt": 17950, "wmd": 0, "wmv": 12982, "wdn": 8, "wdt": 1, "wdd": -100, "wdv": -32, "tlv": "Missouri"}