{"loc": "Johnson", "iso": "US", "l1": "United States", "l2": "Indiana", "lvl": 3, "pop": 158167, "key": 12050, "isd": true, "ppd": 35.608000000000004, "med": 38.3, "p65": 15.413, "p70": 9.732000000000001, "hos": 2.77, "exp": 78.86, "adr": 2.0, "amn": 103132.0, "amv": 207226.0, "amd": 2251.0, "amt": 1179842.0, "tmn": [398, 322, 151, 120, 151, 221, 195, 177, 183, 145, 94, 113, 56, 126, 183, 151, 120, 18, 126, 177, 139], "tmv": [6734, 6595, 3662, 2393, 4746, 4917, 6132, 6772, 6806, 0, 0, 3221, 4419, 5606, 5173, 5466, 3298, 2593, 4349, 5491, 0], "tmd": [7, 19, 7, 13, 0, 19, 7, 0, 0, 0, 13, 0, 0, 13, 0, 13, 19, 7, 7, 13, 7], "wmn": 917, "wmt": 38609, "wmd": 64, "wmv": 26374, "wdn": 2, "wdt": 22, "wdd": 150, "wdv": -2, "tlv": "Indiana"}