{"loc": "Johnston", "iso": "US", "l1": "United States", "l2": "North Carolina", "lvl": 3, "pop": 209339, "key": 12059, "isd": true, "ppd": 35.608000000000004, "med": 38.3, "p65": 15.413, "p70": 9.732000000000001, "hos": 2.77, "exp": 78.86, "adr": 1.0, "amn": 82034.0, "amv": 167606.0, "amd": 846.0, "amt": 936320.0, "tmn": [530, 468, 0, 821, 277, 257, 2068, 477, 592, 539, 315, 353, 343, 472, 482, 386, 544, 291, 176, 243, 401], "tmv": [4677, 5132, 5139, 4690, 3336, 1695, 3330, 4023, 4903, 6734, 6595, 3662, 2393, 4746, 4917, 6132, 6772, 6806, 0, 0, 0], "tmd": [10, 0, 0, 10, 0, 10, 10, 29, 10, 0, 10, 0, 5, 15, 5, 5, 0, 0, 0, 5, 10], "wmn": 2528, "wmt": 32978, "wmd": 24, "wmv": 24629, "wdn": -18, "wdt": -7, "wdd": -64, "wdv": -25, "tlv": "North Carolina"}