{"loc": "Johnson", "iso": "US", "l1": "United States", "l2": "Kansas", "lvl": 3, "pop": 602401, "key": 12052, "isd": true, "ppd": 35.608000000000004, "med": 38.3, "p65": 15.413, "p70": 9.732000000000001, "hos": 2.77, "exp": 78.86, "adr": 1.0, "amn": 128466.0, "amv": 1250395.0, "amd": 1527.0, "amt": 621482.0, "tmn": [0, 419, 0, 494, 0, 474, 0, 0, 431, 0, 416, 0, 438, 0, 0, 401, 0, 368, 0, 343, 0], "tmv": [3777, 2988, 2423, 2905, 2661, 3390, 3489, 0, 0, 0, 2411, 3257, 3418, 2659, 2485, 1614, 1945, 2278, 2491, 2890, 0], "tmd": [0, 0, 0, 17, 0, 2, 0, 0, 5, 0, 0, 0, 2, 0, 0, 2, 0, 5, 0, 7, 0], "wmn": 1114, "wmt": 6266, "wmd": 14, "wmv": 13708, "wdn": -13, "wdt": -5, "wdd": 100, "wdv": 17, "tlv": "Kansas"}