{"loc": "Johnson", "iso": "US", "l1": "United States", "l2": "Tennessee", "lvl": 3, "pop": 17788, "key": 12056, "isd": true, "ppd": 35.608000000000004, "med": 38.3, "p65": 15.413, "p70": 9.732000000000001, "hos": 2.77, "exp": 78.86, "adr": 1.0, "amn": 191028.0, "amv": 1204735.0, "amd": 2530.0, "amt": 1459567.0, "tmn": [1349, 224, 2304, 0, 0, 2361, 0, 2586, 281, 1742, 0, 0, 1911, 1236, 449, 899, 505, 0, 0, 1180, 281], "tmv": [2554, 2257, 2903, 2781, 2047, 1978, 1647, 2163, 995, 2262, 2445, 2251, 1671, 0, 0, 2784, 2570, 2833, 3777, 2988, 0], "tmd": [113, 0, 0, 0, 0, 57, 0, 0, 57, 0, 0, 0, 0, 0, 0, 0, 0, 0, 0, 0, 0], "wmn": 3317, "wmt": 18201, "wmd": 0, "wmv": 14955, "wdn": -57, "wdt": -16, "wdd": -100, "wdv": 27, "tlv": "Tennessee"}