{"loc": "Johnston", "iso": "US", "l1": "United States", "l2": "North Carolina", "lvl": 3, "pop": 209339, "key": 12059, "isd": true, "ppd": 35.608000000000004, "med": 38.3, "p65": 15.413, "p70": 9.732000000000001, "hos": 2.77, "exp": 78.86, "adr": 1.0, "amn": 103201.0, "amv": 809177.0, "amd": 1056.0, "amt": 1109120.0, "tmn": [310, 0, 0, 802, 176, 320, 372, 382, 0, 0, 520, 157, 167, 363, 329, 0, 0, 429, 119, 219, 219], "tmv": [10242, 10071, 9169, 6395, 4975, 6773, 8259, 8496, 10027, 6458, 3608, 3001, 5456, 7305, 8515, 7794, 7192, 5713, 4653, 4699, 5814], "tmd": [0, 0, 0, 0, 0, 5, 0, 5, 0, 0, 24, 0, 5, 0, 5, 0, 0, 10, 0, 5, 0], "wmn": 1319, "wmt": 16011, "wmd": 20, "wmv": 44384, "wdn": -17, "wdt": -6, "wdd": -43, "wdv": 0, "tlv": "North Carolina"}