{"loc": "Johnston", "iso": "US", "l1": "United States", "l2": "North Carolina", "lvl": 3, "pop": 209339, "key": 12059, "isd": true, "ppd": 35.608000000000004, "med": 38.3, "p65": 15.413, "p70": 9.732000000000001, "hos": 2.77, "exp": 78.86, "adr": 1.0, "amn": 85369.0, "amv": 228357.0, "amd": 903.0, "amt": 984262.0, "tmn": [353, 343, 472, 482, 386, 544, 291, 176, 243, 401, 439, 320, 315, 243, 162, 210, 410, 434, 449, 348, 0], "tmv": [3662, 2393, 4746, 4917, 6132, 6772, 6806, 0, 0, 3221, 4419, 5606, 5173, 5466, 3298, 2593, 4349, 5491, 6616, 7139, 7375], "tmd": [0, 5, 15, 5, 5, 0, 0, 0, 5, 10, 15, 5, 0, 0, 0, 0, 24, 5, 5, 5, 0], "wmn": 2016, "wmt": 27822, "wmd": 39, "wmv": 36864, "wdn": -6, "wdt": -6, "wdd": 14, "wdv": 54, "tlv": "North Carolina"}