{"loc": "Johnston", "iso": "US", "l1": "United States", "l2": "North Carolina", "lvl": 3, "pop": 209339, "key": 12059, "isd": true, "ppd": 35.608000000000004, "med": 38.3, "p65": 15.413, "p70": 9.732000000000001, "hos": 2.77, "exp": 78.86, "adr": 1.0, "amn": 121267.0, "amv": 1091533.0, "amd": 1199.0, "amt": 1291762.0, "tmn": [348, 0, 0, 960, 267, 329, 554, 554, 0, 0, 1609, 267, 554, 778, 769, 0, 0, 1681, 367, 745, 711], "tmv": [2600, 2160, 2477, 1419, 1374, 2201, 2622, 2492, 2548, 2348, 1615, 1875, 1986, 1986, 2786, 3007, 2017, 2605, 1830, 2139, 3106], "tmd": [0, 0, 0, 10, 0, 0, 5, 0, 0, 0, 0, 0, 0, 0, 15, 0, 0, 0, 0, 5, 10], "wmn": 4276, "wmt": 27936, "wmd": 29, "wmv": 17494, "wdn": 14, "wdt": 32, "wdd": 0, "wdv": 18, "tlv": "North Carolina"}