{"loc": "Josephine", "iso": "US", "l1": "United States", "l2": "Oregon", "lvl": 3, "pop": 87487, "key": 12069, "isd": true, "ppd": 35.608000000000004, "med": 38.3, "p65": 15.413, "p70": 9.732000000000001, "hos": 2.77, "exp": 78.86, "adr": 2.0, "amn": 37126.0, "amv": 749030.0, "amd": 766.0, "amt": 1111700.0, "tmn": [80, 217, 160, 320, 137, 102, 34, 137, 251, 194, 148, 125, 114, 80, 80, 251, 262, 182, 91, 114, 45], "tmv": [7863, 7615, 10699, 12037, 10893, 10729, 6600, 5484, 7781, 9092, 10242, 10071, 9169, 6395, 4975, 6773, 8259, 8496, 10027, 6458, 3608], "tmd": [0, 0, 0, 0, 0, 0, 0, 0, 0, 0, 23, 0, 12, 0, 0, 0, 12, 12, 0, 0, 0], "wmn": 1029, "wmt": 26208, "wmd": 23, "wmv": 48600, "wdn": -2, "wdt": -24, "wdd": -33, "wdv": -17, "tlv": "Oregon"}