{"loc": "Jones", "iso": "US", "l1": "United States", "l2": "Georgia", "lvl": 3, "pop": 28735, "key": 12061, "isd": true, "ppd": 35.608000000000004, "med": 38.3, "p65": 15.413, "p70": 9.732000000000001, "hos": 2.77, "exp": 78.86, "adr": 3.0, "amn": 72699.0, "amv": 1026653.0, "amd": 2088.0, "amt": 874133.0, "tmn": [34, 0, 34, 0, 0, 0, 0, 174, 0, 34, 0, 0, 0, 208, 0, 69, 34, 34, 0, 0, 139], "tmv": [2241, 4154, 4949, 1994, 3524, 1923, 0, 0, 1326, 2107, 1883, 1818, 1779, 1363, 1036, 1655, 1721, 1666, 1928, 1520, 1539], "tmd": [0, 0, 0, 0, 0, 0, 0, 0, 0, 0, 0, 0, 0, 35, 0, 0, 0, 0, 0, 0, 0], "wmn": 279, "wmt": 6673, "wmd": 0, "wmv": 11069, "wdn": -33, "wdt": 4, "wdd": -100, "wdv": 8, "tlv": "Georgia"}