{"loc": "Jones", "iso": "US", "l1": "United States", "l2": "Texas", "lvl": 3, "pop": 20083, "key": 12066, "isd": true, "ppd": 35.608000000000004, "med": 38.3, "p65": 15.413, "p70": 9.732000000000001, "hos": 2.77, "exp": 78.86, "adr": 2.0, "amn": 157247.0, "amv": 1204735.0, "amd": 3436.0, "amt": 1147816.0, "tmn": [597, 995, -99, 149, 0, 0, 1344, 398, -398, 0, 1742, 0, 0, 398, -199, 298, 1842, 3037, 0, 0, 398], "tmv": [2554, 2257, 2903, 2781, 2047, 1978, 1647, 2163, 995, 2262, 2445, 2251, 1671, 0, 0, 2784, 2570, 2833, 3777, 2988, 0], "tmd": [0, 0, 0, 0, 0, 0, 0, 0, 0, 100, 50, 0, 50, 0, 0, 0, 0, 0, 0, 50, 50], "wmn": 5378, "wmt": 19866, "wmd": 100, "wmv": 14955, "wdn": 151, "wdt": -11, "wdd": -50, "wdv": 27, "tlv": "Texas"}