{"loc": "Jones", "iso": "US", "l1": "United States", "l2": "Texas", "lvl": 3, "pop": 20083, "key": 12066, "isd": true, "ppd": 35.608000000000004, "med": 38.3, "p65": 15.413, "p70": 9.732000000000001, "hos": 2.77, "exp": 78.86, "adr": 2.0, "amn": 164218.0, "amv": 1354464.0, "amd": 3784.0, "amt": 1249755.0, "tmn": [0, 0, 0, 1045, -298, -199, -149, 149, 0, 0, 597, 0, -298, 0, 99, 0, 0, -647, -597, -995, 0], "tmv": [2361, 1265, 4095, 4257, 4381, 4544, 5255, 2753, 1460, 3910, 4355, 4594, 4119, 5128, 2996, 1521, 3915, 2663, 347, 0, 0], "tmd": [0, 0, 0, 0, 0, 0, 0, 0, 0, 0, 0, 0, 50, 50, 0, 0, 0, 0, 0, 0, 0], "wmn": -2141, "wmt": 14141, "wmd": 0, "wmv": 11446, "wdn": -578, "wdt": -5, "wdd": -100, "wdv": -57, "tlv": "Texas"}