{"loc": "Jones", "iso": "US", "l1": "United States", "l2": "Mississippi", "lvl": 3, "pop": 68098, "key": 12063, "isd": true, "ppd": 35.608000000000004, "med": 38.3, "p65": 15.413, "p70": 9.732000000000001, "hos": 2.77, "exp": 78.86, "adr": 2.0, "amn": 122089.0, "amv": 624865.0, "amd": 2364.0, "amt": 624640.0, "tmn": [44, 58, -14, 58, 44, 44, 190, 14, 29, 44, 146, 44, 44, 14, 14, 44, 58, 29, 132, 29, 58], "tmv": [9961, 7133, 5431, 8106, 10192, 12065, 12389, 10214, 6477, 4262, 8755, 10329, 12013, 14052, 10864, 8027, 7863, 7615, 10699, 12037, 10893], "tmd": [0, 0, 15, 15, 15, 0, 0, 0, 0, 15, 0, 0, 0, 0, 0, 0, 0, 0, 15, 0, 0], "wmn": 368, "wmt": 4452, "wmd": 15, "wmv": 68002, "wdn": 9, "wdt": 3, "wdd": 0, "wdv": 3, "tlv": "Mississippi"}