{"loc": "Josephine", "iso": "US", "l1": "United States", "l2": "Oregon", "lvl": 3, "pop": 87487, "key": 12069, "isd": true, "ppd": 35.608000000000004, "med": 38.3, "p65": 15.413, "p70": 9.732000000000001, "hos": 2.77, "exp": 78.86, "adr": 2.0, "amn": 57014.0, "amv": 0.0, "amd": 926.0, "amt": 1389249.0, "tmn": [297, 285, 0, 0, 788, 217, 617, 411, 377, 0, 0, 1348, 457, 605, 971, 468, 0, 0, 2731, 1314, 1463], "tmv": [0, 0, 0, 0, 0, 0, 0, 0, 0, 0, 0, 0, 0, 0, 0, 0, 0, 0, 0, 0, 0], "tmd": [0, 0, 0, 0, 0, 12, 0, 0, 0, 0, 0, 0, 12, 0, 0, 0, 0, 0, 35, 12, 12], "wmn": 6950, "wmt": 37229, "wmd": 58, "wmv": 0, "wdn": 117, "wdt": 101, "wdd": 400, "wdv": 0, "tlv": "Oregon"}