{"loc": "Juneau", "iso": "US", "l1": "United States", "l2": "Alaska", "lvl": 3, "pop": 31974, "key": 12074, "isd": true, "ppd": 35.608000000000004, "med": 38.3, "p65": 15.413, "p70": 9.732000000000001, "hos": 2.77, "exp": 78.86, "adr": 0.0, "amn": 39313.0, "amv": 244457.0, "amd": 156.0, "amt": 2357318.0, "tmn": [93, 0, 0, 0, 156, 0, 0, 218, 0, 0, 562, 0, 62, 62, 31, 0, 0, 218, 31, 156, 31], "tmv": [6132, 6772, 6806, 0, 0, 3221, 4419, 5606, 5173, 5466, 3298, 2593, 4349, 5491, 6616, 7139, 7375, 5050, 5255, 5793, 0], "tmd": [0, 0, 0, 0, 0, 0, 0, 0, 0, 0, 0, 0, 0, 0, 0, 0, 0, 0, 0, 0, 0], "wmn": 470, "wmt": 73053, "wmd": 0, "wmv": 37231, "wdn": -48, "wdt": 4, "wdd": 0, "wdv": 16, "tlv": "Alaska"}