{"loc": "Juneau", "iso": "US", "l1": "United States", "l2": "Alaska", "lvl": 3, "pop": 31974, "key": 12074, "isd": true, "ppd": 35.608000000000004, "med": 38.3, "p65": 15.413, "p70": 9.732000000000001, "hos": 2.77, "exp": 78.86, "adr": 0.0, "amn": 54075.0, "amv": 1054363.0, "amd": 156.0, "amt": 3430606.0, "tmn": [93, 0, 218, 0, 0, 688, 0, 906, 0, 781, 0, 0, 1125, 0, 1032, 0, 750, 0, 0, 813, 156], "tmv": [1655, 1721, 1666, 1928, 1520, 1539, 740, 1856, 2005, 1821, 2051, 2364, 1193, 1200, 2288, 2155, 2600, 2160, 2477, 1419, 1374], "tmd": [0, 0, 0, 0, 0, 0, 0, 0, 0, 0, 0, 0, 0, 0, 0, 0, 0, 0, 0, 0, 0], "wmn": 2753, "wmt": 52431, "wmd": 0, "wmv": 14477, "wdn": -2, "wdt": 13, "wdd": 0, "wdv": 16, "tlv": "Alaska"}