{"loc": "Judith Basin", "iso": "US", "l1": "United States", "l2": "Montana", "lvl": 3, "pop": 2007, "key": 12071, "isd": true, "ppd": 35.608000000000004, "med": 38.3, "p65": 15.413, "p70": 9.732000000000001, "hos": 2.77, "exp": 78.86, "adr": 1.0, "amn": 60787.0, "amv": 1176126.0, "amd": 498.0, "amt": 1669915.0, "tmn": [498, 0, 0, 0, 0, 498, 0, 0, 0, 0, 498, 498, 1494, 498, 498, 0, 0, 0, 0, 2989, 498], "tmv": [4249, 2950, 0, 0, 0, 2913, 2024, 2876, 2739, 2336, 1790, 1886, 2554, 2257, 2903, 2781, 2047, 1978, 1647, 2163, 0], "tmd": [0, 0, 0, 0, 0, 0, 0, 0, 0, 0, 0, 0, 0, 0, 0, 0, 0, 0, 0, 0, 0], "wmn": 3987, "wmt": 50480, "wmd": 0, "wmv": 13523, "wdn": 33, "wdt": 5, "wdd": 0, "wdv": -18, "tlv": "Montana"}