{"loc": "Juneau", "iso": "US", "l1": "United States", "l2": "Wisconsin", "lvl": 3, "pop": 26687, "key": 12075, "isd": true, "ppd": 35.608000000000004, "med": 38.3, "p65": 15.413, "p70": 9.732000000000001, "hos": 2.77, "exp": 78.86, "adr": 1.0, "amn": 114288.0, "amv": 170827.0, "amd": 749.0, "amt": 1133442.0, "tmn": [74, 224, 524, 112, 112, 412, 224, 112, 487, 74, 0, 224, 112, 299, 374, 187, 149, 0, 74, 149, 149], "tmv": [5132, 5139, 4690, 3336, 1695, 3330, 4023, 4903, 6734, 6595, 3662, 2393, 4746, 4917, 6132, 6772, 6806, 0, 0, 3221, 0], "tmd": [0, 0, 0, 0, 0, 0, 0, 0, 38, 0, 0, 0, 0, 0, 0, 38, 0, 0, 0, 0, 0], "wmn": 1087, "wmt": 30080, "wmd": 38, "wmv": 22933, "wdn": -17, "wdt": 20, "wdd": 0, "wdv": -32, "tlv": "Wisconsin"}