{"loc": "Kabardino-Balkarian Republic", "iso": "RU", "l1": "Russia", "l2": "Kabardino-Balkarian Republic", "lvl": 2, "pop": 865828, "key": 12078, "isd": true, "ppd": 8.823, "med": 39.6, "p65": 14.177999999999999, "p70": 9.392999999999999, "hos": 8.05, "exp": 72.58, "adr": 2.0, "amn": 27783.0, "amv": 159606.0, "amd": 529.0, "amt": 909826.0, "tmn": [31, 30, 28, 28, 28, 28, 27, 26, 26, 26, 25, 25, 24, 24, 24, 23, 23, 23, 21, 21, 21], "tmv": [3732, 494, 1114, 1656, 3335, 3289, 2127, 685, 934, 272, 396, 3780, 3135, 815, 2057, 0, 0, 399, 5012, 1418, 3488], "tmd": [4, 3, 2, 2, 3, 3, 0, 0, 0, 2, 0, 2, 2, 3, 2, 0, 0, 2, 0, 0, 2], "wmn": 160, "wmt": 10953, "wmd": 4, "wmv": 12378, "wdn": -11, "wdt": 20, "wdd": -40, "wdv": 24, "tlv": "Russia"}