{"loc": "Kalkaska", "iso": "US", "l1": "United States", "l2": "Michigan", "lvl": 3, "pop": 18038, "key": 12089, "isd": true, "ppd": 35.608000000000004, "med": 38.3, "p65": 15.413, "p70": 9.732000000000001, "hos": 2.77, "exp": 78.86, "adr": 2.0, "amn": 37920.0, "amv": 343093.0, "amd": 832.0, "amt": 1098504.0, "tmn": [55, 221, 0, 277, 388, 277, 166, 166, 332, 0, 665, 166, 221, 443, 221, 110, 0, 388, 55, 55, 443], "tmv": [6616, 7139, 7375, 5050, 5255, 5793, 6168, 7391, 8814, 7404, 5275, 4864, 6157, 7535, 8875, 13887, 4118, 6135, 5026, 6980, 0], "tmd": [0, 0, 0, 0, 0, 0, 0, 0, 0, 0, 0, 0, 0, 0, 0, 0, 0, 0, 0, 0, 0], "wmn": 1276, "wmt": 24140, "wmd": 0, "wmv": 45024, "wdn": -36, "wdt": 26, "wdd": 0, "wdv": -5, "tlv": "Michigan"}