{"loc": "Kalaburagi", "iso": "IN", "l1": "India", "l2": "Karnataka", "lvl": 3, "pop": 2564892, "key": 12084, "isd": true, "ppd": 450.41900000000004, "med": 28.2, "p65": 5.989, "p70": 3.4139999999999997, "hos": 0.53, "exp": 69.66, "adr": 1.0, "amn": 9231.0, "amv": 43862.0, "amd": 133.0, "amt": 313720.0, "tmn": [9, 14, 7, 14, 13, 16, 16, 17, 23, 23, 23, 23, 15, 16, 50, 46, 38, 42, 57, 61, 46], "tmv": [984, 954, 347, 1488, 1101, 122, 2202, 1534, 1506, 1591, 1973, 1840, 334, 2484, 1700, 1669, 1709, 1887, 1565, 188, 0], "tmd": [0, 0, 0, 1, 0, 0, 0, 1, 0, 0, 0, 0, 0, 1, 1, 1, 0, 1, 1, 1, 0], "wmn": 344, "wmt": 10781, "wmd": 3, "wmv": 8722, "wdn": 137, "wdt": 19, "wdd": 250, "wdv": -23, "tlv": "Karnataka"}