{"loc": "Kalamazoo", "iso": "US", "l1": "United States", "l2": "Michigan", "lvl": 3, "pop": 265066, "key": 12086, "isd": true, "ppd": 35.608000000000004, "med": 38.3, "p65": 15.413, "p70": 9.732000000000001, "hos": 2.77, "exp": 78.86, "adr": 2.0, "amn": 55292.0, "amv": 167606.0, "amd": 1192.0, "amt": 995005.0, "tmn": [211, 154, 49, 0, 199, 154, 120, 120, 124, 94, 0, 124, 67, 52, 98, 143, 64, 0, 41, 101, 139], "tmv": [4677, 5132, 5139, 4690, 3336, 1695, 3330, 4023, 4903, 6734, 6595, 3662, 2393, 4746, 4917, 6132, 6772, 6806, 0, 0, 0], "tmd": [12, 8, 0, 0, 0, 16, -3, 4, 0, 8, 0, 0, 0, 0, 4, 0, 0, 0, 0, 0, 0], "wmn": 589, "wmt": 22207, "wmd": 4, "wmv": 24629, "wdn": 1, "wdt": -8, "wdd": -67, "wdv": -25, "tlv": "Michigan"}