{"loc": "Kaliningrad Oblast", "iso": "RU", "l1": "Russia", "l2": "Kaliningrad Oblast", "lvl": 2, "pop": 994599, "key": 12088, "isd": true, "ppd": 8.823, "med": 39.6, "p65": 14.177999999999999, "p70": 9.392999999999999, "hos": 8.05, "exp": 72.58, "adr": 1.0, "amn": 30454.0, "amv": 79778.0, "amd": 336.0, "amt": 828931.0, "tmn": [74, 63, 67, 73, 66, 65, 63, 60, 65, 67, 73, 50, 40, 59, 55, 48, 43, 51, 41, 27, 50], "tmv": [1194, 1309, 407, 0, 0, 0, 626, 1894, 826, 384, 0, 0, 0, 0, 0, 0, 0, 0, 402, 1305, 1841], "tmd": [7, 7, 0, 0, 0, 2, 0, 0, 0, 0, 0, 7, 3, 11, 6, 4, 6, 0, 0, 0, 0], "wmn": 317, "wmt": 14569, "wmd": 14, "wmv": 3550, "wdn": -24, "wdt": 308, "wdd": -28, "wdv": 14, "tlv": "Russia"}