{"loc": "Kaliningrad Oblast", "iso": "RU", "l1": "Russia", "l2": "Kaliningrad Oblast", "lvl": 2, "pop": 994599, "key": 12088, "isd": true, "ppd": 8.823, "med": 39.6, "p65": 14.177999999999999, "p70": 9.392999999999999, "hos": 8.05, "exp": 72.58, "adr": 1.0, "amn": 50280.0, "amv": 568187.0, "amd": 652.0, "amt": 1233686.0, "tmn": [174, 170, 175, 178, 180, 182, 180, 183, 179, 182, 186, 184, 182, 181, 184, 179, 180, 182, 186, 183, 186], "tmv": [2913, 4230, 4348, 5346, 2355, 1065, 4247, 3262, 2590, 4789, 2488, 1476, 2077, 1593, 6725, 2627, 4867, 1582, 1734, 782, 0], "tmd": [0, 3, 14, 0, 0, 0, 6, 0, 0, 0, 0, 0, 0, 0, 0, 0, 3, 0, 11, 9, 7], "wmn": 1285, "wmt": 0, "wmd": 27, "wmv": 18321, "wdn": 0, "wdt": 0, "wdd": 0, "wdv": 0, "tlv": "Russia"}