{"loc": "Kaithal", "iso": "IN", "l1": "India", "l2": "Haryana", "lvl": 3, "pop": 1072861, "key": 12083, "isd": true, "ppd": 450.41900000000004, "med": 28.2, "p65": 5.989, "p70": 3.4139999999999997, "hos": 0.53, "exp": 69.66, "adr": 1.0, "amn": 3933.0, "amv": 26915.0, "amd": 55.0, "amt": 212104.0, "tmn": [8, 0, 4, 7, 1, 12, 8, 19, 8, 35, 20, 3, 12, 27, 21, 0, 19, 6, 8, 21, 13], "tmv": [499, 351, 42, 400, 555, 721, 1006, 1081, 1032, 48, 1463, 984, 954, 347, 1488, 1101, 122, 2202, 1534, 1506, 0], "tmd": [1, 0, 0, 0, 0, 0, 0, 0, 0, 0, 0, 1, 0, 0, 0, 0, 0, 0, 0, 0, 3], "wmn": 93, "wmt": 4181, "wmd": 3, "wmv": 7956, "wdn": -27, "wdt": -6, "wdd": 200, "wdv": 35, "tlv": "Haryana"}