{"loc": "Kaliningrad Oblast", "iso": "RU", "l1": "Russia", "l2": "Kaliningrad Oblast", "lvl": 2, "pop": 994599, "key": 12088, "isd": true, "ppd": 8.823, "med": 39.6, "p65": 14.177999999999999, "p70": 9.392999999999999, "hos": 8.05, "exp": 72.58, "adr": 1.0, "amn": 79272.0, "amv": 930924.0, "amd": 1145.0, "amt": 1590448.0, "tmn": [379, 365, 344, 337, 315, 298, 289, 290, 282, 291, 283, 275, 273, 271, 244, 145, 203, 209, 193, 189, 192], "tmv": [2656, 7202, 6898, 9236, 4722, 3465, 2059, 6322, 4985, 6171, 3724, 8742, 2527, 1269, 5480, 6221, 4382, 2410, 11208, 4792, 0], "tmd": [4, 4, 10, 10, 5, 10, 10, 10, 9, 11, 11, 12, 13, 15, 14, 0, 0, 6, 11, 5, 13], "wmn": 1377, "wmt": 0, "wmd": 45, "wmv": 34497, "wdn": -30, "wdt": 0, "wdd": -41, "wdv": 2, "tlv": "Russia"}