{"loc": "Kalmykia Republic", "iso": "RU", "l1": "Russia", "l2": "Kalmykia Republic", "lvl": 2, "pop": 275413, "key": 12092, "isd": true, "ppd": 8.823, "med": 39.6, "p65": 14.177999999999999, "p70": 9.392999999999999, "hos": 8.05, "exp": 72.58, "adr": 2.0, "amn": 117681.0, "amv": 717971.0, "amd": 2393.0, "amt": 1418488.0, "tmn": [206, 210, 214, 217, 221, 217, 214, 217, 221, 225, 228, 232, 228, 225, 221, 217, 221, 214, 199, 192, 185], "tmv": [2505, 1296, 3700, 0, 0, 0, 0, 0, 417, 4022, 5043, 0, 0, 0, 0, 0, 5392, 5802, 2754, 2140, 0], "tmd": [11, 8, 4, 4, 4, 4, 4, 0, 4, 8, 8, 8, 4, 8, 8, 0, 4, 8, 11, 8, 8], "wmn": 1453, "wmt": 0, "wmd": 44, "wmv": 16091, "wdn": -8, "wdt": 0, "wdd": 20, "wdv": 70, "tlv": "Russia"}