{"loc": "Kamchatka Krai", "iso": "RU", "l1": "Russia", "l2": "Kamchatka Krai", "lvl": 2, "pop": 315557, "key": 12094, "isd": true, "ppd": 8.823, "med": 39.6, "p65": 14.177999999999999, "p70": 9.392999999999999, "hos": 8.05, "exp": 72.58, "adr": 1.0, "amn": 59530.0, "amv": 573092.0, "amd": 859.0, "amt": 1233686.0, "tmn": [164, 161, 164, 161, 158, 161, 158, 155, 158, 155, 155, 152, 155, 152, 155, 152, 155, 152, 148, 152, 148], "tmv": [4230, 4348, 5346, 2355, 1065, 4247, 3262, 2590, 4789, 2488, 1476, 2077, 1593, 6725, 2627, 4867, 1582, 1734, 782, 4904, 0], "tmd": [0, 0, 0, 0, 0, 7, 4, 4, 10, 4, 7, 4, 4, 10, 7, 10, 0, 0, 4, 10, 10], "wmn": 1065, "wmt": 0, "wmd": 39, "wmv": 16500, "wdn": -2, "wdt": 0, "wdd": 0, "wdv": -24, "tlv": "Russia"}