{"loc": "Kanabec", "iso": "US", "l1": "United States", "l2": "Minnesota", "lvl": 3, "pop": 16337, "key": 12096, "isd": true, "ppd": 35.608000000000004, "med": 38.3, "p65": 15.413, "p70": 9.732000000000001, "hos": 2.77, "exp": 78.86, "adr": 2.0, "amn": 65802.0, "amv": 238664.0, "amd": 1163.0, "amt": 1234300.0, "tmn": [122, 61, 61, 183, 244, -183, 122, 306, 122, 61, 183, 122, 0, 61, 183, 61, 122, 0, 61, 61, 0], "tmv": [4917, 6132, 6772, 6806, 0, 0, 3221, 4419, 5606, 5173, 5466, 3298, 2593, 4349, 5491, 6616, 7139, 7375, 5050, 5255, 0], "tmd": [62, 0, 0, 0, 0, 0, 0, 0, 0, 0, 0, 0, 0, 0, 0, 0, 0, 0, 0, 0, 0], "wmn": 490, "wmt": 31070, "wmd": 0, "wmv": 36929, "wdn": -43, "wdt": 13, "wdd": 0, "wdv": 19, "tlv": "Minnesota"}