{"loc": "Kane", "iso": "US", "l1": "United States", "l2": "Illinois", "lvl": 3, "pop": 532403, "key": 12102, "isd": true, "ppd": 35.608000000000004, "med": 38.3, "p65": 15.413, "p70": 9.732000000000001, "hos": 2.77, "exp": 78.86, "adr": 1.0, "amn": 98803.0, "amv": 435440.0, "amd": 1399.0, "amt": 1583716.0, "tmn": [93, 123, 116, 120, 127, 123, 78, 31, 114, 116, 148, 135, 93, 63, 69, 105, 206, 199, 219, 123, 152], "tmv": [5275, 4864, 6157, 7535, 8875, 13887, 4118, 6135, 5026, 6980, 8171, 7842, 9493, 9226, 6156, 5181, 6849, 8594, 10257, 10611, 9961], "tmd": [0, 2, 4, 2, 6, 0, 2, 2, 0, 2, 8, 0, 0, 0, 0, 0, 4, 2, 2, 2, 6], "wmn": 1077, "wmt": 40219, "wmd": 16, "wmv": 57613, "wdn": 53, "wdt": 3, "wdd": 33, "wdv": 9, "tlv": "Illinois"}