{"loc": "Kansas City", "iso": "US", "l1": "United States", "l2": "Missouri", "lvl": 3, "pop": 488943, "key": 12109, "isd": true, "ppd": 35.608000000000004, "med": 38.3, "p65": 15.413, "p70": 9.732000000000001, "hos": 2.77, "exp": 78.86, "adr": 1.0, "amn": 96915.0, "amv": 1027393.0, "amd": 1250.0, "amt": 964336.0, "tmn": [79, 110, 4, 108, 137, 59, 126, 153, 325, 159, 124, 30, 229, 286, 345, 274, 280, 220, 171, 249, 337], "tmv": [4949, 1994, 3524, 1923, 0, 0, 1326, 2107, 1883, 1818, 1779, 1363, 1036, 1655, 1721, 1666, 1928, 1520, 1539, 740, 0], "tmd": [0, 0, 0, 0, 0, 0, 9, 0, 3, 3, 0, 0, 9, 0, 0, 5, 0, 0, 0, 3, 3], "wmn": 1880, "wmt": 12927, "wmd": 9, "wmv": 9117, "wdn": 44, "wdt": 26, "wdd": -33, "wdv": -22, "tlv": "Missouri"}