{"loc": "Kannur", "iso": "IN", "l1": "India", "l2": "Kerala", "lvl": 3, "pop": 2525637, "key": 12106, "isd": true, "ppd": 450.41900000000004, "med": 28.2, "p65": 5.989, "p70": 3.4139999999999997, "hos": 0.53, "exp": 69.66, "adr": 0.0, "amn": 32559.0, "amv": 103279.0, "amd": 152.0, "amt": 426144.0, "tmn": [162, 113, 132, 189, 178, 227, 212, 199, 296, 256, 266, 448, 574, 465, 538, 615, 691, 791, 694, 729, 640], "tmv": [2874, 2261, 2996, 2710, 2550, 2125, 2901, 1917, 2401, 1978, 1966, 1945, 891, 2374, 0, 0, 2252, 0, 0, 0, 2420], "tmd": [1, 0, 1, 2, 1, 1, 1, 1, 2, 2, 1, 2, 2, 2, 2, 1, 1, 2, 0, 0, 3], "wmn": 4702, "wmt": 23925, "wmd": 7, "wmv": 4673, "wdn": 88, "wdt": 57, "wdd": -33, "wdv": -65, "tlv": "Kerala"}