{"loc": "Kansas City", "iso": "US", "l1": "United States", "l2": "Missouri", "lvl": 3, "pop": 488943, "key": 12109, "isd": true, "ppd": 35.608000000000004, "med": 38.3, "p65": 15.413, "p70": 9.732000000000001, "hos": 2.77, "exp": 78.86, "adr": 1.0, "amn": 145990.0, "amv": 1476857.0, "amd": 2008.0, "amt": 1320910.0, "tmn": [0, 0, 0, 0, 1355, 357, 472, 505, 0, 1176, 184, 750, 357, 764, 625, 640, 529, 476, 243, 0, 867], "tmv": [70, 3476, 2565, 1693, 4764, 5451, 6033, 6077, 6801, 4120, 2054, 5104, 5248, 5184, 4986, 5175, 2683, 957, 367, 0, 0], "tmd": [0, 0, 0, 0, 0, 5, 3, 174, 0, 0, 0, 0, 5, 0, 21, 5, 3, 0, 0, 0, 31], "wmn": 3383, "wmt": 21744, "wmd": 58, "wmv": 14171, "wdn": -10, "wdt": 11, "wdd": -68, "wdv": -59, "tlv": "Missouri"}