{"loc": "Kannur", "iso": "IN", "l1": "India", "l2": "Kerala", "lvl": 3, "pop": 2525637, "key": 12106, "isd": true, "ppd": 450.41900000000004, "med": 28.2, "p65": 5.989, "p70": 3.4139999999999997, "hos": 0.53, "exp": 69.66, "adr": 1.0, "amn": 21182.0, "amv": 10363.0, "amd": 110.0, "amt": 321470.0, "tmn": [57, 108, 84, 99, 78, 110, 64, 53, 72, 112, 83, 77, 69, 66, 45, 81, 78, 123, 70, 68, 71], "tmv": [323, 255, 293, 353, 335, 61, 0, 0, 246, 238, 478, 437, 281, 178, 245, 350, 332, 507, 499, 351, 42], "tmd": [1, 1, 0, 1, 1, 1, 0, 1, 1, 0, 0, 0, 1, 0, 1, 1, 0, 0, 0, 0, 0], "wmn": 540, "wmt": 12498, "wmd": 2, "wmv": 2331, "wdn": 1, "wdt": 1, "wdd": -50, "wdv": 25, "tlv": "Kerala"}