{"loc": "Kane", "iso": "US", "l1": "United States", "l2": "Illinois", "lvl": 3, "pop": 532403, "key": 12102, "isd": true, "ppd": 35.608000000000004, "med": 38.3, "p65": 15.413, "p70": 9.732000000000001, "hos": 2.77, "exp": 78.86, "adr": 1.0, "amn": 94368.0, "amv": 194792.0, "amd": 1330.0, "amt": 1398502.0, "tmn": [219, 262, 261, 217, 150, 152, 135, 176, 210, 176, 118, 137, 118, 107, 180, 146, 161, 155, 122, 90, 112], "tmv": [3330, 4023, 4903, 6734, 6595, 3662, 2393, 4746, 4917, 6132, 6772, 6806, 0, 0, 3221, 4419, 5606, 5173, 5466, 3298, 0], "tmd": [4, 0, 12, 8, 4, 4, 0, 4, 6, 0, 0, 0, 2, 0, 0, 2, 4, 6, 0, 2, 2], "wmn": 970, "wmt": 35566, "wmd": 16, "wmv": 27187, "wdn": -7, "wdt": -15, "wdd": 33, "wdv": -7, "tlv": "Illinois"}