{"loc": "Kanpur Nagar", "iso": "IN", "l1": "India", "l2": "Uttar Pradesh", "lvl": 3, "pop": 4572951, "key": 12108, "isd": true, "ppd": 450.41900000000004, "med": 28.2, "p65": 5.989, "p70": 3.4139999999999997, "hos": 0.53, "exp": 69.66, "adr": 2.0, "amn": 17580.0, "amv": 129247.0, "amd": 336.0, "amt": 184572.0, "tmn": [435, 446, 469, 447, 506, 360, 414, 409, 330, 287, 286, 251, 262, 171, 169, 191, 105, 93, 94, 75, 67], "tmv": [0, 0, 0, 2420, 1705, 1575, 1605, 1977, 1179, 424, 1355, 1209, 1580, 1936, 1874, 1669, 587, 2024, 2002, 1581, 1678], "tmd": [2, 3, 5, 7, 4, 3, 4, 5, 4, 5, 4, 15, 11, 11, 7, 6, 6, 7, 4, 6, 4], "wmn": 798, "wmt": 6929, "wmd": 37, "wmv": 11419, "wdn": -60, "wdt": -3, "wdd": -29, "wdv": 18, "tlv": "Uttar Pradesh"}