{"loc": "Kannur", "iso": "IN", "l1": "India", "l2": "Kerala", "lvl": 3, "pop": 2525637, "key": 12106, "isd": true, "ppd": 450.41900000000004, "med": 28.2, "p65": 5.989, "p70": 3.4139999999999997, "hos": 0.53, "exp": 69.66, "adr": 0.0, "amn": 39244.0, "amv": 114312.0, "amd": 169.0, "amt": 461095.0, "tmn": [256, 266, 448, 574, 465, 538, 615, 691, 791, 694, 729, 640, 790, 735, 791, 982, 587, 603, 581, 785, 826], "tmv": [1978, 1966, 1945, 891, 2374, 0, 0, 2252, 0, 0, 0, 2420, 1705, 1575, 1605, 1977, 1179, 424, 1355, 1209, 0], "tmd": [2, 1, 2, 2, 2, 2, 1, 1, 2, 0, 0, 3, 0, 3, 4, 3, 2, 2, 2, 3, 2], "wmn": 5160, "wmt": 27126, "wmd": 15, "wmv": 7752, "wdn": 2, "wdt": 8, "wdd": 100, "wdv": -3, "tlv": "Kerala"}