{"loc": "Kane", "iso": "US", "l1": "United States", "l2": "Illinois", "lvl": 3, "pop": 532403, "key": 12102, "isd": true, "ppd": 35.608000000000004, "med": 38.3, "p65": 15.413, "p70": 9.732000000000001, "hos": 2.77, "exp": 78.86, "adr": 1.0, "amn": 146378.0, "amv": 1476857.0, "amd": 1739.0, "amt": 3274127.0, "tmn": [0, 0, 0, 0, 1478, 409, 415, 865, 565, 0, 0, 1530, 456, 432, 749, 501, 0, 0, 1476, 539, 687], "tmv": [70, 3476, 2565, 1693, 4764, 5451, 6033, 6077, 6801, 4120, 2054, 5104, 5248, 5184, 4986, 5175, 2683, 957, 367, 0, 0], "tmd": [0, 0, 0, 0, 6, 0, 0, 2, 4, 0, 0, 4, 4, 0, 6, 6, 0, 0, 16, 6, 2], "wmn": 3954, "wmt": 98752, "wmd": 34, "wmv": 14171, "wdn": 3, "wdt": 12, "wdd": 157, "wdv": -59, "tlv": "Illinois"}