{"loc": "Kapurthala", "iso": "IN", "l1": "India", "l2": "Punjab", "lvl": 3, "pop": 817668, "key": 12112, "isd": true, "ppd": 450.41900000000004, "med": 28.2, "p65": 5.989, "p70": 3.4139999999999997, "hos": 0.53, "exp": 69.66, "adr": 4.0, "amn": 6285.0, "amv": 6319.0, "amd": 249.0, "amt": 157783.0, "tmn": [-1, 14, 28, 8, 4, 18, 7, 6, 9, 9, 17, 4, 13, 9, 2, 40, 24, 22, 11, 8, 11], "tmv": [236, 414, 414, 177, 10, 138, 136, 225, 369, 331, 259, 26, 323, 255, 293, 353, 335, 214, 15, 315, 0], "tmd": [0, 0, 2, 0, 0, 0, 0, 2, 0, 0, 0, 0, 0, 0, 2, 2, 0, 0, 0, 0, 0], "wmn": 120, "wmt": 4318, "wmd": 3, "wmv": 1529, "wdn": 69, "wdt": 9, "wdd": 100, "wdv": -15, "tlv": "Punjab"}