{"loc": "Karnataka", "iso": "IN", "l1": "India", "l2": "Karnataka", "lvl": 2, "pop": 67562686, "key": 12119, "isd": true, "ppd": 450.41900000000004, "med": 28.2, "p65": 5.989, "p70": 3.4139999999999997, "hos": 0.53, "exp": 69.66, "adr": 1.0, "amn": 32614.0, "amv": 132066.0, "amd": 323.0, "amt": 412649.0, "tmn": [440, 471, 577, 518, 714, 606, 558, 657, 660, 741, 726, 722, 703, 709, 581, 584, 592, 522, 618, 616, 466], "tmv": [2420, 1705, 1575, 1605, 1977, 1179, 424, 1355, 1209, 1580, 1936, 1874, 1669, 587, 2024, 2002, 1581, 1678, 930, 1375, 511], "tmd": [3, 3, 4, 4, 4, 5, 4, 4, 5, 6, 5, 9, 8, 8, 9, 8, 8, 6, 6, 6, 6], "wmn": 3983, "wmt": 12751, "wmd": 46, "wmv": 10106, "wdn": -19, "wdt": -21, "wdd": 11, "wdv": -1, "tlv": "Karnataka"}