{"loc": "Karnal", "iso": "IN", "l1": "India", "l2": "Haryana", "lvl": 3, "pop": 1506323, "key": 12118, "isd": true, "ppd": 450.41900000000004, "med": 28.2, "p65": 5.989, "p70": 3.4139999999999997, "hos": 0.53, "exp": 69.66, "adr": 1.0, "amn": 7532.0, "amv": 8278.0, "amd": 102.0, "amt": 197771.0, "tmn": [3, 3, 3, 3, 3, 1, 2, 1, 5, 5, 5, 5, 2, 7, 7, 8, 7, 15, 9, 5, 15], "tmv": [225, 369, 331, 259, 26, 323, 255, 293, 353, 335, 61, 0, 0, 246, 238, 478, 437, 281, 178, 245, 0], "tmd": [0, 0, 0, 0, 0, 0, 0, 0, 0, 0, 0, 0, 0, 0, 0, 0, 0, 0, 0, 0, 0], "wmn": 72, "wmt": 3522, "wmd": 0, "wmv": 1860, "wdn": 114, "wdt": -17, "wdd": 0, "wdv": 44, "tlv": "Haryana"}