{"loc": "Kanyakumari", "iso": "IN", "l1": "India", "l2": "Tamil Nadu", "lvl": 3, "pop": 1863178, "key": 12111, "isd": true, "ppd": 450.41900000000004, "med": 28.2, "p65": 5.989, "p70": 3.4139999999999997, "hos": 0.53, "exp": 69.66, "adr": 2.0, "amn": 9228.0, "amv": 20448.0, "amd": 140.0, "amt": 234031.0, "tmn": [6, 5, 5, 3, 3, 0, 1, 2, 6, 4, 4, 4, 3, 3, 6, 7, 3, 5, 3, 4, 5], "tmv": [178, 245, 350, 332, 507, 499, 351, 42, 400, 555, 721, 1006, 1081, 1032, 48, 1463, 984, 954, 347, 1488, 0], "tmd": [0, 0, 0, 0, 0, 0, 0, 0, 0, 0, 0, 0, 0, 0, 0, 0, 0, 0, 0, 0, 0], "wmn": 37, "wmt": 5473, "wmd": 0, "wmv": 5288, "wdn": 26, "wdt": 18, "wdd": 0, "wdv": 9, "tlv": "Tamil Nadu"}