{"loc": "Karnataka", "iso": "IN", "l1": "India", "l2": "Karnataka", "lvl": 2, "pop": 67562686, "key": 12119, "isd": true, "ppd": 450.41900000000004, "med": 28.2, "p65": 5.989, "p70": 3.4139999999999997, "hos": 0.53, "exp": 69.66, "adr": 1.0, "amn": 13996.0, "amv": 6319.0, "amd": 182.0, "amt": 266394.0, "tmn": [7, 6, 8, 6, 6, 7, 5, 5, 6, 7, 6, 7, 7, 4, 5, 6, 6, 5, 6, 6, 5], "tmv": [4, 236, 414, 414, 177, 10, 138, 136, 225, 369, 331, 259, 26, 323, 255, 293, 353, 335, 214, 15, 315], "tmd": [1, 1, 1, 1, 1, 1, 1, 1, 1, 1, 1, 1, 1, 1, 1, 1, 1, 1, 1, 1, 1], "wmn": 42, "wmt": 6410, "wmd": 1, "wmv": 1784, "wdn": -9, "wdt": -9, "wdd": 47, "wdv": 7, "tlv": "Karnataka"}