{"loc": "Karnataka", "iso": "IN", "l1": "India", "l2": "Karnataka", "lvl": 2, "pop": 67562686, "key": 12119, "isd": true, "ppd": 450.41900000000004, "med": 28.2, "p65": 5.989, "p70": 3.4139999999999997, "hos": 0.53, "exp": 69.66, "adr": 1.0, "amn": 42970.0, "amv": 334433.0, "amd": 541.0, "amt": 336702.0, "tmn": [29, 20, 28, 29, 29, 26, 27, 25, 19, 21, 24, 24, 0, 52, 14, 23, 22, 22, 30, 27, 0], "tmv": [956, 2981, 4514, 2639, 2900, 3153, 3794, 0, 0, 2627, 1723, 4033, 3235, 3817, 1481, 4866, 3075, 3296, 3860, 3974, 0], "tmd": [1, 1, 1, 1, 1, 1, 1, 1, 1, 1, 1, 1, 0, 1, 1, 1, 1, 1, 1, 1, 0], "wmn": 142, "wmt": 7305, "wmd": 3, "wmv": 20557, "wdn": -15, "wdt": -20, "wdd": -25, "wdv": 33, "tlv": "India"}