{"loc": "Karelia Republic", "iso": "RU", "l1": "Russia", "l2": "Karelia Republic", "lvl": 2, "pop": 622484, "key": 12116, "isd": true, "ppd": 8.823, "med": 39.6, "p65": 14.177999999999999, "p70": 9.392999999999999, "hos": 8.05, "exp": 72.58, "adr": 1.0, "amn": 139536.0, "amv": 938556.0, "amd": 1823.0, "amt": 1590448.0, "tmn": [444, 430, 425, 400, 361, 351, 377, 382, 400, 404, 425, 425, 422, 406, 417, 420, 408, 377, 364, 346, 355], "tmv": [6898, 9236, 4722, 3465, 2059, 6322, 4985, 6171, 3724, 8742, 2527, 1269, 5480, 6221, 4382, 2410, 11208, 4792, 1598, 6033, 0], "tmd": [7, 7, 2, 5, 7, 2, 10, 5, 5, 7, 5, 7, 5, 9, 10, 7, 5, 7, 7, 9, 7], "wmn": 2691, "wmt": 0, "wmd": 49, "wmv": 30427, "wdn": -6, "wdt": 0, "wdd": 20, "wdv": -11, "tlv": "Russia"}