{"loc": "Karachay-Cherkess Republic", "iso": "RU", "l1": "Russia", "l2": "Karachay-Cherkess Republic", "lvl": 2, "pop": 466305, "key": 12113, "isd": true, "ppd": 8.823, "med": 39.6, "p65": 14.177999999999999, "p70": 9.392999999999999, "hos": 8.05, "exp": 72.58, "adr": 0.0, "amn": 43364.0, "amv": 156118.0, "amd": 193.0, "amt": 909826.0, "tmn": [27, 25, 30, 27, 32, 30, 27, 30, 25, 27, 23, 25, 21, 23, 27, 25, 30, 25, 27, 23, 25], "tmv": [2175, 3732, 494, 1114, 1656, 3335, 3289, 2127, 685, 934, 272, 396, 3780, 3135, 815, 2057, 0, 0, 399, 5012, 1418], "tmd": [0, 0, 0, 0, 0, 0, 0, 3, 0, 3, 0, 0, 5, 3, 5, 3, 5, 3, 3, 7, 5], "wmn": 187, "wmt": 12858, "wmd": 26, "wmv": 9705, "wdn": 5, "wdt": 79, "wdd": 140, "wdv": -14, "tlv": "Russia"}