{"loc": "Kaufman", "iso": "US", "l1": "United States", "l2": "Texas", "lvl": 3, "pop": 136154, "key": 12128, "isd": true, "ppd": 35.608000000000004, "med": 38.3, "p65": 15.413, "p70": 9.732000000000001, "hos": 2.77, "exp": 78.86, "adr": 2.0, "amn": 122215.0, "amv": 1016621.0, "amd": 1961.0, "amt": 896702.0, "tmn": [88, -14, 14, 0, 0, 154, 58, 36, 36, 110, 0, 0, 190, 22, 51, 51, 80, 0, 0, 205, 29], "tmv": [2474, 1554, 2803, 3655, 3299, 2241, 4154, 4949, 1994, 3524, 1923, 0, 0, 1326, 2107, 1883, 1818, 1779, 1363, 1036, 0], "tmd": [0, 8, 0, 0, 0, 0, 0, 0, 0, 0, 0, 0, 0, 0, 0, 0, 0, 0, 0, 0, 8], "wmn": 419, "wmt": 7562, "wmd": 8, "wmv": 9989, "wdn": 6, "wdt": -10, "wdd": 0, "wdv": -27, "tlv": "Texas"}