{"loc": "Karnes", "iso": "US", "l1": "United States", "l2": "Texas", "lvl": 3, "pop": 15601, "key": 12120, "isd": true, "ppd": 35.608000000000004, "med": 38.3, "p65": 15.413, "p70": 9.732000000000001, "hos": 2.77, "exp": 78.86, "adr": 1.0, "amn": 243702.0, "amv": 1197969.0, "amd": 3333.0, "amt": 1143441.0, "tmn": [705, 1025, 192, 3140, 0, 0, 0, 1474, 1217, 4294, 769, 0, 0, 0, 3333, 640, 1089, 1281, 128, 0, 0], "tmv": [1790, 1886, 2554, 2257, 2903, 2781, 2047, 1978, 1647, 2163, 995, 2262, 2445, 2251, 1671, 0, 0, 2784, 2570, 2833, 0], "tmd": [0, 0, 65, 0, 0, 0, 0, 0, 65, 0, 129, 129, 65, 65, 0, 0, 0, 0, 65, 0, 0], "wmn": 6474, "wmt": 20413, "wmd": 65, "wmv": 9860, "wdn": -17, "wdt": -15, "wdd": -86, "wdv": -28, "tlv": "Texas"}