{"loc": "Karur", "iso": "IN", "l1": "India", "l2": "Tamil Nadu", "lvl": 3, "pop": 1076588, "key": 12121, "isd": true, "ppd": 450.41900000000004, "med": 28.2, "p65": 5.989, "p70": 3.4139999999999997, "hos": 0.53, "exp": 69.66, "adr": 1.0, "amn": 5283.0, "amv": 55058.0, "amd": 48.0, "amt": 254998.0, "tmn": [2, 4, 5, 4, 5, 7, 5, 7, 4, 4, 5, 6, 4, 8, 6, 7, 9, 10, 7, 11, 16], "tmv": [122, 2202, 1534, 1506, 1591, 1973, 1840, 334, 2484, 1700, 1669, 1709, 1887, 1565, 188, 422, 1406, 1495, 2660, 3090, 2119], "tmd": [0, 0, 0, 0, 0, 0, 0, 0, 0, 0, 0, 0, 0, 0, 0, 1, 0, 0, 0, 0, 0], "wmn": 69, "wmt": 7541, "wmd": 1, "wmv": 11384, "wdn": 64, "wdt": 5, "wdd": 0, "wdv": 0, "tlv": "Tamil Nadu"}