{"loc": "Kaufman", "iso": "US", "l1": "United States", "l2": "Texas", "lvl": 3, "pop": 136154, "key": 12128, "isd": true, "ppd": 35.608000000000004, "med": 38.3, "p65": 15.413, "p70": 9.732000000000001, "hos": 2.77, "exp": 78.86, "adr": 2.0, "amn": 180428.0, "amv": 1469622.0, "amd": 3283.0, "amt": 1298079.0, "tmn": [110, 88, 0, 0, 0, 0, 73, 249, 36, 29, 66, 95, 22, 117, 95, 73, 110, 962, 110, 102, 154], "tmv": [5133, 3959, 70, 3467, 2554, 1688, 4748, 5430, 6005, 6047, 6744, 4092, 2038, 5038, 5187, 5041, 4530, 2968, 283, 0, 0], "tmd": [15, 15, 0, 0, 0, 0, 8, 0, 15, 8, 8, 0, 0, 0, 0, 0, 15, 0, 0, 0, 0], "wmn": 1609, "wmt": 15694, "wmd": 15, "wmv": 18013, "wdn": 161, "wdt": -20, "wdd": -50, "wdv": -49, "tlv": "Texas"}