{"loc": "Katni", "iso": "IN", "l1": "India", "l2": "Madhya Pradesh", "lvl": 3, "pop": 1291684, "key": 12126, "isd": true, "ppd": 450.41900000000004, "med": 28.2, "p65": 5.989, "p70": 3.4139999999999997, "hos": 0.53, "exp": 69.66, "adr": 1.0, "amn": 1890.0, "amv": 45691.0, "amd": 16.0, "amt": 74581.0, "tmn": [0, 2, 0, 0, 1, 1, 1, 0, 6, 2, 4, 3, 0, 3, 3, 7, 10, 14, 13, 15, 10], "tmv": [954, 347, 1488, 1101, 122, 2202, 1534, 1506, 1591, 1973, 1840, 334, 2484, 1700, 1669, 1709, 1887, 1565, 188, 422, 1406], "tmd": [0, 0, 0, 0, 0, 0, 0, 0, 0, 0, 0, 0, 0, 0, 0, 0, 0, 0, 0, 0, 0], "wmn": 76, "wmt": 2076, "wmd": 0, "wmv": 8851, "wdn": 234, "wdt": 16, "wdd": 0, "wdv": -23, "tlv": "Madhya Pradesh"}