{"loc": "Kemper", "iso": "US", "l1": "United States", "l2": "Mississippi", "lvl": 3, "pop": 9742, "key": 12136, "isd": true, "ppd": 35.608000000000004, "med": 38.3, "p65": 15.413, "p70": 9.732000000000001, "hos": 2.77, "exp": 78.86, "adr": 2.0, "amn": 91460.0, "amv": 186027.0, "amd": 2258.0, "amt": 565837.0, "tmn": [102, 205, 205, 102, 821, 102, 410, 102, 102, 102, 513, 615, 307, 513, 102, 307, 307, 0, 0, 102, 307], "tmv": [3336, 1695, 3330, 4023, 4903, 6734, 6595, 3662, 2393, 4746, 4917, 6132, 6772, 6806, 0, 0, 3221, 4419, 5606, 5173, 0], "tmd": [0, 0, 0, 0, 0, 0, 0, 0, 0, 103, 0, 0, 0, 0, 0, 0, 0, 0, 0, 0, 0], "wmn": 1130, "wmt": 12077, "wmd": 0, "wmv": 18422, "wdn": -50, "wdt": -7, "wdd": -100, "wdv": -48, "tlv": "Mississippi"}