{"loc": "Kemerovo Oblast", "iso": "RU", "l1": "Russia", "l2": "Kemerovo Oblast", "lvl": 2, "pop": 2694877, "key": 12135, "isd": true, "ppd": 8.823, "med": 39.6, "p65": 14.177999999999999, "p70": 9.392999999999999, "hos": 8.05, "exp": 72.58, "adr": 2.0, "amn": 29480.0, "amv": 938556.0, "amd": 607.0, "amt": 1590448.0, "tmn": [141, 140, 139, 139, 140, 139, 139, 138, 138, 136, 135, 134, 133, 132, 132, 131, 132, 133, 131, 131, 130], "tmv": [6898, 9236, 4722, 3465, 2059, 6322, 4985, 6171, 3724, 8742, 2527, 1269, 5480, 6221, 4382, 2410, 11208, 4792, 1598, 6033, 0], "tmd": [2, 2, 2, 2, 2, 2, 2, 2, 2, 2, 2, 2, 2, 2, 2, 2, 2, 2, 2, 2, 3], "wmn": 923, "wmt": 0, "wmd": 12, "wmv": 30427, "wdn": -3, "wdt": 0, "wdd": 15, "wdv": -11, "tlv": "Russia"}