{"loc": "Kemerovo Oblast", "iso": "RU", "l1": "Russia", "l2": "Kemerovo Oblast", "lvl": 2, "pop": 2694877, "key": 12135, "isd": true, "ppd": 8.823, "med": 39.6, "p65": 14.177999999999999, "p70": 9.392999999999999, "hos": 8.05, "exp": 72.58, "adr": 2.0, "amn": 18654.0, "amv": 526277.0, "amd": 407.0, "amt": 1202625.0, "tmn": [74, 73, 74, 76, 72, 71, 71, 71, 71, 71, 70, 69, 70, 69, 67, 66, 68, 67, 67, 66, 67], "tmv": [5047, 8020, 2304, 3290, 5434, 2462, 847, 6655, 4588, 4342, 16373, 12761, 1839, 2367, 3364, 2913, 4230, 4348, 5346, 2355, 0], "tmd": [2, 3, 2, 2, 2, 3, 2, 2, 3, 2, 2, 2, 3, 2, 3, 2, 2, 2, 3, 2, 3], "wmn": 473, "wmt": 0, "wmd": 15, "wmv": 22560, "wdn": -5, "wdt": 0, "wdd": 11, "wdv": -54, "tlv": "Russia"}