{"loc": "Kemerovo Oblast", "iso": "RU", "l1": "Russia", "l2": "Kemerovo Oblast", "lvl": 2, "pop": 2694877, "key": 12135, "isd": true, "ppd": 8.823, "med": 39.6, "p65": 14.177999999999999, "p70": 9.392999999999999, "hos": 8.05, "exp": 72.58, "adr": 2.0, "amn": 15200.0, "amv": 294881.0, "amd": 315.0, "amt": 1044074.0, "tmn": [33, 33, 36, 37, 39, 44, 47, 51, 55, 60, 64, 60, 60, 59, 59, 61, 63, 62, 61, 63, 63], "tmv": [2144, 4817, 2839, 2956, 907, 2306, 5107, 417, 6346, 4336, 3392, 2343, 2283, 3803, 4793, 5806, 6485, 4305, 2607, 1389, 0], "tmd": [2, 2, 2, 2, 2, 2, 2, 2, 1, 2, 3, 2, 2, 3, 2, 2, 3, 2, 2, 3, 2], "wmn": 435, "wmt": 18671, "wmd": 13, "wmv": 25388, "wdn": 6, "wdt": -14, "wdd": 6, "wdv": 11, "tlv": "Russia"}