{"loc": "Kendall", "iso": "US", "l1": "United States", "l2": "Texas", "lvl": 3, "pop": 47431, "key": 12139, "isd": true, "ppd": 35.608000000000004, "med": 38.3, "p65": 15.413, "p70": 9.732000000000001, "hos": 2.77, "exp": 78.86, "adr": 2.0, "amn": 68247.0, "amv": 705407.0, "amd": 1518.0, "amt": 788232.0, "tmn": [168, 21, 21, 0, 0, 42, 105, 400, 105, 105, 0, 0, 210, 379, 63, -21, 126, 0, 0, 168, 42], "tmv": [10329, 12013, 14052, 10864, 8027, 7863, 7615, 10699, 12037, 10893, 10729, 6600, 5484, 7781, 9092, 10242, 10071, 9169, 6395, 4975, 0], "tmd": [0, 0, 0, 0, 0, 0, 0, 0, 0, 0, 0, 0, 0, 0, 0, 0, 0, 0, 0, 0, 0], "wmn": 380, "wmt": 12463, "wmd": 0, "wmv": 49947, "wdn": -68, "wdt": -4, "wdd": 0, "wdv": -22, "tlv": "Texas"}