{"loc": "Kenai Peninsula", "iso": "US", "l1": "United States", "l2": "Alaska", "lvl": 3, "pop": 58708, "key": 12137, "isd": true, "ppd": 35.608000000000004, "med": 38.3, "p65": 15.413, "p70": 9.732000000000001, "hos": 2.77, "exp": 78.86, "adr": 1.0, "amn": 202630.0, "amv": 1393875.0, "amd": 1158.0, "amt": 4819796.0, "tmn": [545, 0, 698, 0, 0, 1175, 664, 511, 255, 613, 0, 0, 664, 136, 698, 0, 238, 0, 0, 613, 221], "tmv": [4933, 4463, 5576, 3317, 1660, 4353, 4663, 4819, 4832, 5563, 3334, 1728, 4724, 4234, 2965, 50, 2434, 1138, 149, 0, 0], "tmd": [0, 0, 0, 0, 0, 0, 0, 0, 0, 0, 0, 0, 0, 0, 18, 0, 35, 0, 0, 0, 0], "wmn": 1772, "wmt": 53042, "wmd": 52, "wmv": 6738, "wdn": -19, "wdt": -18, "wdd": 0, "wdv": -77, "tlv": "Alaska"}