{"loc": "Kay", "iso": "US", "l1": "United States", "l2": "Oklahoma", "lvl": 3, "pop": 43538, "key": 12130, "isd": true, "ppd": 35.608000000000004, "med": 38.3, "p65": 15.413, "p70": 9.732000000000001, "hos": 2.77, "exp": 78.86, "adr": 2.0, "amn": 117139.0, "amv": 258018.0, "amd": 1860.0, "amt": 900340.0, "tmn": [137, 114, 22, 298, 91, 91, 137, 183, 22, 68, 45, 229, 45, 114, 206, 91, 45, 22, 45, 206, 45], "tmv": [6806, 0, 0, 3221, 4419, 5606, 5173, 5466, 3298, 2593, 4349, 5491, 6616, 7139, 7375, 5050, 5255, 5793, 6168, 7391, 0], "tmd": [0, 23, 0, 46, 23, 0, 0, 23, 23, 23, 0, 0, 23, 23, 46, 23, 23, 0, 0, 0, 0], "wmn": 667, "wmt": 13644, "wmd": 92, "wmv": 37036, "wdn": -6, "wdt": -43, "wdd": -20, "wdv": 6, "tlv": "Oklahoma"}