{"loc": "Kearny", "iso": "US", "l1": "United States", "l2": "Kansas", "lvl": 3, "pop": 3838, "key": 12133, "isd": true, "ppd": 35.608000000000004, "med": 38.3, "p65": 15.413, "p70": 9.732000000000001, "hos": 2.77, "exp": 78.86, "adr": 2.0, "amn": 251694.0, "amv": 1469622.0, "amd": 4429.0, "amt": 669479.0, "tmn": [0, 2605, 0, 0, 0, 0, 3126, 0, 10161, 0, 0, 2866, 0, 2344, 0, 2605, 0, 2605, 0, 0, 2344], "tmv": [5133, 3959, 70, 3467, 2554, 1688, 4748, 5430, 6005, 6047, 6744, 4092, 2038, 5038, 5187, 5041, 4530, 2968, 283, 0, 0], "tmd": [0, 0, 0, 0, 0, 0, 261, 0, 0, 0, 0, 0, 0, 0, 0, 0, 0, 0, 0, 0, 0], "wmn": 7557, "wmt": 8355, "wmd": 0, "wmv": 18013, "wdn": -51, "wdt": -8, "wdd": 0, "wdv": -49, "tlv": "Kansas"}