{"loc": "Kendall", "iso": "US", "l1": "United States", "l2": "Illinois", "lvl": 3, "pop": 128990, "key": 12138, "isd": true, "ppd": 35.608000000000004, "med": 38.3, "p65": 15.413, "p70": 9.732000000000001, "hos": 2.77, "exp": 78.86, "adr": 1.0, "amn": 117660.0, "amv": 1157792.0, "amd": 806.0, "amt": 2375298.0, "tmn": [333, 333, 0, 0, 922, 379, 341, 325, 542, 0, 0, 0, 1100, 201, 317, 356, 0, 0, 930, 488, 310], "tmv": [2807, 3250, 3257, 2889, 2103, 1988, 3241, 2538, 4249, 2950, 0, 0, 0, 2913, 2024, 2876, 2739, 2336, 1790, 1886, 0], "tmd": [8, 0, 0, 0, 8, 0, 0, 0, 0, 0, 0, 0, 0, 0, 0, 0, 0, 0, 0, 8, 0], "wmn": 2404, "wmt": 48784, "wmd": 8, "wmv": 13653, "wdn": 11, "wdt": 1, "wdd": 0, "wdv": 8, "tlv": "Illinois"}