{"loc": "Kent", "iso": "US", "l1": "United States", "l2": "Michigan", "lvl": 3, "pop": 656955, "key": 12147, "isd": true, "ppd": 35.608000000000004, "med": 38.3, "p65": 15.413, "p70": 9.732000000000001, "hos": 2.77, "exp": 78.86, "adr": 1.0, "amn": 142415.0, "amv": 1263117.0, "amd": 1518.0, "amt": 1728561.0, "tmn": [0, 1115, 0, 0, 1027, 0, 1202, 0, 1158, 0, 0, 1179, 0, 1083, 0, 1106, 0, 0, 1044, 0, 984], "tmv": [2661, 3390, 3489, 0, 0, 0, 2411, 3257, 3418, 2659, 2485, 1614, 1945, 2278, 2491, 2890, 2710, 2395, 1993, 2154, 3467], "tmd": [0, 11, 0, 0, -1, 0, 7, 0, 4, 0, 0, 2, 0, 19, 0, 14, 0, 0, 4, 0, 19], "wmn": 3136, "wmt": 25632, "wmd": 36, "wmv": 18105, "wdn": -8, "wdt": -8, "wdd": 53, "wdv": 3, "tlv": "Michigan"}