{"loc": "Kenosha", "iso": "US", "l1": "United States", "l2": "Wisconsin", "lvl": 3, "pop": 169561, "key": 12144, "isd": true, "ppd": 35.608000000000004, "med": 38.3, "p65": 15.413, "p70": 9.732000000000001, "hos": 2.77, "exp": 78.86, "adr": 2.0, "amn": 111010.0, "amv": 986908.0, "amd": 1982.0, "amt": 1549677.0, "tmn": [41, 23, 0, 0, 23, 17, 5, 17, 17, 0, 0, 23, 117, 64, 141, -5, 0, 0, 0, 100, 53], "tmv": [2835, 2495, 4865, 3672, 4016, 3766, 3121, 6234, 3276, 3244, 2575, 1851, 1965, 1967, 2474, 1554, 2803, 3655, 3299, 2241, 0], "tmd": [6, 0, 0, 0, 0, 0, 0, 6, 0, 0, 0, 0, 0, 0, 0, 0, 0, 0, 0, 6, 0], "wmn": 289, "wmt": 9947, "wmd": 6, "wmv": 16029, "wdn": 20, "wdt": -14, "wdd": 0, "wdv": -24, "tlv": "Wisconsin"}