{"loc": "Kenosha", "iso": "US", "l1": "United States", "l2": "Wisconsin", "lvl": 3, "pop": 169561, "key": 12144, "isd": true, "ppd": 35.608000000000004, "med": 38.3, "p65": 15.413, "p70": 9.732000000000001, "hos": 2.77, "exp": 78.86, "adr": 2.0, "amn": 102954.0, "amv": 448004.0, "amd": 1881.0, "amt": 1299979.0, "tmn": [212, 29, 176, 53, 100, 11, 171, 106, 129, 70, 82, 123, 11, 0, 212, 76, 76, 123, 117, 41, 135], "tmv": [6157, 7535, 8875, 13887, 4118, 6135, 5026, 6980, 8171, 7842, 9493, 9226, 6156, 5181, 6849, 8594, 10257, 10611, 9961, 7133, 5431], "tmd": [0, -5, 0, 0, 12, 0, 0, 0, 0, 6, 0, 0, 0, 0, -5, 0, 0, 0, 0, 0, 0], "wmn": 785, "wmt": 26617, "wmd": -5, "wmv": 58839, "wdn": 49, "wdt": 0, "wdd": -200, "wdv": 11, "tlv": "Wisconsin"}