{"loc": "Kent", "iso": "US", "l1": "United States", "l2": "Michigan", "lvl": 3, "pop": 656955, "key": 12147, "isd": true, "ppd": 35.608000000000004, "med": 38.3, "p65": 15.413, "p70": 9.732000000000001, "hos": 2.77, "exp": 78.86, "adr": 1.0, "amn": 96978.0, "amv": 624865.0, "amd": 1158.0, "amt": 1225467.0, "tmn": [0, 756, 315, 656, 531, 534, 724, 0, 846, 462, 695, 627, 694, 709, 0, 735, 917, 1196, 576, 993, 630], "tmv": [9961, 7133, 5431, 8106, 10192, 12065, 12389, 10214, 6477, 4262, 8755, 10329, 12013, 14052, 10864, 8027, 7863, 7615, 10699, 12037, 10893], "tmd": [0, 4, 7, 0, 7, 5, 2, 0, 0, 2, 2, 8, 5, 0, 0, 0, -12, 2, 8, 5, 2], "wmn": 5051, "wmt": 34469, "wmd": 4, "wmv": 68002, "wdn": 25, "wdt": 14, "wdd": -80, "wdv": 3, "tlv": "Michigan"}