{"loc": "Kent", "iso": "US", "l1": "United States", "l2": "Delaware", "lvl": 3, "pop": 180786, "key": 12145, "isd": true, "ppd": 35.608000000000004, "med": 38.3, "p65": 15.413, "p70": 9.732000000000001, "hos": 2.77, "exp": 78.86, "adr": 2.0, "amn": 110562.0, "amv": 1100743.0, "amd": 2141.0, "amt": 2078095.0, "tmn": [71, 215, 309, 370, 398, 232, 210, 143, 282, 514, 331, 547, 475, 409, 149, 514, 641, 719, 497, 420, 254], "tmv": [1374, 2201, 2622, 2492, 2548, 2348, 1615, 1875, 1986, 1986, 2786, 3007, 2017, 2605, 1830, 2139, 3106, 3068, 3187, 2953, 0], "tmd": [0, 0, 0, 0, 6, 0, 0, 0, 0, 0, 0, 6, 0, 0, 0, 17, 0, 0, 0, 0, 0], "wmn": 3198, "wmt": 25857, "wmd": 17, "wmv": 16287, "wdn": 18, "wdt": 3, "wdd": 200, "wdv": 0, "tlv": "Delaware"}