{"loc": "Kendujhar", "iso": "IN", "l1": "India", "l2": "Odisha", "lvl": 3, "pop": 1802777, "key": 12141, "isd": true, "ppd": 450.41900000000004, "med": 28.2, "p65": 5.989, "p70": 3.4139999999999997, "hos": 0.53, "exp": 69.66, "adr": 0.0, "amn": 6932.0, "amv": 125987.0, "amd": 27.0, "amt": 228932.0, "tmn": [92, 113, 87, 101, 65, 92, 147, 97, 88, 82, 69, 41, 57, 71, 108, 107, 99, 128, 107, 92, 135], "tmv": [0, 2252, 0, 0, 0, 2420, 1705, 1575, 1605, 1977, 1179, 424, 1355, 1209, 1580, 1936, 1874, 1669, 587, 2024, 2002], "tmd": [0, 0, 0, 0, 0, 2, 0, 0, 1, 0, 0, 2, 0, 0, 0, 1, 0, 1, 0, 0, 0], "wmn": 778, "wmt": 7366, "wmd": 2, "wmv": 11676, "wdn": 53, "wdt": 8, "wdd": -33, "wdv": 25, "tlv": "Odisha"}