{"loc": "Kenosha", "iso": "US", "l1": "United States", "l2": "Wisconsin", "lvl": 3, "pop": 169561, "key": 12144, "isd": true, "ppd": 35.608000000000004, "med": 38.3, "p65": 15.413, "p70": 9.732000000000001, "hos": 2.77, "exp": 78.86, "adr": 2.0, "amn": 110497.0, "amv": 949764.0, "amd": 1976.0, "amt": 1528300.0, "tmn": [82, 0, 0, 17, -5, 47, 70, 64, 0, 0, 64, 47, 5, 41, 23, 0, 0, 23, 17, 5, 17], "tmv": [4173, 4872, 3714, 0, 0, 1543, 2452, 4248, 3485, 4157, 3682, 3252, 2518, 2835, 2495, 4865, 3672, 4016, 3766, 3121, 0], "tmd": [0, 0, 0, 0, 12, 12, 0, 12, 0, 0, 0, 0, 0, 6, 0, 0, 0, 0, 0, 0, 6], "wmn": 89, "wmt": 9136, "wmd": 6, "wmv": 21938, "wdn": -61, "wdt": -34, "wdd": -67, "wdv": -9, "tlv": "Wisconsin"}