{"loc": "Kendujhar", "iso": "IN", "l1": "India", "l2": "Odisha", "lvl": 3, "pop": 1802777, "key": 12141, "isd": true, "ppd": 450.41900000000004, "med": 28.2, "p65": 5.989, "p70": 3.4139999999999997, "hos": 0.53, "exp": 69.66, "adr": 0.0, "amn": 7831.0, "amv": 135080.0, "amd": 27.0, "amt": 238552.0, "tmn": [88, 82, 69, 41, 57, 71, 108, 107, 99, 128, 107, 92, 135, 140, 97, 115, 104, 122, 115, 113, 91], "tmv": [1605, 1977, 1179, 424, 1355, 1209, 1580, 1936, 1874, 1669, 587, 2024, 2002, 1581, 1678, 930, 1375, 511, 1134, 995, 883], "tmd": [1, 0, 0, 2, 0, 0, 0, 1, 0, 1, 0, 0, 0, 0, 0, 0, 0, 0, 0, 0, 1], "wmn": 759, "wmt": 8559, "wmd": 1, "wmv": 7511, "wdn": -6, "wdt": 16, "wdd": -50, "wdv": -36, "tlv": "Odisha"}