{"loc": "Kennebec", "iso": "US", "l1": "United States", "l2": "Maine", "lvl": 3, "pop": 122302, "key": 12143, "isd": true, "ppd": 35.608000000000004, "med": 38.3, "p65": 15.413, "p70": 9.732000000000001, "hos": 2.77, "exp": 78.86, "adr": 1.0, "amn": 68323.0, "amv": 1187231.0, "amd": 744.0, "amt": 2008571.0, "tmn": [474, 359, 425, 0, 8, 825, 613, 278, 490, 441, 8, 0, 196, 539, 269, 457, 678, 0, 0, 997, 948], "tmv": [2024, 2876, 2739, 2336, 1790, 1886, 2554, 2257, 2903, 2781, 2047, 1978, 1647, 2163, 995, 2262, 2445, 2251, 1671, 1480, 0], "tmd": [0, 0, 0, 0, 0, 0, 9, 0, 0, 0, 0, 0, 25, 0, 0, 0, 9, 0, 0, 0, 0], "wmn": 3353, "wmt": 18620, "wmd": 9, "wmv": 11106, "wdn": 72, "wdt": -69, "wdd": -67, "wdv": -30, "tlv": "Maine"}