{"loc": "Kent", "iso": "US", "l1": "United States", "l2": "Delaware", "lvl": 3, "pop": 180786, "key": 12145, "isd": true, "ppd": 35.608000000000004, "med": 38.3, "p65": 15.413, "p70": 9.732000000000001, "hos": 2.77, "exp": 78.86, "adr": 2.0, "amn": 81865.0, "amv": 306945.0, "amd": 1720.0, "amt": 1503044.0, "tmn": [259, 259, 60, 287, 271, 259, 331, 182, 177, 94, 226, 215, 204, 282, 121, 193, 88, 177, 199, 160, 138], "tmv": [5466, 3298, 2593, 4349, 5491, 6616, 7139, 7375, 5050, 5255, 5793, 6168, 7391, 8814, 7404, 5275, 4864, 6157, 7535, 8875, 0], "tmd": [0, 0, 12, 6, 12, 17, 0, 0, 0, 6, 6, 12, 17, 0, 12, 0, 23, 6, 0, 0, 12], "wmn": 1079, "wmt": 47540, "wmd": 50, "wmv": 40113, "wdn": -22, "wdt": 55, "wdd": 29, "wdv": -13, "tlv": "Delaware"}