{"loc": "Kershaw", "iso": "US", "l1": "United States", "l2": "South Carolina", "lvl": 3, "pop": 66551, "key": 12157, "isd": true, "ppd": 35.608000000000004, "med": 38.3, "p65": 15.413, "p70": 9.732000000000001, "hos": 2.77, "exp": 78.86, "adr": 2.0, "amn": 98210.0, "amv": 191493.0, "amd": 1773.0, "amt": 941653.0, "tmn": [285, 841, 706, 1126, 751, 646, 450, 465, 601, 450, 886, 751, 811, 616, 285, 570, 435, 856, 736, 931, 465], "tmv": [1695, 3330, 4023, 4903, 6734, 6595, 3662, 2393, 4746, 4917, 6132, 6772, 6806, 0, 0, 3221, 4419, 5606, 5173, 5466, 0], "tmd": [0, 16, 0, 16, 16, 0, 16, 0, 0, 16, 16, 0, 46, 0, 0, 61, 0, 0, 0, 31, 46], "wmn": 4283, "wmt": 29360, "wmd": 136, "wmv": 23888, "wdn": -7, "wdt": -25, "wdd": 80, "wdv": -25, "tlv": "South Carolina"}