{"loc": "Kentucky", "iso": "US", "l1": "United States", "l2": "Kentucky", "lvl": 2, "pop": 4467673, "key": 12151, "isd": true, "ppd": 35.608000000000004, "med": 38.3, "p65": 15.413, "p70": 9.732000000000001, "hos": 2.77, "exp": 78.86, "adr": 1.0, "amn": 169443.0, "amv": 1318760.0, "amd": 2262.0, "amt": 1675195.0, "tmn": [362, 0, 0, 579, 328, 374, 376, 360, 0, 0, 491, 275, 362, 312, 310, 0, 0, 526, 399, 424, 0], "tmv": [3907, 2388, 1363, 4340, 4401, 4549, 4472, 4977, 2311, 1237, 3968, 4080, 4140, 4246, 4837, 2345, 1101, 1959, 281, 0, 0], "tmd": [7, 0, 0, 19, 6, 5, 8, 11, 0, 0, 11, 5, 6, 7, 12, 0, 0, 18, 10, 10, 0], "wmn": 1661, "wmt": 20734, "wmd": 49, "wmv": 10525, "wdn": -8, "wdt": 3, "wdd": 29, "wdv": -58, "tlv": "Kentucky"}