{"loc": "Kentucky", "iso": "US", "l1": "United States", "l2": "Kentucky", "lvl": 2, "pop": 4467673, "key": 12151, "isd": true, "ppd": 35.608000000000004, "med": 38.3, "p65": 15.413, "p70": 9.732000000000001, "hos": 2.77, "exp": 78.86, "adr": 1.0, "amn": 144273.0, "amv": 1160346.0, "amd": 1837.0, "amt": 1471612.0, "tmn": [1071, 0, 0, 2214, 1014, 1103, 1215, 1135, 0, 0, 0, 2905, 997, 1173, 1161, 0, 0, 2225, 895, 1206, 1091], "tmv": [3250, 3257, 2889, 2103, 1988, 3241, 2538, 4249, 2950, 0, 0, 0, 2913, 2024, 2876, 2739, 2336, 1790, 1886, 2554, 0], "tmd": [5, 0, 0, 13, 6, 3, 11, 6, 0, 0, 0, 14, 7, 9, 8, 0, 0, 16, 6, 11, 14], "wmn": 6580, "wmt": 42101, "wmd": 53, "wmv": 14183, "wdn": 6, "wdt": 34, "wdd": 57, "wdv": 17, "tlv": "Kentucky"}