{"loc": "Khakassia Republic", "iso": "RU", "l1": "Russia", "l2": "Khakassia Republic", "lvl": 2, "pop": 537513, "key": 12164, "isd": true, "ppd": 8.823, "med": 39.6, "p65": 14.177999999999999, "p70": 9.392999999999999, "hos": 8.05, "exp": 72.58, "adr": 2.0, "amn": 39448.0, "amv": 26724.0, "amd": 824.0, "amt": 749740.0, "tmn": [96, 85, 94, 98, 93, 91, 89, 61, 52, 65, 59, 50, 46, 55, 48, 52, 63, 53, 57, 50, 42], "tmv": [0, 0, 0, 0, 0, 0, 0, 0, 0, 0, 0, 0, 0, 0, 0, 0, 0, 0, 0, 0, 0], "tmd": [10, 8, 2, 2, 2, 6, 0, 8, 8, 10, 10, 6, 8, 0, 2, 10, 6, 8, 6, 6, 0], "wmn": 369, "wmt": 14329, "wmd": 36, "wmv": 0, "wdn": -6, "wdt": 131, "wdd": -24, "wdv": 0, "tlv": "Russia"}