{"loc": "Khandwa", "iso": "IN", "l1": "India", "l2": "Madhya Pradesh", "lvl": 3, "pop": 1309443, "key": 12165, "isd": true, "ppd": 450.41900000000004, "med": 28.2, "p65": 5.989, "p70": 3.4139999999999997, "hos": 0.53, "exp": 69.66, "adr": 2.0, "amn": 2548.0, "amv": 92122.0, "amd": 57.0, "amt": 84104.0, "tmn": [20, 19, 20, 21, 19, 28, 23, 25, 24, 25, 22, 16, 14, 20, 25, 17, 14, 15, 15, 18, 24], "tmv": [1495, 2660, 3090, 2119, 2264, 2902, 2874, 2261, 2996, 2710, 2550, 2125, 2901, 1917, 2401, 1978, 1966, 1945, 891, 2374, 0], "tmd": [0, 0, 0, 0, 0, 0, 0, 0, 0, 1, 1, 0, 1, 1, 0, 0, 0, 0, 0, 2, 1], "wmn": 131, "wmt": 4112, "wmd": 3, "wmv": 11558, "wdn": -13, "wdt": 32, "wdd": -25, "wdv": -34, "tlv": "Madhya Pradesh"}