{"loc": "Khanty-Mansi Autonomous Okrug", "iso": "RU", "l1": "Russia", "l2": "Khanty-Mansi Autonomous Okrug", "lvl": 2, "pop": 1532243, "key": 12166, "isd": true, "ppd": 8.823, "med": 39.6, "p65": 14.177999999999999, "p70": 9.392999999999999, "hos": 8.05, "exp": 72.58, "adr": 1.0, "amn": 41028.0, "amv": 361689.0, "amd": 573.0, "amt": 1082323.0, "tmn": [77, 78, 81, 84, 86, 90, 95, 98, 100, 102, 105, 109, 108, 114, 116, 121, 120, 118, 124, 124, 122], "tmv": [2283, 3803, 4793, 5806, 6485, 4305, 2607, 1389, 8802, 5092, 3493, 7231, 4856, 1625, 1623, 6061, 7290, 4289, 13332, 973, 2135], "tmd": [0, 1, 0, 1, 0, 2, 2, 2, 3, 4, 2, 3, 2, 4, 2, 4, 3, 5, 4, 3, 6], "wmn": 848, "wmt": 13528, "wmd": 25, "wmv": 35706, "wdn": 14, "wdt": -45, "wdd": 42, "wdv": 10, "tlv": "Russia"}