{"loc": "Khunti", "iso": "IN", "l1": "India", "l2": "Jharkhand", "lvl": 3, "pop": 530299, "key": 12175, "isd": true, "ppd": 450.41900000000004, "med": 28.2, "p65": 5.989, "p70": 3.4139999999999997, "hos": 0.53, "exp": 69.66, "adr": 0.0, "amn": 4139.0, "amv": 52938.0, "amd": 13.0, "amt": 153297.0, "tmn": [0, 0, 0, 0, 0, 0, 1, 11, 0, 1, 1, 7, 0, 0, 11, 1, 0, 11, 9, 9, 18], "tmv": [1101, 122, 2202, 1534, 1506, 1591, 1973, 1840, 334, 2484, 1700, 1669, 1709, 1887, 1565, 188, 422, 1406, 1495, 2660, 3090], "tmd": [0, 0, 0, 0, 0, 0, 0, 0, 0, 0, 0, 0, 0, 0, 0, 0, 0, 0, 0, 0, 0], "wmn": 63, "wmt": 2365, "wmd": 0, "wmv": 10830, "wdn": 175, "wdt": 8, "wdd": 0, "wdv": -7, "tlv": "Jharkhand"}