{"loc": "King William", "iso": "US", "l1": "United States", "l2": "Virginia", "lvl": 3, "pop": 17148, "key": 12183, "isd": true, "ppd": 35.608000000000004, "med": 38.3, "p65": 15.413, "p70": 9.732000000000001, "hos": 2.77, "exp": 78.86, "adr": 1.0, "amn": 109867.0, "amv": 1242734.0, "amd": 1400.0, "amt": 1138588.0, "tmn": [174, 408, 0, 0, 1049, 349, 641, 291, 233, 0, 0, 0, 1807, 349, 233, 233, 0, 0, 641, 466, 466], "tmv": [2784, 2570, 2833, 3777, 2988, 2423, 2905, 2661, 3390, 3489, 0, 0, 0, 2411, 3257, 3418, 2659, 2485, 1614, 1945, 0], "tmd": [0, 0, 0, 0, 0, 0, 0, 0, 0, 0, 0, 0, 59, 0, 0, 59, 0, 0, 0, 0, 0], "wmn": 2042, "wmt": 17499, "wmd": 59, "wmv": 15382, "wdn": -24, "wdt": -3, "wdd": 0, "wdv": 29, "tlv": "Virginia"}