{"loc": "Kings", "iso": "US", "l1": "United States", "l2": "California", "lvl": 3, "pop": 152940, "key": 12189, "isd": true, "ppd": 35.608000000000004, "med": 38.3, "p65": 15.413, "p70": 9.732000000000001, "hos": 2.77, "exp": 78.86, "adr": 1.0, "amn": 151929.0, "amv": 991062.0, "amd": 1615.0, "amt": 1761625.0, "tmn": [-13, -13, 0, 26, 32, 19, 45, 0, 26, 0, 39, 45, 45, 32, 0, 104, 26, 13, 0, -935, 0], "tmv": [2495, 4865, 3672, 4016, 3766, 3121, 6234, 3276, 3244, 2575, 1851, 1965, 1967, 2474, 1554, 2803, 3655, 3299, 2241, 4154, 0], "tmd": [0, 0, 0, 0, 0, 0, 0, 0, 0, 0, 0, 0, 0, 0, 0, 0, 0, 0, 0, 0, 0], "wmn": -791, "wmt": 20405, "wmd": 0, "wmv": 17709, "wdn": -517, "wdt": -1, "wdd": 0, "wdv": 2, "tlv": "California"}