{"loc": "Kimball", "iso": "US", "l1": "United States", "l2": "Nebraska", "lvl": 3, "pop": 3632, "key": 12180, "isd": true, "ppd": 35.608000000000004, "med": 38.3, "p65": 15.413, "p70": 9.732000000000001, "hos": 2.77, "exp": 78.86, "adr": 2.0, "amn": 114262.0, "amv": 814768.0, "amd": 1927.0, "amt": 1508303.0, "tmn": [0, 0, 0, 0, -275, 0, 0, 0, 0, 0, -275, 0, 0, 0, 0, 0, 0, 275, 0, 275, 0], "tmv": [10071, 9169, 6395, 4975, 6773, 8259, 8496, 10027, 6458, 3608, 3001, 5456, 7305, 8515, 7794, 7192, 5713, 4653, 4699, 5814, 5591], "tmd": [0, 0, 0, 0, 0, 0, 0, 0, 0, 0, 0, 0, 0, 0, 0, 0, 0, 0, 0, -275, 0], "wmn": 551, "wmt": 20784, "wmd": -275, "wmv": 41459, "wdn": -300, "wdt": -1, "wdd": 0, "wdv": -7, "tlv": "Nebraska"}