{"loc": "Kings", "iso": "US", "l1": "United States", "l2": "New York", "lvl": 3, "pop": 2559903, "key": 12190, "isd": true, "ppd": 35.608000000000004, "med": 38.3, "p65": 15.413, "p70": 9.732000000000001, "hos": 2.77, "exp": 78.86, "adr": 4.0, "amn": 86903.0, "amv": 290534.0, "amd": 3636.0, "amt": 2067574.0, "tmn": [556, 534, 357, 383, 416, 467, 537, 522, 493, 484, 422, 458, 423, 452, 487, 527, 500, 321, 467, 358, 499], "tmv": [5606, 5173, 5466, 3298, 2593, 4349, 5491, 6616, 7139, 7375, 5050, 5255, 5793, 6168, 7391, 8814, 7404, 5275, 4864, 6157, 0], "tmd": [17, 10, 9, 9, 6, 9, 11, 11, 11, 6, 10, 11, 11, 11, 9, 7, 8, 3, 6, 6, 6], "wmn": 3164, "wmt": 68082, "wmd": 43, "wmv": 39909, "wdn": -3, "wdt": -19, "wdd": -39, "wdv": -8, "tlv": "New York"}