{"loc": "Kirov Oblast", "iso": "RU", "l1": "Russia", "l2": "Kirov Oblast", "lvl": 2, "pop": 1283238, "key": 12198, "isd": true, "ppd": 8.823, "med": 39.6, "p65": 14.177999999999999, "p70": 9.392999999999999, "hos": 8.05, "exp": 72.58, "adr": 1.0, "amn": 37714.0, "amv": 340959.0, "amd": 316.0, "amt": 1071210.0, "tmn": [91, 93, 92, 91, 89, 87, 88, 87, 88, 86, 87, 84, 81, 84, 85, 84, 84, 85, 81, 77, 79], "tmv": [4336, 3392, 2343, 2283, 3803, 4793, 5806, 6485, 4305, 2607, 1389, 8802, 5092, 3493, 7231, 4856, 1625, 1623, 6061, 7290, 0], "tmd": [1, 1, 1, 1, 1, 1, 1, 1, 1, 1, 1, 1, 1, 1, 1, 1, 1, 1, 1, 1, 1], "wmn": 580, "wmt": 14606, "wmd": 6, "wmv": 28690, "wdn": -3, "wdt": -39, "wdd": 0, "wdv": -11, "tlv": "Russia"}