{"loc": "Kinnaur", "iso": "IN", "l1": "India", "l2": "Himachal Pradesh", "lvl": 3, "pop": 84298, "key": 12192, "isd": true, "ppd": 450.41900000000004, "med": 28.2, "p65": 5.989, "p70": 3.4139999999999997, "hos": 0.53, "exp": 69.66, "adr": 1.0, "amn": 16596.0, "amv": 43862.0, "amd": 190.0, "amt": 167069.0, "tmn": [11, 0, 0, 0, 0, 0, 0, 0, 0, 35, 0, 0, 11, 0, 35, 0, 0, 11, 0, 23, 23], "tmv": [1463, 984, 954, 347, 1488, 1101, 122, 2202, 1534, 1506, 1591, 1973, 1840, 334, 2484, 1700, 1669, 1709, 1887, 1565, 188], "tmd": [0, 0, 0, 0, 0, 0, 0, 0, 0, 0, 0, 0, 0, 0, 0, 0, 0, 0, 0, 0, 0], "wmn": 95, "wmt": 5957, "wmd": 0, "wmv": 11207, "wdn": 100, "wdt": 0, "wdd": 0, "wdv": 2, "tlv": "Himachal Pradesh"}