{"loc": "Kings", "iso": "US", "l1": "United States", "l2": "New York", "lvl": 3, "pop": 2559903, "key": 12190, "isd": true, "ppd": 35.608000000000004, "med": 38.3, "p65": 15.413, "p70": 9.732000000000001, "hos": 2.77, "exp": 78.86, "adr": 4.0, "amn": 118133.0, "amv": 1104562.0, "amd": 4138.0, "amt": 3304836.0, "tmn": [210, 250, 262, 249, 0, 0, 641, 285, 252, 268, 237, 212, 167, 247, 287, 155, 401, 266, 197, 194, 173], "tmv": [2622, 2492, 2548, 2348, 1615, 1875, 1986, 1986, 2786, 3007, 2017, 2605, 1830, 2139, 3106, 3068, 3187, 2953, 1851, 1966, 0], "tmd": [2, 1, 1, 1, 0, 0, 5, 4, 1, 1, 1, 1, 2, 0, 2, 0, 5, 1, 3, 2, 4], "wmn": 1677, "wmt": 51047, "wmd": 13, "wmv": 16136, "wdn": 0, "wdt": 5, "wdd": 88, "wdv": -1, "tlv": "New York"}