{"loc": "Kittson", "iso": "US", "l1": "United States", "l2": "Minnesota", "lvl": 3, "pop": 4298, "key": 12205, "isd": true, "ppd": 35.608000000000004, "med": 38.3, "p65": 15.413, "p70": 9.732000000000001, "hos": 2.77, "exp": 78.86, "adr": 4.0, "amn": 123546.0, "amv": 1157792.0, "amd": 5119.0, "amt": 1900788.0, "tmn": [0, 465, 0, 0, 0, 0, 0, 0, 697, 0, 0, 0, 232, 697, 465, 1628, 0, 0, 0, 232, 1163], "tmv": [2807, 3250, 3257, 2889, 2103, 1988, 3241, 2538, 4249, 2950, 0, 0, 0, 2913, 2024, 2876, 2739, 2336, 1790, 1886, 0], "tmd": [0, 0, 0, 0, 0, 0, 0, 0, 0, 0, 0, 0, 0, 0, 0, 0, 0, 0, 0, 0, 0], "wmn": 3490, "wmt": 39938, "wmd": 0, "wmv": 13653, "wdn": 114, "wdt": 96, "wdd": 0, "wdv": 8, "tlv": "Minnesota"}