{"loc": "Klickitat", "iso": "US", "l1": "United States", "l2": "Washington", "lvl": 3, "pop": 22425, "key": 12208, "isd": true, "ppd": 35.608000000000004, "med": 38.3, "p65": 15.413, "p70": 9.732000000000001, "hos": 2.77, "exp": 78.86, "adr": 1.0, "amn": 40847.0, "amv": 1037493.0, "amd": 491.0, "amt": 1145698.0, "tmn": [0, 178, 89, 133, 44, 0, 0, 89, -89, 133, 0, 0, 0, 0, 222, 0, 133, 222, 0, 44, 0], "tmv": [0, 0, 1326, 2107, 1883, 1818, 1779, 1363, 1036, 1655, 1721, 1666, 1928, 1520, 1539, 740, 1856, 2005, 1821, 2051, 2364], "tmd": [0, 45, 0, 0, 0, 0, 0, 0, 0, 0, 0, 0, 0, 0, 0, 0, 0, 0, 0, 0, 0], "wmn": 625, "wmt": 110002, "wmd": 0, "wmv": 12380, "wdn": 367, "wdt": 527, "wdd": 0, "wdv": 14, "tlv": "Washington"}