{"loc": "Kitsap", "iso": "US", "l1": "United States", "l2": "Washington", "lvl": 3, "pop": 271473, "key": 12203, "isd": true, "ppd": 35.608000000000004, "med": 38.3, "p65": 15.413, "p70": 9.732000000000001, "hos": 2.77, "exp": 78.86, "adr": 1.0, "amn": 54753.0, "amv": 1187231.0, "amd": 693.0, "amt": 1292525.0, "tmn": [379, 589, 0, 0, 1134, 283, 408, 534, 460, 0, 0, 710, 254, 335, 460, 360, 0, 0, 1079, 195, 283], "tmv": [2024, 2876, 2739, 2336, 1790, 1886, 2554, 2257, 2903, 2781, 2047, 1978, 1647, 2163, 995, 2262, 2445, 2251, 1671, 1480, 0], "tmd": [4, 19, 0, 0, 15, 12, 0, 12, 12, 0, 0, 19, 8, 12, 15, 15, 0, 0, 4, 12, 15], "wmn": 2380, "wmt": 0, "wmd": 59, "wmv": 11106, "wdn": 4, "wdt": 0, "wdd": 0, "wdv": -30, "tlv": "Washington"}