{"loc": "Kleberg", "iso": "US", "l1": "United States", "l2": "Texas", "lvl": 3, "pop": 30680, "key": 12207, "isd": true, "ppd": 35.608000000000004, "med": 38.3, "p65": 15.413, "p70": 9.732000000000001, "hos": 2.77, "exp": 78.86, "adr": 3.0, "amn": 127021.0, "amv": 1136653.0, "amd": 3455.0, "amt": 1040834.0, "tmn": [0, 1597, 1140, 1466, 1531, 782, 651, 0, 847, 1271, 977, 814, 1401, 130, 0, 847, 1531, 1368, 1401, 651, 325], "tmv": [2605, 1830, 2139, 3106, 3068, 3187, 2953, 1851, 1966, 2813, 2807, 3250, 3257, 2889, 2103, 1988, 3241, 2538, 4249, 2950, 0], "tmd": [0, 0, 0, 0, 0, 0, 0, 0, 33, 33, 0, 33, 66, 0, 0, 33, 98, 0, 0, 0, 0], "wmn": 6128, "wmt": 27040, "wmd": 131, "wmv": 17074, "wdn": 13, "wdt": 7, "wdd": -20, "wdv": -9, "tlv": "Texas"}