{"loc": "Kishtwar", "iso": "IN", "l1": "India", "l2": "Jammu and Kashmir", "lvl": 3, "pop": 230696, "key": 12201, "isd": true, "ppd": 450.41900000000004, "med": 28.2, "p65": 5.989, "p70": 3.4139999999999997, "hos": 0.53, "exp": 69.66, "adr": 1.0, "amn": 12679.0, "amv": 104985.0, "amd": 95.0, "amt": 527142.0, "tmn": [17, 73, 0, 0, 0, 0, 0, 34, 17, 21, 0, 17, 82, 17, 65, 13, 26, 21, 56, 130, 95], "tmv": [2996, 2710, 2550, 2125, 2901, 1917, 2401, 1978, 1966, 1945, 891, 2374, 0, 0, 2252, 0, 0, 0, 2420, 1705, 0], "tmd": [0, 0, 0, 0, 0, 0, 0, 0, 0, 0, 0, 0, 0, 0, 0, 0, 0, 0, 0, 0, 0], "wmn": 408, "wmt": 21696, "wmd": 0, "wmv": 6379, "wdn": 114, "wdt": 11, "wdd": 0, "wdv": -30, "tlv": "Jammu and Kashmir"}