{"loc": "Kishtwar", "iso": "IN", "l1": "India", "l2": "Jammu and Kashmir", "lvl": 3, "pop": 230696, "key": 12201, "isd": true, "ppd": 450.41900000000004, "med": 28.2, "p65": 5.989, "p70": 3.4139999999999997, "hos": 0.53, "exp": 69.66, "adr": 1.0, "amn": 16199.0, "amv": 138291.0, "amd": 117.0, "amt": 601826.0, "tmn": [86, 39, 65, 169, 156, 169, 99, 138, 47, 225, 359, 346, 208, 147, 177, 117, 212, 108, 238, 130, 65], "tmv": [424, 1355, 1209, 1580, 1936, 1874, 1669, 587, 2024, 2002, 1581, 1678, 930, 1375, 511, 1134, 995, 883, 1069, 0, 0], "tmd": [0, 0, 0, 5, 5, 0, 5, 5, 0, 0, 0, 0, 0, 0, 0, 0, 0, 0, 5, 0, 0], "wmn": 1049, "wmt": 22352, "wmd": 5, "wmv": 4596, "wdn": -29, "wdt": 9, "wdd": 0, "wdv": -55, "tlv": "Jammu and Kashmir"}