{"loc": "Knox", "iso": "US", "l1": "United States", "l2": "Kentucky", "lvl": 3, "pop": 31145, "key": 12212, "isd": true, "ppd": 35.608000000000004, "med": 38.3, "p65": 15.413, "p70": 9.732000000000001, "hos": 2.77, "exp": 78.86, "adr": 0.0, "amn": 88714.0, "amv": 160515.0, "amd": 353.0, "amt": 844044.0, "tmn": [1091, 674, 1284, 802, 1155, 96, 353, 1509, 1091, 32, 321, 256, 192, 32, 738, 321, 353, -192, 417, 321, 0], "tmv": [2448, 3374, 4677, 5132, 5139, 4690, 3336, 1695, 3330, 4023, 4903, 6734, 6595, 3662, 2393, 4746, 4917, 6132, 6772, 6806, 0], "tmd": [0, 0, 33, 0, 0, 0, 0, 0, 0, 0, 0, 0, 0, 0, 0, 0, 0, 0, 0, 0, 0], "wmn": 1959, "wmt": 17177, "wmd": 0, "wmv": 31769, "wdn": -43, "wdt": 6, "wdd": 0, "wdv": 3, "tlv": "Kentucky"}