{"loc": "Knox", "iso": "US", "l1": "United States", "l2": "Indiana", "lvl": 3, "pop": 36594, "key": 12211, "isd": true, "ppd": 35.608000000000004, "med": 38.3, "p65": 15.413, "p70": 9.732000000000001, "hos": 2.77, "exp": 78.86, "adr": 2.0, "amn": 97202.0, "amv": 201735.0, "amd": 2295.0, "amt": 1173834.0, "tmn": [874, 355, 54, 54, 27, 191, 628, 54, 163, 81, 27, 27, 0, 54, 27, 0, 81, 27, 0, 0, 355], "tmv": [4903, 6734, 6595, 3662, 2393, 4746, 4917, 6132, 6772, 6806, 0, 0, 3221, 4419, 5606, 5173, 5466, 3298, 2593, 4349, 0], "tmd": [1094, 0, 28, 0, 0, 0, 0, 55, 0, 0, 0, 0, 0, 0, 0, 0, 55, 0, 0, 0, 0], "wmn": 492, "wmt": 37408, "wmd": 55, "wmv": 26489, "wdn": 20, "wdt": 12, "wdd": 0, "wdv": -3, "tlv": "Indiana"}