{"loc": "Knox", "iso": "US", "l1": "United States", "l2": "Illinois", "lvl": 3, "pop": 49699, "key": 12210, "isd": true, "ppd": 35.608000000000004, "med": 38.3, "p65": 15.413, "p70": 9.732000000000001, "hos": 2.77, "exp": 78.86, "adr": 2.0, "amn": 132518.0, "amv": 1170335.0, "amd": 3300.0, "amt": 2398688.0, "tmn": [382, 422, 140, 744, 0, 0, 0, 1428, 321, 342, 784, 0, 0, 824, 362, 482, 603, 1187, 0, 0, 1167], "tmv": [1988, 3241, 2538, 4249, 2950, 0, 0, 0, 2913, 2024, 2876, 2739, 2336, 1790, 1886, 2554, 2257, 2903, 2781, 2047, 0], "tmd": [0, 0, 21, 21, 0, 0, 0, 21, 0, 0, 0, 0, 0, 21, 21, 21, 0, 0, 0, 0, 21], "wmn": 3803, "wmt": 50421, "wmd": 61, "wmv": 14431, "wdn": 3, "wdt": 10, "wdd": 50, "wdv": -2, "tlv": "Illinois"}