{"loc": "Knox", "iso": "US", "l1": "United States", "l2": "Illinois", "lvl": 3, "pop": 49699, "key": 12210, "isd": true, "ppd": 35.608000000000004, "med": 38.3, "p65": 15.413, "p70": 9.732000000000001, "hos": 2.77, "exp": 78.86, "adr": 3.0, "amn": 100425.0, "amv": 186027.0, "amd": 2515.0, "amt": 1390708.0, "tmn": [181, 100, 181, 140, 301, 60, 120, 160, 563, 583, 80, 181, 100, 40, 40, 0, 40, 342, 724, 20, 40], "tmv": [3336, 1695, 3330, 4023, 4903, 6734, 6595, 3662, 2393, 4746, 4917, 6132, 6772, 6806, 0, 0, 3221, 4419, 5606, 5173, 0], "tmd": [0, 0, 21, 0, 0, 0, 21, 21, 0, 0, 21, 21, 0, 41, 0, 0, 0, 0, 0, 0, 0], "wmn": 1208, "wmt": 35587, "wmd": 0, "wmv": 18422, "wdn": -29, "wdt": -16, "wdd": -100, "wdv": -48, "tlv": "Illinois"}