{"loc": "Kodiak Island", "iso": "US", "l1": "United States", "l2": "Alaska", "lvl": 3, "pop": 12998, "key": 12222, "isd": true, "ppd": 35.608000000000004, "med": 38.3, "p65": 15.413, "p70": 9.732000000000001, "hos": 2.77, "exp": 78.86, "adr": 0.0, "amn": 116095.0, "amv": 1102595.0, "amd": 462.0, "amt": 3641486.0, "tmn": [1692, 1384, 1230, 0, 0, 1692, 307, 0, 2692, 1230, 0, 0, 1769, 769, 1615, 1615, 692, 0, 0, 2846, 1000], "tmv": [2201, 2622, 2492, 2548, 2348, 1615, 1875, 1986, 1986, 2786, 3007, 2017, 2605, 1830, 2139, 3106, 3068, 3187, 2953, 1851, 0], "tmd": [0, 0, 0, 0, 0, 0, 0, 0, 0, 0, 0, 0, 0, 0, 0, 0, 0, 0, 0, 0, 0], "wmn": 7771, "wmt": 80868, "wmd": 0, "wmv": 16308, "wdn": 20, "wdt": 18, "wdd": 0, "wdv": 1, "tlv": "Alaska"}