{"loc": "Kolar", "iso": "IN", "l1": "India", "l2": "Karnataka", "lvl": 3, "pop": 1540231, "key": 12224, "isd": true, "ppd": 450.41900000000004, "med": 28.2, "p65": 5.989, "p70": 3.4139999999999997, "hos": 0.53, "exp": 69.66, "adr": 1.0, "amn": 17025.0, "amv": 125987.0, "amd": 162.0, "amt": 403456.0, "tmn": [239, 381, 327, 242, 507, 273, 355, 775, 347, 548, 285, 183, 425, 389, 723, 490, 537, 586, 275, 490, 592], "tmv": [0, 2252, 0, 0, 0, 2420, 1705, 1575, 1605, 1977, 1179, 424, 1355, 1209, 1580, 1936, 1874, 1669, 587, 2024, 2002], "tmd": [1, 0, 4, 4, 2, 4, 2, 3, 1, 2, 1, 4, 2, 0, 4, 0, 2, 4, 2, 6, 2], "wmn": 3697, "wmt": 15134, "wmd": 17, "wmv": 11676, "wdn": 25, "wdt": -13, "wdd": 53, "wdv": 25, "tlv": "Karnataka"}