{"loc": "Komi Republic", "iso": "RU", "l1": "Russia", "l2": "Komi Republic", "lvl": 2, "pop": 840873, "key": 12229, "isd": true, "ppd": 8.823, "med": 39.6, "p65": 14.177999999999999, "p70": 9.392999999999999, "hos": 8.05, "exp": 72.58, "adr": 2.0, "amn": 47988.0, "amv": 49844.0, "amd": 912.0, "amt": 784464.0, "tmn": [102, 97, 97, 95, 97, 93, 96, 98, 95, 92, 96, 95, 97, 93, 91, 90, 91, 86, 89, 83, 79], "tmv": [0, 0, 0, 0, 0, 0, 0, 0, 0, 0, 74, 1641, 3572, 1994, 1932, 490, 95, 170, 2424, 1547, 0], "tmd": [3, 3, 0, 4, 3, 3, 3, 3, 0, 0, 0, 3, 2, 3, 2, 0, 2, 2, 2, 3, 4], "wmn": 613, "wmt": 4360, "wmd": 11, "wmv": 6662, "wdn": -9, "wdt": -72, "wdd": 29, "wdv": -9, "tlv": "Russia"}