{"loc": "Kodagu", "iso": "IN", "l1": "India", "l2": "Karnataka", "lvl": 3, "pop": 554762, "key": 12220, "isd": true, "ppd": 450.41900000000004, "med": 28.2, "p65": 5.989, "p70": 3.4139999999999997, "hos": 0.53, "exp": 69.66, "adr": 1.0, "amn": 13642.0, "amv": 96199.0, "amd": 141.0, "amt": 360504.0, "tmn": [19, 25, 27, 39, 18, 34, 34, 36, 70, 43, 25, 41, 118, 59, 104, 79, 174, 117, 254, 281, 531], "tmv": [2119, 2264, 2902, 2874, 2261, 2996, 2710, 2550, 2125, 2901, 1917, 2401, 1978, 1966, 1945, 891, 2374, 0, 0, 2252, 0], "tmd": [0, 0, 0, 0, 0, 0, 0, 0, 0, 0, 0, 0, 0, 0, 0, 0, 2, 2, 2, 4, 0], "wmn": 1544, "wmt": 15570, "wmd": 10, "wmv": 7464, "wdn": 291, "wdt": 24, "wdd": 0, "wdv": -53, "tlv": "Karnataka"}