{"loc": "Kodagu", "iso": "IN", "l1": "India", "l2": "Karnataka", "lvl": 3, "pop": 554762, "key": 12220, "isd": true, "ppd": 450.41900000000004, "med": 28.2, "p65": 5.989, "p70": 3.4139999999999997, "hos": 0.53, "exp": 69.66, "adr": 1.0, "amn": 41209.0, "amv": 138927.0, "amd": 364.0, "amt": 424899.0, "tmn": [1132, 1339, 1384, 1256, 1121, 1378, 1038, 962, 1607, 1222, 766, 971, 870, 344, 796, 290, 355, 791, 922, 621, 593], "tmv": [1355, 1209, 1580, 1936, 1874, 1669, 587, 2024, 2002, 1581, 1678, 930, 1375, 511, 1134, 995, 883, 1069, 0, 0, 635], "tmd": [0, 10, 0, 22, 19, 8, 13, 17, 13, 19, 10, 15, 8, 15, 8, 6, 6, 4, 10, 6, 6], "wmn": 4372, "wmt": 12250, "wmd": 42, "wmv": 4720, "wdn": -35, "wdt": -4, "wdd": -55, "wdv": -53, "tlv": "Karnataka"}