{"loc": "Komi Republic", "iso": "RU", "l1": "Russia", "l2": "Komi Republic", "lvl": 2, "pop": 840873, "key": 12229, "isd": true, "ppd": 8.823, "med": 39.6, "p65": 14.177999999999999, "p70": 9.392999999999999, "hos": 8.05, "exp": 72.58, "adr": 2.0, "amn": 47467.0, "amv": 43183.0, "amd": 903.0, "amt": 771173.0, "tmn": [147, 143, 142, 98, 95, 96, 102, 97, 97, 95, 97, 93, 96, 98, 95, 92, 96, 95, 97, 93, 91], "tmv": [0, 0, 0, 0, 0, 0, 0, 0, 0, 0, 0, 0, 0, 0, 0, 0, 74, 1641, 3572, 1994, 0], "tmd": [2, 0, 4, 3, 0, 4, 3, 3, 0, 4, 3, 3, 3, 3, 0, 0, 0, 3, 2, 3, 2], "wmn": 663, "wmt": 10343, "wmd": 8, "wmv": 7284, "wdn": -2, "wdt": -23, "wdd": -54, "wdv": 0, "tlv": "Russia"}