{"loc": "Kodagu", "iso": "IN", "l1": "India", "l2": "Karnataka", "lvl": 3, "pop": 554762, "key": 12220, "isd": true, "ppd": 450.41900000000004, "med": 28.2, "p65": 5.989, "p70": 3.4139999999999997, "hos": 0.53, "exp": 69.66, "adr": 1.0, "amn": 11075.0, "amv": 9469.0, "amd": 132.0, "amt": 275882.0, "tmn": [16, 12, 1, 3, 19, 10, 0, 10, 3, 0, 7, 5, 0, 3, 5, 5, 5, 5, 1, 12, 7], "tmv": [259, 26, 323, 255, 293, 353, 335, 61, 0, 0, 246, 238, 478, 437, 281, 178, 245, 350, 332, 507, 0], "tmd": [0, 0, 0, 0, 0, 0, 0, 0, 0, 0, 0, 0, 0, 2, 0, 0, 0, 0, 0, 0, 0], "wmn": 44, "wmt": 6192, "wmd": 0, "wmv": 1897, "wdn": 41, "wdt": 7, "wdd": -100, "wdv": 30, "tlv": "Karnataka"}