{"loc": "Komi Republic", "iso": "RU", "l1": "Russia", "l2": "Komi Republic", "lvl": 2, "pop": 840873, "key": 12229, "isd": true, "ppd": 8.823, "med": 39.6, "p65": 14.177999999999999, "p70": 9.392999999999999, "hos": 8.05, "exp": 72.58, "adr": 2.0, "amn": 70866.0, "amv": 501349.0, "amd": 1594.0, "amt": 1172759.0, "tmn": [330, 331, 329, 327, 331, 334, 327, 330, 329, 331, 335, 336, 334, 329, 331, 329, 328, 323, 322, 316, 311], "tmv": [6149, 4072, 5920, 6237, 6205, 2216, 985, 5047, 8020, 2304, 3290, 5434, 2462, 847, 6655, 4588, 4342, 16373, 12761, 1839, 0], "tmd": [9, 10, 12, 6, 4, 2, 16, 14, 9, 11, 14, 10, 4, 6, 6, 9, 16, 17, 15, 6, 12], "wmn": 2264, "wmt": 0, "wmd": 79, "wmv": 46562, "wdn": -3, "wdt": 0, "wdd": 22, "wdv": 70, "tlv": "Russia"}