{"loc": "Koderma", "iso": "IN", "l1": "India", "l2": "Jharkhand", "lvl": 3, "pop": 717169, "key": 12221, "isd": true, "ppd": 450.41900000000004, "med": 28.2, "p65": 5.989, "p70": 3.4139999999999997, "hos": 0.53, "exp": 69.66, "adr": 1.0, "amn": 13410.0, "amv": 114312.0, "amd": 141.0, "amt": 183998.0, "tmn": [202, 221, 269, 400, 320, 389, 454, 628, 317, 295, 592, 370, 262, 507, 241, 252, 348, 308, 390, 372, 263], "tmv": [1978, 1966, 1945, 891, 2374, 0, 0, 2252, 0, 0, 0, 2420, 1705, 1575, 1605, 1977, 1179, 424, 1355, 1209, 0], "tmd": [3, 3, 2, 2, 5, 6, 5, 0, 10, 0, 10, 9, 5, 16, 7, 3, 7, 3, 5, 3, 2], "wmn": 2177, "wmt": 6558, "wmd": 28, "wmv": 7752, "wdn": -27, "wdt": -21, "wdd": -41, "wdv": -3, "tlv": "Jharkhand"}