{"loc": "Kosciusko", "iso": "US", "l1": "United States", "l2": "Indiana", "lvl": 3, "pop": 79456, "key": 12237, "isd": true, "ppd": 35.608000000000004, "med": 38.3, "p65": 15.413, "p70": 9.732000000000001, "hos": 2.77, "exp": 78.86, "adr": 1.0, "amn": 121199.0, "amv": 965095.0, "amd": 1523.0, "amt": 1594524.0, "tmn": [50, 88, 25, 75, 25, 0, 37, 12, 75, 62, 37, 37, 0, 62, 12, 50, 0, 88, 50, 0, 0], "tmv": [0, 1543, 2452, 4248, 3485, 4157, 3682, 3252, 2518, 2835, 2495, 4865, 3672, 4016, 3766, 3121, 6234, 3276, 3244, 2575, 0], "tmd": [0, 13, 0, 13, 0, 0, 0, 0, 0, 0, 0, 0, 0, 0, 0, 0, 0, 13, 13, 0, 0], "wmn": 202, "wmt": 13564, "wmd": 26, "wmv": 22220, "wdn": -30, "wdt": -13, "wdd": 0, "wdv": -6, "tlv": "Indiana"}