{"loc": "Kosciusko", "iso": "US", "l1": "United States", "l2": "Indiana", "lvl": 3, "pop": 79456, "key": 12237, "isd": true, "ppd": 35.608000000000004, "med": 38.3, "p65": 15.413, "p70": 9.732000000000001, "hos": 2.77, "exp": 78.86, "adr": 1.0, "amn": 112037.0, "amv": 500973.0, "amd": 1410.0, "amt": 1338077.0, "tmn": [12, 88, 239, 88, 37, 251, 25, 37, 151, 364, 62, 251, 125, 138, 75, 251, 201, 289, 201, 151, 113], "tmv": [6135, 5026, 6980, 8171, 7842, 9493, 9226, 6156, 5181, 6849, 8594, 10257, 10611, 9961, 7133, 5431, 8106, 10192, 12065, 12389, 10214], "tmd": [0, 0, 0, 0, 0, 0, 0, 0, 0, 0, 0, 0, 0, 0, 0, 0, 0, 0, 0, 0, 0], "wmn": 1284, "wmt": 28550, "wmd": 0, "wmv": 65534, "wdn": 13, "wdt": 0, "wdd": 0, "wdv": 14, "tlv": "Indiana"}