{"loc": "Kondagaon", "iso": "IN", "l1": "India", "l2": "Chhattisgarh", "lvl": 3, "pop": 578326, "key": 12230, "isd": true, "ppd": 450.41900000000004, "med": 28.2, "p65": 5.989, "p70": 3.4139999999999997, "hos": 0.53, "exp": 69.66, "adr": 1.0, "amn": 10551.0, "amv": 88857.0, "amd": 76.0, "amt": 221492.0, "tmn": [3, 1, 8, 24, 22, 5, 15, 70, 39, 100, 20, 63, 103, 48, 77, 141, 131, 145, 89, 126, 51], "tmv": [188, 422, 1406, 1495, 2660, 3090, 2119, 2264, 2902, 2874, 2261, 2996, 2710, 2550, 2125, 2901, 1917, 2401, 1978, 1966, 1945], "tmd": [2, 0, 0, 0, 0, 0, 0, 0, 0, 0, 0, 0, 0, 4, 2, 0, 0, 0, 0, 7, 0], "wmn": 765, "wmt": 11668, "wmd": 9, "wmv": 15238, "wdn": 71, "wdt": 13, "wdd": 150, "wdv": -18, "tlv": "Chhattisgarh"}