{"loc": "Kondagaon", "iso": "IN", "l1": "India", "l2": "Chhattisgarh", "lvl": 3, "pop": 578326, "key": 12230, "isd": true, "ppd": 450.41900000000004, "med": 28.2, "p65": 5.989, "p70": 3.4139999999999997, "hos": 0.53, "exp": 69.66, "adr": 1.0, "amn": 11068.0, "amv": 92122.0, "amd": 81.0, "amt": 226317.0, "tmn": [24, 22, 5, 15, 70, 39, 100, 20, 63, 103, 48, 77, 141, 131, 145, 89, 126, 51, 102, 221, 193], "tmv": [1495, 2660, 3090, 2119, 2264, 2902, 2874, 2261, 2996, 2710, 2550, 2125, 2901, 1917, 2401, 1978, 1966, 1945, 891, 2374, 0], "tmd": [0, 0, 0, 0, 0, 0, 0, 0, 0, 0, 4, 2, 0, 0, 0, 0, 7, 0, 0, 0, 6], "wmn": 931, "wmt": 11738, "wmd": 13, "wmv": 11558, "wdn": 58, "wdt": 5, "wdd": 133, "wdv": -34, "tlv": "Chhattisgarh"}