{"loc": "Kondagaon", "iso": "IN", "l1": "India", "l2": "Chhattisgarh", "lvl": 3, "pop": 578326, "key": 12230, "isd": true, "ppd": 450.41900000000004, "med": 28.2, "p65": 5.989, "p70": 3.4139999999999997, "hos": 0.53, "exp": 69.66, "adr": 1.0, "amn": 12735.0, "amv": 103279.0, "amd": 83.0, "amt": 236868.0, "tmn": [100, 20, 63, 103, 48, 77, 141, 131, 145, 89, 126, 51, 102, 221, 193, 337, 243, 243, 356, 221, 264], "tmv": [2874, 2261, 2996, 2710, 2550, 2125, 2901, 1917, 2401, 1978, 1966, 1945, 891, 2374, 0, 0, 2252, 0, 0, 0, 2420], "tmd": [0, 0, 0, 0, 4, 2, 0, 0, 0, 0, 7, 0, 0, 0, 6, 0, 0, 2, 0, 0, 0], "wmn": 1861, "wmt": 12274, "wmd": 7, "wmv": 4673, "wdn": 114, "wdt": 4, "wdd": 0, "wdv": -65, "tlv": "Chhattisgarh"}