{"loc": "Kossuth", "iso": "US", "l1": "United States", "l2": "Iowa", "lvl": 3, "pop": 14813, "key": 12239, "isd": true, "ppd": 35.608000000000004, "med": 38.3, "p65": 15.413, "p70": 9.732000000000001, "hos": 2.77, "exp": 78.86, "adr": 3.0, "amn": 139540.0, "amv": 194792.0, "amd": 3645.0, "amt": 413053.0, "tmn": [607, 202, 67, 270, 135, 337, 135, 135, 472, 405, 67, 202, 337, 135, 405, 202, 7223, 472, 0, 337, 472], "tmv": [3330, 4023, 4903, 6734, 6595, 3662, 2393, 4746, 4917, 6132, 6772, 6806, 0, 0, 3221, 4419, 5606, 5173, 5466, 3298, 0], "tmd": [136, 0, 0, 68, 0, 0, 0, 0, 0, 0, 0, 0, 0, 136, 0, 0, 0, 0, 0, 0, 0], "wmn": 9114, "wmt": 3892, "wmd": 0, "wmv": 27187, "wdn": 419, "wdt": -38, "wdd": -100, "wdv": -7, "tlv": "Iowa"}