{"loc": "Kossuth", "iso": "US", "l1": "United States", "l2": "Iowa", "lvl": 3, "pop": 14813, "key": 12239, "isd": true, "ppd": 35.608000000000004, "med": 38.3, "p65": 15.413, "p70": 9.732000000000001, "hos": 2.77, "exp": 78.86, "adr": 3.0, "amn": 144468.0, "amv": 664553.0, "amd": 4321.0, "amt": 448316.0, "tmn": [472, 67, 67, 405, 270, 405, 135, 202, 0, 67, 337, 202, 0, 135, 67, 270, 67, 337, 67, 67, 135], "tmv": [12389, 10214, 6477, 4262, 8755, 10329, 12013, 14052, 10864, 8027, 7863, 7615, 10699, 12037, 10893, 10729, 6600, 5484, 7781, 9092, 0], "tmd": [136, 0, 0, 0, 68, 0, 0, 0, 0, 0, 68, 0, 0, 0, 68, 0, 0, 0, 0, 68, 0], "wmn": 1013, "wmt": 3952, "wmd": 136, "wmv": 50581, "wdn": 7, "wdt": -2, "wdd": 100, "wdv": -29, "tlv": "Iowa"}