{"loc": "Krishna", "iso": "IN", "l1": "India", "l2": "Andhra Pradesh", "lvl": 3, "pop": 4529009, "key": 12247, "isd": true, "ppd": 450.41900000000004, "med": 28.2, "p65": 5.989, "p70": 3.4139999999999997, "hos": 0.53, "exp": 69.66, "adr": 1.0, "amn": 16684.0, "amv": 131554.0, "amd": 189.0, "amt": 331719.0, "tmn": [141, 68, 120, 107, 131, 154, 153, 218, 218, 220, 251, 120, 172, 248, 273, 147, 209, 220, 200, 227, 232], "tmv": [0, 2420, 1705, 1575, 1605, 1977, 1179, 424, 1355, 1209, 1580, 1936, 1874, 1669, 587, 2024, 2002, 1581, 1678, 930, 1375], "tmd": [3, 1, 1, 2, 1, 1, 2, 2, 2, 2, 1, 1, 2, 1, 2, 1, 2, 2, 2, 2, 2], "wmn": 1512, "wmt": 11471, "wmd": 11, "wmv": 10182, "wdn": 4, "wdt": -20, "wdd": 21, "wdv": 1, "tlv": "Andhra Pradesh"}