{"loc": "Krishna", "iso": "IN", "l1": "India", "l2": "Andhra Pradesh", "lvl": 3, "pop": 4529009, "key": 12247, "isd": true, "ppd": 450.41900000000004, "med": 28.2, "p65": 5.989, "p70": 3.4139999999999997, "hos": 0.53, "exp": 69.66, "adr": 1.0, "amn": 10809.0, "amv": 12041.0, "amd": 150.0, "amt": 261435.0, "tmn": [1, 1, 1, 0, 2, 1, 0, 1, 1, 4, 0, 1, 0, 1, 1, 1, 2, 0, 1, 3, 1], "tmv": [335, 61, 0, 0, 246, 238, 478, 437, 281, 178, 245, 350, 332, 507, 499, 351, 42, 400, 555, 721, 0], "tmd": [0, 0, 0, 1, 0, 1, 0, 0, 0, 0, 0, 0, 0, 0, 0, 0, 0, 0, 0, 0, 0], "wmn": 14, "wmt": 4621, "wmd": 0, "wmv": 2572, "wdn": 24, "wdt": 25, "wdd": 0, "wdv": 10, "tlv": "Andhra Pradesh"}