{"loc": "Kursk Oblast", "iso": "RU", "l1": "Russia", "l2": "Kursk Oblast", "lvl": 2, "pop": 1115237, "key": 12256, "isd": true, "ppd": 8.823, "med": 39.6, "p65": 14.177999999999999, "p70": 9.392999999999999, "hos": 8.05, "exp": 72.58, "adr": 2.0, "amn": 31669.0, "amv": 102565.0, "amd": 573.0, "amt": 851015.0, "tmn": [86, 86, 85, 84, 83, 85, 84, 83, 84, 83, 81, 82, 80, 78, 77, 74, 72, 71, 71, 70, 71], "tmv": [0, 0, 0, 0, 402, 1305, 1841, 938, 1778, 561, 647, 1778, 3925, 2101, 1880, 2388, 897, 1104, 2153, 2630, 0], "tmd": [5, 7, 6, 3, 6, 5, 5, 4, 5, 4, 4, 5, 6, 5, 3, 3, 5, 4, 3, 4, 5], "wmn": 511, "wmt": 7936, "wmd": 25, "wmv": 11055, "wdn": -11, "wdt": -44, "wdd": -18, "wdv": -6, "tlv": "Russia"}