{"loc": "Kursk Oblast", "iso": "RU", "l1": "Russia", "l2": "Kursk Oblast", "lvl": 2, "pop": 1115237, "key": 12256, "isd": true, "ppd": 8.823, "med": 39.6, "p65": 14.177999999999999, "p70": 9.392999999999999, "hos": 8.05, "exp": 72.58, "adr": 2.0, "amn": 35714.0, "amv": 241463.0, "amd": 803.0, "amt": 1000625.0, "tmn": [56, 55, 57, 54, 56, 53, 54, 54, 53, 55, 57, 56, 54, 58, 59, 60, 62, 67, 69, 71, 69], "tmv": [5643, 3205, 1429, 3427, 718, 695, 2344, 1683, 2123, 2380, 2151, 3200, 664, 236, 284, 2144, 4817, 2839, 2956, 907, 2306], "tmd": [3, 5, 3, 3, 5, 4, 3, 4, 5, 4, 4, 5, 4, 3, 4, 1, 4, 6, 5, 4, 3], "wmn": 461, "wmt": 18291, "wmd": 25, "wmv": 16255, "wdn": 18, "wdt": 8, "wdd": -7, "wdv": 31, "tlv": "Russia"}