{"loc": "Kushinagar", "iso": "IN", "l1": "India", "l2": "Uttar Pradesh", "lvl": 3, "pop": 3560830, "key": 12259, "isd": true, "ppd": 450.41900000000004, "med": 28.2, "p65": 5.989, "p70": 3.4139999999999997, "hos": 0.53, "exp": 69.66, "adr": 1.0, "amn": 2142.0, "amv": 103279.0, "amd": 20.0, "amt": 167971.0, "tmn": [7, 5, 17, 11, 24, 8, 15, 17, 16, 20, 30, 39, 26, 28, 32, 28, 57, 23, 40, 27, 29], "tmv": [2874, 2261, 2996, 2710, 2550, 2125, 2901, 1917, 2401, 1978, 1966, 1945, 891, 2374, 0, 0, 2252, 0, 0, 0, 2420], "tmd": [0, 0, 0, 0, 1, 0, 0, 0, 1, 0, 0, 0, 0, 1, 0, 0, 0, 0, 1, 1, 1], "wmn": 240, "wmt": 6265, "wmd": 2, "wmv": 4673, "wdn": 34, "wdt": -1, "wdd": 200, "wdv": -65, "tlv": "Uttar Pradesh"}