{"loc": "Kurgan Oblast", "iso": "RU", "l1": "Russia", "l2": "Kurgan Oblast", "lvl": 2, "pop": 845537, "key": 12254, "isd": true, "ppd": 8.823, "med": 39.6, "p65": 14.177999999999999, "p70": 9.392999999999999, "hos": 8.05, "exp": 72.58, "adr": 2.0, "amn": 20517.0, "amv": 26724.0, "amd": 347.0, "amt": 749740.0, "tmn": [112, 113, 111, 108, 107, 106, 108, 107, 106, 104, 107, 106, 102, 100, 99, 95, 96, 94, 92, 93, 91], "tmv": [0, 0, 0, 0, 0, 0, 0, 0, 0, 0, 0, 0, 0, 0, 0, 0, 0, 0, 0, 0, 0], "tmd": [0, 2, 0, 0, 0, 0, 4, 6, 9, 5, 4, 9, 9, 9, 8, 9, 9, 9, 0, 0, 0], "wmn": 664, "wmt": 9938, "wmd": 32, "wmv": 0, "wdn": -10, "wdt": -6, "wdd": -32, "wdv": 0, "tlv": "Russia"}