{"loc": "Kurukshetra", "iso": "IN", "l1": "India", "l2": "Haryana", "lvl": 3, "pop": 964231, "key": 12257, "isd": true, "ppd": 450.41900000000004, "med": 28.2, "p65": 5.989, "p70": 3.4139999999999997, "hos": 0.53, "exp": 69.66, "adr": 1.0, "amn": 9265.0, "amv": 6521.0, "amd": 139.0, "amt": 194616.0, "tmn": [1, 3, 5, 5, 3, 3, 11, 6, 5, 4, 2, 3, 7, 5, 5, 4, 7, 4, 8, 2, 9], "tmv": [414, 414, 177, 10, 138, 136, 225, 369, 331, 259, 26, 323, 255, 293, 353, 335, 214, 15, 315, 201, 0], "tmd": [0, 0, 0, 0, 0, 0, 0, 0, 0, 0, 0, 0, 0, 0, 0, 0, 0, 0, 0, 0, 0], "wmn": 41, "wmt": 3866, "wmd": 0, "wmv": 1437, "wdn": 22, "wdt": -32, "wdd": 0, "wdv": -23, "tlv": "Haryana"}