{"loc": "Kursk Oblast", "iso": "RU", "l1": "Russia", "l2": "Kursk Oblast", "lvl": 2, "pop": 1115237, "key": 12256, "isd": true, "ppd": 8.823, "med": 39.6, "p65": 14.177999999999999, "p70": 9.392999999999999, "hos": 8.05, "exp": 72.58, "adr": 1.0, "amn": 26392.0, "amv": 26724.0, "amd": 386.0, "amt": 742369.0, "tmn": [158, 159, 157, 155, 152, 154, 158, 153, 152, 151, 151, 153, 147, 149, 146, 144, 143, 141, 138, 137, 135], "tmv": [0, 0, 0, 0, 0, 0, 0, 0, 0, 0, 0, 0, 0, 0, 0, 0, 0, 0, 0, 0, 0], "tmd": [5, 1, 2, 4, 4, 5, 4, 1, 5, 2, 5, 1, 4, 2, 4, 3, 2, 3, 1, 2, 6], "wmn": 987, "wmt": 10414, "wmd": 19, "wmv": 0, "wdn": -7, "wdt": 280, "wdd": 5, "wdv": 0, "tlv": "Russia"}