{"loc": "Kulgam", "iso": "IN", "l1": "India", "l2": "Jammu and Kashmir", "lvl": 3, "pop": 422786, "key": 12250, "isd": true, "ppd": 450.41900000000004, "med": 28.2, "p65": 5.989, "p70": 3.4139999999999997, "hos": 0.53, "exp": 69.66, "adr": 2.0, "amn": 7734.0, "amv": 92122.0, "amd": 135.0, "amt": 502226.0, "tmn": [28, 115, 49, 21, 87, 49, 61, 18, 42, 23, 18, 35, 23, 21, 44, 66, 78, 49, 111, 111, 82], "tmv": [1495, 2660, 3090, 2119, 2264, 2902, 2874, 2261, 2996, 2710, 2550, 2125, 2901, 1917, 2401, 1978, 1966, 1945, 891, 2374, 0], "tmd": [0, 0, 0, 0, 0, 5, 0, 0, 0, 0, 0, 0, 0, 0, 0, 3, 0, 0, 0, 0, 0], "wmn": 545, "wmt": 19071, "wmd": 3, "wmv": 11558, "wdn": 195, "wdt": -10, "wdd": 0, "wdv": -34, "tlv": "Jammu and Kashmir"}