{"loc": "Kurgan Oblast", "iso": "RU", "l1": "Russia", "l2": "Kurgan Oblast", "lvl": 2, "pop": 845537, "key": 12254, "isd": true, "ppd": 8.823, "med": 39.6, "p65": 14.177999999999999, "p70": 9.392999999999999, "hos": 8.05, "exp": 72.58, "adr": 2.0, "amn": 26069.0, "amv": 241463.0, "amd": 514.0, "amt": 1000625.0, "tmn": [39, 41, 36, 40, 37, 35, 34, 35, 33, 31, 34, 36, 35, 34, 36, 35, 33, 35, 34, 36, 39], "tmv": [3205, 1429, 3427, 718, 695, 2344, 1683, 2123, 2380, 2151, 3200, 664, 236, 284, 2144, 4817, 2839, 2956, 907, 2306, 0], "tmd": [2, 0, 0, 3, 0, 0, 3, 5, 0, 3, 2, 0, 0, 0, 2, 0, 0, 4, 0, 0, 0], "wmn": 251, "wmt": 16445, "wmd": 5, "wmv": 15971, "wdn": 4, "wdt": -2, "wdd": -43, "wdv": 45, "tlv": "Russia"}