{"loc": "Kursk Oblast", "iso": "RU", "l1": "Russia", "l2": "Kursk Oblast", "lvl": 2, "pop": 1115237, "key": 12256, "isd": true, "ppd": 8.823, "med": 39.6, "p65": 14.177999999999999, "p70": 9.392999999999999, "hos": 8.05, "exp": 72.58, "adr": 2.0, "amn": 35644.0, "amv": 238250.0, "amd": 801.0, "amt": 989638.0, "tmn": [55, 56, 55, 57, 54, 56, 53, 54, 54, 53, 55, 57, 56, 54, 58, 59, 60, 62, 67, 69, 71], "tmv": [356, 5643, 3205, 1429, 3427, 718, 695, 2344, 1683, 2123, 2380, 2151, 3200, 664, 236, 284, 2144, 4817, 2839, 2956, 0], "tmd": [2, 3, 5, 3, 3, 5, 4, 3, 4, 5, 4, 4, 5, 4, 3, 4, 1, 4, 6, 5, 4], "wmn": 450, "wmt": 9042, "wmd": 25, "wmv": 13278, "wdn": 16, "wdt": -46, "wdd": -7, "wdv": -9, "tlv": "Russia"}