{"loc": "Kursk Oblast", "iso": "RU", "l1": "Russia", "l2": "Kursk Oblast", "lvl": 2, "pop": 1115237, "key": 12256, "isd": true, "ppd": 8.823, "med": 39.6, "p65": 14.177999999999999, "p70": 9.392999999999999, "hos": 8.05, "exp": 72.58, "adr": 2.0, "amn": 56996.0, "amv": 685449.0, "amd": 1401.0, "amt": 1394114.0, "tmn": [199, 201, 207, 210, 212, 216, 219, 224, 218, 223, 229, 235, 242, 248, 250, 251, 256, 260, 266, 275, 277], "tmv": [928, 629, 1742, 4764, 11620, 1553, 1193, 1385, 1230, 818, 2505, 1296, 3700, 0, 0, 0, 0, 0, 417, 4022, 0], "tmd": [6, 4, 5, 4, 3, 3, 4, 6, 5, 4, 6, 4, 6, 5, 6, 5, 6, 5, 4, 7, 3], "wmn": 1840, "wmt": 3510, "wmd": 33, "wmv": 4440, "wdn": 13, "wdt": 0, "wdd": 0, "wdv": -59, "tlv": "Russia"}