{"loc": "Kulgam", "iso": "IN", "l1": "India", "l2": "Jammu and Kashmir", "lvl": 3, "pop": 422786, "key": 12250, "isd": true, "ppd": 450.41900000000004, "med": 28.2, "p65": 5.989, "p70": 3.4139999999999997, "hos": 0.53, "exp": 69.66, "adr": 2.0, "amn": 6500.0, "amv": 18612.0, "amd": 128.0, "amt": 403409.0, "tmn": [7, 4, 2, 2, 4, 4, 9, 0, 9, 0, 4, 7, 7, 2, 4, 0, 2, 0, 0, 4, 7], "tmv": [437, 281, 178, 245, 350, 332, 507, 499, 351, 42, 400, 555, 721, 1006, 1081, 1032, 48, 1463, 984, 954, 0], "tmd": [0, 0, 0, 0, 0, 0, 0, 0, 0, 0, 0, 0, 0, 0, 0, 0, 0, 0, 0, 0, 0], "wmn": 19, "wmt": 13175, "wmd": 0, "wmv": 5565, "wdn": -38, "wdt": -7, "wdd": 0, "wdv": 56, "tlv": "Jammu and Kashmir"}