{"loc": "La Plata", "iso": "US", "l1": "United States", "l2": "Colorado", "lvl": 3, "pop": 56221, "key": 12269, "isd": true, "ppd": 35.608000000000004, "med": 38.3, "p65": 15.413, "p70": 9.732000000000001, "hos": 2.77, "exp": 78.86, "adr": 1.0, "amn": 71005.0, "amv": 854702.0, "amd": 729.0, "amt": 1446768.0, "tmn": [160, 35, 88, 177, 124, 302, 266, 195, 106, 106, 71, 195, 177, 106, 71, 17, 35, 0, 266, 35, 249], "tmv": [10027, 6458, 3608, 3001, 5456, 7305, 8515, 7794, 7192, 5713, 4653, 4699, 5814, 5591, 7265, 6352, 4511, 3409, 5326, 6395, 6671], "tmd": [0, 0, 0, 0, 0, 0, 0, 0, 0, 0, 0, 0, 0, 0, 0, 0, 0, 0, 18, 18, 0], "wmn": 676, "wmt": 29860, "wmd": 36, "wmv": 39934, "wdn": -30, "wdt": -9, "wdd": 0, "wdv": -4, "tlv": "Colorado"}