{"loc": "LaPorte", "iso": "US", "l1": "United States", "l2": "Indiana", "lvl": 3, "pop": 109888, "key": 12274, "isd": true, "ppd": 35.608000000000004, "med": 38.3, "p65": 15.413, "p70": 9.732000000000001, "hos": 2.77, "exp": 78.86, "adr": 2.0, "amn": 88335.0, "amv": 186027.0, "amd": 1765.0, "amt": 1151780.0, "tmn": [145, 154, 100, 282, 172, 182, 127, 145, 63, 91, 200, 127, 72, 118, 63, 72, 382, 91, 191, 172, 145], "tmv": [3336, 1695, 3330, 4023, 4903, 6734, 6595, 3662, 2393, 4746, 4917, 6132, 6772, 6806, 0, 0, 3221, 4419, 5606, 5173, 0], "tmd": [0, 19, 0, 146, 10, 0, 0, 0, 19, 0, 0, 10, 10, 0, 0, 0, 0, 10, 0, 0, 0], "wmn": 1120, "wmt": 29190, "wmd": 10, "wmv": 18422, "wdn": 37, "wdt": -28, "wdd": -75, "wdv": -48, "tlv": "Indiana"}