{"loc": "Labette", "iso": "US", "l1": "United States", "l2": "Kansas", "lvl": 3, "pop": 19618, "key": 12277, "isd": true, "ppd": 35.608000000000004, "med": 38.3, "p65": 15.413, "p70": 9.732000000000001, "hos": 2.77, "exp": 78.86, "adr": 2.0, "amn": 144969.0, "amv": 1026653.0, "amd": 2549.0, "amt": 504609.0, "tmn": [0, 356, 0, 0, 0, 0, 0, 0, 866, 0, 407, 0, 0, 203, 0, 0, 713, 1121, 0, 0, 254], "tmv": [2241, 4154, 4949, 1994, 3524, 1923, 0, 0, 1326, 2107, 1883, 1818, 1779, 1363, 1036, 1655, 1721, 1666, 1928, 1520, 1539], "tmd": [0, 0, 0, 0, 0, 0, 0, 0, 0, 0, 0, 0, 0, 0, 0, 0, 0, 0, 0, 0, 0], "wmn": 2090, "wmt": 3817, "wmd": 0, "wmv": 11069, "wdn": 41, "wdt": 38, "wdd": 0, "wdv": 8, "tlv": "Kansas"}