{"loc": "LaGrange", "iso": "US", "l1": "United States", "l2": "Indiana", "lvl": 3, "pop": 39614, "key": 12272, "isd": true, "ppd": 35.608000000000004, "med": 38.3, "p65": 15.413, "p70": 9.732000000000001, "hos": 2.77, "exp": 78.86, "adr": 3.0, "amn": 62528.0, "amv": 511713.0, "amd": 1767.0, "amt": 1342620.0, "tmn": [25, 0, 0, 25, 75, 25, 0, 126, 50, 100, 50, 50, 0, 50, 25, 0, 25, 75, 50, 25, 75], "tmv": [6980, 8171, 7842, 9493, 9226, 6156, 5181, 6849, 8594, 10257, 10611, 9961, 7133, 5431, 8106, 10192, 12065, 12389, 10214, 6477, 4262], "tmd": [0, 0, 0, 0, 0, 0, 0, 0, 0, 0, 0, 0, 0, 0, 0, 0, 0, 0, 0, 0, 0], "wmn": 278, "wmt": 27364, "wmd": 0, "wmv": 63709, "wdn": -35, "wdt": -4, "wdd": 0, "wdv": 8, "tlv": "Indiana"}