{"loc": "LaPorte", "iso": "US", "l1": "United States", "l2": "Indiana", "lvl": 3, "pop": 109888, "key": 12274, "isd": true, "ppd": 35.608000000000004, "med": 38.3, "p65": 15.413, "p70": 9.732000000000001, "hos": 2.77, "exp": 78.86, "adr": 2.0, "amn": 116191.0, "amv": 0.0, "amd": 2066.0, "amt": 1701266.0, "tmn": [63, 45, 0, 0, 227, 72, 109, 63, 81, 0, 0, 209, 254, 91, 209, 136, 0, 0, 473, 100, 109], "tmv": [0, 0, 0, 0, 0, 0, 0, 0, 0, 0, 0, 0, 0, 0, 0, 0, 0, 0, 0, 0, 0], "tmd": [0, 0, 0, 0, 0, 10, 0, 0, 0, 0, 0, 0, 0, 0, 0, 0, 0, 0, 0, 10, 10], "wmn": 1029, "wmt": 20993, "wmd": 19, "wmv": 0, "wdn": 47, "wdt": 14, "wdd": 0, "wdv": 0, "tlv": "Indiana"}