{"loc": "LaGrange", "iso": "US", "l1": "United States", "l2": "Indiana", "lvl": 3, "pop": 39614, "key": 12272, "isd": true, "ppd": 35.608000000000004, "med": 38.3, "p65": 15.413, "p70": 9.732000000000001, "hos": 2.77, "exp": 78.86, "adr": 3.0, "amn": 60761.0, "amv": 220982.0, "amd": 1767.0, "amt": 1186823.0, "tmn": [0, 0, 50, 50, 25, 0, 227, 50, 75, 0, 50, 0, 126, 75, 0, 50, 0, 25, 75, 50, 0], "tmv": [6595, 3662, 2393, 4746, 4917, 6132, 6772, 6806, 0, 0, 3221, 4419, 5606, 5173, 5466, 3298, 2593, 4349, 5491, 6616, 7139], "tmd": [0, 0, 0, 0, 0, 0, 0, 0, 0, 0, 0, 0, 0, 0, 0, 0, 0, 0, 0, 0, 0], "wmn": 202, "wmt": 39853, "wmd": 0, "wmv": 34956, "wdn": -47, "wdt": 31, "wdd": 0, "wdv": 39, "tlv": "Indiana"}