{"loc": "LaSalle", "iso": "US", "l1": "United States", "l2": "Louisiana", "lvl": 3, "pop": 14892, "key": 12276, "isd": true, "ppd": 35.608000000000004, "med": 38.3, "p65": 15.413, "p70": 9.732000000000001, "hos": 2.77, "exp": 78.86, "adr": 2.0, "amn": 97838.0, "amv": 490759.0, "amd": 2417.0, "amt": 1305079.0, "tmn": [268, -134, 0, 134, 268, 0, 0, 0, 470, -134, 134, 67, 201, 0, 0, 268, -134, 0, 134, 0, 0], "tmv": [4118, 6135, 5026, 6980, 8171, 7842, 9493, 9226, 6156, 5181, 6849, 8594, 10257, 10611, 9961, 7133, 5431, 8106, 10192, 12065, 12389], "tmd": [0, 0, 68, 0, 0, 0, 0, 0, 0, 0, 0, 0, 0, 0, 0, 0, 0, 68, 0, 0, 0], "wmn": 269, "wmt": 18809, "wmd": 68, "wmv": 65281, "wdn": -64, "wdt": -7, "wdd": 0, "wdv": 15, "tlv": "Louisiana"}