{"loc": "Labette", "iso": "US", "l1": "United States", "l2": "Kansas", "lvl": 3, "pop": 19618, "key": 12277, "isd": true, "ppd": 35.608000000000004, "med": 38.3, "p65": 15.413, "p70": 9.732000000000001, "hos": 2.77, "exp": 78.86, "adr": 2.0, "amn": 142879.0, "amv": 1014221.0, "amd": 2549.0, "amt": 500792.0, "tmn": [0, -101, 0, 50, 0, 0, 101, 0, 356, 0, 0, 0, 0, 0, 0, 866, 0, 407, 0, 0, 203], "tmv": [1965, 1967, 2474, 1554, 2803, 3655, 3299, 2241, 4154, 4949, 1994, 3524, 1923, 0, 0, 1326, 2107, 1883, 1818, 1779, 0], "tmd": [0, 0, 0, 0, 0, 0, 0, 0, 0, 0, 0, 0, 0, 0, 0, 0, 0, 0, 0, 0, 0], "wmn": 1479, "wmt": 2768, "wmd": 0, "wmv": 8916, "wdn": 314, "wdt": 12, "wdd": 0, "wdv": -53, "tlv": "Kansas"}