{"loc": "Laclede", "iso": "US", "l1": "United States", "l2": "Missouri", "lvl": 3, "pop": 35723, "key": 12280, "isd": true, "ppd": 35.608000000000004, "med": 38.3, "p65": 15.413, "p70": 9.732000000000001, "hos": 2.77, "exp": 78.86, "adr": 2.0, "amn": 105170.0, "amv": 1003454.0, "amd": 2099.0, "amt": 939406.0, "tmn": [559, 307, 699, 503, 475, 419, 363, 531, 307, 727, 503, 223, 195, 139, 755, 503, 475, 335, 111, 587, 279], "tmv": [3766, 3121, 6234, 3276, 3244, 2575, 1851, 1965, 1967, 2474, 1554, 2803, 3655, 3299, 2241, 4154, 4949, 1994, 3524, 1923, 0], "tmd": [0, 0, 0, 0, 0, 0, 0, 0, 56, 0, 0, 0, 0, 0, 56, 0, 0, 0, 0, 0, 0], "wmn": 3052, "wmt": 7998, "wmd": 56, "wmv": 18788, "wdn": 16, "wdt": -9, "wdd": 0, "wdv": 6, "tlv": "Missouri"}