{"loc": "Lafourche", "iso": "US", "l1": "United States", "l2": "Louisiana", "lvl": 3, "pop": 97614, "key": 12288, "isd": true, "ppd": 35.608000000000004, "med": 38.3, "p65": 15.413, "p70": 9.732000000000001, "hos": 2.77, "exp": 78.86, "adr": 2.0, "amn": 177669.0, "amv": 1176126.0, "amd": 2879.0, "amt": 1931928.0, "tmn": [235, 133, 0, 0, 0, 583, 420, 1260, 983, 0, 0, 0, 758, 932, 655, 573, 0, 0, 829, 143, 307], "tmv": [2538, 4249, 2950, 0, 0, 0, 2913, 2024, 2876, 2739, 2336, 1790, 1886, 2554, 2257, 2903, 2781, 2047, 1978, 1647, 2163], "tmd": [21, 0, 0, 0, 0, 31, 21, 31, 0, 0, 0, 0, 11, 21, 0, 0, 0, 0, 21, 21, 82], "wmn": 2510, "wmt": 39862, "wmd": 123, "wmv": 15780, "wdn": -36, "wdt": 43, "wdd": 100, "wdv": -3, "tlv": "Louisiana"}