{"loc": "Lafayette", "iso": "US", "l1": "United States", "l2": "Wisconsin", "lvl": 3, "pop": 16665, "key": 12287, "isd": true, "ppd": 35.608000000000004, "med": 38.3, "p65": 15.413, "p70": 9.732000000000001, "hos": 2.77, "exp": 78.86, "adr": 1.0, "amn": 93129.0, "amv": 153709.0, "amd": 480.0, "amt": 1112900.0, "tmn": [120, 240, 300, 540, 180, 420, 240, 60, 0, 0, 300, 180, 0, 120, 300, 0, 180, 180, 180, 240, 180], "tmv": [3978, 2687, 2448, 3374, 4677, 5132, 5139, 4690, 3336, 1695, 3330, 4023, 4903, 6734, 6595, 3662, 2393, 4746, 4917, 6132, 6772], "tmd": [0, 0, 0, 0, 0, 0, 0, 0, 0, 0, 0, 0, 0, 0, 0, 0, 0, 0, 0, 0, 0], "wmn": 1261, "wmt": 24994, "wmd": 0, "wmv": 35221, "wdn": 91, "wdt": -19, "wdd": 0, "wdv": 23, "tlv": "Wisconsin"}