{"loc": "Lafayette", "iso": "US", "l1": "United States", "l2": "Louisiana", "lvl": 3, "pop": 244390, "key": 12284, "isd": true, "ppd": 35.608000000000004, "med": 38.3, "p65": 15.413, "p70": 9.732000000000001, "hos": 2.77, "exp": 78.86, "adr": 1.0, "amn": 159908.0, "amv": 1283911.0, "amd": 1649.0, "amt": 2101441.0, "tmn": [335, 77, 147, 102, 0, 0, 270, 282, 65, 347, 237, 0, 0, 171, 94, 417, 110, 32, 0, 0, 806], "tmv": [2626, 2552, 2575, 2955, 1399, 770, 2354, 2306, 2307, 2345, 3781, 2315, 1328, 4158, 4126, 4122, 3797, 3784, 1119, 91, 0], "tmd": [5, 0, 5, 5, 0, 0, 0, 0, 5, 0, 5, 0, 0, 0, 0, 0, 9, 0, 0, 0, 0], "wmn": 1461, "wmt": 27243, "wmd": 9, "wmv": 17042, "wdn": 32, "wdt": -7, "wdd": 0, "wdv": -8, "tlv": "Louisiana"}