{"loc": "Ladakh", "iso": "IN", "l1": "India", "l2": "Ladakh", "lvl": 2, "pop": 274289, "key": 12281, "isd": true, "ppd": 450.41900000000004, "med": 28.2, "p65": 5.989, "p70": 3.4139999999999997, "hos": 0.53, "exp": 69.66, "adr": 1.0, "amn": 35681.0, "amv": 8278.0, "amd": 474.0, "amt": 401285.0, "tmn": [32, 18, 10, 3, 10, 21, 18, 14, 0, 3, 7, 7, 21, 21, 10, 3, 7, 3, 0, 3, 0], "tmv": [225, 369, 331, 259, 26, 323, 255, 293, 353, 335, 61, 0, 0, 246, 238, 478, 437, 281, 178, 245, 0], "tmd": [0, 0, 0, 0, 0, 0, 0, 0, 0, 0, 0, 0, 0, 0, 0, 0, 0, 0, 0, 0, 0], "wmn": 30, "wmt": 0, "wmd": 0, "wmv": 1860, "wdn": -62, "wdt": 0, "wdd": 0, "wdv": 44, "tlv": "Ladakh"}