{"loc": "Lafayette", "iso": "US", "l1": "United States", "l2": "Missouri", "lvl": 3, "pop": 32708, "key": 12286, "isd": true, "ppd": 35.608000000000004, "med": 38.3, "p65": 15.413, "p70": 9.732000000000001, "hos": 2.77, "exp": 78.86, "adr": 2.0, "amn": 135808.0, "amv": 1187231.0, "amd": 2171.0, "amt": 1144531.0, "tmn": [275, 856, 611, 336, 91, 244, 275, 611, 642, 366, 183, 244, 366, 122, 336, 366, 397, 183, 91, 183, 305], "tmv": [2024, 2876, 2739, 2336, 1790, 1886, 2554, 2257, 2903, 2781, 2047, 1978, 1647, 2163, 995, 2262, 2445, 2251, 1671, 1480, 0], "tmd": [0, 92, 31, 0, 0, 31, 0, 0, 0, 0, 0, 0, 62, 0, 0, 0, 0, 0, 0, 31, 0], "wmn": 1865, "wmt": 18685, "wmd": 31, "wmv": 11106, "wdn": -27, "wdt": -7, "wdd": -50, "wdv": -30, "tlv": "Missouri"}