{"loc": "Lafayette", "iso": "US", "l1": "United States", "l2": "Mississippi", "lvl": 3, "pop": 54019, "key": 12285, "isd": true, "ppd": 35.608000000000004, "med": 38.3, "p65": 15.413, "p70": 9.732000000000001, "hos": 2.77, "exp": 78.86, "adr": 2.0, "amn": 120050.0, "amv": 1038686.0, "amd": 2295.0, "amt": 680073.0, "tmn": [129, 18, 37, 111, 0, 0, 185, 0, 92, 74, 148, 0, 0, 444, 351, 148, 314, 240, 0, 0, 481], "tmv": [0, 1326, 2107, 1883, 1818, 1779, 1363, 1036, 1655, 1721, 1666, 1928, 1520, 1539, 740, 1856, 2005, 1821, 2051, 2364, 1193], "tmd": [19, 0, 0, 0, 0, 0, 0, 0, 0, 0, 0, 0, 0, 0, 0, 0, 0, 0, 0, 0, 0], "wmn": 1537, "wmt": 5747, "wmd": 0, "wmv": 12034, "wdn": 102, "wdt": 70, "wdd": 0, "wdv": 9, "tlv": "Mississippi"}