{"loc": "Ladakh", "iso": "IN", "l1": "India", "l2": "Ladakh", "lvl": 2, "pop": 274289, "key": 12281, "isd": true, "ppd": 450.41900000000004, "med": 28.2, "p65": 5.989, "p70": 3.4139999999999997, "hos": 0.53, "exp": 69.66, "adr": 1.0, "amn": 35601.0, "amv": 5988.0, "amd": 474.0, "amt": 401285.0, "tmn": [43, 0, 3, 0, 61, 32, 18, 3, 14, 7, 32, 18, 10, 3, 10, 21, 18, 14, 0, 3, 7], "tmv": [24, 295, 4, 236, 414, 414, 177, 10, 138, 136, 225, 369, 331, 259, 26, 323, 255, 293, 353, 335, 214], "tmd": [0, 0, 0, 0, 0, 0, 4, 0, 0, 0, 0, 0, 0, 0, 0, 0, 0, 0, 0, 0, 0], "wmn": 77, "wmt": 0, "wmd": 0, "wmv": 1804, "wdn": -16, "wdt": 0, "wdd": 0, "wdv": 23, "tlv": "Ladakh"}