{"loc": "Lafayette", "iso": "US", "l1": "United States", "l2": "Florida", "lvl": 3, "pop": 8422, "key": 12283, "isd": true, "ppd": 35.608000000000004, "med": 38.3, "p65": 15.413, "p70": 9.732000000000001, "hos": 2.77, "exp": 78.86, "adr": 2.0, "amn": 187366.0, "amv": 186027.0, "amd": 2850.0, "amt": 983933.0, "tmn": [118, 237, 0, 0, 474, 237, 0, 118, -356, 118, 474, 356, 831, 118, 949, 118, 474, 118, 593, 593, 0], "tmv": [3336, 1695, 3330, 4023, 4903, 6734, 6595, 3662, 2393, 4746, 4917, 6132, 6772, 6806, 0, 0, 3221, 4419, 5606, 5173, 0], "tmd": [0, 0, 0, 0, 0, 0, 0, 0, 119, 0, 0, 0, 0, 0, 0, 0, 0, 0, 0, 0, 0], "wmn": 2850, "wmt": 28255, "wmd": 0, "wmv": 18422, "wdn": 71, "wdt": -10, "wdd": -100, "wdv": -48, "tlv": "Florida"}