{"loc": "Lafayette", "iso": "US", "l1": "United States", "l2": "Wisconsin", "lvl": 3, "pop": 16665, "key": 12287, "isd": true, "ppd": 35.608000000000004, "med": 38.3, "p65": 15.413, "p70": 9.732000000000001, "hos": 2.77, "exp": 78.86, "adr": 1.0, "amn": 106031.0, "amv": 1091533.0, "amd": 600.0, "amt": 1651265.0, "tmn": [120, 0, 0, 120, 0, 0, 0, 0, 0, 0, 240, 120, 60, 180, 360, 0, 0, 120, 120, 180, 240], "tmv": [2600, 2160, 2477, 1419, 1374, 2201, 2622, 2492, 2548, 2348, 1615, 1875, 1986, 1986, 2786, 3007, 2017, 2605, 1830, 2139, 3106], "tmd": [0, 0, 0, 0, 0, 0, 0, 0, 0, 0, 0, 0, 0, 0, 0, 0, 0, 0, 0, 0, 0], "wmn": 1021, "wmt": 21251, "wmd": 0, "wmv": 17494, "wdn": 70, "wdt": 10, "wdd": 0, "wdv": 18, "tlv": "Wisconsin"}