{"loc": "Lake of the Woods", "iso": "US", "l1": "United States", "l2": "Minnesota", "lvl": 3, "pop": 3740, "key": 12291, "isd": true, "ppd": 35.608000000000004, "med": 38.3, "p65": 15.413, "p70": 9.732000000000001, "hos": 2.77, "exp": 78.86, "adr": 1.0, "amn": 117112.0, "amv": 1216117.0, "amd": 1070.0, "amt": 2027831.0, "tmn": [0, 2673, 3475, 267, 1871, 267, 0, 0, 0, 802, 267, 802, 534, 0, 0, 534, 1069, 267, 267, 267, 0], "tmv": [2047, 1978, 1647, 2163, 995, 2262, 2445, 2251, 1671, 0, 0, 2784, 2570, 2833, 3777, 2988, 2423, 2905, 2661, 3390, 0], "tmd": [0, 0, 0, 0, 0, 0, 0, 0, 0, 0, 0, 0, 0, 0, 0, 0, 0, 0, 0, 0, 0], "wmn": 2407, "wmt": 33517, "wmd": 0, "wmv": 18148, "wdn": 0, "wdt": -15, "wdd": 0, "wdv": 50, "tlv": "Minnesota"}