{"loc": "Lake", "iso": "US", "l1": "United States", "l2": "Indiana", "lvl": 3, "pop": 485493, "key": 12296, "isd": true, "ppd": 35.608000000000004, "med": 38.3, "p65": 15.413, "p70": 9.732000000000001, "hos": 2.77, "exp": 78.86, "adr": 2.0, "amn": 99594.0, "amv": 220982.0, "amd": 1800.0, "amt": 1186823.0, "tmn": [199, 148, 162, 98, 199, 164, 123, 135, 135, 150, 96, 90, 121, 127, 127, 98, 59, 119, 156, 121, 111], "tmv": [6595, 3662, 2393, 4746, 4917, 6132, 6772, 6806, 0, 0, 3221, 4419, 5606, 5173, 5466, 3298, 2593, 4349, 5491, 6616, 7139], "tmd": [3, 7, 5, 13, 5, 25, 11, 3, 9, 7, 0, 7, 5, 5, 3, 15, 11, 0, 3, 5, 0], "wmn": 796, "wmt": 39853, "wmd": 33, "wmv": 34956, "wdn": -7, "wdt": 31, "wdd": 7, "wdv": 39, "tlv": "Indiana"}