{"loc": "Lake", "iso": "US", "l1": "United States", "l2": "California", "lvl": 3, "pop": 64386, "key": 12292, "isd": true, "ppd": 35.608000000000004, "med": 38.3, "p65": 15.413, "p70": 9.732000000000001, "hos": 2.77, "exp": 78.86, "adr": 1.0, "amn": 70528.0, "amv": 1059187.0, "amd": 1025.0, "amt": 1884587.0, "tmn": [326, 0, 0, 1009, 357, 357, 1149, 279, 0, 0, 2267, 372, 372, 1258, 0, 0, 0, 1832, 295, 512, 2065], "tmv": [1666, 1928, 1520, 1539, 740, 1856, 2005, 1821, 2051, 2364, 1193, 1200, 2288, 2155, 2600, 2160, 2477, 1419, 1374, 2201, 2622], "tmd": [16, 0, 0, 0, 0, 0, 0, 0, 0, 0, 16, 0, 0, 0, 16, 0, 0, 0, 0, 0, -15], "wmn": 4706, "wmt": 30675, "wmd": 0, "wmv": 14857, "wdn": 3, "wdt": 11, "wdd": -100, "wdv": 14, "tlv": "California"}