{"loc": "Lake", "iso": "US", "l1": "United States", "l2": "Illinois", "lvl": 3, "pop": 696535, "key": 12295, "isd": true, "ppd": 35.608000000000004, "med": 38.3, "p65": 15.413, "p70": 9.732000000000001, "hos": 2.77, "exp": 78.86, "adr": 2.0, "amn": 87006.0, "amv": 298070.0, "amd": 1351.0, "amt": 1491076.0, "tmn": [157, 133, 84, 134, 189, 176, 281, 133, 156, 103, 133, 146, 165, 104, 200, 61, 117, 87, 156, 106, 175], "tmv": [5173, 5466, 3298, 2593, 4349, 5491, 6616, 7139, 7375, 5050, 5255, 5793, 6168, 7391, 8814, 7404, 5275, 4864, 6157, 7535, 0], "tmd": [2, 0, 2, 0, 3, 2, 2, 3, 0, 3, 2, 0, 8, 3, 3, 2, 0, 3, 3, 3, 2], "wmn": 906, "wmt": 31709, "wmd": 15, "wmv": 40053, "wdn": -4, "wdt": -20, "wdd": -17, "wdv": -9, "tlv": "Illinois"}