{"loc": "Lake", "iso": "US", "l1": "United States", "l2": "Illinois", "lvl": 3, "pop": 696535, "key": 12295, "isd": true, "ppd": 35.608000000000004, "med": 38.3, "p65": 15.413, "p70": 9.732000000000001, "hos": 2.77, "exp": 78.86, "adr": 1.0, "amn": 115266.0, "amv": 1250395.0, "amd": 1565.0, "amt": 2721992.0, "tmn": [0, 460, 106, 127, 196, 169, 0, 0, 0, 511, 169, 106, 132, 0, 0, 383, 142, 169, 139, 258, 0], "tmv": [3777, 2988, 2423, 2905, 2661, 3390, 3489, 0, 0, 0, 2411, 3257, 3418, 2659, 2485, 1614, 1945, 2278, 2491, 2890, 0], "tmd": [0, 6, 0, 2, 0, 0, 0, 0, 0, 2, 0, 2, 3, 0, 0, 9, 0, 5, 5, 3, 0], "wmn": 1093, "wmt": 61064, "wmd": 21, "wmv": 13708, "wdn": 19, "wdt": -1, "wdd": 250, "wdv": 17, "tlv": "Illinois"}