{"loc": "Lake", "iso": "US", "l1": "United States", "l2": "Ohio", "lvl": 3, "pop": 230149, "key": 12300, "isd": true, "ppd": 35.608000000000004, "med": 38.3, "p65": 15.413, "p70": 9.732000000000001, "hos": 2.77, "exp": 78.86, "adr": 2.0, "amn": 92288.0, "amv": 986908.0, "amd": 1695.0, "amt": 1165373.0, "tmn": [13, 21, 30, 8, 17, 26, 8, 82, 91, 86, 17, 8, 13, 13, 17, 17, 21, 21, 4, 8, 0], "tmv": [2835, 2495, 4865, 3672, 4016, 3766, 3121, 6234, 3276, 3244, 2575, 1851, 1965, 1967, 2474, 1554, 2803, 3655, 3299, 2241, 0], "tmd": [0, 0, 0, 0, 0, 0, 5, 0, 0, 0, 0, 0, 0, 0, 0, 0, 0, 0, 0, 0, 0], "wmn": 92, "wmt": 8266, "wmd": 0, "wmv": 16029, "wdn": -71, "wdt": -10, "wdd": 0, "wdv": -24, "tlv": "Ohio"}