{"loc": "Lake", "iso": "US", "l1": "United States", "l2": "Ohio", "lvl": 3, "pop": 230149, "key": 12300, "isd": true, "ppd": 35.608000000000004, "med": 38.3, "p65": 15.413, "p70": 9.732000000000001, "hos": 2.77, "exp": 78.86, "adr": 2.0, "amn": 90932.0, "amv": 854702.0, "amd": 1621.0, "amt": 1107060.0, "tmn": [156, 112, 82, 112, 130, 165, 139, 152, 112, 82, 117, 82, 91, 112, 95, 73, 69, 60, 60, 143, 91], "tmv": [10027, 6458, 3608, 3001, 5456, 7305, 8515, 7794, 7192, 5713, 4653, 4699, 5814, 5591, 7265, 6352, 4511, 3409, 5326, 6395, 6671], "tmd": [5, 0, 0, 0, 0, 5, 0, 0, 0, 0, 0, 0, 0, 0, 0, 0, 0, 0, 0, 0, 5], "wmn": 596, "wmt": 14251, "wmd": 5, "wmv": 39934, "wdn": -21, "wdt": -17, "wdd": 0, "wdv": -4, "tlv": "Ohio"}