{"loc": "Lakshadweep", "iso": "IN", "l1": "India", "l2": "Lakshadweep", "lvl": 2, "pop": 64429, "key": 12306, "isd": true, "ppd": 450.41900000000004, "med": 28.2, "p65": 5.989, "p70": 3.4139999999999997, "hos": 0.53, "exp": 69.66, "adr": 0.0, "amn": 32998.0, "amv": 100275.0, "amd": 16.0, "amt": 1059507.0, "tmn": [46, 108, 294, 124, 93, 155, 77, 217, 325, 170, 869, 682, 1645, 1769, 1815, 822, 2964, 2250, 2079, 2436, 2545], "tmv": [2902, 2874, 2261, 2996, 2710, 2550, 2125, 2901, 1917, 2401, 1978, 1966, 1945, 891, 2374, 0, 0, 2252, 4076, 0, 0], "tmd": [0, 0, 0, 0, 0, 0, 0, 0, 0, 0, 0, 0, 0, 0, 0, 0, 0, 0, 0, 0, 0], "wmn": 14916, "wmt": 168977, "wmd": 0, "wmv": 8704, "wdn": 163, "wdt": 119, "wdd": 0, "wdv": -38, "tlv": "Lakshadweep"}