{"loc": "Lake", "iso": "US", "l1": "United States", "l2": "Oregon", "lvl": 3, "pop": 7869, "key": 12301, "isd": true, "ppd": 35.608000000000004, "med": 38.3, "p65": 15.413, "p70": 9.732000000000001, "hos": 2.77, "exp": 78.86, "adr": 2.0, "amn": 48037.0, "amv": 233408.0, "amd": 762.0, "amt": 888733.0, "tmn": [762, 1397, 889, 508, 0, 635, 381, 762, 381, 127, 635, 127, 0, 0, 0, 0, 0, 127, 127, 0, 254], "tmv": [4746, 4917, 6132, 6772, 6806, 0, 0, 3221, 4419, 5606, 5173, 5466, 3298, 2593, 4349, 5491, 6616, 7139, 7375, 5050, 0], "tmd": [0, 0, 0, 0, 0, 0, 0, 0, 0, 0, 0, 0, 0, 0, 0, 0, 0, 0, 0, 0, 0], "wmn": 509, "wmt": 59340, "wmd": 0, "wmv": 36022, "wdn": -75, "wdt": 121, "wdd": 0, "wdv": 21, "tlv": "Oregon"}