{"loc": "Lake", "iso": "US", "l1": "United States", "l2": "Oregon", "lvl": 3, "pop": 7869, "key": 12301, "isd": true, "ppd": 35.608000000000004, "med": 38.3, "p65": 15.413, "p70": 9.732000000000001, "hos": 2.77, "exp": 78.86, "adr": 1.0, "amn": 123777.0, "amv": 1283911.0, "amd": 1525.0, "amt": 1798678.0, "tmn": [1016, 762, 889, 0, 0, 889, 1652, 1016, 762, 1906, 0, 0, 1143, 1524, 127, 508, 381, 0, 0, 254, 508], "tmv": [2552, 2575, 2955, 1399, 770, 2354, 2306, 2307, 2345, 3781, 2315, 1328, 4158, 4126, 4122, 3797, 3784, 1119, 91, 0, 0], "tmd": [128, 0, 0, 0, 0, 0, 128, 0, 0, 0, 0, 0, 0, 0, 0, 0, 0, 0, 0, 0, 0], "wmn": 1780, "wmt": 30622, "wmd": 0, "wmv": 12915, "wdn": -72, "wdt": -7, "wdd": 0, "wdv": -37, "tlv": "Oregon"}