{"loc": "Lake", "iso": "US", "l1": "United States", "l2": "Tennessee", "lvl": 3, "pop": 7016, "key": 12303, "isd": true, "ppd": 35.608000000000004, "med": 38.3, "p65": 15.413, "p70": 9.732000000000001, "hos": 2.77, "exp": 78.86, "adr": 2.0, "amn": 239310.0, "amv": 279512.0, "amd": 3706.0, "amt": 1011352.0, "tmn": [285, 0, 142, 0, 142, 0, 285, 0, 285, 0, 427, 0, 0, 0, 0, 142, 0, 0, 0, 0, 0], "tmv": [3221, 4419, 5606, 5173, 5466, 3298, 2593, 4349, 5491, 6616, 7139, 7375, 5050, 5255, 5793, 6168, 7391, 8814, 7404, 5275, 0], "tmd": [0, 0, 0, 0, 143, 0, 0, 0, 0, 0, 0, 0, 0, 0, 0, 0, 0, 0, 0, 0, 0], "wmn": 143, "wmt": 13681, "wmd": 0, "wmv": 40849, "wdn": -80, "wdt": -1488, "wdd": 0, "wdv": -1, "tlv": "Tennessee"}