{"loc": "Lalitpur", "iso": "IN", "l1": "India", "l2": "Uttar Pradesh", "lvl": 3, "pop": 1218002, "key": 12308, "isd": true, "ppd": 450.41900000000004, "med": 28.2, "p65": 5.989, "p70": 3.4139999999999997, "hos": 0.53, "exp": 69.66, "adr": 1.0, "amn": 8621.0, "amv": 113103.0, "amd": 62.0, "amt": 174841.0, "tmn": [103, 172, 152, 178, 183, 232, 82, 241, 257, 244, 476, 265, 194, 114, 264, 220, 210, 270, 237, 502, 320], "tmv": [1917, 2401, 1978, 1966, 1945, 891, 2374, 0, 0, 2252, 0, 0, 0, 2420, 1705, 1575, 1605, 1977, 1179, 424, 1355], "tmd": [0, 0, 2, 1, 1, 1, 0, 0, 3, 0, 4, 0, 0, 0, 2, 2, 4, 4, 2, 2, 0], "wmn": 2026, "wmt": 6871, "wmd": 14, "wmv": 9825, "wdn": 13, "wdt": 10, "wdd": 129, "wdv": 110, "tlv": "Uttar Pradesh"}