{"loc": "Lamb", "iso": "US", "l1": "United States", "l2": "Texas", "lvl": 3, "pop": 12893, "key": 12313, "isd": true, "ppd": 35.608000000000004, "med": 38.3, "p65": 15.413, "p70": 9.732000000000001, "hos": 2.77, "exp": 78.86, "adr": 3.0, "amn": 218103.0, "amv": 1146163.0, "amd": 6670.0, "amt": 1061917.0, "tmn": [-77, 0, 0, 1163, 465, 232, 1396, 775, 0, 0, 0, 2249, 930, 77, 310, 0, 0, 0, 1628, 0, 387], "tmv": [3187, 2953, 1851, 1966, 2813, 2807, 3250, 3257, 2889, 2103, 1988, 3241, 2538, 4249, 2950, 0, 0, 0, 2913, 2024, 0], "tmd": [0, 0, 0, 78, 0, 0, 0, 0, 0, 0, 0, 0, 0, 0, 0, 0, 0, 0, 0, 0, 0], "wmn": 2327, "wmt": 28889, "wmd": 0, "wmv": 7888, "wdn": -42, "wdt": 6, "wdd": 0, "wdv": -61, "tlv": "Texas"}