{"loc": "Lamar", "iso": "US", "l1": "United States", "l2": "Texas", "lvl": 3, "pop": 49859, "key": 12312, "isd": true, "ppd": 35.608000000000004, "med": 38.3, "p65": 15.413, "p70": 9.732000000000001, "hos": 2.77, "exp": 78.86, "adr": 3.0, "amn": 123849.0, "amv": 1054363.0, "amd": 3189.0, "amt": 936091.0, "tmn": [481, 40, 80, 120, 0, 0, 501, 541, 100, 0, 421, 0, 0, 0, 160, 100, 822, 0, 0, 0, 902], "tmv": [1655, 1721, 1666, 1928, 1520, 1539, 740, 1856, 2005, 1821, 2051, 2364, 1193, 1200, 2288, 2155, 2600, 2160, 2477, 1419, 1374], "tmd": [0, 0, 0, 0, 0, 0, 0, 0, 0, 21, 0, 0, 0, 0, 0, 0, 0, 0, 0, 0, 0], "wmn": 1986, "wmt": 19548, "wmd": 0, "wmv": 14477, "wdn": 87, "wdt": 65, "wdd": -100, "wdv": 16, "tlv": "Texas"}