{"loc": "Lamar", "iso": "US", "l1": "United States", "l2": "Mississippi", "lvl": 3, "pop": 63343, "key": 12311, "isd": true, "ppd": 35.608000000000004, "med": 38.3, "p65": 15.413, "p70": 9.732000000000001, "hos": 2.77, "exp": 78.86, "adr": 1.0, "amn": 117882.0, "amv": 1059187.0, "amd": 1421.0, "amt": 697058.0, "tmn": [142, 0, 0, 773, 236, 884, 663, 584, 0, 0, 1910, 315, 994, 978, 1057, 0, 0, 2604, 852, 1847, 1610], "tmv": [1666, 1928, 1520, 1539, 740, 1856, 2005, 1821, 2051, 2364, 1193, 1200, 2288, 2155, 2600, 2160, 2477, 1419, 1374, 2201, 2622], "tmd": [0, 0, 0, 0, 0, 0, 0, 0, 0, 0, 0, 16, 0, 0, 0, 0, 0, 0, 16, 0, 0], "wmn": 7973, "wmt": 10042, "wmd": 16, "wmv": 14857, "wdn": 67, "wdt": 37, "wdd": 0, "wdv": 14, "tlv": "Mississippi"}