{"loc": "Lamb", "iso": "US", "l1": "United States", "l2": "Texas", "lvl": 3, "pop": 12893, "key": 12313, "isd": true, "ppd": 35.608000000000004, "med": 38.3, "p65": 15.413, "p70": 9.732000000000001, "hos": 2.77, "exp": 78.86, "adr": 3.0, "amn": 206391.0, "amv": 1086287.0, "amd": 6593.0, "amt": 978706.0, "tmn": [155, 232, 775, 0, 0, 620, 232, 542, 775, 930, 0, 0, 465, 853, 620, 1318, 232, 0, 0, 1008, 1008], "tmv": [2155, 2600, 2160, 2477, 1419, 1374, 2201, 2622, 2492, 2548, 2348, 1615, 1875, 1986, 1986, 2786, 3007, 2017, 2605, 1830, 0], "tmd": [0, 0, 0, 0, 0, 0, 0, 0, 0, 0, 0, 0, 0, 0, 0, 0, 78, 0, 0, 0, 78], "wmn": 4189, "wmt": 20834, "wmd": 156, "wmv": 14234, "wdn": 17, "wdt": 14, "wdd": 0, "wdv": -8, "tlv": "Texas"}