{"loc": "Lancaster", "iso": "US", "l1": "United States", "l2": "South Carolina", "lvl": 3, "pop": 98012, "key": 12319, "isd": true, "ppd": 35.608000000000004, "med": 38.3, "p65": 15.413, "p70": 9.732000000000001, "hos": 2.77, "exp": 78.86, "adr": 1.0, "amn": 132249.0, "amv": 1121684.0, "amd": 1888.0, "amt": 1496099.0, "tmn": [285, 316, 428, 0, 0, 1540, 367, 489, 642, 703, 0, 0, 2132, 530, 418, 479, 1254, 0, 0, 3346, 540], "tmv": [1986, 1986, 2786, 3007, 2017, 2605, 1830, 2139, 3106, 3068, 3187, 2953, 1851, 1966, 2813, 2807, 3250, 3257, 2889, 2103, 0], "tmd": [0, 0, 0, 0, 0, 11, 0, 11, 0, 0, 0, 0, 11, 11, 0, 21, 0, 0, 0, 11, 21], "wmn": 6041, "wmt": 47805, "wmd": 52, "wmv": 17122, "wdn": 34, "wdt": 21, "wdd": 67, "wdv": -6, "tlv": "South Carolina"}