{"loc": "Lancaster", "iso": "US", "l1": "United States", "l2": "Nebraska", "lvl": 3, "pop": 319090, "key": 12317, "isd": true, "ppd": 35.608000000000004, "med": 38.3, "p65": 15.413, "p70": 9.732000000000001, "hos": 2.77, "exp": 78.86, "adr": 0.0, "amn": 129747.0, "amv": 1240788.0, "amd": 533.0, "amt": 1978251.0, "tmn": [435, 379, 238, 0, 0, 482, 285, 288, 492, 263, 0, 0, 0, 849, 495, 275, 300, 0, 0, 607, 376], "tmv": [0, 2784, 2570, 2833, 3777, 2988, 2423, 2905, 2661, 3390, 3489, 0, 0, 0, 2411, 3257, 3418, 2659, 2485, 1614, 0], "tmd": [0, 0, 0, 0, 0, 0, 0, 0, 0, 0, 0, 0, 0, 0, 0, 0, 0, 0, 0, 0, 0], "wmn": 2056, "wmt": 28260, "wmd": 0, "wmv": 15848, "wdn": 9, "wdt": -6, "wdd": 0, "wdv": 27, "tlv": "Nebraska"}