{"loc": "Lampasas", "iso": "US", "l1": "United States", "l2": "Texas", "lvl": 3, "pop": 21428, "key": 12316, "isd": true, "ppd": 35.608000000000004, "med": 38.3, "p65": 15.413, "p70": 9.732000000000001, "hos": 2.77, "exp": 78.86, "adr": 1.0, "amn": 121057.0, "amv": 1081852.0, "amd": 1773.0, "amt": 971293.0, "tmn": [280, 606, 653, 466, 1213, 0, 1213, 466, 513, 700, 513, 1726, 0, 373, 233, 700, 606, 793, 606, 0, 793], "tmv": [1200, 2288, 2155, 2600, 2160, 2477, 1419, 1374, 2201, 2622, 2492, 2548, 2348, 1615, 1875, 1986, 1986, 2786, 3007, 2017, 0], "tmd": [47, 94, 0, 0, 0, 0, 0, 0, 0, 0, 47, 0, 0, 0, 0, 47, 0, 0, 0, 0, 0], "wmn": 3734, "wmt": 18692, "wmd": 47, "wmv": 13660, "wdn": -13, "wdt": 2, "wdd": 0, "wdv": -10, "tlv": "Texas"}