{"loc": "Lancaster", "iso": "US", "l1": "United States", "l2": "South Carolina", "lvl": 3, "pop": 98012, "key": 12319, "isd": true, "ppd": 35.608000000000004, "med": 38.3, "p65": 15.413, "p70": 9.732000000000001, "hos": 2.77, "exp": 78.86, "adr": 2.0, "amn": 112966.0, "amv": 1026653.0, "amd": 1765.0, "amt": 1313953.0, "tmn": [20, 10, 30, 91, 0, 0, 244, 30, 10, 132, 51, 0, 0, 193, 40, 10, 71, 91, 0, 0, 377], "tmv": [2241, 4154, 4949, 1994, 3524, 1923, 0, 0, 1326, 2107, 1883, 1818, 1779, 1363, 1036, 1655, 1721, 1666, 1928, 1520, 1539], "tmd": [0, 0, 0, 0, 0, 0, 11, 0, 0, 0, 0, 0, 0, 0, 0, 0, 0, 0, 0, 0, 0], "wmn": 592, "wmt": 8681, "wmd": 0, "wmv": 11069, "wdn": 41, "wdt": 20, "wdd": 0, "wdv": 8, "tlv": "South Carolina"}