{"loc": "Langlade", "iso": "US", "l1": "United States", "l2": "Wisconsin", "lvl": 3, "pop": 19189, "key": 12324, "isd": true, "ppd": 35.608000000000004, "med": 38.3, "p65": 15.413, "p70": 9.732000000000001, "hos": 2.77, "exp": 78.86, "adr": 2.0, "amn": 160821.0, "amv": 1240788.0, "amd": 2814.0, "amt": 1928636.0, "tmn": [833, 573, 1198, 0, 0, 3283, 625, 677, 1615, 573, 0, 0, 2918, 677, 677, 677, 0, 1407, 0, 781, 364], "tmv": [0, 2784, 2570, 2833, 3777, 2988, 2423, 2905, 2661, 3390, 3489, 0, 0, 0, 2411, 3257, 3418, 2659, 2485, 1614, 0], "tmd": [0, 0, 0, 0, 0, 0, 0, 0, 0, 0, 0, 0, 0, 0, 0, 0, 0, 0, 0, 0, 0], "wmn": 3909, "wmt": 30852, "wmd": 0, "wmv": 15848, "wdn": -40, "wdt": -9, "wdd": 0, "wdv": 27, "tlv": "Wisconsin"}