{"loc": "Lanier", "iso": "US", "l1": "United States", "l2": "Georgia", "lvl": 3, "pop": 10423, "key": 12325, "isd": true, "ppd": 35.608000000000004, "med": 38.3, "p65": 15.413, "p70": 9.732000000000001, "hos": 2.77, "exp": 78.86, "adr": 1.0, "amn": 126931.0, "amv": 1154115.0, "amd": 1343.0, "amt": 1026607.0, "tmn": [2686, 1535, 2014, 767, 0, 0, 2014, 1631, 1151, 767, 1247, 0, 0, 0, 2686, 191, 287, 191, 0, 0, 575], "tmv": [1966, 2813, 2807, 3250, 3257, 2889, 2103, 1988, 3241, 2538, 4249, 2950, 0, 0, 0, 2913, 2024, 2876, 2739, 2336, 0], "tmd": [0, 0, 0, 0, 0, 0, 0, 0, 0, 0, 0, 0, 0, 0, 0, 0, 0, 0, 0, 0, 0], "wmn": 3934, "wmt": 26021, "wmd": 0, "wmv": 12890, "wdn": -18, "wdt": -12, "wdd": 0, "wdv": -14, "tlv": "Georgia"}