{"loc": "Lane", "iso": "US", "l1": "United States", "l2": "Oregon", "lvl": 3, "pop": 382067, "key": 12323, "isd": true, "ppd": 35.608000000000004, "med": 38.3, "p65": 15.413, "p70": 9.732000000000001, "hos": 2.77, "exp": 78.86, "adr": 1.0, "amn": 43259.0, "amv": 0.0, "amd": 469.0, "amt": 1389249.0, "tmn": [128, 162, 0, 0, 235, 238, 227, 188, 212, 0, 0, 795, 324, 230, 306, 112, 0, 0, 1630, 520, 379], "tmv": [0, 0, 0, 0, 0, 0, 0, 0, 0, 0, 0, 0, 0, 0, 0, 0, 0, 0, 0, 0, 0], "tmd": [0, 0, 0, 0, 0, 6, 3, 0, 0, 0, 0, 3, 0, 3, 0, 3, 0, 0, 6, 0, 0], "wmn": 2950, "wmt": 37229, "wmd": 8, "wmv": 0, "wdn": 68, "wdt": 101, "wdd": 50, "wdv": 0, "tlv": "Oregon"}