{"loc": "Lander", "iso": "US", "l1": "United States", "l2": "Nevada", "lvl": 3, "pop": 5532, "key": 12321, "isd": true, "ppd": 35.608000000000004, "med": 38.3, "p65": 15.413, "p70": 9.732000000000001, "hos": 2.77, "exp": 78.86, "adr": 2.0, "amn": 117137.0, "amv": 1179384.0, "amd": 2711.0, "amt": 1396501.0, "tmn": [0, 0, 0, 1988, 1265, 723, 2169, 0, 0, -361, 1084, 7049, 723, 3615, 0, 0, 0, 1265, 0, 2530, 903], "tmv": [2950, 0, 0, 0, 2913, 2024, 2876, 2739, 2336, 1790, 1886, 2554, 2257, 2903, 2781, 2047, 1978, 1647, 2163, 995, 2262], "tmd": [0, 0, 0, 0, 181, 543, 181, 0, 0, 0, 0, -180, 0, 0, 0, 0, 0, 0, 0, 0, 0], "wmn": 4700, "wmt": 24906, "wmd": 0, "wmv": 13878, "wdn": -61, "wdt": -21, "wdd": -100, "wdv": -16, "tlv": "Nevada"}