{"loc": "Lane", "iso": "US", "l1": "United States", "l2": "Oregon", "lvl": 3, "pop": 382067, "key": 12323, "isd": true, "ppd": 35.608000000000004, "med": 38.3, "p65": 15.413, "p70": 9.732000000000001, "hos": 2.77, "exp": 78.86, "adr": 1.0, "amn": 27071.0, "amv": 244457.0, "amd": 338.0, "amt": 897979.0, "tmn": [123, 130, 81, 65, 54, 96, 107, 88, 102, 34, 28, 102, 81, 117, 73, 62, 88, 75, 62, 36, 47], "tmv": [6132, 6772, 6806, 0, 0, 3221, 4419, 5606, 5173, 5466, 3298, 2593, 4349, 5491, 6616, 7139, 7375, 5050, 5255, 5793, 0], "tmd": [6, 0, 0, 0, 0, 0, 0, 0, 0, 0, 0, 3, 6, 6, 0, 0, 0, 3, 3, 3, 0], "wmn": 448, "wmt": 61934, "wmd": 8, "wmv": 37231, "wdn": -19, "wdt": 177, "wdd": -40, "wdv": 16, "tlv": "Oregon"}