{"loc": "Langlade", "iso": "US", "l1": "United States", "l2": "Wisconsin", "lvl": 3, "pop": 19189, "key": 12324, "isd": true, "ppd": 35.608000000000004, "med": 38.3, "p65": 15.413, "p70": 9.732000000000001, "hos": 2.77, "exp": 78.86, "adr": 2.0, "amn": 129814.0, "amv": 1146163.0, "amd": 2658.0, "amt": 1729578.0, "tmn": [0, 0, 1459, 885, 938, 469, 416, 0, 0, 625, 416, 416, 260, 364, 0, 0, 1198, 52, 729, 729, 1042], "tmv": [3187, 2953, 1851, 1966, 2813, 2807, 3250, 3257, 2889, 2103, 1988, 3241, 2538, 4249, 2950, 0, 0, 0, 2913, 2024, 0], "tmd": [0, 0, 0, 0, 0, 0, 0, 0, 0, 0, 0, 0, 0, 0, 0, 0, 0, 0, 0, 0, 0], "wmn": 3753, "wmt": 22213, "wmd": 0, "wmv": 7888, "wdn": 80, "wdt": -13, "wdd": 0, "wdv": -61, "tlv": "Wisconsin"}