{"loc": "Lassen", "iso": "US", "l1": "United States", "l2": "California", "lvl": 3, "pop": 30573, "key": 12335, "isd": true, "ppd": 35.608000000000004, "med": 38.3, "p65": 15.413, "p70": 9.732000000000001, "hos": 2.77, "exp": 78.86, "adr": 1.0, "amn": 258202.0, "amv": 1354464.0, "amd": 1701.0, "amt": 2733071.0, "tmn": [0, 0, 0, 1439, 523, 523, 0, 0, 0, 2093, 0, 1013, 0, 0, 0, 0, 621, 0, 0, 1079, 0], "tmv": [2361, 1265, 4095, 4257, 4381, 4544, 5255, 2753, 1460, 3910, 4355, 4594, 4119, 5128, 2996, 1521, 3915, 2663, 347, 0, 0], "tmd": [0, 0, 0, 33, 0, 0, 0, 0, 0, 33, 0, 33, 0, 0, 0, 0, 0, 0, 0, 0, 0], "wmn": 1701, "wmt": 57619, "wmd": 0, "wmv": 11446, "wdn": -45, "wdt": 12, "wdd": -100, "wdv": -57, "tlv": "California"}