{"loc": "Las Piedras", "iso": "PR", "l1": "United States", "l2": "Puerto Rico", "lvl": 3, "pop": 37007, "key": 12334, "isd": true, "ppd": 35.608000000000004, "med": 38.3, "p65": 15.413, "p70": 9.732000000000001, "hos": 2.77, "exp": 78.86, "adr": 0.0, "amn": 52314.0, "amv": 1212726.0, "amd": 0.0, "amt": 907395.0, "tmn": [54, 0, 0, 108, 0, 54, 27, 27, 27, 0, 0, 0, 81, 54, 27, 0, 0, 0, 54, 54, 0], "tmv": [2781, 2047, 1978, 1647, 2163, 995, 2262, 2445, 2251, 1671, 0, 0, 2784, 2570, 2833, 3777, 2988, 2423, 2905, 2661, 0], "tmd": [0, 0, 0, 0, 0, 0, 0, 0, 0, 0, 0, 0, 0, 0, 0, 0, 0, 0, 0, 0, 0], "wmn": 136, "wmt": 9943, "wmd": 0, "wmv": 17591, "wdn": -29, "wdt": 49, "wdd": 0, "wdv": 50, "tlv": "Puerto Rico"}