{"loc": "Laurel", "iso": "US", "l1": "United States", "l2": "Kentucky", "lvl": 3, "pop": 60813, "key": 12344, "isd": true, "ppd": 35.608000000000004, "med": 38.3, "p65": 15.413, "p70": 9.732000000000001, "hos": 2.77, "exp": 78.86, "adr": 1.0, "amn": 111078.0, "amv": 854702.0, "amd": 1184.0, "amt": 1180399.0, "tmn": [65, 32, 230, 213, 197, 147, 147, 246, 32, 115, 98, -32, 164, 213, 65, -49, 147, 65, 115, 263, 98], "tmv": [10027, 6458, 3608, 3001, 5456, 7305, 8515, 7794, 7192, 5713, 4653, 4699, 5814, 5591, 7265, 6352, 4511, 3409, 5326, 6395, 6671], "tmd": [17, 0, 0, 0, 0, 0, 17, 0, 0, 0, 0, 0, 0, 0, 0, 0, 0, 0, 17, 0, 0], "wmn": 708, "wmt": 11562, "wmd": 17, "wmv": 39934, "wdn": -16, "wdt": -7, "wdd": 0, "wdv": -4, "tlv": "Kentucky"}