{"loc": "Laurel", "iso": "US", "l1": "United States", "l2": "Kentucky", "lvl": 3, "pop": 60813, "key": 12344, "isd": true, "ppd": 35.608000000000004, "med": 38.3, "p65": 15.413, "p70": 9.732000000000001, "hos": 2.77, "exp": 78.86, "adr": 1.0, "amn": 96443.0, "amv": 233408.0, "amd": 493.0, "amt": 877896.0, "tmn": [624, 411, 263, 246, 164, 49, 16, 49, 739, 641, 756, 279, 230, 970, 295, 443, 49, 49, 131, 411, -32], "tmv": [4746, 4917, 6132, 6772, 6806, 0, 0, 3221, 4419, 5606, 5173, 5466, 3298, 2593, 4349, 5491, 6616, 7139, 7375, 5050, 0], "tmd": [0, 17, 0, 0, 0, 0, 0, 0, 0, 33, 0, 0, 0, 0, 0, 0, 0, 0, 0, 33, 50], "wmn": 1349, "wmt": 14515, "wmd": 83, "wmv": 36022, "wdn": -63, "wdt": -23, "wdd": 150, "wdv": 21, "tlv": "Kentucky"}