{"loc": "Laurel", "iso": "US", "l1": "United States", "l2": "Kentucky", "lvl": 3, "pop": 60813, "key": 12344, "isd": true, "ppd": 35.608000000000004, "med": 38.3, "p65": 15.413, "p70": 9.732000000000001, "hos": 2.77, "exp": 78.86, "adr": 0.0, "amn": 95901.0, "amv": 220982.0, "amd": 411.0, "amt": 873960.0, "tmn": [246, 65, 1200, 624, 411, 263, 246, 164, 49, 16, 49, 739, 641, 756, 279, 230, 970, 295, 443, 49, 49], "tmv": [6595, 3662, 2393, 4746, 4917, 6132, 6772, 6806, 0, 0, 3221, 4419, 5606, 5173, 5466, 3298, 2593, 4349, 5491, 6616, 7139], "tmd": [17, 17, 0, 0, 17, 0, 0, 0, 0, 0, 0, 0, 33, 0, 0, 0, 0, 0, 0, 0, 0], "wmn": 2319, "wmt": 21714, "wmd": 0, "wmv": 34956, "wdn": -4, "wdt": 97, "wdd": -100, "wdv": 39, "tlv": "Kentucky"}