{"loc": "Laurens", "iso": "US", "l1": "United States", "l2": "Georgia", "lvl": 3, "pop": 47546, "key": 12345, "isd": true, "ppd": 35.608000000000004, "med": 38.3, "p65": 15.413, "p70": 9.732000000000001, "hos": 2.77, "exp": 78.86, "adr": 3.0, "amn": 113343.0, "amv": 258018.0, "amd": 3386.0, "amt": 689007.0, "tmn": [63, 84, 147, 210, 21, 189, 210, 0, 84, 189, 84, 189, 105, 21, 63, 294, 336, 189, 63, 21, -21], "tmv": [6806, 0, 0, 3221, 4419, 5606, 5173, 5466, 3298, 2593, 4349, 5491, 6616, 7139, 7375, 5050, 5255, 5793, 6168, 7391, 0], "tmd": [0, 0, 43, 22, 0, 43, 0, 0, 0, 0, 0, 0, 0, 22, 0, 22, 22, 0, 43, 22, 22], "wmn": 947, "wmt": 12573, "wmd": 127, "wmv": 37036, "wdn": 41, "wdt": -18, "wdd": 500, "wdv": 6, "tlv": "Georgia"}