{"loc": "Laurens", "iso": "US", "l1": "United States", "l2": "South Carolina", "lvl": 3, "pop": 67493, "key": 12346, "isd": true, "ppd": 35.608000000000004, "med": 38.3, "p65": 15.413, "p70": 9.732000000000001, "hos": 2.77, "exp": 78.86, "adr": 2.0, "amn": 90232.0, "amv": 170827.0, "amd": 2222.0, "amt": 923038.0, "tmn": [874, 1229, 814, 533, 355, 503, 607, 874, 340, 844, 311, 533, 666, 874, 444, 429, 622, 177, 296, 133, 385], "tmv": [5132, 5139, 4690, 3336, 1695, 3330, 4023, 4903, 6734, 6595, 3662, 2393, 4746, 4917, 6132, 6772, 6806, 0, 0, 3221, 0], "tmd": [15, 0, 15, 163, 0, 30, 45, 0, 15, 30, 0, 0, 75, 15, 0, 0, 15, 0, 0, 0, 15], "wmn": 2490, "wmt": 37966, "wmd": 30, "wmv": 22933, "wdn": -44, "wdt": -15, "wdd": -78, "wdv": -32, "tlv": "South Carolina"}