{"loc": "Lawrence", "iso": "US", "l1": "United States", "l2": "Missouri", "lvl": 3, "pop": 38355, "key": 12355, "isd": true, "ppd": 35.608000000000004, "med": 38.3, "p65": 15.413, "p70": 9.732000000000001, "hos": 2.77, "exp": 78.86, "adr": 2.0, "amn": 120975.0, "amv": 1081852.0, "amd": 2477.0, "amt": 1029996.0, "tmn": [521, 312, 651, 1407, 521, 443, 312, 104, 964, 860, 573, 208, 495, 208, 286, 443, 417, 599, 599, 78, 234], "tmv": [1200, 2288, 2155, 2600, 2160, 2477, 1419, 1374, 2201, 2622, 2492, 2548, 2348, 1615, 1875, 1986, 1986, 2786, 3007, 2017, 0], "tmd": [27, 0, 0, 0, 0, 0, 0, 79, 0, 0, 0, 0, 0, 0, 27, 0, 0, 0, 0, 0, 0], "wmn": 2660, "wmt": 18253, "wmd": 27, "wmv": 13660, "wdn": -22, "wdt": -2, "wdd": -67, "wdv": -10, "tlv": "Missouri"}