{"loc": "Lawrence", "iso": "US", "l1": "United States", "l2": "Mississippi", "lvl": 3, "pop": 12586, "key": 12354, "isd": true, "ppd": 35.608000000000004, "med": 38.3, "p65": 15.413, "p70": 9.732000000000001, "hos": 2.77, "exp": 78.86, "adr": 2.0, "amn": 116320.0, "amv": 1054363.0, "amd": 2066.0, "amt": 696620.0, "tmn": [238, 79, 0, 0, 794, 158, 715, 635, 556, 0, 0, 1509, 317, 476, 794, 953, 0, 0, 1906, 158, 794], "tmv": [1721, 1666, 1928, 1520, 1539, 740, 1856, 2005, 1821, 2051, 2364, 1193, 1200, 2288, 2155, 2600, 2160, 2477, 1419, 1374, 0], "tmd": [80, 0, 0, 0, 0, 0, 0, 0, 0, 0, 0, 0, 0, 0, 0, 0, 0, 0, 0, 0, 0], "wmn": 4609, "wmt": 9927, "wmd": 0, "wmv": 12189, "wdn": 32, "wdt": 39, "wdd": 0, "wdv": -6, "tlv": "Mississippi"}