{"loc": "Lawrence", "iso": "US", "l1": "United States", "l2": "Arkansas", "lvl": 3, "pop": 16406, "key": 12350, "isd": true, "ppd": 35.608000000000004, "med": 38.3, "p65": 15.413, "p70": 9.732000000000001, "hos": 2.77, "exp": 78.86, "adr": 2.0, "amn": 187553.0, "amv": 1176126.0, "amd": 3048.0, "amt": 1273185.0, "tmn": [1767, 1706, 2011, 1158, 609, 121, 914, 1401, 2133, 2072, 731, 670, 853, 792, 670, 975, 548, 792, 121, 1219, 670], "tmv": [2538, 4249, 2950, 0, 0, 0, 2913, 2024, 2876, 2739, 2336, 1790, 1886, 2554, 2257, 2903, 2781, 2047, 1978, 1647, 2163], "tmd": [0, 0, 0, 0, 61, 0, 0, 0, 0, 0, 0, 0, 0, 61, 61, 0, 0, 0, 61, 0, 0], "wmn": 4999, "wmt": 22955, "wmd": 122, "wmv": 15780, "wdn": -42, "wdt": 0, "wdd": 100, "wdv": -3, "tlv": "Arkansas"}