{"loc": "Lawrence", "iso": "US", "l1": "United States", "l2": "Missouri", "lvl": 3, "pop": 38355, "key": 12355, "isd": true, "ppd": 35.608000000000004, "med": 38.3, "p65": 15.413, "p70": 9.732000000000001, "hos": 2.77, "exp": 78.86, "adr": 2.0, "amn": 125381.0, "amv": 1121684.0, "amd": 2529.0, "amt": 1067338.0, "tmn": [443, 417, 599, 599, 78, 234, 130, 625, 756, 547, 312, 78, 208, 365, 312, 234, 156, 495, 0, 182, 0], "tmv": [1986, 1986, 2786, 3007, 2017, 2605, 1830, 2139, 3106, 3068, 3187, 2953, 1851, 1966, 2813, 2807, 3250, 3257, 2889, 2103, 0], "tmd": [0, 0, 0, 0, 0, 0, 27, 0, 0, 0, 0, 0, 0, 0, 0, 0, 0, 0, 0, 0, 27], "wmn": 1382, "wmt": 17774, "wmd": 27, "wmv": 17122, "wdn": -52, "wdt": -2, "wdd": 0, "wdv": -6, "tlv": "Missouri"}