{"loc": "Lawrence", "iso": "US", "l1": "United States", "l2": "Arkansas", "lvl": 3, "pop": 16406, "key": 12350, "isd": true, "ppd": 35.608000000000004, "med": 38.3, "p65": 15.413, "p70": 9.732000000000001, "hos": 2.77, "exp": 78.86, "adr": 2.0, "amn": 216140.0, "amv": 1476857.0, "amd": 3779.0, "amt": 1429218.0, "tmn": [121, 60, 182, -60, 426, 243, 243, 548, 365, 304, -60, 121, 304, 182, 426, 304, 243, 121, 243, 792, 0], "tmv": [70, 3476, 2565, 1693, 4764, 5451, 6033, 6077, 6801, 4120, 2054, 5104, 5248, 5184, 4986, 5175, 2683, 957, 367, 0, 0], "tmd": [122, 0, 0, 0, 0, 0, 0, 0, 0, 0, 0, 0, 0, 0, 0, 0, 0, 0, 0, 0, 0], "wmn": 2134, "wmt": 12962, "wmd": 0, "wmv": 14171, "wdn": 21, "wdt": -5, "wdd": 0, "wdv": -59, "tlv": "Arkansas"}