{"loc": "Lawrence", "iso": "US", "l1": "United States", "l2": "Missouri", "lvl": 3, "pop": 38355, "key": 12355, "isd": true, "ppd": 35.608000000000004, "med": 38.3, "p65": 15.413, "p70": 9.732000000000001, "hos": 2.77, "exp": 78.86, "adr": 2.0, "amn": 129475.0, "amv": 1176126.0, "amd": 2659.0, "amt": 1125846.0, "tmn": [208, 391, 182, 52, 52, 156, 156, 78, 156, 130, 104, 156, 130, 182, 234, 156, 156, 130, 104, 312, 443], "tmv": [2538, 4249, 2950, 0, 0, 0, 2913, 2024, 2876, 2739, 2336, 1790, 1886, 2554, 2257, 2903, 2781, 2047, 1978, 1647, 2163], "tmd": [0, 0, 0, 0, 0, 0, 79, 0, 0, 0, 0, 0, 27, 0, 0, 0, 0, 0, 0, 27, 0], "wmn": 1539, "wmt": 20177, "wmd": 27, "wmv": 15780, "wdn": 64, "wdt": 6, "wdd": 0, "wdv": -3, "tlv": "Missouri"}