{"loc": "Leake", "iso": "US", "l1": "United States", "l2": "Mississippi", "lvl": 3, "pop": 22786, "key": 12364, "isd": true, "ppd": 35.608000000000004, "med": 38.3, "p65": 15.413, "p70": 9.732000000000001, "hos": 2.77, "exp": 78.86, "adr": 3.0, "amn": 114237.0, "amv": 511713.0, "amd": 3204.0, "amt": 620005.0, "tmn": [87, 175, 0, 131, 43, 43, 43, 307, 131, 43, 43, 0, 0, 0, 87, 87, 43, 219, 0, 0, 0], "tmv": [6980, 8171, 7842, 9493, 9226, 6156, 5181, 6849, 8594, 10257, 10611, 9961, 7133, 5431, 8106, 10192, 12065, 12389, 10214, 6477, 4262], "tmd": [0, 0, 0, 0, 0, 0, 0, 0, 0, 44, 0, 0, 0, 0, 0, 0, 0, 0, 0, 0, 0], "wmn": 439, "wmt": 4340, "wmd": 0, "wmv": 63709, "wdn": -17, "wdt": -8, "wdd": -100, "wdv": 8, "tlv": "Mississippi"}