{"loc": "Leake", "iso": "US", "l1": "United States", "l2": "Mississippi", "lvl": 3, "pop": 22786, "key": 12364, "isd": true, "ppd": 35.608000000000004, "med": 38.3, "p65": 15.413, "p70": 9.732000000000001, "hos": 2.77, "exp": 78.86, "adr": 2.0, "amn": 140130.0, "amv": 1079834.0, "amd": 3379.0, "amt": 712296.0, "tmn": [1009, 351, 833, 526, 351, 0, 0, 1053, 351, 1448, 1404, 1228, 0, 0, 1974, 1623, 1404, 2501, 1887, 0, 0], "tmv": [1193, 1200, 2288, 2155, 2600, 2160, 2477, 1419, 1374, 2201, 2622, 2492, 2548, 2348, 1615, 1875, 1986, 1986, 2786, 3007, 0], "tmd": [0, 0, 0, 0, 0, 0, 0, 0, 44, 0, 0, 0, 0, 0, 44, 0, 0, 0, 0, 0, 0], "wmn": 9392, "wmt": 14459, "wmd": 44, "wmv": 13258, "wdn": 71, "wdt": 40, "wdd": 0, "wdv": -12, "tlv": "Mississippi"}