{"loc": "Leavenworth", "iso": "US", "l1": "United States", "l2": "Kansas", "lvl": 3, "pop": 81758, "key": 12365, "isd": true, "ppd": 35.608000000000004, "med": 38.3, "p65": 15.413, "p70": 9.732000000000001, "hos": 2.77, "exp": 78.86, "adr": 1.0, "amn": 125725.0, "amv": 1250395.0, "amd": 1504.0, "amt": 621482.0, "tmn": [0, 599, 0, 134, 0, 513, 0, 0, 464, 0, 428, 0, 415, 0, 0, 452, 0, 342, 0, 403, 0], "tmv": [3777, 2988, 2423, 2905, 2661, 3390, 3489, 0, 0, 0, 2411, 3257, 3418, 2659, 2485, 1614, 1945, 2278, 2491, 2890, 0], "tmd": [0, 0, 0, 13, 0, 0, 0, 0, 0, 0, 13, 0, 13, 0, 0, 13, 0, 0, 0, 13, 0], "wmn": 1199, "wmt": 6266, "wmd": 25, "wmv": 13708, "wdn": -8, "wdt": -5, "wdd": 0, "wdv": 17, "tlv": "Kansas"}