{"loc": "Lebanon", "iso": "US", "l1": "United States", "l2": "Pennsylvania", "lvl": 3, "pop": 141793, "key": 12367, "isd": true, "ppd": 35.608000000000004, "med": 38.3, "p65": 15.413, "p70": 9.732000000000001, "hos": 2.77, "exp": 78.86, "adr": 2.0, "amn": 88107.0, "amv": 160515.0, "amd": 1777.0, "amt": 774168.0, "tmn": [698, 437, 543, 458, 416, 218, 394, 190, 366, 401, 345, 557, 246, 486, 260, 296, 239, 345, 387, 155, 176], "tmv": [3374, 4677, 5132, 5139, 4690, 3336, 1695, 3330, 4023, 4903, 6734, 6595, 3662, 2393, 4746, 4917, 6132, 6772, 6806, 0, 0], "tmd": [15, 15, 29, 0, 0, 0, 15, 8, 29, 29, 8, 15, 15, 15, 15, 15, 15, 36, 0, 0, 0], "wmn": 1862, "wmt": 24267, "wmd": 78, "wmv": 29376, "wdn": -28, "wdt": -94, "wdd": -31, "wdv": -7, "tlv": "Pennsylvania"}