{"loc": "Leavenworth", "iso": "US", "l1": "United States", "l2": "Kansas", "lvl": 3, "pop": 81758, "key": 12365, "isd": true, "ppd": 35.608000000000004, "med": 38.3, "p65": 15.413, "p70": 9.732000000000001, "hos": 2.77, "exp": 78.86, "adr": 1.0, "amn": 103965.0, "amv": 1079834.0, "amd": 1272.0, "amt": 532399.0, "tmn": [1002, 0, 0, 1247, 1113, 0, 0, 0, 0, 0, 2201, 941, 0, 0, 1076, 0, 1308, 0, 1198, 0, 0], "tmv": [1193, 1200, 2288, 2155, 2600, 2160, 2477, 1419, 1374, 2201, 2622, 2492, 2548, 2348, 1615, 1875, 1986, 1986, 2786, 3007, 0], "tmd": [0, 0, 0, 0, 13, 0, 0, 0, 0, 0, 13, 0, 0, 0, 25, 0, 13, 0, 37, 0, 0], "wmn": 3584, "wmt": 7329, "wmd": 74, "wmv": 13258, "wdn": 14, "wdt": -29, "wdd": 500, "wdv": -12, "tlv": "Kansas"}