{"loc": "Lee", "iso": "US", "l1": "United States", "l2": "Arkansas", "lvl": 3, "pop": 8857, "key": 12369, "isd": true, "ppd": 35.608000000000004, "med": 38.3, "p65": 15.413, "p70": 9.732000000000001, "hos": 2.77, "exp": 78.86, "adr": 2.0, "amn": 225810.0, "amv": 1170335.0, "amd": 4855.0, "amt": 1267247.0, "tmn": [451, 564, 338, 451, 451, 112, 451, 112, 564, 225, 903, 225, 564, 0, 225, 338, 903, 225, 564, 451, 112], "tmv": [1988, 3241, 2538, 4249, 2950, 0, 0, 0, 2913, 2024, 2876, 2739, 2336, 1790, 1886, 2554, 2257, 2903, 2781, 2047, 0], "tmd": [0, 0, 0, 0, 0, 0, 0, 0, 0, 0, 113, 0, 0, 0, 0, 0, 0, 0, 0, 0, 226], "wmn": 2823, "wmt": 21575, "wmd": 226, "wmv": 14431, "wdn": 9, "wdt": 1, "wdd": 100, "wdv": -2, "tlv": "Arkansas"}