{"loc": "Lee", "iso": "US", "l1": "United States", "l2": "Alabama", "lvl": 3, "pop": 164542, "key": 12368, "isd": true, "ppd": 35.608000000000004, "med": 38.3, "p65": 15.413, "p70": 9.732000000000001, "hos": 2.77, "exp": 78.86, "adr": 1.0, "amn": 153955.0, "amv": 1303449.0, "amd": 1568.0, "amt": 1241758.0, "tmn": [42, 54, 60, 54, 109, 1969, 42, 60, 24, 97, 9821, 364, 30, 103, 176, 6, 145, 36, 36, 42, 30], "tmv": [780, 2376, 2334, 2342, 2403, 3887, 2378, 1359, 4316, 4363, 4502, 4400, 4864, 2267, 1210, 3657, 3104, 3335, 2510, 342, 0], "tmd": [0, 0, 25, 7, 0, 7, 0, 0, 0, 0, 0, 0, 13, 13, 0, 0, 7, 7, 7, 13, 19], "wmn": 475, "wmt": 12120, "wmd": 49, "wmv": 14161, "wdn": -95, "wdt": 1, "wdd": 100, "wdv": -46, "tlv": "Alabama"}