{"loc": "Lee", "iso": "US", "l1": "United States", "l2": "Georgia", "lvl": 3, "pop": 29992, "key": 12371, "isd": true, "ppd": 35.608000000000004, "med": 38.3, "p65": 15.413, "p70": 9.732000000000001, "hos": 2.77, "exp": 78.86, "adr": 2.0, "amn": 136370.0, "amv": 1136653.0, "amd": 2367.0, "amt": 1000586.0, "tmn": [766, 566, 1133, 1933, 0, 0, 2967, 1933, 1267, 2067, 1667, 0, 0, 4401, 2900, 1967, 1066, 1233, 0, 0, 0], "tmv": [1830, 2139, 3106, 3068, 3187, 2953, 1851, 1966, 2813, 2807, 3250, 3257, 2889, 2103, 1988, 3241, 2538, 4249, 2950, 0, 0], "tmd": [67, 0, 0, 0, 0, 0, 0, 0, 34, 0, 0, 0, 0, -66, 67, 0, 267, 0, 0, 0, 0], "wmn": 7169, "wmt": 29547, "wmd": 334, "wmv": 14970, "wdn": -37, "wdt": 14, "wdd": -1100, "wdv": -22, "tlv": "Georgia"}