{"loc": "Lee", "iso": "US", "l1": "United States", "l2": "North Carolina", "lvl": 3, "pop": 61779, "key": 12376, "isd": true, "ppd": 35.608000000000004, "med": 38.3, "p65": 15.413, "p70": 9.732000000000001, "hos": 2.77, "exp": 78.86, "adr": 1.0, "amn": 136357.0, "amv": 1157792.0, "amd": 1554.0, "amt": 1417310.0, "tmn": [1165, 728, 0, 0, 2023, 890, 841, 1003, 987, 0, 0, 0, 2525, 744, 582, 955, 0, 0, 2994, 323, 890], "tmv": [2807, 3250, 3257, 2889, 2103, 1988, 3241, 2538, 4249, 2950, 0, 0, 0, 2913, 2024, 2876, 2739, 2336, 1790, 1886, 0], "tmd": [0, 17, 0, 0, 0, 0, 17, 0, 0, 0, 0, 0, 17, 0, 0, 0, 0, 0, 0, 65, 17], "wmn": 5747, "wmt": 33350, "wmd": 81, "wmv": 13653, "wdn": 9, "wdt": -6, "wdd": 400, "wdv": 8, "tlv": "North Carolina"}