{"loc": "Lee", "iso": "US", "l1": "United States", "l2": "South Carolina", "lvl": 3, "pop": 16828, "key": 12377, "isd": true, "ppd": 35.608000000000004, "med": 38.3, "p65": 15.413, "p70": 9.732000000000001, "hos": 2.77, "exp": 78.86, "adr": 3.0, "amn": 127644.0, "amv": 1102595.0, "amd": 3922.0, "amt": 1448294.0, "tmn": [59, 237, 297, 0, 0, 950, 653, 178, 237, 534, 0, 0, 2198, 415, 178, 59, 831, 0, 0, 1485, 356], "tmv": [2201, 2622, 2492, 2548, 2348, 1615, 1875, 1986, 1986, 2786, 3007, 2017, 2605, 1830, 2139, 3106, 3068, 3187, 2953, 1851, 0], "tmd": [0, 0, 0, 0, 0, 0, 0, 0, 60, 0, 0, 0, 0, 0, 0, 0, 0, 0, 0, 0, 0], "wmn": 2912, "wmt": 39386, "wmd": 0, "wmv": 16308, "wdn": -18, "wdt": 18, "wdd": -100, "wdv": 1, "tlv": "South Carolina"}