{"loc": "Lee", "iso": "US", "l1": "United States", "l2": "South Carolina", "lvl": 3, "pop": 16828, "key": 12377, "isd": true, "ppd": 35.608000000000004, "med": 38.3, "p65": 15.413, "p70": 9.732000000000001, "hos": 2.77, "exp": 78.86, "adr": 3.0, "amn": 105241.0, "amv": 233408.0, "amd": 3387.0, "amt": 984405.0, "tmn": [297, 713, 1069, 534, 475, 59, 118, 237, 59, 237, 415, 415, 118, 118, 59, 178, 59, 118, 178, 178, 118], "tmv": [4746, 4917, 6132, 6772, 6806, 0, 0, 3221, 4419, 5606, 5173, 5466, 3298, 2593, 4349, 5491, 6616, 7139, 7375, 5050, 0], "tmd": [0, 0, 0, 0, 0, 0, 60, 0, 0, 60, 119, 0, 0, 0, 0, 0, 0, 0, 60, 0, 0], "wmn": 892, "wmt": 42496, "wmd": 60, "wmv": 36022, "wdn": -44, "wdt": 67, "wdd": -67, "wdv": 21, "tlv": "South Carolina"}