{"loc": "Lee", "iso": "US", "l1": "United States", "l2": "Florida", "lvl": 3, "pop": 770577, "key": 12370, "isd": true, "ppd": 35.608000000000004, "med": 38.3, "p65": 15.413, "p70": 9.732000000000001, "hos": 2.77, "exp": 78.86, "adr": 2.0, "amn": 73311.0, "amv": 180853.0, "amd": 1123.0, "amt": 980541.0, "tmn": [302, 216, 338, 325, 281, 307, 303, 277, 180, 228, 276, 310, 227, 220, 216, 180, 230, 228, 155, 195, 279], "tmv": [4690, 3336, 1695, 3330, 4023, 4903, 6734, 6595, 3662, 2393, 4746, 4917, 6132, 6772, 6806, 0, 0, 3221, 4419, 5606, 0], "tmd": [2, 0, 19, 0, 7, 20, 2, 0, 0, 7, 2, 17, 2, 7, 0, 2, 8, 0, -2, 7, 2], "wmn": 1488, "wmt": 28487, "wmd": 15, "wmv": 20055, "wdn": -14, "wdt": -11, "wdd": -56, "wdv": -43, "tlv": "Florida"}