{"loc": "Leh", "iso": "IN", "l1": "India", "l2": "Ladakh", "lvl": 3, "pop": 147000, "key": 12382, "isd": true, "ppd": 450.41900000000004, "med": 28.2, "p65": 5.989, "p70": 3.4139999999999997, "hos": 0.53, "exp": 69.66, "adr": 1.0, "amn": 61680.0, "amv": 82966.0, "amd": 599.0, "amt": 401285.0, "tmn": [40, 108, 61, 0, 224, 761, 251, 102, 95, 251, 149, 326, 231, 360, 557, 755, 952, 95, 850, 1047, 1414], "tmv": [1709, 1887, 1565, 188, 422, 1406, 1495, 2660, 3090, 2119, 2264, 2902, 2874, 2261, 2996, 2710, 2550, 2125, 2901, 1917, 2401], "tmd": [0, 0, 0, 0, 0, 0, 0, 0, 0, 0, 0, 0, 0, 0, 0, 0, 7, 0, 0, 0, 7], "wmn": 5674, "wmt": 0, "wmd": 14, "wmv": 17605, "wdn": 274, "wdt": 0, "wdd": 0, "wdv": -3, "tlv": "Ladakh"}