{"loc": "Lemhi", "iso": "US", "l1": "United States", "l2": "Idaho", "lvl": 3, "pop": 8027, "key": 12384, "isd": true, "ppd": 35.608000000000004, "med": 38.3, "p65": 15.413, "p70": 9.732000000000001, "hos": 2.77, "exp": 78.86, "adr": 2.0, "amn": 97795.0, "amv": 1227352.0, "amd": 1993.0, "amt": 551497.0, "tmn": [872, 0, 0, 996, 1494, 996, 498, 124, 124, 0, 498, 373, 124, 872, 622, 249, 0, 0, 124, 2740, 249], "tmv": [2262, 2445, 2251, 1671, 0, 0, 2784, 2570, 2833, 3777, 2988, 2423, 2905, 2661, 3390, 3489, 0, 0, 0, 2411, 0], "tmd": [125, 0, 0, 0, 0, 0, 0, 0, 125, 0, 0, 0, 0, 0, 0, 125, 0, 0, 125, 0, 0], "wmn": 3987, "wmt": 7094, "wmd": 250, "wmv": 9292, "wdn": 88, "wdt": -18, "wdd": 100, "wdv": -54, "tlv": "Idaho"}