{"loc": "Leon", "iso": "US", "l1": "United States", "l2": "Florida", "lvl": 3, "pop": 293582, "key": 12388, "isd": true, "ppd": 35.608000000000004, "med": 38.3, "p65": 15.413, "p70": 9.732000000000001, "hos": 2.77, "exp": 78.86, "adr": 1.0, "amn": 98388.0, "amv": 197386.0, "amd": 944.0, "amt": 994965.0, "tmn": [517, 524, 374, 357, 40, 647, 354, 483, 442, 255, 217, 0, 378, 354, 361, 340, 361, 252, 40, 364, 303], "tmv": [4023, 4903, 6734, 6595, 3662, 2393, 4746, 4917, 6132, 6772, 6806, 0, 0, 3221, 4419, 5606, 5173, 5466, 3298, 2593, 0], "tmd": [21, 11, 7, 0, 7, 0, 14, 7, 7, -3, 4, 21, -3, 4, 11, 11, 0, 0, 4, 0, 14], "wmn": 2024, "wmt": 27927, "wmd": 38, "wmv": 26559, "wdn": -5, "wdt": -9, "wdd": 10, "wdv": -5, "tlv": "Florida"}