{"loc": "Leon", "iso": "US", "l1": "United States", "l2": "Florida", "lvl": 3, "pop": 293582, "key": 12388, "isd": true, "ppd": 35.608000000000004, "med": 38.3, "p65": 15.413, "p70": 9.732000000000001, "hos": 2.77, "exp": 78.86, "adr": 1.0, "amn": 103048.0, "amv": 435440.0, "amd": 1053.0, "amt": 1092051.0, "tmn": [170, 136, 129, 163, 156, 81, 44, 78, 122, 136, 108, 149, 54, 34, 166, 156, 136, 139, 153, 98, 37], "tmv": [4864, 6157, 7535, 8875, 13887, 4118, 6135, 5026, 6980, 8171, 7842, 9493, 9226, 6156, 5181, 6849, 8594, 10257, 10611, 9961, 0], "tmd": [4, -6, 0, 7, 0, 4, 0, 7, 4, -3, 7, 0, 0, 0, 11, 0, 0, 0, 0, 0, 28], "wmn": 890, "wmt": -123529, "wmd": 38, "wmv": 51456, "wdn": 30, "wdt": -668, "wdd": 175, "wdv": -3, "tlv": "Florida"}