{"loc": "Letcher", "iso": "US", "l1": "United States", "l2": "Kentucky", "lvl": 3, "pop": 21553, "key": 12393, "isd": true, "ppd": 35.608000000000004, "med": 38.3, "p65": 15.413, "p70": 9.732000000000001, "hos": 2.77, "exp": 78.86, "adr": 2.0, "amn": 89176.0, "amv": 841634.0, "amd": 2041.0, "amt": 1175970.0, "tmn": [231, 92, 0, 0, 0, 185, 417, 92, 139, 46, 46, -46, 46, 0, 46, 46, 46, 46, -46, 92, 139], "tmv": [8259, 8496, 10027, 6458, 3608, 3001, 5456, 7305, 8515, 7794, 7192, 5713, 4653, 4699, 5814, 5591, 7265, 6352, 4511, 3409, 5326], "tmd": [0, 0, 0, 0, 0, 0, 0, 0, 0, 0, 0, 0, 47, 0, 47, 0, 0, 0, 0, 0, 0], "wmn": 372, "wmt": 12351, "wmd": 47, "wmv": 38272, "wdn": 14, "wdt": -90, "wdd": 0, "wdv": -17, "tlv": "Kentucky"}