{"loc": "Lewis", "iso": "US", "l1": "United States", "l2": "Idaho", "lvl": 3, "pop": 3838, "key": 12396, "isd": true, "ppd": 35.608000000000004, "med": 38.3, "p65": 15.413, "p70": 9.732000000000001, "hos": 2.77, "exp": 78.86, "adr": 2.0, "amn": 174049.0, "amv": 1176126.0, "amd": 3908.0, "amt": 524010.0, "tmn": [781, 781, 0, 0, 0, 1563, 2084, 1042, 4429, 0, 0, 3647, 2084, 1563, 1042, 1563, 0, 0, 3387, 2344, 1823], "tmv": [2538, 4249, 2950, 0, 0, 0, 2913, 2024, 2876, 2739, 2336, 1790, 1886, 2554, 2257, 2903, 2781, 2047, 1978, 1647, 2163], "tmd": [0, 0, 0, 0, 0, 0, 0, 0, 261, 0, 0, 0, 0, 0, 261, 0, 0, 0, 261, 0, 0], "wmn": 10162, "wmt": 11206, "wmd": 522, "wmv": 15780, "wdn": -20, "wdt": 6, "wdd": 100, "wdv": -3, "tlv": "Idaho"}