{"loc": "Lewis and Clark", "iso": "US", "l1": "United States", "l2": "Montana", "lvl": 3, "pop": 69432, "key": 12395, "isd": true, "ppd": 35.608000000000004, "med": 38.3, "p65": 15.413, "p70": 9.732000000000001, "hos": 2.77, "exp": 78.86, "adr": 1.0, "amn": 123200.0, "amv": 1165506.0, "amd": 1397.0, "amt": 1628332.0, "tmn": [0, 0, 691, 475, 374, 532, 950, 0, 0, 0, 2102, 792, 1036, 820, 0, 0, 1296, 777, 475, 892, 1051], "tmv": [3257, 2889, 2103, 1988, 3241, 2538, 4249, 2950, 0, 0, 0, 2913, 2024, 2876, 2739, 2336, 1790, 1886, 2554, 2257, 2903], "tmd": [0, 0, 0, 0, 0, 0, 29, 0, 0, 0, 0, 0, 0, 0, 0, 0, 15, 0, 0, 0, 0], "wmn": 4494, "wmt": 51213, "wmd": 15, "wmv": 16467, "wdn": -5, "wdt": 61, "wdd": 0, "wdv": 53, "tlv": "Montana"}