{"loc": "Lewis", "iso": "US", "l1": "United States", "l2": "West Virginia", "lvl": 3, "pop": 15907, "key": 12402, "isd": true, "ppd": 35.608000000000004, "med": 38.3, "p65": 15.413, "p70": 9.732000000000001, "hos": 2.77, "exp": 78.86, "adr": 1.0, "amn": 135161.0, "amv": 1157792.0, "amd": 1949.0, "amt": 2040436.0, "tmn": [1131, 1383, 1257, 1760, 1068, 1005, 1760, 3080, 942, 1194, 1948, 817, 1445, 1383, 2200, 1383, 1948, 2137, 1383, 2640, 1320], "tmv": [2807, 3250, 3257, 2889, 2103, 1988, 3241, 2538, 4249, 2950, 0, 0, 0, 2913, 2024, 2876, 2739, 2336, 1790, 1886, 0], "tmd": [0, 0, 0, 0, 0, 0, 63, 0, 0, 0, 0, 126, 0, 63, 0, 63, 0, 0, 0, 63, 63], "wmn": 13014, "wmt": 64033, "wmd": 189, "wmv": 13653, "wdn": 20, "wdt": 9, "wdd": 0, "wdv": 8, "tlv": "West Virginia"}