{"loc": "Liberty", "iso": "US", "l1": "United States", "l2": "Georgia", "lvl": 3, "pop": 61435, "key": 12408, "isd": true, "ppd": 35.608000000000004, "med": 38.3, "p65": 15.413, "p70": 9.732000000000001, "hos": 2.77, "exp": 78.86, "adr": 1.0, "amn": 80085.0, "amv": 1072054.0, "amd": 1172.0, "amt": 918366.0, "tmn": [325, 0, 0, 797, 374, 585, 585, 569, 0, 0, 1074, 1253, 520, 472, 651, 0, 0, 1595, 390, 341, 472], "tmv": [1821, 2051, 2364, 1193, 1200, 2288, 2155, 2600, 2160, 2477, 1419, 1374, 2201, 2622, 2492, 2548, 2348, 1615, 1875, 1986, 0], "tmd": [0, 0, 0, 0, 0, 0, 0, 0, 0, 0, 0, 0, 0, 17, 0, 0, 0, 0, 17, 17, 17], "wmn": 3451, "wmt": 16449, "wmd": 49, "wmv": 12867, "wdn": -11, "wdt": 31, "wdd": 200, "wdv": -13, "tlv": "Georgia"}