{"loc": "Liberty", "iso": "US", "l1": "United States", "l2": "Georgia", "lvl": 3, "pop": 61435, "key": 12408, "isd": true, "ppd": 35.608000000000004, "med": 38.3, "p65": 15.413, "p70": 9.732000000000001, "hos": 2.77, "exp": 78.86, "adr": 1.0, "amn": 113583.0, "amv": 1176126.0, "amd": 1416.0, "amt": 1063199.0, "tmn": [1562, 0, 0, 0, 2848, 276, 585, 585, 0, 0, 1123, 325, 553, 406, 211, 0, 0, 585, 146, 227, 292], "tmv": [4249, 2950, 0, 0, 0, 2913, 2024, 2876, 2739, 2336, 1790, 1886, 2554, 2257, 2903, 2781, 2047, 1978, 1647, 2163, 0], "tmd": [0, 0, 0, 0, 0, 0, 17, 0, 0, 0, 17, 0, 33, 0, 17, 0, 0, 33, 17, 33, 17], "wmn": 1465, "wmt": 20512, "wmd": 114, "wmv": 13523, "wdn": -51, "wdt": -14, "wdd": 133, "wdv": -18, "tlv": "Georgia"}