{"loc": "Liberty", "iso": "US", "l1": "United States", "l2": "Georgia", "lvl": 3, "pop": 61435, "key": 12408, "isd": true, "ppd": 35.608000000000004, "med": 38.3, "p65": 15.413, "p70": 9.732000000000001, "hos": 2.77, "exp": 78.86, "adr": 1.0, "amn": 118418.0, "amv": 1204735.0, "amd": 1530.0, "amt": 1101301.0, "tmn": [553, 406, 211, 0, 0, 585, 146, 227, 292, 211, 0, 0, 423, 244, 1025, 683, 472, 0, 0, 944, 830], "tmv": [2554, 2257, 2903, 2781, 2047, 1978, 1647, 2163, 995, 2262, 2445, 2251, 1671, 0, 0, 2784, 2570, 2833, 3777, 2988, 0], "tmd": [33, 0, 17, 0, 0, 33, 17, 33, 17, 0, 0, 0, 0, 17, 17, 0, 0, 0, 0, 49, 33], "wmn": 3956, "wmt": 23136, "wmd": 98, "wmv": 14955, "wdn": 183, "wdt": 14, "wdd": 50, "wdv": 27, "tlv": "Georgia"}