{"loc": "Lexington", "iso": "US", "l1": "United States", "l2": "Virginia", "lvl": 3, "pop": 7446, "key": 12404, "isd": true, "ppd": 35.608000000000004, "med": 38.3, "p65": 15.413, "p70": 9.732000000000001, "hos": 2.77, "exp": 78.86, "adr": 3.0, "amn": 162638.0, "amv": 968912.0, "amd": 4432.0, "amt": 893679.0, "tmn": [402, 0, -134, 134, -268, -134, 0, 134, 0, -402, 134, 0, 134, 134, -268, 268, -268, 0, 0, -134, -134], "tmv": [2452, 4248, 3485, 4157, 3682, 3252, 2518, 2835, 2495, 4865, 3672, 4016, 3766, 3121, 6234, 3276, 3244, 2575, 1851, 1965, 0], "tmd": [0, 0, 0, 0, 0, 0, 0, 0, 0, 0, 0, 0, 0, 0, 0, 0, 0, 0, 0, 135, 0], "wmn": -537, "wmt": 7019, "wmd": 135, "wmv": 19149, "wdn": -500, "wdt": -11, "wdd": 0, "wdv": -23, "tlv": "Virginia"}