{"loc": "Libya", "iso": "LY", "l1": "Libya", "l2": "0", "lvl": 1, "pop": 6871287, "key": 12411, "isd": true, "ppd": 3.623, "med": 29.0, "p65": 4.4239999999999995, "p70": 2.8160000000000003, "hos": 3.7, "exp": 72.91, "adr": 1.0, "amn": 41421.0, "amv": 111221.0, "amd": 572.0, "amt": 0.0, "tmn": [487, 460, 397, 424, 0, 628, 420, 311, 361, 290, 273, 0, 439, 291, 310, 359, 332, 343, 0, 412, 391], "tmv": [0, 0, 0, 0, 0, 0, 0, 0, 0, 3668, 0, 0, 0, 0, 0, 0, 0, 0, 0, 0, 0], "tmd": [4, 5, 3, 6, 0, 6, 5, 5, 4, 5, 4, 0, 5, 5, 5, 5, 4, 5, 0, 6, 5], "wmn": 2150, "wmt": 2656, "wmd": 27, "wmv": 0, "wdn": 9, "wdt": -58, "wdd": 7, "wdv": -100, "tlv": "Libya"}