{"loc": "Limburg", "iso": "NL", "l1": "Netherlands", "l2": "Limburg", "lvl": 2, "pop": 1117201, "key": 12418, "isd": true, "ppd": 508.54400000000004, "med": 43.2, "p65": 18.779, "p70": 11.880999999999998, "hos": 3.32, "exp": 82.28, "adr": 2.0, "amn": 73171.0, "amv": 122439.0, "amd": 1350.0, "amt": 435325.0, "tmn": [246, 221, 205, 321, 340, 285, 320, 228, 256, 318, 272, 562, 393, 403, 324, 307, 469, 375, 456, 537, 471], "tmv": [0, 0, 0, 0, 0, 0, 0, 0, 0, 0, 0, 0, 0, 0, 0, 0, 0, 0, 0, 0, 0], "tmd": [6, 1, 1, 4, 1, 1, 1, 4, 7, 1, 4, 1, 1, 5, 3, 3, 1, 0, 2, 1, 1], "wmn": 2944, "wmt": 0, "wmd": 10, "wmv": 0, "wdn": 21, "wdt": 0, "wdd": -52, "wdv": 0, "tlv": "Netherlands"}