{"loc": "Liberty", "iso": "US", "l1": "United States", "l2": "Texas", "lvl": 3, "pop": 88219, "key": 12410, "isd": true, "ppd": 35.608000000000004, "med": 38.3, "p65": 15.413, "p70": 9.732000000000001, "hos": 2.77, "exp": 78.86, "adr": 2.0, "amn": 95218.0, "amv": 1038686.0, "amd": 2301.0, "amt": 915694.0, "tmn": [79, 238, 56, 45, 11, 90, 56, -34, 56, 45, 124, 34, 238, 34, 90, 11, 340, 204, 124, 215, 204], "tmv": [0, 1326, 2107, 1883, 1818, 1779, 1363, 1036, 1655, 1721, 1666, 1928, 1520, 1539, 740, 1856, 2005, 1821, 2051, 2364, 1193], "tmd": [0, 12, 46, 0, 0, 0, 0, 12, 0, 0, 0, 0, 0, 0, 0, 0, 0, 0, 0, 0, 0], "wmn": 1191, "wmt": 11611, "wmd": 0, "wmv": 12034, "wdn": 139, "wdt": 18, "wdd": -100, "wdv": 9, "tlv": "Texas"}