{"loc": "Libya", "iso": "LY", "l1": "Libya", "l2": "0", "lvl": 1, "pop": 6871287, "key": 12411, "isd": true, "ppd": 3.623, "med": 29.0, "p65": 4.4239999999999995, "p70": 2.8160000000000003, "hos": 3.7, "exp": 72.91, "adr": 1.0, "amn": 50935.0, "amv": 253089.0, "amd": 711.0, "amt": 0.0, "tmn": [132, 99, 100, 118, 146, 0, 108, 104, 99, 100, 133, 87, 0, 105, 92, 80, 105, 81, 81, 0, 113], "tmv": [0, 0, 0, 0, 0, 0, 0, 0, 0, 0, 0, 0, 0, 0, 0, 0, 0, 0, 0, 0, 0], "tmd": [2, 2, 2, 3, 2, 0, 4, 3, 2, 2, 3, 3, 0, 3, 3, 3, 4, 3, 2, 0, 4], "wmn": 556, "wmt": 1929, "wmd": 16, "wmv": 0, "wdn": -12, "wdt": -55, "wdd": 21, "wdv": 0, "tlv": "Libya"}