{"loc": "Limburg", "iso": "NL", "l1": "Netherlands", "l2": "Limburg", "lvl": 2, "pop": 1117201, "key": 12418, "isd": true, "ppd": 508.54400000000004, "med": 43.2, "p65": 18.779, "p70": 11.880999999999998, "hos": 3.32, "exp": 82.28, "adr": 1.0, "amn": 103617.0, "amv": 929966.0, "amd": 1480.0, "amt": 611163.0, "tmn": [76, 57, 52, 59, 50, 22, 35, 24, 33, 21, 22, 24, 27, 19, 18, 25, 21, 25, 25, 25, 20], "tmv": [0, 0, 0, 0, 0, 0, 0, 0, 0, 0, 0, 0, 0, 0, 0, 0, 0, 0, 0, 0, 0], "tmd": [1, 0, 0, 1, 1, 0, 1, 0, 1, 0, 0, 0, 1, 0, 0, 0, 0, 0, 0, 0, 0], "wmn": 165, "wmt": 0, "wmd": 0, "wmv": 0, "wdn": -5, "wdt": 0, "wdd": -100, "wdv": 0, "tlv": "Netherlands"}