{"loc": "Liberty", "iso": "US", "l1": "United States", "l2": "Texas", "lvl": 3, "pop": 88219, "key": 12410, "isd": true, "ppd": 35.608000000000004, "med": 38.3, "p65": 15.413, "p70": 9.732000000000001, "hos": 2.77, "exp": 78.86, "adr": 3.0, "amn": 144549.0, "amv": 1263117.0, "amd": 3888.0, "amt": 1201805.0, "tmn": [136, 0, 0, 0, 0, 0, 1303, 249, 192, 147, 147, 68, 34, 136, 113, 158, 79, 260, 45, 124, 362], "tmv": [2661, 3390, 3489, 0, 0, 0, 2411, 3257, 3418, 2659, 2485, 1614, 1945, 2278, 2491, 2890, 2710, 2395, 1993, 2154, 3467], "tmd": [23, 0, 0, 0, 0, 0, 57, 0, 23, 23, 0, 12, 0, 12, 46, 35, 0, 0, 0, 0, 12], "wmn": 1145, "wmt": 16225, "wmd": 91, "wmv": 18105, "wdn": 17, "wdt": -4, "wdd": 33, "wdv": 3, "tlv": "Texas"}