{"loc": "Lincoln", "iso": "US", "l1": "United States", "l2": "Maine", "lvl": 3, "pop": 34634, "key": 12428, "isd": true, "ppd": 35.608000000000004, "med": 38.3, "p65": 15.413, "p70": 9.732000000000001, "hos": 2.77, "exp": 78.86, "adr": 0.0, "amn": 28787.0, "amv": 822034.0, "amd": 58.0, "amt": 1624923.0, "tmn": [57, 375, 144, 721, 173, 173, 375, 28, 346, 404, 317, 259, 519, 230, 375, 86, 230, 202, 173, 230, 86], "tmv": [9169, 6395, 4975, 6773, 8259, 8496, 10027, 6458, 3608, 3001, 5456, 7305, 8515, 7794, 7192, 5713, 4653, 4699, 5814, 5591, 7265], "tmd": [0, 0, 0, 0, 0, 0, 0, 0, 0, 0, 0, 0, 0, 0, 0, 0, 0, 0, 0, 0, 0], "wmn": 1386, "wmt": 38613, "wmd": 0, "wmv": 40931, "wdn": -34, "wdt": -1, "wdd": 0, "wdv": -3, "tlv": "Maine"}