{"loc": "Lincoln", "iso": "US", "l1": "United States", "l2": "Louisiana", "lvl": 3, "pop": 46742, "key": 12427, "isd": true, "ppd": 35.608000000000004, "med": 38.3, "p65": 15.413, "p70": 9.732000000000001, "hos": 2.77, "exp": 78.86, "adr": 2.0, "amn": 119122.0, "amv": 1074040.0, "amd": 2097.0, "amt": 1712429.0, "tmn": [0, 0, 1112, 684, 641, 556, 1176, 0, 0, 1497, 278, 1305, 1069, 812, 0, 0, 1583, 470, 1176, 1133, 663], "tmv": [2051, 2364, 1193, 1200, 2288, 2155, 2600, 2160, 2477, 1419, 1374, 2201, 2622, 2492, 2548, 2348, 1615, 1875, 1986, 1986, 0], "tmd": [0, 0, 0, 0, 0, 0, 0, 0, 0, 22, 0, 0, 0, 0, 0, 0, 0, 22, 0, 22, 0], "wmn": 5028, "wmt": 49314, "wmd": 43, "wmv": 12361, "wdn": 1, "wdt": 20, "wdd": 100, "wdv": -16, "tlv": "Louisiana"}