{"loc": "Limestone", "iso": "US", "l1": "United States", "l2": "Texas", "lvl": 3, "pop": 23437, "key": 12420, "isd": true, "ppd": 35.608000000000004, "med": 38.3, "p65": 15.413, "p70": 9.732000000000001, "hos": 2.77, "exp": 78.86, "adr": 3.0, "amn": 114818.0, "amv": 490759.0, "amd": 3115.0, "amt": 738318.0, "tmn": [0, 42, 0, 85, 0, 42, -85, 0, 170, -170, 170, 170, 85, 0, 0, 384, 0, 0, 128, 0, 85], "tmv": [4118, 6135, 5026, 6980, 8171, 7842, 9493, 9226, 6156, 5181, 6849, 8594, 10257, 10611, 9961, 7133, 5431, 8106, 10192, 12065, 12389], "tmd": [0, 0, 0, 0, 0, 0, 43, 0, 0, 43, 43, 0, 0, 43, 0, 0, 43, 0, 0, 0, 0], "wmn": 598, "wmt": 13344, "wmd": 43, "wmv": 65281, "wdn": 40, "wdt": -4, "wdd": -67, "wdv": 15, "tlv": "Texas"}