{"loc": "Lincoln", "iso": "US", "l1": "United States", "l2": "Kentucky", "lvl": 3, "pop": 24549, "key": 12426, "isd": true, "ppd": 35.608000000000004, "med": 38.3, "p65": 15.413, "p70": 9.732000000000001, "hos": 2.77, "exp": 78.86, "adr": 2.0, "amn": 99067.0, "amv": 1023593.0, "amd": 2444.0, "amt": 1244559.0, "tmn": [0, 0, -40, 162, 40, 40, 0, 0, 0, 40, -81, -40, -40, 0, 0, 285, 122, 203, 122, 162, 0], "tmv": [3655, 3299, 2241, 4154, 4949, 1994, 3524, 1923, 0, 0, 1326, 2107, 1883, 1818, 1779, 1363, 1036, 1655, 1721, 1666, 1928], "tmd": [0, 0, 0, 0, 0, 0, 0, 0, 0, 0, 0, 0, 0, 0, 0, 41, 0, 0, 0, 0, 0], "wmn": 897, "wmt": 7577, "wmd": 41, "wmv": 11152, "wdn": -833, "wdt": 10, "wdd": 0, "wdv": 23, "tlv": "Kentucky"}