{"loc": "Lincoln", "iso": "US", "l1": "United States", "l2": "Idaho", "lvl": 3, "pop": 5366, "key": 12424, "isd": true, "ppd": 35.608000000000004, "med": 38.3, "p65": 15.413, "p70": 9.732000000000001, "hos": 2.77, "exp": 78.86, "adr": 2.0, "amn": 89825.0, "amv": 160515.0, "amd": 2050.0, "amt": 348254.0, "tmn": [931, 186, -186, 186, 0, 0, 372, 0, 186, 0, 0, 0, 0, 372, 0, 0, 186, 0, 0, 0, 0], "tmv": [3374, 4677, 5132, 5139, 4690, 3336, 1695, 3330, 4023, 4903, 6734, 6595, 3662, 2393, 4746, 4917, 6132, 6772, 6806, 0, 0], "tmd": [0, 0, 0, 0, 0, 0, 0, 0, 0, 0, 0, 0, 0, 0, 0, 0, 0, 0, 0, 0, 187], "wmn": 187, "wmt": 3964, "wmd": 187, "wmv": 29376, "wdn": -67, "wdt": -29, "wdd": 0, "wdv": -7, "tlv": "Idaho"}