{"loc": "Limestone", "iso": "US", "l1": "United States", "l2": "Texas", "lvl": 3, "pop": 23437, "key": 12420, "isd": true, "ppd": 35.608000000000004, "med": 38.3, "p65": 15.413, "p70": 9.732000000000001, "hos": 2.77, "exp": 78.86, "adr": 3.0, "amn": 146520.0, "amv": 1154115.0, "amd": 4096.0, "amt": 1075510.0, "tmn": [512, 1237, 298, 512, 384, 0, 512, 853, 512, 810, 1408, 341, 0, 2133, 768, 426, 341, 128, 170, 0, 1408], "tmv": [1966, 2813, 2807, 3250, 3257, 2889, 2103, 1988, 3241, 2538, 4249, 2950, 0, 0, 0, 2913, 2024, 2876, 2739, 2336, 0], "tmd": [0, 0, 0, 43, 0, 0, 0, 0, 43, 129, 43, 0, 0, 0, 0, 0, 43, 43, 0, 86, 43], "wmn": 3243, "wmt": 30752, "wmd": 214, "wmv": 12890, "wdn": -46, "wdt": -1, "wdd": 0, "wdv": -14, "tlv": "Texas"}