{"loc": "Lincoln", "iso": "US", "l1": "United States", "l2": "Kentucky", "lvl": 3, "pop": 24549, "key": 12426, "isd": true, "ppd": 35.608000000000004, "med": 38.3, "p65": 15.413, "p70": 9.732000000000001, "hos": 2.77, "exp": 78.86, "adr": 2.0, "amn": 130433.0, "amv": 1136653.0, "amd": 2607.0, "amt": 1411873.0, "tmn": [1629, 407, 1466, 1303, 936, 0, 0, 1344, 855, 1914, 896, 1099, 0, 0, 814, 2199, 1955, 936, 814, 0, 0], "tmv": [2605, 1830, 2139, 3106, 3068, 3187, 2953, 1851, 1966, 2813, 2807, 3250, 3257, 2889, 2103, 1988, 3241, 2538, 4249, 2950, 0], "tmd": [0, 0, 0, 0, 0, 0, 0, 41, 0, 41, 0, 0, 0, 0, 0, 0, 0, 0, 0, 0, 0], "wmn": 6722, "wmt": 40088, "wmd": 0, "wmv": 17074, "wdn": 10, "wdt": 21, "wdd": -100, "wdv": -9, "tlv": "Kentucky"}