{"loc": "Limestone", "iso": "US", "l1": "United States", "l2": "Texas", "lvl": 3, "pop": 23437, "key": 12420, "isd": true, "ppd": 35.608000000000004, "med": 38.3, "p65": 15.413, "p70": 9.732000000000001, "hos": 2.77, "exp": 78.86, "adr": 3.0, "amn": 149806.0, "amv": 1176126.0, "amd": 4309.0, "amt": 1111621.0, "tmn": [1408, 341, 0, 2133, 768, 426, 341, 128, 170, 0, 1408, 512, 426, 384, 341, 512, 0, 0, 256, 597, 256], "tmv": [4249, 2950, 0, 0, 0, 2913, 2024, 2876, 2739, 2336, 1790, 1886, 2554, 2257, 2903, 2781, 2047, 1978, 1647, 2163, 0], "tmd": [43, 0, 0, 0, 0, 0, 43, 43, 0, 86, 43, 43, 86, 0, 43, 43, 0, 0, 0, 0, 0], "wmn": 1963, "wmt": 24062, "wmd": 86, "wmv": 13523, "wdn": -35, "wdt": -16, "wdd": -71, "wdv": -18, "tlv": "Texas"}