{"loc": "Lincoln", "iso": "US", "l1": "United States", "l2": "Georgia", "lvl": 3, "pop": 7921, "key": 12423, "isd": true, "ppd": 35.608000000000004, "med": 38.3, "p65": 15.413, "p70": 9.732000000000001, "hos": 2.77, "exp": 78.86, "adr": 3.0, "amn": 92286.0, "amv": 194792.0, "amd": 2651.0, "amt": 666489.0, "tmn": [126, 378, 126, 0, 757, 126, 0, 252, 757, 126, 378, 0, 504, 378, 631, 126, 252, 252, 378, 378, 883], "tmv": [3330, 4023, 4903, 6734, 6595, 3662, 2393, 4746, 4917, 6132, 6772, 6806, 0, 0, 3221, 4419, 5606, 5173, 5466, 3298, 0], "tmd": [0, 127, 0, 127, 0, 0, 0, 0, 0, 0, 0, 0, 0, 0, 0, 0, 0, 253, 0, 0, 0], "wmn": 2904, "wmt": 17050, "wmd": 253, "wmv": 27187, "wdn": 21, "wdt": -2, "wdd": 0, "wdv": -7, "tlv": "Georgia"}