{"loc": "Lincoln", "iso": "US", "l1": "United States", "l2": "Montana", "lvl": 3, "pop": 19980, "key": 12432, "isd": true, "ppd": 35.608000000000004, "med": 38.3, "p65": 15.413, "p70": 9.732000000000001, "hos": 2.77, "exp": 78.86, "adr": 2.0, "amn": 136537.0, "amv": 1176126.0, "amd": 2152.0, "amt": 1669915.0, "tmn": [1801, 0, 0, 0, 4354, 750, 2802, 1251, 0, 0, 4654, 2102, 2902, 2352, 1651, 0, 0, 3103, 1451, 1251, 2502], "tmv": [4249, 2950, 0, 0, 0, 2913, 2024, 2876, 2739, 2336, 1790, 1886, 2554, 2257, 2903, 2781, 2047, 1978, 1647, 2163, 0], "tmd": [0, 0, 0, 0, 101, 0, 0, 51, 0, 0, 0, 51, 101, 0, 0, 0, 0, 0, 101, 151, 0], "wmn": 9960, "wmt": 50480, "wmd": 251, "wmv": 13523, "wdn": -25, "wdt": 5, "wdd": 25, "wdv": -18, "tlv": "Montana"}