{"loc": "Lincoln", "iso": "US", "l1": "United States", "l2": "Missouri", "lvl": 3, "pop": 59013, "key": 12431, "isd": true, "ppd": 35.608000000000004, "med": 38.3, "p65": 15.413, "p70": 9.732000000000001, "hos": 2.77, "exp": 78.86, "adr": 1.0, "amn": 108180.0, "amv": 1005306.0, "amd": 881.0, "amt": 941128.0, "tmn": [50, 50, 67, 16, 33, 135, 271, 254, 186, 33, 33, 67, 135, 152, 271, 237, 101, 118, 50, 84, 254], "tmv": [6234, 3276, 3244, 2575, 1851, 1965, 1967, 2474, 1554, 2803, 3655, 3299, 2241, 4154, 4949, 1994, 3524, 1923, 0, 0, 0], "tmd": [0, 0, 0, 0, 0, 17, 0, 0, 0, 0, 0, 0, 0, 0, 0, 0, 17, 0, 0, 0, 0], "wmn": 1119, "wmt": 8140, "wmd": 17, "wmv": 12392, "wdn": 29, "wdt": -7, "wdd": 0, "wdv": -39, "tlv": "Missouri"}