{"loc": "Lincoln", "iso": "US", "l1": "United States", "l2": "Wisconsin", "lvl": 3, "pop": 27593, "key": 12443, "isd": true, "ppd": 35.608000000000004, "med": 38.3, "p65": 15.413, "p70": 9.732000000000001, "hos": 2.77, "exp": 78.86, "adr": 3.0, "amn": 126699.0, "amv": 1121684.0, "amd": 3624.0, "amt": 1686328.0, "tmn": [471, 289, 144, 579, 0, 0, 181, 36, 543, 253, 434, 0, 0, 217, 833, 579, 398, 616, 0, 0, 434], "tmv": [1875, 1986, 1986, 2786, 3007, 2017, 2605, 1830, 2139, 3106, 3068, 3187, 2953, 1851, 1966, 2813, 2807, 3250, 3257, 2889, 2103], "tmd": [0, 0, 0, 0, 0, 0, 0, 0, 0, 0, 37, 0, 0, 0, 73, 0, 0, 0, 0, 0, 0], "wmn": 2864, "wmt": 25686, "wmd": 73, "wmv": 19089, "wdn": 93, "wdt": 18, "wdd": 100, "wdv": 5, "tlv": "Wisconsin"}