{"loc": "Lincoln", "iso": "US", "l1": "United States", "l2": "Washington", "lvl": 3, "pop": 10939, "key": 12441, "isd": true, "ppd": 35.608000000000004, "med": 38.3, "p65": 15.413, "p70": 9.732000000000001, "hos": 2.77, "exp": 78.86, "adr": 2.0, "amn": 71670.0, "amv": 1081852.0, "amd": 1097.0, "amt": 1191401.0, "tmn": [91, 182, 457, 548, 0, 0, 91, 548, 182, 182, 274, 0, 0, 365, 274, 1005, 914, 548, 0, 0, 1919], "tmv": [1200, 2288, 2155, 2600, 2160, 2477, 1419, 1374, 2201, 2622, 2492, 2548, 2348, 1615, 1875, 1986, 1986, 2786, 3007, 2017, 0], "tmd": [0, 0, 0, 0, 0, 0, 0, 0, 0, 0, 0, 0, 0, 0, 0, 0, 0, 0, 0, 0, 0], "wmn": 4663, "wmt": 18344, "wmd": 0, "wmv": 13660, "wdn": 200, "wdt": 33, "wdd": 0, "wdv": -10, "tlv": "Washington"}