{"loc": "Linn", "iso": "US", "l1": "United States", "l2": "Missouri", "lvl": 3, "pop": 11920, "key": 12447, "isd": true, "ppd": 35.608000000000004, "med": 38.3, "p65": 15.413, "p70": 9.732000000000001, "hos": 2.77, "exp": 78.86, "adr": 1.0, "amn": 149664.0, "amv": 1179384.0, "amd": 2013.0, "amt": 1132299.0, "tmn": [251, 0, 0, 167, 83, 0, 503, 419, 0, 0, 83, 0, 1174, 83, 0, 83, 0, 83, 167, -83, 251], "tmv": [2950, 0, 0, 0, 2913, 2024, 2876, 2739, 2336, 1790, 1886, 2554, 2257, 2903, 2781, 2047, 1978, 1647, 2163, 995, 2262], "tmd": [0, 0, 0, 0, 0, 0, 0, 0, 0, 0, 84, 0, 0, 0, 0, 0, 0, 0, 0, 0, 0], "wmn": 504, "wmt": 19720, "wmd": 0, "wmv": 13878, "wdn": -71, "wdt": -7, "wdd": -100, "wdv": -16, "tlv": "Missouri"}