{"loc": "Lincoln", "iso": "US", "l1": "United States", "l2": "Washington", "lvl": 3, "pop": 10939, "key": 12441, "isd": true, "ppd": 35.608000000000004, "med": 38.3, "p65": 15.413, "p70": 9.732000000000001, "hos": 2.77, "exp": 78.86, "adr": 1.0, "amn": 79166.0, "amv": 1104562.0, "amd": 1097.0, "amt": 1226500.0, "tmn": [182, 274, 0, 0, 365, 274, 1005, 914, 548, 0, 0, 1919, 914, 1005, 731, 639, 0, 0, 1828, 1279, 1096], "tmv": [2622, 2492, 2548, 2348, 1615, 1875, 1986, 1986, 2786, 3007, 2017, 2605, 1830, 2139, 3106, 3068, 3187, 2953, 1851, 1966, 0], "tmd": [0, 0, 0, 0, 0, 0, 0, 0, 0, 0, 0, 0, 0, 0, 0, 0, 0, 0, 0, 0, 0], "wmn": 5577, "wmt": 23157, "wmd": 0, "wmv": 16136, "wdn": 5, "wdt": 11, "wdd": 0, "wdv": -1, "tlv": "Washington"}