{"loc": "Lincoln", "iso": "US", "l1": "United States", "l2": "Wisconsin", "lvl": 3, "pop": 27593, "key": 12443, "isd": true, "ppd": 35.608000000000004, "med": 38.3, "p65": 15.413, "p70": 9.732000000000001, "hos": 2.77, "exp": 78.86, "adr": 3.0, "amn": 129598.0, "amv": 1136653.0, "amd": 3697.0, "amt": 1721485.0, "tmn": [543, 253, 434, 0, 0, 217, 833, 579, 398, 616, 0, 0, 434, 362, 326, 869, 579, 0, 0, 362, 398], "tmv": [2139, 3106, 3068, 3187, 2953, 1851, 1966, 2813, 2807, 3250, 3257, 2889, 2103, 1988, 3241, 2538, 4249, 2950, 0, 0, 0], "tmd": [0, 0, 37, 0, 0, 0, 73, 0, 0, 0, 0, 0, 0, 37, 37, 0, 0, 0, 0, 0, 0], "wmn": 2537, "wmt": 26265, "wmd": 37, "wmv": 12982, "wdn": 6, "wdt": 2, "wdd": 0, "wdv": -32, "tlv": "Wisconsin"}