{"loc": "Lincoln", "iso": "US", "l1": "United States", "l2": "Washington", "lvl": 3, "pop": 10939, "key": 12441, "isd": true, "ppd": 35.608000000000004, "med": 38.3, "p65": 15.413, "p70": 9.732000000000001, "hos": 2.77, "exp": 78.86, "adr": 2.0, "amn": 126611.0, "amv": 1263117.0, "amd": 2011.0, "amt": 1292525.0, "tmn": [548, 0, 0, 1371, 182, 365, 914, 548, 0, 0, 0, 1188, 182, 639, 548, 0, 0, 1005, 639, 731, 1371], "tmv": [3390, 3489, 0, 0, 0, 2411, 3257, 3418, 2659, 2485, 1614, 1945, 2278, 2491, 2890, 2710, 2395, 1993, 2154, 3467, 0], "tmd": [0, 0, 0, 0, 0, 0, 92, 0, 0, 0, 0, 183, 0, 0, 0, 0, 0, 92, 0, 0, 0], "wmn": 4297, "wmt": 0, "wmd": 92, "wmv": 15613, "wdn": 68, "wdt": 0, "wdd": -50, "wdv": -8, "tlv": "Washington"}