{"loc": "Little River", "iso": "US", "l1": "United States", "l2": "Arkansas", "lvl": 3, "pop": 12259, "key": 12453, "isd": true, "ppd": 35.608000000000004, "med": 38.3, "p65": 15.413, "p70": 9.732000000000001, "hos": 2.77, "exp": 78.86, "adr": 3.0, "amn": 110449.0, "amv": 1044330.0, "amd": 3508.0, "amt": 1089532.0, "tmn": [163, 0, 0, 163, 0, 407, 244, 244, 0, 0, 1060, 326, 897, 244, 326, 571, 244, 0, 326, 244, 571], "tmv": [1883, 1818, 1779, 1363, 1036, 1655, 1721, 1666, 1928, 1520, 1539, 740, 1856, 2005, 1821, 2051, 2364, 1193, 1200, 2288, 2155], "tmd": [0, 0, 0, 0, 0, 0, 0, 0, 0, 0, 0, 0, 0, 0, 0, 0, 0, 0, 0, 0, 0], "wmn": 2285, "wmt": 18234, "wmd": 0, "wmv": 13076, "wdn": -18, "wdt": 24, "wdd": 0, "wdv": 16, "tlv": "Arkansas"}