{"loc": "Livingston", "iso": "US", "l1": "United States", "l2": "Michigan", "lvl": 3, "pop": 191995, "key": 12458, "isd": true, "ppd": 35.608000000000004, "med": 38.3, "p65": 15.413, "p70": 9.732000000000001, "hos": 2.77, "exp": 78.86, "adr": 1.0, "amn": 120717.0, "amv": 1263117.0, "amd": 1250.0, "amt": 1728561.0, "tmn": [0, 1401, 0, 0, 1578, 0, 1536, 0, 1380, 0, 0, 1276, 0, 1218, 0, 921, 0, 0, 1031, 0, 1203], "tmv": [2661, 3390, 3489, 0, 0, 0, 2411, 3257, 3418, 2659, 2485, 1614, 1945, 2278, 2491, 2890, 2710, 2395, 1993, 2154, 3467], "tmd": [0, 32, 0, 0, 6, 0, 0, 0, 6, 0, 0, 6, 0, 27, 0, 16, 0, 0, 0, 0, 11], "wmn": 3157, "wmt": 25632, "wmd": 27, "wmv": 18105, "wdn": -19, "wdt": -8, "wdd": -29, "wdv": 3, "tlv": "Michigan"}