{"loc": "Livingston", "iso": "US", "l1": "United States", "l2": "Louisiana", "lvl": 3, "pop": 140789, "key": 12457, "isd": true, "ppd": 35.608000000000004, "med": 38.3, "p65": 15.413, "p70": 9.732000000000001, "hos": 2.77, "exp": 78.86, "adr": 1.0, "amn": 89055.0, "amv": 298070.0, "amd": 1335.0, "amt": 1239089.0, "tmn": [0, 504, 163, 518, 220, 120, 255, 0, 397, 21, 390, 170, 149, 63, 0, 163, 7, 184, 71, 71, 92], "tmv": [5173, 5466, 3298, 2593, 4349, 5491, 6616, 7139, 7375, 5050, 5255, 5793, 6168, 7391, 8814, 7404, 5275, 4864, 6157, 7535, 0], "tmd": [0, 15, 0, 0, 0, 8, 0, 0, 0, 15, 0, 0, 8, 8, 0, 0, 0, 0, 15, 8, 8], "wmn": 590, "wmt": 18527, "wmd": 29, "wmv": 40053, "wdn": -51, "wdt": -33, "wdd": 0, "wdv": -9, "tlv": "Louisiana"}