{"loc": "Livingston", "iso": "US", "l1": "United States", "l2": "Missouri", "lvl": 3, "pop": 15227, "key": 12459, "isd": true, "ppd": 35.608000000000004, "med": 38.3, "p65": 15.413, "p70": 9.732000000000001, "hos": 2.77, "exp": 78.86, "adr": 2.0, "amn": 150128.0, "amv": 0.0, "amd": 3481.0, "amt": 1015102.0, "tmn": [197, 459, 131, 131, 0, 65, 197, 131, 197, 197, 197, 0, 131, 525, 197, 262, 197, 65, -65, 131, 591], "tmv": [0, 0, 0, 0, 0, 0, 0, 0, 0, 0, 0, 0, 0, 0, 0, 0, 0, 0, 0, 0, 0], "tmd": [0, 0, 0, 0, 0, 0, 0, 0, 0, 0, 0, 0, 198, 0, 0, 0, 0, 0, 0, 132, 0], "wmn": 1380, "wmt": 17144, "wmd": 132, "wmv": 0, "wdn": 0, "wdt": 1, "wdd": -33, "wdv": 0, "tlv": "Missouri"}