{"loc": "Livingston", "iso": "US", "l1": "United States", "l2": "Missouri", "lvl": 3, "pop": 15227, "key": 12459, "isd": true, "ppd": 35.608000000000004, "med": 38.3, "p65": 15.413, "p70": 9.732000000000001, "hos": 2.77, "exp": 78.86, "adr": 2.0, "amn": 159322.0, "amv": 1121684.0, "amd": 3809.0, "amt": 1067338.0, "tmn": [591, 2692, 1510, 262, 131, 65, 459, 262, 328, 328, 197, 0, 65, 525, 197, 197, 459, 1050, 197, 131, 131], "tmv": [1986, 1986, 2786, 3007, 2017, 2605, 1830, 2139, 3106, 3068, 3187, 2953, 1851, 1966, 2813, 2807, 3250, 3257, 2889, 2103, 0], "tmd": [0, 0, 0, 0, 0, 0, 66, 0, 0, 0, 0, 0, 0, 132, 0, 0, 0, 0, 0, 0, 132], "wmn": 2365, "wmt": 17774, "wmd": 132, "wmv": 17122, "wdn": 38, "wdt": -2, "wdd": 0, "wdv": -6, "tlv": "Missouri"}