{"loc": "Livingston", "iso": "US", "l1": "United States", "l2": "Illinois", "lvl": 3, "pop": 35648, "key": 12455, "isd": true, "ppd": 35.608000000000004, "med": 38.3, "p65": 15.413, "p70": 9.732000000000001, "hos": 2.77, "exp": 78.86, "adr": 2.0, "amn": 138269.0, "amv": 1029249.0, "amd": 2581.0, "amt": 2086874.0, "tmn": [0, 0, 0, 0, 28, 28, 28, -28, 0, 0, 196, 0, -28, 0, 0, 0, 0, 168, 56, 0, 140], "tmv": [1994, 3524, 1923, 0, 0, 1326, 2107, 1883, 1818, 1779, 1363, 1036, 1655, 1721, 1666, 1928, 1520, 1539, 740, 1856, 0], "tmd": [29, 0, 0, 0, 0, 0, 0, 0, 0, 0, 0, 0, 0, 0, 0, 0, 0, 0, 0, 0, 0], "wmn": 365, "wmt": 17850, "wmd": 0, "wmv": 9252, "wdn": 160, "wdt": -1, "wdd": 0, "wdv": -18, "tlv": "Illinois"}