{"loc": "Livingston", "iso": "US", "l1": "United States", "l2": "Illinois", "lvl": 3, "pop": 35648, "key": 12455, "isd": true, "ppd": 35.608000000000004, "med": 38.3, "p65": 15.413, "p70": 9.732000000000001, "hos": 2.77, "exp": 78.86, "adr": 2.0, "amn": 137680.0, "amv": 1003454.0, "amd": 2581.0, "amt": 2041447.0, "tmn": [0, 56, -28, -28, 0, 0, 84, 28, 56, 28, 0, 0, 0, 112, 0, 28, 0, 0, 0, 0, 0], "tmv": [3766, 3121, 6234, 3276, 3244, 2575, 1851, 1965, 1967, 2474, 1554, 2803, 3655, 3299, 2241, 4154, 4949, 1994, 3524, 1923, 0], "tmd": [0, 0, 0, 0, 0, 0, 0, 0, 0, 0, 0, 0, 0, 0, 0, 0, 0, 29, 0, 0, 0], "wmn": 29, "wmt": 18508, "wmd": 29, "wmv": 18788, "wdn": -88, "wdt": -15, "wdd": 0, "wdv": 6, "tlv": "Illinois"}