{"loc": "Logan", "iso": "US", "l1": "United States", "l2": "Colorado", "lvl": 3, "pop": 22409, "key": 12463, "isd": true, "ppd": 35.608000000000004, "med": 38.3, "p65": 15.413, "p70": 9.732000000000001, "hos": 2.77, "exp": 78.86, "adr": 2.0, "amn": 202374.0, "amv": 1219607.0, "amd": 3525.0, "amt": 1992168.0, "tmn": [44, 89, 356, 0, 0, 1115, 356, 267, 178, 892, 0, 0, 847, 178, 490, 580, 178, 0, 0, 2097, 356], "tmv": [2163, 995, 2262, 2445, 2251, 1671, 0, 0, 2784, 2570, 2833, 3777, 2988, 2423, 2905, 2661, 3390, 3489, 0, 0, 0], "tmd": [0, 0, 45, 0, 0, 0, 0, 45, 0, 45, 0, 0, 134, 0, 0, 45, 0, 0, 0, 0, 0], "wmn": 3704, "wmt": 37652, "wmd": 45, "wmv": 12448, "wdn": 57, "wdt": 5, "wdd": -80, "wdv": -28, "tlv": "Colorado"}