{"loc": "Logan", "iso": "US", "l1": "United States", "l2": "Colorado", "lvl": 3, "pop": 22409, "key": 12463, "isd": true, "ppd": 35.608000000000004, "med": 38.3, "p65": 15.413, "p70": 9.732000000000001, "hos": 2.77, "exp": 78.86, "adr": 2.0, "amn": 180285.0, "amv": 949764.0, "amd": 3034.0, "amt": 1538001.0, "tmn": [89, 178, 89, 89, 0, 133, 0, 133, 44, 89, 44, -44, 89, 44, 178, 89, 44, 44, 0, 44, 178], "tmv": [4173, 4872, 3714, 0, 0, 1543, 2452, 4248, 3485, 4157, 3682, 3252, 2518, 2835, 2495, 4865, 3672, 4016, 3766, 3121, 0], "tmd": [0, 0, 0, 0, 0, 0, 0, 0, 0, 0, 0, 0, 0, 0, 0, 0, 0, 0, 0, 0, 0], "wmn": 581, "wmt": 18706, "wmd": 0, "wmv": 21938, "wdn": 44, "wdt": -19, "wdd": 0, "wdv": -9, "tlv": "Colorado"}