{"loc": "Logan", "iso": "US", "l1": "United States", "l2": "Colorado", "lvl": 3, "pop": 22409, "key": 12463, "isd": true, "ppd": 35.608000000000004, "med": 38.3, "p65": 15.413, "p70": 9.732000000000001, "hos": 2.77, "exp": 78.86, "adr": 2.0, "amn": 164711.0, "amv": 153709.0, "amd": 2856.0, "amt": 1016188.0, "tmn": [490, 223, 981, 223, 223, 223, 178, 223, 178, 490, 401, 89, 0, 356, 89, 223, 89, 356, 133, 223, 133], "tmv": [2687, 2448, 3374, 4677, 5132, 5139, 4690, 3336, 1695, 3330, 4023, 4903, 6734, 6595, 3662, 2393, 4746, 4917, 6132, 6772, 0], "tmd": [0, 0, 0, 0, 45, 45, 0, 0, 0, 0, 0, 45, 0, 45, 0, 45, -44, 0, 45, 45, 0], "wmn": 1250, "wmt": 34457, "wmd": 90, "wmv": 28625, "wdn": -28, "wdt": -2, "wdd": 0, "wdv": -7, "tlv": "Colorado"}