{"loc": "Llano", "iso": "US", "l1": "United States", "l2": "Texas", "lvl": 3, "pop": 21795, "key": 12461, "isd": true, "ppd": 35.608000000000004, "med": 38.3, "p65": 15.413, "p70": 9.732000000000001, "hos": 2.77, "exp": 78.86, "adr": 3.0, "amn": 120578.0, "amv": 1303449.0, "amd": 3349.0, "amt": 1222797.0, "tmn": [0, 367, 137, 321, 137, 137, 137, 0, 412, 45, 91, 0, 183, 137, 0, 275, 183, 45, 0, 0, 458], "tmv": [780, 2376, 2334, 2342, 2403, 3887, 2378, 1359, 4316, 4363, 4502, 4400, 4864, 2267, 1210, 3657, 3104, 3335, 2510, 342, 0], "tmd": [0, 0, 0, 0, 0, 0, 46, 0, 0, 0, 46, 0, 0, 0, 0, 0, 0, 0, 0, 0, 0], "wmn": 964, "wmt": 14430, "wmd": 0, "wmv": 14161, "wdn": 11, "wdt": -8, "wdd": -100, "wdv": -46, "tlv": "Texas"}