{"loc": "Logan", "iso": "US", "l1": "United States", "l2": "Kentucky", "lvl": 3, "pop": 27102, "key": 12466, "isd": true, "ppd": 35.608000000000004, "med": 38.3, "p65": 15.413, "p70": 9.732000000000001, "hos": 2.77, "exp": 78.86, "adr": 2.0, "amn": 141097.0, "amv": 1107375.0, "amd": 2804.0, "amt": 1360829.0, "tmn": [1623, 0, 0, 2767, 774, 553, 1697, 1881, 0, 0, 2804, 221, 1033, 2140, 1217, 0, 0, 2066, 885, 1623, 1881], "tmv": [2492, 2548, 2348, 1615, 1875, 1986, 1986, 2786, 3007, 2017, 2605, 1830, 2139, 3106, 3068, 3187, 2953, 1851, 1966, 2813, 0], "tmd": [0, 0, 0, 0, 0, 0, 0, 0, 0, 0, 0, 0, 0, 0, 0, 0, 0, 37, 0, 37, 0], "wmn": 7675, "wmt": 33073, "wmd": 74, "wmv": 15842, "wdn": -5, "wdt": 22, "wdd": 0, "wdv": -9, "tlv": "Kentucky"}