{"loc": "Logan", "iso": "US", "l1": "United States", "l2": "Arkansas", "lvl": 3, "pop": 21466, "key": 12462, "isd": true, "ppd": 35.608000000000004, "med": 38.3, "p65": 15.413, "p70": 9.732000000000001, "hos": 2.77, "exp": 78.86, "adr": 1.0, "amn": 164306.0, "amv": 1212726.0, "amd": 1724.0, "amt": 1313827.0, "tmn": [326, 139, 139, 512, 419, 419, 745, 419, 139, 46, 419, 512, 419, 0, 1071, 139, 46, 186, 698, 885, 652], "tmv": [2781, 2047, 1978, 1647, 2163, 995, 2262, 2445, 2251, 1671, 0, 0, 2784, 2570, 2833, 3777, 2988, 2423, 2905, 2661, 0], "tmd": [0, 0, 0, 0, 0, 0, 0, 0, 0, 0, 0, 0, 0, 0, 94, 0, 0, 47, 0, 0, 0], "wmn": 3681, "wmt": 18048, "wmd": 140, "wmv": 17591, "wdn": 88, "wdt": 10, "wdd": 0, "wdv": 50, "tlv": "Arkansas"}