{"loc": "Lohardaga", "iso": "IN", "l1": "India", "l2": "Jharkhand", "lvl": 3, "pop": 461738, "key": 12472, "isd": true, "ppd": 450.41900000000004, "med": 28.2, "p65": 5.989, "p70": 3.4139999999999997, "hos": 0.53, "exp": 69.66, "adr": 1.0, "amn": 12732.0, "amv": 131554.0, "amd": 160.0, "amt": 199327.0, "tmn": [357, 194, 353, 1035, 281, 262, 309, 307, 227, 236, 359, 706, 227, 372, 158, 337, 255, 134, 134, 82, 203], "tmv": [0, 2420, 1705, 1575, 1605, 1977, 1179, 424, 1355, 1209, 1580, 1936, 1874, 1669, 587, 2024, 2002, 1581, 1678, 930, 1375], "tmd": [3, 11, 3, 0, 3, 13, 5, 9, 5, 3, 20, 7, 5, 9, 3, 3, 9, 5, 5, 0, 7], "wmn": 1306, "wmt": 10527, "wmd": 29, "wmv": 10182, "wdn": -46, "wdt": 22, "wdd": -48, "wdv": 1, "tlv": "Jharkhand"}