{"loc": "Lonoke", "iso": "US", "l1": "United States", "l2": "Arkansas", "lvl": 3, "pop": 73309, "key": 12479, "isd": true, "ppd": 35.608000000000004, "med": 38.3, "p65": 15.413, "p70": 9.732000000000001, "hos": 2.77, "exp": 78.86, "adr": 1.0, "amn": 141947.0, "amv": 1107375.0, "amd": 2060.0, "amt": 1183182.0, "tmn": [1118, 927, 491, 422, 913, 1145, 450, 832, 600, 886, 341, 736, 873, 1063, 900, 750, 504, 463, 1145, 804, 682], "tmv": [2492, 2548, 2348, 1615, 1875, 1986, 1986, 2786, 3007, 2017, 2605, 1830, 2139, 3106, 3068, 3187, 2953, 1851, 1966, 2813, 0], "tmd": [0, 14, 0, 28, 0, 0, 28, 0, 0, 14, 0, 14, 0, 0, 14, 0, 14, 28, 28, 0, 0], "wmn": 5252, "wmt": 26045, "wmd": 82, "wmv": 15842, "wdn": -2, "wdt": 13, "wdd": 200, "wdv": -9, "tlv": "Arkansas"}