{"loc": "Logan", "iso": "US", "l1": "United States", "l2": "West Virginia", "lvl": 3, "pop": 32019, "key": 12471, "isd": true, "ppd": 35.608000000000004, "med": 38.3, "p65": 15.413, "p70": 9.732000000000001, "hos": 2.77, "exp": 78.86, "adr": 3.0, "amn": 178863.0, "amv": 1393875.0, "amd": 4560.0, "amt": 2560515.0, "tmn": [468, 468, 624, 530, 187, 218, 374, 437, 437, 687, 156, 249, 249, 905, 374, 0, 0, 0, 0, 1748, 468], "tmv": [4933, 4463, 5576, 3317, 1660, 4353, 4663, 4819, 4832, 5563, 3334, 1728, 4724, 4234, 2965, 50, 2434, 1138, 149, 0, 0], "tmd": [32, 0, 0, 0, 0, 0, 0, 0, 0, 0, 0, 0, 32, 63, 32, 0, 0, 0, 0, 63, 0], "wmn": 2593, "wmt": 29754, "wmd": 94, "wmv": 6738, "wdn": -17, "wdt": -26, "wdd": 0, "wdv": -77, "tlv": "West Virginia"}