{"loc": "Logan", "iso": "US", "l1": "United States", "l2": "Oklahoma", "lvl": 3, "pop": 48011, "key": 12470, "isd": true, "ppd": 35.608000000000004, "med": 38.3, "p65": 15.413, "p70": 9.732000000000001, "hos": 2.77, "exp": 78.86, "adr": 1.0, "amn": 79898.0, "amv": 153709.0, "amd": 542.0, "amt": 851951.0, "tmn": [437, 229, 687, 270, 374, 395, 604, 312, 124, 416, 687, 458, 312, 437, 104, 187, 604, 458, 166, 145, 145], "tmv": [2687, 2448, 3374, 4677, 5132, 5139, 4690, 3336, 1695, 3330, 4023, 4903, 6734, 6595, 3662, 2393, 4746, 4917, 6132, 6772, 0], "tmd": [21, 0, 0, 0, 0, 0, 0, 0, 0, 0, 0, 0, 42, 21, 0, 0, 0, 0, 0, 0, 0], "wmn": 1813, "wmt": 19626, "wmd": 0, "wmv": 28625, "wdn": -34, "wdt": -29, "wdd": -100, "wdv": -7, "tlv": "Oklahoma"}