{"loc": "Logan", "iso": "US", "l1": "United States", "l2": "West Virginia", "lvl": 3, "pop": 32019, "key": 12471, "isd": true, "ppd": 35.608000000000004, "med": 38.3, "p65": 15.413, "p70": 9.732000000000001, "hos": 2.77, "exp": 78.86, "adr": 3.0, "amn": 102252.0, "amv": 955999.0, "amd": 2998.0, "amt": 1675091.0, "tmn": [0, 0, 0, 374, 124, 124, 31, 0, 0, 530, 93, 187, 218, 31, 0, 0, 124, 31, 93, 93, 0], "tmv": [4872, 3714, 0, 0, 1543, 2452, 4248, 3485, 4157, 3682, 3252, 2518, 2835, 2495, 4865, 3672, 4016, 3766, 3121, 6234, 0], "tmd": [0, 0, 0, 0, 0, 0, 0, 0, 0, 0, 0, 0, 0, 0, 0, 0, 0, 32, 0, 0, 0], "wmn": 344, "wmt": -3026, "wmd": 32, "wmv": 25677, "wdn": -68, "wdt": -116, "wdd": 0, "wdv": 14, "tlv": "West Virginia"}