{"loc": "Los Angeles", "iso": "US", "l1": "United States", "l2": "California", "lvl": 3, "pop": 10039107, "key": 12483, "isd": true, "ppd": 35.608000000000004, "med": 38.3, "p65": 15.413, "p70": 9.732000000000001, "hos": 2.77, "exp": 78.86, "adr": 2.0, "amn": 138326.0, "amv": 1102595.0, "amd": 2502.0, "amt": 2010294.0, "tmn": [367, 400, 380, 383, 300, 316, 274, 303, 379, 368, 416, 333, 269, 316, 363, 293, 1364, 384, 276, 258, 287], "tmv": [2201, 2622, 2492, 2548, 2348, 1615, 1875, 1986, 1986, 2786, 3007, 2017, 2605, 1830, 2139, 3106, 3068, 3187, 2953, 1851, 0], "tmd": [2, 2, 2, 2, 2, 1, 2, 3, 3, 2, 2, 2, 1, 2, 4, 4, 3, 3, 2, 1, 3], "wmn": 3230, "wmt": 52052, "wmd": 19, "wmv": 16308, "wdn": 35, "wdt": 20, "wdd": 41, "wdv": 1, "tlv": "California"}