{"loc": "Los Angeles", "iso": "US", "l1": "United States", "l2": "California", "lvl": 3, "pop": 10039107, "key": 12483, "isd": true, "ppd": 35.608000000000004, "med": 38.3, "p65": 15.413, "p70": 9.732000000000001, "hos": 2.77, "exp": 78.86, "adr": 2.0, "amn": 120856.0, "amv": 359108.0, "amd": 2263.0, "amt": 1305968.0, "tmn": [165, 102, 102, 137, 167, 215, 194, 173, 127, 86, 130, 140, 127, 181, -18, 60, 39, 29, 77, 90, 63], "tmv": [7139, 7375, 5050, 5255, 5793, 6168, 7391, 8814, 7404, 5275, 4864, 6157, 7535, 8875, 13887, 4118, 6135, 5026, 6980, 8171, 7842], "tmd": [9, 11, 4, 11, 11, 11, 14, 10, 2, 2, 7, 12, 11, 9, 5, 3, 1, 5, 6, 9, 6], "wmn": 343, "wmt": 32536, "wmd": 32, "wmv": 52163, "wdn": -65, "wdt": 26, "wdd": -36, "wdv": 7, "tlv": "California"}