{"loc": "Louisiana", "iso": "US", "l1": "United States", "l2": "Louisiana", "lvl": 2, "pop": 4648794, "key": 12490, "isd": true, "ppd": 35.608000000000004, "med": 38.3, "p65": 15.413, "p70": 9.732000000000001, "hos": 2.77, "exp": 78.86, "adr": 2.0, "amn": 90431.0, "amv": 160515.0, "amd": 2006.0, "amt": 1149932.0, "tmn": [829, 536, 509, 0, 720, 207, 559, 439, 593, 186, 0, 419, 253, 293, 71, 586, 251, 0, 280, 108, 0], "tmv": [3374, 4677, 5132, 5139, 4690, 3336, 1695, 3330, 4023, 4903, 6734, 6595, 3662, 2393, 4746, 4917, 6132, 6772, 6806, 0, 0], "tmd": [15, 12, 13, 0, 13, 12, 9, 12, 9, 7, 0, 10, 5, 5, 11, 6, 8, 0, 4, 8, 0], "wmn": 1300, "wmt": 26087, "wmd": 36, "wmv": 29376, "wdn": -41, "wdt": -25, "wdd": -22, "wdv": -7, "tlv": "Louisiana"}