{"loc": "Lowndes", "iso": "US", "l1": "United States", "l2": "Georgia", "lvl": 3, "pop": 117406, "key": 12498, "isd": true, "ppd": 35.608000000000004, "med": 38.3, "p65": 15.413, "p70": 9.732000000000001, "hos": 2.77, "exp": 78.86, "adr": 1.0, "amn": 172061.0, "amv": 1160346.0, "amd": 2249.0, "amt": 1042687.0, "tmn": [1754, 0, 0, 2410, 1754, 1286, 1030, 1303, 0, 0, 0, 2887, 545, 596, 732, 0, 0, 579, 2674, 562, 451], "tmv": [3250, 3257, 2889, 2103, 1988, 3241, 2538, 4249, 2950, 0, 0, 0, 2913, 2024, 2876, 2739, 2336, 1790, 1886, 2554, 0], "tmd": [0, 0, 0, 18, 43, 9, 26, 18, 0, 0, 0, 35, 0, 35, 60, 0, 0, 9, 35, 26, 18], "wmn": 5000, "wmt": 23978, "wmd": 145, "wmv": 14183, "wdn": -6, "wdt": -13, "wdd": 70, "wdv": 17, "tlv": "Georgia"}