{"loc": "Lowndes", "iso": "US", "l1": "United States", "l2": "Mississippi", "lvl": 3, "pop": 58595, "key": 12499, "isd": true, "ppd": 35.608000000000004, "med": 38.3, "p65": 15.413, "p70": 9.732000000000001, "hos": 2.77, "exp": 78.86, "adr": 2.0, "amn": 195307.0, "amv": 1469622.0, "amd": 3345.0, "amt": 906541.0, "tmn": [170, 102, 0, 0, 0, 0, 324, 153, 221, 358, 153, 0, 0, 511, 238, 119, 204, 187, 0, 0, 221], "tmv": [5133, 3959, 70, 3467, 2554, 1688, 4748, 5430, 6005, 6047, 6744, 4092, 2038, 5038, 5187, 5041, 4530, 2968, 283, 0, 0], "tmd": [0, 0, 0, 0, 0, 0, 0, 0, 0, 0, 0, 0, 0, 0, 0, 35, 0, 0, 0, 0, 18], "wmn": 973, "wmt": 8576, "wmd": 52, "wmv": 18013, "wdn": -30, "wdt": 50, "wdd": 0, "wdv": -49, "tlv": "Mississippi"}