{"loc": "Lowndes", "iso": "US", "l1": "United States", "l2": "Alabama", "lvl": 3, "pop": 9726, "key": 12497, "isd": true, "ppd": 35.608000000000004, "med": 38.3, "p65": 15.413, "p70": 9.732000000000001, "hos": 2.77, "exp": 78.86, "adr": 4.0, "amn": 149907.0, "amv": 1051569.0, "amd": 5655.0, "amt": 562193.0, "tmn": [0, 0, 102, 0, 411, 205, 0, 0, 0, 205, 308, 102, 102, 308, 205, 0, 0, 0, 514, 102, 411], "tmv": [1036, 1655, 1721, 1666, 1928, 1520, 1539, 740, 1856, 2005, 1821, 2051, 2364, 1193, 1200, 2288, 2155, 2600, 2160, 2477, 0], "tmd": [0, 0, 0, 0, 0, 0, 0, 0, 0, 0, 0, 0, 0, 0, 0, 0, 0, 0, 103, 0, 0], "wmn": 1234, "wmt": 2808, "wmd": 103, "wmv": 12884, "wdn": 20, "wdt": -45, "wdd": 0, "wdv": 7, "tlv": "Alabama"}