{"loc": "Lower Dibang Valley", "iso": "IN", "l1": "India", "l2": "Arunachal Pradesh", "lvl": 3, "pop": 53986, "key": 12494, "isd": true, "ppd": 450.41900000000004, "med": 28.2, "p65": 5.989, "p70": 3.4139999999999997, "hos": 0.53, "exp": 69.66, "adr": 0.0, "amn": 9354.0, "amv": 82966.0, "amd": 0.0, "amt": 266483.0, "tmn": [18, 37, 0, 0, 0, 0, 0, 0, 0, 0, 18, 0, 37, 129, 37, 18, 0, 74, 92, 37, 55], "tmv": [1887, 1565, 188, 422, 1406, 1495, 2660, 3090, 2119, 2264, 2902, 2874, 2261, 2996, 2710, 2550, 2125, 2901, 1917, 2401, 0], "tmd": [0, 0, 0, 0, 0, 0, 0, 0, 0, 0, 0, 0, 0, 0, 0, 0, 0, 0, 0, 0, 0], "wmn": 315, "wmt": 1564, "wmd": 0, "wmv": 14608, "wdn": 70, "wdt": 31, "wdd": 0, "wdv": -21, "tlv": "Arunachal Pradesh"}