{"loc": "Lowndes", "iso": "US", "l1": "United States", "l2": "Alabama", "lvl": 3, "pop": 9726, "key": 12497, "isd": true, "ppd": 35.608000000000004, "med": 38.3, "p65": 15.413, "p70": 9.732000000000001, "hos": 2.77, "exp": 78.86, "adr": 4.0, "amn": 139317.0, "amv": 359108.0, "amd": 5346.0, "amt": 482869.0, "tmn": [102, 205, 102, 102, 1336, 205, 102, 308, 0, 205, 411, 102, 0, 0, 102, 308, 822, 205, 102, 0, 205], "tmv": [7139, 7375, 5050, 5255, 5793, 6168, 7391, 8814, 7404, 5275, 4864, 6157, 7535, 8875, 13887, 4118, 6135, 5026, 6980, 8171, 7842], "tmd": [206, 0, 0, 0, 0, 0, 0, 0, 0, 0, 0, 0, 0, 103, 0, 0, 0, 0, 0, 0, 0], "wmn": 1748, "wmt": 6150, "wmd": 0, "wmv": 52163, "wdn": 70, "wdt": 41, "wdd": -100, "wdv": 7, "tlv": "Alabama"}