{"loc": "Lucas", "iso": "US", "l1": "United States", "l2": "Ohio", "lvl": 3, "pop": 428348, "key": 12502, "isd": true, "ppd": 35.608000000000004, "med": 38.3, "p65": 15.413, "p70": 9.732000000000001, "hos": 2.77, "exp": 78.86, "adr": 2.0, "amn": 136422.0, "amv": 1314721.0, "amd": 2279.0, "amt": 1494015.0, "tmn": [387, 324, 359, 294, 322, 147, 331, 317, 224, 336, 291, 235, 177, 291, 378, 361, 361, 212, 371, 193, 343], "tmv": [2351, 2413, 3899, 2384, 1362, 4330, 4389, 4534, 4456, 4953, 2304, 1233, 3937, 4025, 4080, 4142, 4614, 1985, 454, 175, 0], "tmd": [3, 0, 3, 3, 3, 0, 8, 3, 0, 0, 0, 3, 0, 0, 0, 0, 0, 0, 0, 0, 24], "wmn": 2223, "wmt": 17043, "wmd": 24, "wmv": 15454, "wdn": 19, "wdt": 0, "wdd": 400, "wdv": -39, "tlv": "Ohio"}