{"loc": "Lucas", "iso": "US", "l1": "United States", "l2": "Ohio", "lvl": 3, "pop": 428348, "key": 12502, "isd": true, "ppd": 35.608000000000004, "med": 38.3, "p65": 15.413, "p70": 9.732000000000001, "hos": 2.77, "exp": 78.86, "adr": 2.0, "amn": 91293.0, "amv": 556863.0, "amd": 1767.0, "amt": 964095.0, "tmn": [79, 135, 203, 249, 179, 403, 259, 210, 193, 361, 268, 331, 315, 259, 0, 415, 198, 289, 282, 373, 361], "tmv": [9226, 6156, 5181, 6849, 8594, 10257, 10611, 9961, 7133, 5431, 8106, 10192, 12065, 12389, 10214, 6477, 4262, 8755, 10329, 12013, 14052], "tmd": [0, 0, 0, 0, 0, 0, 0, 0, 0, 0, 0, 0, 0, 0, 0, 0, 0, 0, 0, 12, 0], "wmn": 1922, "wmt": 17795, "wmd": 12, "wmv": 66105, "wdn": -1, "wdt": 0, "wdd": 0, "wdv": 1, "tlv": "Ohio"}