{"loc": "Lubbock", "iso": "US", "l1": "United States", "l2": "Texas", "lvl": 3, "pop": 310569, "key": 12500, "isd": true, "ppd": 35.608000000000004, "med": 38.3, "p65": 15.413, "p70": 9.732000000000001, "hos": 2.77, "exp": 78.86, "adr": 1.0, "amn": 206302.0, "amv": 1204735.0, "amd": 3020.0, "amt": 1147816.0, "tmn": [827, 830, 1252, 737, 0, 0, 1036, 775, 396, 576, 511, 0, 0, 859, 383, 405, 444, 318, 0, 0, 624], "tmv": [2554, 2257, 2903, 2781, 2047, 1978, 1647, 2163, 995, 2262, 2445, 2251, 1671, 0, 0, 2784, 2570, 2833, 3777, 2988, 0], "tmd": [10, 13, 20, 4, 0, 0, 17, 4, 33, 7, 7, 4, 0, 13, 7, 7, 7, 7, 17, 4, 13], "wmn": 2177, "wmt": 19866, "wmd": 58, "wmv": 14955, "wdn": -30, "wdt": -11, "wdd": -10, "wdv": 27, "tlv": "Texas"}