{"loc": "Lucas", "iso": "US", "l1": "United States", "l2": "Ohio", "lvl": 3, "pop": 428348, "key": 12502, "isd": true, "ppd": 35.608000000000004, "med": 38.3, "p65": 15.413, "p70": 9.732000000000001, "hos": 2.77, "exp": 78.86, "adr": 2.0, "amn": 80465.0, "amv": 180853.0, "amd": 1756.0, "amt": 834175.0, "tmn": [247, 256, 245, 284, 305, 256, 275, 189, 133, 217, 235, 226, 268, 200, 175, 86, 109, 121, 161, 245, 277], "tmv": [4690, 3336, 1695, 3330, 4023, 4903, 6734, 6595, 3662, 2393, 4746, 4917, 6132, 6772, 6806, 0, 0, 3221, 4419, 5606, 0], "tmd": [10, 8, 8, 5, 3, 0, 3, 3, 3, 5, 0, 0, 0, 0, 0, 0, 0, 5, 3, 3, 8], "wmn": 1177, "wmt": 16338, "wmd": 17, "wmv": 20055, "wdn": -20, "wdt": -23, "wdd": 75, "wdv": -43, "tlv": "Ohio"}