{"loc": "Luzerne", "iso": "US", "l1": "United States", "l2": "Pennsylvania", "lvl": 3, "pop": 317417, "key": 12514, "isd": true, "ppd": 35.608000000000004, "med": 38.3, "p65": 15.413, "p70": 9.732000000000001, "hos": 2.77, "exp": 78.86, "adr": 3.0, "amn": 77932.0, "amv": 201735.0, "amd": 2281.0, "amt": 800264.0, "tmn": [352, 400, 340, 236, 189, 252, 261, 179, 387, 223, 119, 223, 245, 170, 217, 236, 138, 119, 157, 229, 223], "tmv": [4903, 6734, 6595, 3662, 2393, 4746, 4917, 6132, 6772, 6806, 0, 0, 3221, 4419, 5606, 5173, 5466, 3298, 2593, 4349, 0], "tmd": [23, 23, 26, 0, 10, 23, 16, 19, 10, 10, 4, 4, 26, 10, 4, 10, 4, 0, 19, 7, 7], "wmn": 1324, "wmt": 19817, "wmd": 48, "wmv": 26489, "wdn": -15, "wdt": -17, "wdd": -40, "wdv": -3, "tlv": "Pennsylvania"}