{"loc": "Lycoming", "iso": "US", "l1": "United States", "l2": "Pennsylvania", "lvl": 3, "pop": 113299, "key": 12516, "isd": true, "ppd": 35.608000000000004, "med": 38.3, "p65": 15.413, "p70": 9.732000000000001, "hos": 2.77, "exp": 78.86, "adr": 2.0, "amn": 109260.0, "amv": 1100743.0, "amd": 2657.0, "amt": 1217605.0, "tmn": [158, 114, 141, 88, 105, 0, 176, 123, 123, 229, 79, 114, 132, 52, 132, 88, 291, 150, 238, 264, 158], "tmv": [1374, 2201, 2622, 2492, 2548, 2348, 1615, 1875, 1986, 1986, 2786, 3007, 2017, 2605, 1830, 2139, 3106, 3068, 3187, 2953, 0], "tmd": [9, 0, 0, 0, 0, 0, 0, 0, 9, 0, 0, 0, 0, 0, 0, 0, 0, 0, 9, 0, 0], "wmn": 1324, "wmt": 16388, "wmd": 9, "wmv": 16287, "wdn": 55, "wdt": 18, "wdd": 0, "wdv": 0, "tlv": "Pennsylvania"}