{"loc": "Macon", "iso": "US", "l1": "United States", "l2": "Alabama", "lvl": 3, "pop": 18068, "key": 12529, "isd": true, "ppd": 35.608000000000004, "med": 38.3, "p65": 15.413, "p70": 9.732000000000001, "hos": 2.77, "exp": 78.86, "adr": 3.0, "amn": 134049.0, "amv": 1283911.0, "amd": 3487.0, "amt": 1235879.0, "tmn": [221, 276, 442, -55, 110, 0, 276, 276, 332, 996, 276, 110, 0, 387, 2435, 940, 0, 55, 55, 166, 55], "tmv": [2552, 2575, 2955, 1399, 770, 2354, 2306, 2307, 2345, 3781, 2315, 1328, 4158, 4126, 4122, 3797, 3784, 1119, 91, 0, 0], "tmd": [0, 56, 0, 0, 0, 0, 0, 56, 0, 0, 0, 0, 0, 0, 0, 0, 0, 0, 0, 0, 0], "wmn": 3709, "wmt": 12293, "wmd": 0, "wmv": 12915, "wdn": 56, "wdt": 1, "wdd": -100, "wdv": -37, "tlv": "Alabama"}