{"loc": "Lyon", "iso": "US", "l1": "United States", "l2": "Minnesota", "lvl": 3, "pop": 25474, "key": 12523, "isd": true, "ppd": 35.608000000000004, "med": 38.3, "p65": 15.413, "p70": 9.732000000000001, "hos": 2.77, "exp": 78.86, "adr": 1.0, "amn": 123538.0, "amv": 279512.0, "amd": 1806.0, "amt": 1267258.0, "tmn": [0, 39, 0, 117, 0, 78, 0, 78, 0, 157, 196, 196, 39, 0, 235, 0, 78, 0, 78, 0, 274], "tmv": [3221, 4419, 5606, 5173, 5466, 3298, 2593, 4349, 5491, 6616, 7139, 7375, 5050, 5255, 5793, 6168, 7391, 8814, 7404, 5275, 0], "tmd": [0, 0, 0, 0, 0, 0, 0, 0, 0, 0, 40, 0, 0, 0, 0, 0, 0, 40, 0, 0, 40], "wmn": 668, "wmt": 35974, "wmd": 79, "wmv": 40849, "wdn": 0, "wdt": 23, "wdd": 100, "wdv": -1, "tlv": "Minnesota"}