{"loc": "Lyon", "iso": "US", "l1": "United States", "l2": "Kansas", "lvl": 3, "pop": 33195, "key": 12521, "isd": true, "ppd": 35.608000000000004, "med": 38.3, "p65": 15.413, "p70": 9.732000000000001, "hos": 2.77, "exp": 78.86, "adr": 2.0, "amn": 158126.0, "amv": 1204735.0, "amd": 2741.0, "amt": 603723.0, "tmn": [1355, 0, 1205, 0, 0, 723, 0, 632, 0, 1084, 0, 0, 572, 0, 572, 0, 542, 0, 0, 662, 0], "tmv": [2554, 2257, 2903, 2781, 2047, 1978, 1647, 2163, 995, 2262, 2445, 2251, 1671, 0, 0, 2784, 2570, 2833, 3777, 2988, 0], "tmd": [31, 0, 0, 0, 0, 0, 0, 0, 0, 31, 0, 0, 0, 0, 0, 0, 0, 0, 0, 0, 0], "wmn": 1778, "wmt": 7713, "wmd": 0, "wmv": 14955, "wdn": -22, "wdt": -13, "wdd": -100, "wdv": 27, "tlv": "Kansas"}