{"loc": "Mackinac", "iso": "US", "l1": "United States", "l2": "Michigan", "lvl": 3, "pop": 10799, "key": 12527, "isd": true, "ppd": 35.608000000000004, "med": 38.3, "p65": 15.413, "p70": 9.732000000000001, "hos": 2.77, "exp": 78.86, "adr": 1.0, "amn": 57413.0, "amv": 749030.0, "amd": 370.0, "amt": 1293199.0, "tmn": [648, 740, 277, 555, 277, 0, 185, 648, 0, 555, 185, 185, 0, 555, 555, 277, 277, 185, 92, 0, 92], "tmv": [7863, 7615, 10699, 12037, 10893, 10729, 6600, 5484, 7781, 9092, 10242, 10071, 9169, 6395, 4975, 6773, 8259, 8496, 10027, 6458, 3608], "tmd": [0, 0, 0, 0, 0, 0, 0, 0, 0, 0, 0, 0, 0, 0, 0, 0, 93, -92, 0, 0, 0], "wmn": 1482, "wmt": 29132, "wmd": 0, "wmv": 48600, "wdn": -30, "wdt": -11, "wdd": 0, "wdv": -17, "tlv": "Michigan"}