{"loc": "Macon", "iso": "US", "l1": "United States", "l2": "Missouri", "lvl": 3, "pop": 15117, "key": 12532, "isd": true, "ppd": 35.608000000000004, "med": 38.3, "p65": 15.413, "p70": 9.732000000000001, "hos": 2.77, "exp": 78.86, "adr": 1.0, "amn": 110075.0, "amv": 1008740.0, "amd": 1191.0, "amt": 942527.0, "tmn": [463, 132, 198, 264, 66, 132, 330, 198, 198, 66, 132, 0, 264, 330, 0, 66, 0, 132, 0, 330, 198], "tmv": [3276, 3244, 2575, 1851, 1965, 1967, 2474, 1554, 2803, 3655, 3299, 2241, 4154, 4949, 1994, 3524, 1923, 0, 0, 1326, 2107], "tmd": [0, 0, 0, 0, 67, 0, 0, 0, 0, 0, 0, 0, 0, 0, 0, 0, 0, 0, 0, 0, 0], "wmn": 728, "wmt": 7970, "wmd": 0, "wmv": 10877, "wdn": -39, "wdt": -11, "wdd": 0, "wdv": -52, "tlv": "Missouri"}