{"loc": "Macon", "iso": "US", "l1": "United States", "l2": "North Carolina", "lvl": 3, "pop": 35858, "key": 12533, "isd": true, "ppd": 35.608000000000004, "med": 38.3, "p65": 15.413, "p70": 9.732000000000001, "hos": 2.77, "exp": 78.86, "adr": 1.0, "amn": 70166.0, "amv": 180853.0, "amd": 641.0, "amt": 946594.0, "tmn": [0, 1673, 223, 474, 362, 669, 278, 306, 418, 334, 334, 641, 1115, 836, 195, 223, 55, 223, 55, 139, 250], "tmv": [5139, 4690, 3336, 1695, 3330, 4023, 4903, 6734, 6595, 3662, 2393, 4746, 4917, 6132, 6772, 6806, 0, 0, 3221, 4419, 5606], "tmd": [0, 0, 0, 0, 0, 0, 0, 0, 0, 0, 0, 0, 0, 0, 0, 0, 0, 0, 196, 28, 84], "wmn": 1144, "wmt": 30637, "wmd": 307, "wmv": 26827, "wdn": -71, "wdt": -12, "wdd": 0, "wdv": -24, "tlv": "North Carolina"}