{"loc": "Macon", "iso": "US", "l1": "United States", "l2": "North Carolina", "lvl": 3, "pop": 35858, "key": 12533, "isd": true, "ppd": 35.608000000000004, "med": 38.3, "p65": 15.413, "p70": 9.732000000000001, "hos": 2.77, "exp": 78.86, "adr": 1.0, "amn": 71421.0, "amv": 228357.0, "amd": 781.0, "amt": 984262.0, "tmn": [334, 334, 641, 1115, 836, 195, 223, 55, 223, 55, 139, 250, 167, 195, 111, 27, 55, 139, 362, 195, 0], "tmv": [3662, 2393, 4746, 4917, 6132, 6772, 6806, 0, 0, 3221, 4419, 5606, 5173, 5466, 3298, 2593, 4349, 5491, 6616, 7139, 7375], "tmd": [0, 0, 0, 0, 0, 0, 0, 0, 0, 196, 28, 84, 84, 28, 0, 0, 28, 0, 0, 0, 0], "wmn": 893, "wmt": 27822, "wmd": 28, "wmv": 36864, "wdn": -18, "wdt": -6, "wdd": -93, "wdv": 54, "tlv": "North Carolina"}