{"loc": "Macon", "iso": "US", "l1": "United States", "l2": "North Carolina", "lvl": 3, "pop": 35858, "key": 12533, "isd": true, "ppd": 35.608000000000004, "med": 38.3, "p65": 15.413, "p70": 9.732000000000001, "hos": 2.77, "exp": 78.86, "adr": 1.0, "amn": 82102.0, "amv": 647679.0, "amd": 892.0, "amt": 1053087.0, "tmn": [223, 223, 0, 0, 0, 362, 0, 223, 529, 446, 0, 0, 780, 780, 920, 111, 641, 0, 0, 1617, -27], "tmv": [8106, 10192, 12065, 12389, 10214, 6477, 4262, 8755, 10329, 12013, 14052, 10864, 8027, 7863, 7615, 10699, 12037, 10893, 10729, 6600, 5484], "tmd": [0, 84, 0, 0, 0, 0, 0, 0, 0, 0, 0, 0, 0, 0, 0, 0, 0, 0, 0, 0, 0], "wmn": 3263, "wmt": 18925, "wmd": 0, "wmv": 64060, "wdn": 18, "wdt": 5, "wdd": 0, "wdv": -11, "tlv": "North Carolina"}