{"loc": "Macon", "iso": "US", "l1": "United States", "l2": "North Carolina", "lvl": 3, "pop": 35858, "key": 12533, "isd": true, "ppd": 35.608000000000004, "med": 38.3, "p65": 15.413, "p70": 9.732000000000001, "hos": 2.77, "exp": 78.86, "adr": 1.0, "amn": 75687.0, "amv": 478369.0, "amd": 892.0, "amt": 1005528.0, "tmn": [139, 0, 55, 27, 55, 167, 167, 195, 0, 167, 55, 334, 223, 250, 0, 0, 641, 55, 223, 223, 0], "tmv": [13887, 4118, 6135, 5026, 6980, 8171, 7842, 9493, 9226, 6156, 5181, 6849, 8594, 10257, 10611, 9961, 7133, 5431, 8106, 10192, 12065], "tmd": [0, 0, 0, 0, 0, 0, 0, 0, 0, 0, 0, 0, 28, 0, 0, 0, 0, 0, 0, 84, 0], "wmn": 1144, "wmt": 20163, "wmd": 84, "wmv": 63503, "wdn": -7, "wdt": 8, "wdd": 200, "wdv": 14, "tlv": "North Carolina"}