{"loc": "Macon", "iso": "US", "l1": "United States", "l2": "Georgia", "lvl": 3, "pop": 12947, "key": 12530, "isd": true, "ppd": 35.608000000000004, "med": 38.3, "p65": 15.413, "p70": 9.732000000000001, "hos": 2.77, "exp": 78.86, "adr": 3.0, "amn": 65189.0, "amv": 647679.0, "amd": 2240.0, "amt": 764725.0, "tmn": [154, 0, 0, 0, 0, 0, -77, 77, 154, 0, 154, 0, 0, 154, 77, 231, 77, 0, 0, 0, 77], "tmv": [8106, 10192, 12065, 12389, 10214, 6477, 4262, 8755, 10329, 12013, 14052, 10864, 8027, 7863, 7615, 10699, 12037, 10893, 10729, 6600, 5484], "tmd": [0, 0, 0, 0, 0, 0, 0, 0, 0, 0, 0, 0, 155, 0, 0, 0, 0, 0, 0, 0, 0], "wmn": 464, "wmt": 11120, "wmd": 0, "wmv": 64060, "wdn": -14, "wdt": -1, "wdd": -100, "wdv": -11, "tlv": "Georgia"}