{"loc": "Madison", "iso": "US", "l1": "United States", "l2": "Iowa", "lvl": 3, "pop": 16338, "key": 12548, "isd": true, "ppd": 35.608000000000004, "med": 38.3, "p65": 15.413, "p70": 9.732000000000001, "hos": 2.77, "exp": 78.86, "adr": 1.0, "amn": 94626.0, "amv": 647679.0, "amd": 1163.0, "amt": 446383.0, "tmn": [122, 61, 61, 183, 61, 61, 244, -61, 122, 0, 122, 61, 122, 306, 183, 306, 122, 122, 122, 122, 183], "tmv": [8106, 10192, 12065, 12389, 10214, 6477, 4262, 8755, 10329, 12013, 14052, 10864, 8027, 7863, 7615, 10699, 12037, 10893, 10729, 6600, 5484], "tmd": [0, 0, 0, 0, 0, 0, 0, 0, 0, 0, 0, 0, 0, 0, 0, 0, 0, 0, 0, 0, 0], "wmn": 1163, "wmt": 3979, "wmd": 0, "wmv": 64060, "wdn": 73, "wdt": -5, "wdd": 0, "wdv": -11, "tlv": "Iowa"}