{"loc": "Madison", "iso": "US", "l1": "United States", "l2": "Idaho", "lvl": 3, "pop": 39907, "key": 12545, "isd": true, "ppd": 35.608000000000004, "med": 38.3, "p65": 15.413, "p70": 9.732000000000001, "hos": 2.77, "exp": 78.86, "adr": 0.0, "amn": 155111.0, "amv": 180853.0, "amd": 526.0, "amt": 352336.0, "tmn": [0, 275, 476, 1002, 526, 701, 425, 0, 551, 626, 350, 125, 676, 350, 0, 0, 350, 275, 626, 425, 451], "tmv": [4690, 3336, 1695, 3330, 4023, 4903, 6734, 6595, 3662, 2393, 4746, 4917, 6132, 6772, 6806, 0, 0, 3221, 4419, 5606, 0], "tmd": [0, 0, 0, 0, 0, 0, 0, 0, 0, 0, 0, 0, 0, 0, 0, 0, 0, 0, 0, 0, 0], "wmn": 2130, "wmt": 4600, "wmd": 0, "wmv": 20055, "wdn": -21, "wdt": -12, "wdd": 0, "wdv": -43, "tlv": "Idaho"}