{"loc": "Madhya Pradesh", "iso": "IN", "l1": "India", "l2": "Madhya Pradesh", "lvl": 2, "pop": 85358965, "key": 12540, "isd": true, "ppd": 450.41900000000004, "med": 28.2, "p65": 5.989, "p70": 3.4139999999999997, "hos": 0.53, "exp": 69.66, "adr": 1.0, "amn": 3033.0, "amv": 7765.0, "amd": 45.0, "amt": 66166.0, "tmn": [2, 2, 1, 1, 3, 1, 1, 2, 2, 2, 1, 1, 1, 1, 2, 2, 2, 2, 2, 2, 3], "tmv": [177, 10, 138, 136, 225, 369, 331, 259, 26, 323, 255, 293, 353, 335, 214, 15, 315, 201, 306, 554, 382], "tmd": [1, 1, 1, 1, 1, 1, 1, 1, 0, 1, 1, 1, 1, 1, 0, 1, 1, 1, 1, 1, 1], "wmn": 20, "wmt": 1200, "wmd": 1, "wmv": 1991, "wdn": 35, "wdt": -5, "wdd": 70, "wdv": 8, "tlv": "Madhya Pradesh"}