{"loc": "Madison", "iso": "US", "l1": "United States", "l2": "Montana", "lvl": 3, "pop": 8600, "key": 12553, "isd": true, "ppd": 35.608000000000004, "med": 38.3, "p65": 15.413, "p70": 9.732000000000001, "hos": 2.77, "exp": 78.86, "adr": 1.0, "amn": 79651.0, "amv": 197386.0, "amd": 814.0, "amt": 991762.0, "tmn": [0, 697, -116, 348, 0, 232, 232, 697, 0, 0, 116, 116, 465, 348, 232, 0, 348, 0, 232, 581, 116], "tmv": [4023, 4903, 6734, 6595, 3662, 2393, 4746, 4917, 6132, 6772, 6806, 0, 0, 3221, 4419, 5606, 5173, 5466, 3298, 2593, 0], "tmd": [0, 0, 0, 0, 0, 0, 0, 0, 0, 0, 0, 0, 0, 0, 0, 0, 0, 0, 0, 0, 0], "wmn": 1512, "wmt": 25866, "wmd": 0, "wmv": 26559, "wdn": -13, "wdt": -3, "wdd": 0, "wdv": -5, "tlv": "Montana"}