{"loc": "Madison", "iso": "US", "l1": "United States", "l2": "Texas", "lvl": 3, "pop": 14284, "key": 12559, "isd": true, "ppd": 35.608000000000004, "med": 38.3, "p65": 15.413, "p70": 9.732000000000001, "hos": 2.77, "exp": 78.86, "adr": 2.0, "amn": 165290.0, "amv": 1160346.0, "amd": 2800.0, "amt": 1087559.0, "tmn": [770, 1190, 0, 910, 630, 630, 280, 1260, 630, 0, 1540, 280, 350, 0, 910, 560, 0, 560, -140, 210, 630], "tmv": [3250, 3257, 2889, 2103, 1988, 3241, 2538, 4249, 2950, 0, 0, 0, 2913, 2024, 2876, 2739, 2336, 1790, 1886, 2554, 0], "tmd": [0, 71, 0, 0, 0, 0, 0, 0, 0, 71, 0, 0, 0, 71, 71, 0, 71, 0, 0, 141, 0], "wmn": 2731, "wmt": 28705, "wmd": 281, "wmv": 14183, "wdn": -33, "wdt": -3, "wdd": 100, "wdv": 17, "tlv": "Texas"}