{"loc": "Madison", "iso": "US", "l1": "United States", "l2": "Tennessee", "lvl": 3, "pop": 97984, "key": 12558, "isd": true, "ppd": 35.608000000000004, "med": 38.3, "p65": 15.413, "p70": 9.732000000000001, "hos": 2.77, "exp": 78.86, "adr": 2.0, "amn": 119958.0, "amv": 1029249.0, "amd": 2511.0, "amt": 1219259.0, "tmn": [10, 0, 0, 0, 102, 0, 51, 30, 0, 0, 142, 122, 142, 81, 0, 0, 173, 306, 122, 193, 204], "tmv": [1994, 3524, 1923, 0, 0, 1326, 2107, 1883, 1818, 1779, 1363, 1036, 1655, 1721, 1666, 1928, 1520, 1539, 740, 1856, 0], "tmd": [0, 0, 0, 0, 11, 0, 0, 0, 0, 0, 0, 0, 0, 11, 0, 0, 0, 0, 0, 0, 0], "wmn": 1001, "wmt": 7707, "wmd": 0, "wmv": 9252, "wdn": 92, "wdt": 13, "wdd": -100, "wdv": -18, "tlv": "Tennessee"}