{"loc": "Madison", "iso": "US", "l1": "United States", "l2": "Tennessee", "lvl": 3, "pop": 97984, "key": 12558, "isd": true, "ppd": 35.608000000000004, "med": 38.3, "p65": 15.413, "p70": 9.732000000000001, "hos": 2.77, "exp": 78.86, "adr": 2.0, "amn": 165680.0, "amv": 1154115.0, "amd": 2817.0, "amt": 1377218.0, "tmn": [796, 0, 2653, 1173, 0, 0, 2612, 1194, 1439, 530, 1387, 0, 0, 0, 5358, 836, 806, 581, 0, 0, 3725], "tmv": [1966, 2813, 2807, 3250, 3257, 2889, 2103, 1988, 3241, 2538, 4249, 2950, 0, 0, 0, 2913, 2024, 2876, 2739, 2336, 0], "tmd": [0, 0, 41, 11, 0, 0, 31, 21, 0, 0, 62, 0, 0, 0, 0, 11, 0, 0, 0, 0, 21], "wmn": 11308, "wmt": 32621, "wmd": 31, "wmv": 12890, "wdn": 148, "wdt": 13, "wdd": -62, "wdv": -14, "tlv": "Tennessee"}