{"loc": "Madison", "iso": "US", "l1": "United States", "l2": "Tennessee", "lvl": 3, "pop": 97984, "key": 12558, "isd": true, "ppd": 35.608000000000004, "med": 38.3, "p65": 15.413, "p70": 9.732000000000001, "hos": 2.77, "exp": 78.86, "adr": 2.0, "amn": 175304.0, "amv": 1204735.0, "amd": 3031.0, "amt": 1459567.0, "tmn": [836, 969, 918, 0, 0, 1183, 0, 1143, 336, 449, 0, 0, 591, 489, 398, 357, 244, 0, 0, 622, 193], "tmv": [2554, 2257, 2903, 2781, 2047, 1978, 1647, 2163, 995, 2262, 2445, 2251, 1671, 0, 0, 2784, 2570, 2833, 3777, 2988, 0], "tmd": [0, 11, 0, 0, 0, 41, 0, 11, 0, 0, 0, 0, 41, 31, 0, 0, 31, 0, 0, 31, 0], "wmn": 1817, "wmt": 18201, "wmd": 62, "wmv": 14955, "wdn": -40, "wdt": -16, "wdd": -25, "wdv": 27, "tlv": "Tennessee"}