{"loc": "Madison", "iso": "US", "l1": "United States", "l2": "Tennessee", "lvl": 3, "pop": 97984, "key": 12558, "isd": true, "ppd": 35.608000000000004, "med": 38.3, "p65": 15.413, "p70": 9.732000000000001, "hos": 2.77, "exp": 78.86, "adr": 2.0, "amn": 118877.0, "amv": 1016621.0, "amd": 2500.0, "amt": 1210423.0, "tmn": [10, 0, 30, 0, 10, 10, 61, 81, 10, 0, 0, 0, 102, 0, 51, 30, 0, 0, 142, 122, 142], "tmv": [2474, 1554, 2803, 3655, 3299, 2241, 4154, 4949, 1994, 3524, 1923, 0, 0, 1326, 2107, 1883, 1818, 1779, 1363, 1036, 0], "tmd": [0, 0, 0, 0, 11, 0, 0, 0, 0, 0, 0, 0, 11, 0, 0, 0, 0, 0, 0, 0, 0], "wmn": 490, "wmt": 6505, "wmd": 0, "wmv": 9989, "wdn": 153, "wdt": 7, "wdd": -100, "wdv": -27, "tlv": "Tennessee"}