{"loc": "Madison", "iso": "US", "l1": "United States", "l2": "New York", "lvl": 3, "pop": 70941, "key": 12555, "isd": true, "ppd": 35.608000000000004, "med": 38.3, "p65": 15.413, "p70": 9.732000000000001, "hos": 2.77, "exp": 78.86, "adr": 2.0, "amn": 80997.0, "amv": 1204735.0, "amd": 1381.0, "amt": 3651820.0, "tmn": [225, 451, 126, 225, 281, 253, 422, 211, 352, 394, 507, 352, 408, 211, 521, 493, 479, 366, 338, 183, 253], "tmv": [2554, 2257, 2903, 2781, 2047, 1978, 1647, 2163, 995, 2262, 2445, 2251, 1671, 0, 0, 2784, 2570, 2833, 3777, 2988, 0], "tmd": [29, 0, 0, 0, 15, 0, 0, 0, 15, 0, 0, 0, 0, 0, 0, 0, 0, 0, 0, 0, 0], "wmn": 2636, "wmt": 68023, "wmd": 0, "wmv": 14955, "wdn": 8, "wdt": 5, "wdd": -100, "wdv": 27, "tlv": "New York"}