{"loc": "Madison", "iso": "US", "l1": "United States", "l2": "New York", "lvl": 3, "pop": 70941, "key": 12555, "isd": true, "ppd": 35.608000000000004, "med": 38.3, "p65": 15.413, "p70": 9.732000000000001, "hos": 2.77, "exp": 78.86, "adr": 2.0, "amn": 54031.0, "amv": 220982.0, "amd": 1198.0, "amt": 1944795.0, "tmn": [408, 169, 112, 310, 197, 169, 183, 155, 155, 84, 197, 155, 70, 211, 140, 140, 112, 126, 197, 0, 380], "tmv": [6595, 3662, 2393, 4746, 4917, 6132, 6772, 6806, 0, 0, 3221, 4419, 5606, 5173, 5466, 3298, 2593, 4349, 5491, 6616, 7139], "tmd": [0, 0, 0, 0, 0, 0, 15, 0, 0, 0, 0, 0, 29, 0, 0, 0, 0, 0, 0, 15, 0], "wmn": 1100, "wmt": 81875, "wmd": 15, "wmv": 34956, "wdn": 7, "wdt": 11, "wdd": -50, "wdv": 39, "tlv": "New York"}