{"loc": "Madison", "iso": "US", "l1": "United States", "l2": "Louisiana", "lvl": 3, "pop": 10951, "key": 12550, "isd": true, "ppd": 35.608000000000004, "med": 38.3, "p65": 15.413, "p70": 9.732000000000001, "hos": 2.77, "exp": 78.86, "adr": 2.0, "amn": 195690.0, "amv": 1179384.0, "amd": 4657.0, "amt": 1942186.0, "tmn": [0, 0, 0, 2830, 1917, 273, 1917, 0, 0, 0, 1187, 1278, 821, 639, 0, 0, 1369, 547, 456, 273, 365], "tmv": [2950, 0, 0, 0, 2913, 2024, 2876, 2739, 2336, 1790, 1886, 2554, 2257, 2903, 2781, 2047, 1978, 1647, 2163, 995, 2262], "tmd": [0, 0, 0, 0, 0, 0, 0, 0, 0, 0, 0, 92, 0, 0, 0, 0, 92, 0, 0, 0, 0], "wmn": 3014, "wmt": 37048, "wmd": 92, "wmv": 13878, "wdn": -23, "wdt": 23, "wdd": 0, "wdv": -16, "tlv": "Louisiana"}