{"loc": "Madison", "iso": "US", "l1": "United States", "l2": "New York", "lvl": 3, "pop": 70941, "key": 12555, "isd": true, "ppd": 35.608000000000004, "med": 38.3, "p65": 15.413, "p70": 9.732000000000001, "hos": 2.77, "exp": 78.86, "adr": 2.0, "amn": 71468.0, "amv": 1136653.0, "amd": 1283.0, "amt": 3397592.0, "tmn": [98, 169, 98, 155, 366, 183, 169, 84, 211, 70, 465, 0, 324, 169, 267, 352, 338, 338, 310, 338, 394], "tmv": [1830, 2139, 3106, 3068, 3187, 2953, 1851, 1966, 2813, 2807, 3250, 3257, 2889, 2103, 1988, 3241, 2538, 4249, 2950, 0, 0], "tmd": [0, 0, 0, 0, 0, 0, 15, 0, 0, 0, 0, 0, 0, 0, 0, 0, 0, 15, 0, 0, 0], "wmn": 2340, "wmt": 51353, "wmd": 15, "wmv": 14970, "wdn": 77, "wdt": 0, "wdd": 0, "wdv": -22, "tlv": "New York"}