{"loc": "Madison", "iso": "US", "l1": "United States", "l2": "Texas", "lvl": 3, "pop": 14284, "key": 12559, "isd": true, "ppd": 35.608000000000004, "med": 38.3, "p65": 15.413, "p70": 9.732000000000001, "hos": 2.77, "exp": 78.86, "adr": 2.0, "amn": 172641.0, "amv": 1242734.0, "amd": 3010.0, "amt": 1185581.0, "tmn": [420, -140, 210, 0, 350, 350, 0, 350, 0, 0, 0, 0, 0, 1050, 420, 700, -70, 0, 210, 210, 560], "tmv": [2784, 2570, 2833, 3777, 2988, 2423, 2905, 2661, 3390, 3489, 0, 0, 0, 2411, 3257, 3418, 2659, 2485, 1614, 1945, 0], "tmd": [0, 0, 0, 0, 0, 0, 0, 0, 0, 0, 0, 0, 0, 71, 0, 0, 0, 0, 0, 0, 0], "wmn": 2031, "wmt": 16825, "wmd": 0, "wmv": 15382, "wdn": 45, "wdt": -8, "wdd": -100, "wdv": 29, "tlv": "Texas"}