{"loc": "Madison", "iso": "US", "l1": "United States", "l2": "Tennessee", "lvl": 3, "pop": 97984, "key": 12558, "isd": true, "ppd": 35.608000000000004, "med": 38.3, "p65": 15.413, "p70": 9.732000000000001, "hos": 2.77, "exp": 78.86, "adr": 2.0, "amn": 103445.0, "amv": 258018.0, "amd": 2368.0, "amt": 1011352.0, "tmn": [265, 193, 224, 40, 91, 61, 112, 20, 173, 153, 193, 163, 132, 122, 20, 51, 51, 71, 142, 71, 61], "tmv": [6806, 0, 0, 3221, 4419, 5606, 5173, 5466, 3298, 2593, 4349, 5491, 6616, 7139, 7375, 5050, 5255, 5793, 6168, 7391, 0], "tmd": [31, 0, 11, 0, 21, 0, 0, 0, 0, 0, 11, 21, 0, 0, 11, 0, -10, 11, 11, 11, 11], "wmn": 470, "wmt": -5604, "wmd": 41, "wmv": 37036, "wdn": -51, "wdt": -136, "wdd": 33, "wdv": 6, "tlv": "Tennessee"}