{"loc": "Maharashtra", "iso": "IN", "l1": "India", "l2": "Maharashtra", "lvl": 2, "pop": 123144223, "key": 12569, "isd": true, "ppd": 450.41900000000004, "med": 28.2, "p65": 5.989, "p70": 3.4139999999999997, "hos": 0.53, "exp": 69.66, "adr": 2.0, "amn": 53311.0, "amv": 660201.0, "amd": 1131.0, "amt": 416951.0, "tmn": [30, 29, 29, 27, 27, 20, 25, 29, 26, 26, 26, 26, 0, 2, 25, 24, 25, 21, 21, 25, 19], "tmv": [6258, 7239, 4381, 13497, 6350, 5401, 6959, 3957, 7204, 7546, 3262, 2634, 9407, 3239, 4672, 4878, 4912, 5652, 3732, 3568, 0], "tmd": [1, 1, 1, 1, 1, 1, 1, 1, 1, 1, 1, 1, 1, 1, 1, 1, 1, 1, 1, 1, 1], "wmn": 165, "wmt": 7003, "wmd": 3, "wmv": 27418, "wdn": 20, "wdt": -10, "wdd": -10, "wdv": -26, "tlv": "India"}