{"loc": "Maharashtra", "iso": "IN", "l1": "India", "l2": "Maharashtra", "lvl": 2, "pop": 123144223, "key": 12569, "isd": true, "ppd": 450.41900000000004, "med": 28.2, "p65": 5.989, "p70": 3.4139999999999997, "hos": 0.53, "exp": 69.66, "adr": 1.0, "amn": 39165.0, "amv": 114312.0, "amd": 583.0, "amt": 228231.0, "tmn": [478, 500, 517, 545, 557, 478, 504, 547, 544, 542, 545, 537, 395, 538, 514, 537, 510, 513, 460, 394, 421], "tmv": [2401, 1978, 1966, 1945, 891, 2374, 0, 0, 2252, 0, 0, 0, 2420, 1705, 1575, 1605, 1977, 1179, 424, 1355, 1209], "tmd": [3, 3, 4, 4, 5, 3, 5, 5, 5, 7, 6, 7, 5, 8, 9, 7, 7, 7, 6, 5, 8], "wmn": 3353, "wmt": 15029, "wmd": 46, "wmv": 9328, "wdn": -8, "wdt": -3, "wdd": 15, "wdv": 46, "tlv": "Maharashtra"}