{"loc": "Magadan Oblast", "iso": "RU", "l1": "Russia", "l2": "Magadan Oblast", "lvl": 2, "pop": 144091, "key": 12564, "isd": true, "ppd": 8.823, "med": 39.6, "p65": 14.177999999999999, "p70": 9.392999999999999, "hos": 8.05, "exp": 72.58, "adr": 1.0, "amn": 59636.0, "amv": 241463.0, "amd": 791.0, "amt": 1000625.0, "tmn": [34, 41, 34, 41, 34, 20, 27, 41, 41, 34, 34, 34, 27, 27, 41, 48, 76, 83, 69, 34, 48], "tmv": [3205, 1429, 3427, 718, 695, 2344, 1683, 2123, 2380, 2151, 3200, 664, 236, 284, 2144, 4817, 2839, 2956, 907, 2306, 0], "tmd": [7, 0, 0, 0, 0, 0, 0, 0, 0, 7, 0, 0, 7, 0, 0, 0, 0, 0, 7, 0, 0], "wmn": 403, "wmt": 16445, "wmd": 7, "wmv": 15971, "wdn": 66, "wdt": -2, "wdd": -50, "wdv": 45, "tlv": "Russia"}