{"loc": "Maharashtra", "iso": "IN", "l1": "India", "l2": "Maharashtra", "lvl": 2, "pop": 123144223, "key": 12569, "isd": true, "ppd": 450.41900000000004, "med": 28.2, "p65": 5.989, "p70": 3.4139999999999997, "hos": 0.53, "exp": 69.66, "adr": 2.0, "amn": 53608.0, "amv": 731842.0, "amd": 1137.0, "amt": 432655.0, "tmn": [21, 25, 19, 23, 21, 21, 20, 18, 14, 16, 18, 19, 17, 12, 13, 12, 13, 14, 12, 13, 13], "tmv": [3732, 3568, 5107, 3911, 2642, 5830, 5662, 5873, 2730, 4660, 3307, 1780, 2029, 1103, 2651, 1891, 5911, 7453, 4206, 4885, 0], "tmd": [1, 1, 1, 1, 1, 1, 1, 1, 1, 1, 1, 1, 1, 1, 1, 1, 1, 1, 1, 1, 1], "wmn": 94, "wmt": 5241, "wmd": 2, "wmv": 27000, "wdn": -20, "wdt": -15, "wdd": -3, "wdv": 26, "tlv": "India"}