{"loc": "Magadan Oblast", "iso": "RU", "l1": "Russia", "l2": "Magadan Oblast", "lvl": 2, "pop": 144091, "key": 12564, "isd": true, "ppd": 8.823, "med": 39.6, "p65": 14.177999999999999, "p70": 9.392999999999999, "hos": 8.05, "exp": 72.58, "adr": 2.0, "amn": 78423.0, "amv": 652048.0, "amd": 1860.0, "amt": 1340589.0, "tmn": [124, 138, 131, 145, 117, 111, 145, 145, 173, 131, 117, 117, 104, 152, 124, 145, 138, 138, 131, 138, 159], "tmv": [0, 1208, 660, 2239, 526, 2130, 1937, 2525, 2390, 928, 629, 1742, 4764, 11620, 1553, 1193, 1385, 1230, 818, 2505, 0], "tmd": [0, 0, 0, 0, 7, 35, 0, 0, 14, 14, 7, 7, 0, 0, 0, 0, 14, 7, 7, 7, 14], "wmn": 979, "wmt": 0, "wmd": 49, "wmv": 8688, "wdn": 4, "wdt": 0, "wdd": 17, "wdv": -65, "tlv": "Russia"}