{"loc": "Magadan Oblast", "iso": "RU", "l1": "Russia", "l2": "Magadan Oblast", "lvl": 2, "pop": 144091, "key": 12564, "isd": true, "ppd": 8.823, "med": 39.6, "p65": 14.177999999999999, "p70": 9.392999999999999, "hos": 8.05, "exp": 72.58, "adr": 1.0, "amn": 57943.0, "amv": 138202.0, "amd": 701.0, "amt": 892447.0, "tmn": [13, 13, 20, 13, 13, 20, 27, 27, 34, 13, 13, 13, 20, 20, 34, 34, 27, 20, 13, 13, 20], "tmv": [1345, 2093, 1584, 3195, 480, 2264, 1736, 2720, 2175, 3732, 494, 1114, 1656, 3335, 3289, 2127, 685, 934, 272, 396, 0], "tmd": [0, 0, 0, 0, 0, 0, 0, 0, 0, 0, 0, 0, 0, 7, 0, 7, 0, 0, 0, 0, 0], "wmn": 167, "wmt": 4919, "wmd": 7, "wmv": 7707, "wdn": 14, "wdt": -64, "wdd": 0, "wdv": -49, "tlv": "Russia"}