{"loc": "Mahoning", "iso": "US", "l1": "United States", "l2": "Ohio", "lvl": 3, "pop": 228683, "key": 12577, "isd": true, "ppd": 35.608000000000004, "med": 38.3, "p65": 15.413, "p70": 9.732000000000001, "hos": 2.77, "exp": 78.86, "adr": 3.0, "amn": 97847.0, "amv": 962520.0, "amd": 2637.0, "amt": 1153810.0, "tmn": [0, 91, 69, 34, 100, 69, 21, 30, 69, 56, 69, 39, 13, 13, 8, 34, 26, 39, 30, 34, 26], "tmv": [0, 0, 1543, 2452, 4248, 3485, 4157, 3682, 3252, 2518, 2835, 2495, 4865, 3672, 4016, 3766, 3121, 6234, 3276, 3244, 0], "tmd": [0, 0, 0, 0, 0, 0, 0, 0, 0, 0, 0, 0, 0, 0, 0, 9, 0, 0, 0, 0, 0], "wmn": 202, "wmt": 9451, "wmd": 9, "wmv": 23661, "wdn": -31, "wdt": -10, "wdd": 0, "wdv": 1, "tlv": "Ohio"}