{"loc": "Maine", "iso": "US", "l1": "United States", "l2": "Maine", "lvl": 2, "pop": 1344212, "key": 12578, "isd": true, "ppd": 35.608000000000004, "med": 38.3, "p65": 15.413, "p70": 9.732000000000001, "hos": 2.77, "exp": 78.86, "adr": 1.0, "amn": 42809.0, "amv": 635594.0, "amd": 571.0, "amt": 1447733.0, "tmn": [165, 186, 211, 298, 209, 219, 164, 216, 297, 237, 325, 231, 159, 220, 424, 406, 431, 424, 307, 257, 193], "tmv": [5431, 8106, 10192, 12065, 12389, 10214, 6477, 4262, 8755, 10329, 12013, 14052, 10864, 8027, 7863, 7615, 10699, 12037, 10893, 10729, 0], "tmd": [2, 4, 1, 0, 1, 0, 1, 0, 1, 1, 2, 0, 0, 1, 2, 3, 1, 4, 1, 1, 2], "wmn": 2447, "wmt": 54906, "wmd": 12, "wmv": 59839, "wdn": 45, "wdt": 7, "wdd": 220, "wdv": -12, "tlv": "Maine"}