{"loc": "Maine", "iso": "US", "l1": "United States", "l2": "Maine", "lvl": 2, "pop": 1344212, "key": 12578, "isd": true, "ppd": 35.608000000000004, "med": 38.3, "p65": 15.413, "p70": 9.732000000000001, "hos": 2.77, "exp": 78.86, "adr": 1.0, "amn": 48888.0, "amv": 830268.0, "amd": 597.0, "amt": 1624969.0, "tmn": [170, 316, 194, 188, 199, 299, 171, 182, 310, 258, 236, 214, 213, 180, 167, 177, 216, 220, 226, 130, 142], "tmv": [6395, 4975, 6773, 8259, 8496, 10027, 6458, 3608, 3001, 5456, 7305, 8515, 7794, 7192, 5713, 4653, 4699, 5814, 5591, 7265, 8234], "tmd": [0, 4, 1, 3, 2, 4, 0, 1, 0, 1, 2, 1, 1, 0, 0, 2, 1, 0, 1, 2, 1], "wmn": 1282, "wmt": 38594, "wmd": 6, "wmv": 41972, "wdn": -20, "wdt": -1, "wdd": 17, "wdv": -2, "tlv": "Maine"}