{"loc": "Malaysia", "iso": "MY", "l1": "Malaysia", "l2": "Malaysia", "lvl": 1, "pop": 32365998, "key": 12583, "isd": true, "ppd": 96.25399999999999, "med": 29.9, "p65": 6.292999999999999, "p70": 3.407, "hos": 1.9, "exp": 76.16, "adr": 1.0, "amn": 68991.0, "amv": 1329448.0, "amd": 808.0, "amt": 0.0, "tmn": [596, 654, 604, 593, 496, 484, 602, 581, 543, 480, 462, 443, 486, 463, 424, 449, 429, 404, 338, 350, 384], "tmv": [10147, 8961, 8038, 7028, 7018, 7537, 7687, 6250, 7353, 7185, 6768, 8948, 8071, 9928, 10091, 8446, 8006, 8325, 9989, 10187, 0], "tmd": [10, 11, 19, 10, 13, 15, 14, 11, 12, 11, 12, 10, 11, 16, 4, 8, 8, 9, 8, 8, 7], "wmn": 2782, "wmt": 0, "wmd": 49, "wmv": 55047, "wdn": -20, "wdt": 0, "wdd": -38, "wdv": 1, "tlv": "Malaysia"}