{"loc": "Malheur", "iso": "US", "l1": "United States", "l2": "Oregon", "lvl": 3, "pop": 30571, "key": 12586, "isd": true, "ppd": 35.608000000000004, "med": 38.3, "p65": 15.413, "p70": 9.732000000000001, "hos": 2.77, "exp": 78.86, "adr": 1.0, "amn": 165026.0, "amv": 1187231.0, "amd": 2257.0, "amt": 1632567.0, "tmn": [2682, 2453, 785, 0, 0, 1014, 3271, 2355, 1341, 1144, 0, 0, 1177, 1995, 1308, 785, 883, 0, 0, 1341, 1897], "tmv": [2913, 2024, 2876, 2739, 2336, 1790, 1886, 2554, 2257, 2903, 2781, 2047, 1978, 1647, 2163, 995, 2262, 2445, 2251, 1671, 1480], "tmd": [0, 0, 0, 0, 0, 0, 0, 0, 0, 0, 0, 0, 0, 0, 0, 0, 0, 0, 0, 66, 0], "wmn": 6216, "wmt": 37302, "wmd": 66, "wmv": 13270, "wdn": -22, "wdt": 11, "wdd": 0, "wdv": -18, "tlv": "Oregon"}