{"loc": "Malaysia", "iso": "MY", "l1": "Malaysia", "l2": "0", "lvl": 1, "pop": 32365998, "key": 12583, "isd": true, "ppd": 96.25399999999999, "med": 29.9, "p65": 6.292999999999999, "p70": 3.407, "hos": 1.9, "exp": 76.16, "adr": 0.0, "amn": 9514.0, "amv": 2482.0, "amd": 36.0, "amt": 192626.0, "tmn": [102, 108, 76, 67, 84, 92, 83, 90, 76, 101, 67, 76, 109, 59, 69, 73, 75, 56, 48, 53, 63], "tmv": [0, 0, 0, 0, 0, 0, 0, 0, 0, 0, 0, 0, 0, 0, 0, 0, 0, 0, 866, 835, 0], "tmd": [1, 1, 1, 1, 1, 1, 1, 1, 1, 1, 1, 1, 1, 1, 1, 1, 1, 1, 1, 1, 1], "wmn": 441, "wmt": 4580, "wmd": 2, "wmv": 1702, "wdn": -24, "wdt": -61, "wdd": -24, "wdv": 0, "tlv": "Malaysia"}