{"loc": "Malda", "iso": "IN", "l1": "India", "l2": "West Bengal", "lvl": 3, "pop": 3997970, "key": 12584, "isd": true, "ppd": 450.41900000000004, "med": 28.2, "p65": 5.989, "p70": 3.4139999999999997, "hos": 0.53, "exp": 69.66, "adr": 1.0, "amn": 7526.0, "amv": 138927.0, "amd": 44.0, "amt": 119723.0, "tmn": [130, 98, 136, 143, 114, 149, 101, 119, 72, 68, 111, 80, 88, 53, 66, 44, 60, 61, 39, 40, 41], "tmv": [1355, 1209, 1580, 1936, 1874, 1669, 587, 2024, 2002, 1581, 1678, 930, 1375, 511, 1134, 995, 883, 1069, 0, 0, 635], "tmd": [1, 1, 1, 2, 2, 0, 0, 0, 0, 0, 0, 0, 0, 0, 0, 0, 1, 1, 0, 0, 0], "wmn": 354, "wmt": 4869, "wmd": 1, "wmv": 4720, "wdn": -40, "wdt": 3, "wdd": 0, "wdv": -53, "tlv": "West Bengal"}