{"loc": "Malawi", "iso": "MW", "l1": "Malawi", "l2": "0", "lvl": 1, "pop": 19129955, "key": 12582, "isd": true, "ppd": 197.519, "med": 18.1, "p65": 2.9789999999999996, "p70": 1.7830000000000001, "hos": 1.3, "exp": 64.26, "adr": 3.0, "amn": 2994.0, "amv": 35708.0, "amd": 100.0, "amt": 16193.0, "tmn": [44, 41, 29, 19, 38, 32, 39, 34, 28, 14, 18, 26, 35, 28, 26, 25, 11, 11, 22, 19, 16], "tmv": [0, 0, 0, 0, 0, 2916, 0, 0, 591, 129, 62, 121, 28, 1244, 0, 0, 0, 0, 0, 0, 0], "tmd": [2, 1, 2, 2, 2, 2, 2, 2, 2, 2, 2, 1, 2, 1, 2, 2, 2, 2, 2, 2, 2], "wmn": 134, "wmt": 0, "wmd": 9, "wmv": 0, "wdn": -28, "wdt": 0, "wdd": 7, "wdv": -100, "tlv": "Malawi"}