{"loc": "Malheur", "iso": "US", "l1": "United States", "l2": "Oregon", "lvl": 3, "pop": 30571, "key": 12586, "isd": true, "ppd": 35.608000000000004, "med": 38.3, "p65": 15.413, "p70": 9.732000000000001, "hos": 2.77, "exp": 78.86, "adr": 1.0, "amn": 193778.0, "amv": 1393875.0, "amd": 2846.0, "amt": 1910800.0, "tmn": [392, 0, 65, 0, 0, 621, 457, 196, 359, 196, 0, 0, 65, 196, 228, 0, 0, 0, 0, 163, 130], "tmv": [4933, 4463, 5576, 3317, 1660, 4353, 4663, 4819, 4832, 5563, 3334, 1728, 4724, 4234, 2965, 50, 2434, 1138, 149, 0, 0], "tmd": [0, 0, 33, 0, 0, 0, 0, 0, 0, 0, 0, 0, 66, 0, 0, 0, 0, 0, 0, 0, 33], "wmn": 524, "wmt": 22472, "wmd": 33, "wmv": 6738, "wdn": -48, "wdt": -33, "wdd": -50, "wdv": -77, "tlv": "Oregon"}