{"loc": "Manipur", "iso": "IN", "l1": "India", "l2": "Manipur", "lvl": 2, "pop": 3091545, "key": 12599, "isd": true, "ppd": 450.41900000000004, "med": 28.2, "p65": 5.989, "p70": 3.4139999999999997, "hos": 0.53, "exp": 69.66, "adr": 2.0, "amn": 31602.0, "amv": 334433.0, "amd": 498.0, "amt": 336702.0, "tmn": [294, 287, 257, 357, 336, 364, 378, 311, 250, 364, 429, 300, 0, 802, 390, 319, 376, 324, 323, 282, 0], "tmv": [956, 2981, 4514, 2639, 2900, 3153, 3794, 0, 0, 2627, 1723, 4033, 3235, 3817, 1481, 4866, 3075, 3296, 3860, 3974, 0], "tmd": [5, 5, 8, 6, 5, 4, 5, 4, 6, 6, 5, 4, 0, 10, 5, 3, 4, 4, 4, 7, 0], "wmn": 2018, "wmt": 7305, "wmd": 25, "wmv": 20557, "wdn": -18, "wdt": -20, "wdd": -24, "wdv": 33, "tlv": "India"}