{"loc": "Manatee", "iso": "US", "l1": "United States", "l2": "Florida", "lvl": 3, "pop": 403253, "key": 12593, "isd": true, "ppd": 35.608000000000004, "med": 38.3, "p65": 15.413, "p70": 9.732000000000001, "hos": 2.77, "exp": 78.86, "adr": 2.0, "amn": 77304.0, "amv": 191493.0, "amd": 1431.0, "amt": 986483.0, "tmn": [525, 84, 230, 468, 230, 354, 200, 354, 342, 357, 362, 342, 190, 126, 429, 446, 64, 319, 327, 183, 185], "tmv": [1695, 3330, 4023, 4903, 6734, 6595, 3662, 2393, 4746, 4917, 6132, 6772, 6806, 0, 0, 3221, 4419, 5606, 5173, 5466, 0], "tmd": [10, 0, 5, 3, 0, 5, 5, 0, 0, 8, 85, 0, 0, 0, 3, 40, 10, 5, 13, 5, 0], "wmn": 1957, "wmt": 28494, "wmd": 75, "wmv": 23888, "wdn": -6, "wdt": -7, "wdd": -19, "wdv": -25, "tlv": "Florida"}