{"loc": "Mandi", "iso": "IN", "l1": "India", "l2": "Himachal Pradesh", "lvl": 3, "pop": 999518, "key": 12595, "isd": true, "ppd": 450.41900000000004, "med": 28.2, "p65": 5.989, "p70": 3.4139999999999997, "hos": 0.53, "exp": 69.66, "adr": 1.0, "amn": 22324.0, "amv": 132066.0, "amd": 267.0, "amt": 234471.0, "tmn": [238, 292, 307, 442, 157, 537, 24, 802, 133, 477, 518, 981, 425, 96, 881, 1167, 357, 299, 515, 156, 429], "tmv": [1705, 1575, 1605, 1977, 1179, 424, 1355, 1209, 1580, 1936, 1874, 1669, 587, 2024, 2002, 1581, 1678, 930, 1375, 511, 0], "tmd": [4, 5, 6, 4, 0, 5, 4, 2, 8, 6, 7, 4, 8, 6, 11, 11, 5, 8, 7, 7, 3], "wmn": 3806, "wmt": 13704, "wmd": 46, "wmv": 8082, "wdn": 11, "wdt": -3, "wdd": 32, "wdv": -26, "tlv": "Himachal Pradesh"}