{"loc": "Manipur", "iso": "IN", "l1": "India", "l2": "Manipur", "lvl": 2, "pop": 3091545, "key": 12599, "isd": true, "ppd": 450.41900000000004, "med": 28.2, "p65": 5.989, "p70": 3.4139999999999997, "hos": 0.53, "exp": 69.66, "adr": 2.0, "amn": 37387.0, "amv": 498878.0, "amd": 583.0, "amt": 379118.0, "tmn": [119, 170, 120, 142, 92, 87, 124, 121, 122, 100, 88, 125, 72, 123, 87, 96, 87, 98, 104, 59, 0], "tmv": [4080, 3220, 4789, 2290, 3192, 1063, 4704, 6660, 4686, 8079, 7481, 4871, 4867, 3980, 12157, 5941, 4260, 1514, 4906, 2853, 0], "tmd": [2, 2, 3, 3, 2, 2, 2, 2, 2, 1, 2, 2, 1, 1, 1, 2, 1, 2, 1, 2, 0], "wmn": 535, "wmt": 1191, "wmd": 7, "wmv": 31634, "wdn": -29, "wdt": -86, "wdd": -13, "wdv": -22, "tlv": "India"}