{"loc": "Manipur", "iso": "IN", "l1": "India", "l2": "Manipur", "lvl": 2, "pop": 3091545, "key": 12599, "isd": true, "ppd": 450.41900000000004, "med": 28.2, "p65": 5.989, "p70": 3.4139999999999997, "hos": 0.53, "exp": 69.66, "adr": 2.0, "amn": 40215.0, "amv": 799110.0, "amd": 628.0, "amt": 447262.0, "tmn": [18, 39, 20, 13, 22, 22, 17, 26, 19, 20, 18, 17, 18, 18, 14, 14, 12, 16, 15, 20, 25], "tmv": [4885, 2675, 6253, 1363, 4855, 4143, 4268, 6702, 4913, 3001, 3639, 1495, 3870, 1483, 497, 1727, 2148, 3691, 2834, 4100, 3600], "tmd": [1, 0, 2, 1, 1, 1, 1, 1, 1, 1, 1, 1, 1, 1, 1, 1, 1, 1, 1, 1, 1], "wmn": 121, "wmt": 3535, "wmd": 5, "wmv": 18601, "wdn": -14, "wdt": -38, "wdd": 56, "wdv": -26, "tlv": "India"}