{"loc": "Mandsaur", "iso": "IN", "l1": "India", "l2": "Madhya Pradesh", "lvl": 3, "pop": 1339832, "key": 12597, "isd": true, "ppd": 450.41900000000004, "med": 28.2, "p65": 5.989, "p70": 3.4139999999999997, "hos": 0.53, "exp": 69.66, "adr": 1.0, "amn": 2137.0, "amv": 7765.0, "amd": 26.0, "amt": 66166.0, "tmn": [1, 0, 0, 0, 0, 0, 0, 1, 0, 1, 1, 0, 0, 4, 4, 2, 0, 1, 0, 3, 2], "tmv": [177, 10, 138, 136, 225, 369, 331, 259, 26, 323, 255, 293, 353, 335, 214, 15, 315, 201, 306, 554, 382], "tmd": [0, 0, 0, 0, 0, 0, 0, 0, 0, 0, 0, 0, 0, 0, 0, 0, 0, 0, 0, 0, 0], "wmn": 16, "wmt": 1200, "wmd": 0, "wmv": 1991, "wdn": 50, "wdt": -5, "wdd": 0, "wdv": 8, "tlv": "Madhya Pradesh"}