{"loc": "Mandsaur", "iso": "IN", "l1": "India", "l2": "Madhya Pradesh", "lvl": 3, "pop": 1339832, "key": 12597, "isd": true, "ppd": 450.41900000000004, "med": 28.2, "p65": 5.989, "p70": 3.4139999999999997, "hos": 0.53, "exp": 69.66, "adr": 1.0, "amn": 5511.0, "amv": 125987.0, "amd": 48.0, "amt": 99012.0, "tmn": [53, 90, 121, 99, 100, 20, 85, 81, 129, 55, 130, 142, 179, 207, 76, 102, 114, 98, 99, 94, 84], "tmv": [0, 2252, 0, 0, 0, 2420, 1705, 1575, 1605, 1977, 1179, 424, 1355, 1209, 1580, 1936, 1874, 1669, 587, 2024, 2002], "tmd": [2, 0, 0, 0, 1, 0, 0, 3, 3, 2, 2, 0, 2, 2, 1, 2, 0, 3, 0, 2, 0], "wmn": 671, "wmt": 5378, "wmd": 6, "wmv": 11676, "wdn": -28, "wdt": 9, "wdd": -43, "wdv": 25, "tlv": "Madhya Pradesh"}