{"loc": "Marathon", "iso": "US", "l1": "United States", "l2": "Wisconsin", "lvl": 3, "pop": 135692, "key": 12605, "isd": true, "ppd": 35.608000000000004, "med": 38.3, "p65": 15.413, "p70": 9.732000000000001, "hos": 2.77, "exp": 78.86, "adr": 1.0, "amn": 138520.0, "amv": 1176126.0, "amd": 1806.0, "amt": 1799499.0, "tmn": [302, 0, 0, 641, 287, 331, 272, 626, 0, 0, 501, 729, 449, 729, 736, 0, 0, 1510, 596, 479, 663], "tmv": [4249, 2950, 0, 0, 0, 2913, 2024, 2876, 2739, 2336, 1790, 1886, 2554, 2257, 2903, 2781, 2047, 1978, 1647, 2163, 0], "tmd": [23, 0, 0, 0, 0, 8, 0, 8, 0, 0, 8, 0, 8, 0, 0, 0, 0, 15, 0, 0, 0], "wmn": 3987, "wmt": 38403, "wmd": 15, "wmv": 13523, "wdn": 31, "wdt": 7, "wdd": -33, "wdv": -18, "tlv": "Wisconsin"}