{"loc": "Marengo", "iso": "US", "l1": "United States", "l2": "Alabama", "lvl": 3, "pop": 18863, "key": 12607, "isd": true, "ppd": 35.608000000000004, "med": 38.3, "p65": 15.413, "p70": 9.732000000000001, "hos": 2.77, "exp": 78.86, "adr": 2.0, "amn": 132641.0, "amv": 591235.0, "amd": 3234.0, "amt": 498689.0, "tmn": [53, 159, 53, 0, 0, -53, 0, 371, 0, -371, -53, 0, -212, -159, -106, 0, 0, 53, 0, 0, -159], "tmv": [8594, 10257, 10611, 9961, 7133, 5431, 8106, 10192, 12065, 12389, 10214, 6477, 4262, 8755, 10329, 12013, 14052, 10864, 8027, 7863, 7615], "tmd": [0, -53, 0, 0, 0, 0, 0, 0, 0, 107, 0, 0, 0, 0, 0, 0, 54, 0, 0, 0, 0], "wmn": -212, "wmt": 4549, "wmd": 54, "wmv": 70767, "wdn": -50, "wdt": 16, "wdd": -50, "wdv": 10, "tlv": "Alabama"}