{"loc": "Marathon", "iso": "US", "l1": "United States", "l2": "Wisconsin", "lvl": 3, "pop": 135692, "key": 12605, "isd": true, "ppd": 35.608000000000004, "med": 38.3, "p65": 15.413, "p70": 9.732000000000001, "hos": 2.77, "exp": 78.86, "adr": 1.0, "amn": 170614.0, "amv": 1341580.0, "amd": 2189.0, "amt": 2040663.0, "tmn": [862, 700, 655, 707, 0, 0, 1547, 832, 670, 906, 700, 0, 0, 2336, 854, 604, 1274, 795, 0, 0, 1886], "tmv": [4456, 4611, 4549, 5061, 2356, 1255, 4023, 4168, 4272, 4405, 5092, 2672, 1421, 3738, 4100, 4188, 3596, 4102, 1618, 109, 0], "tmd": [8, 23, 0, 15, 0, 0, 0, 30, 15, 23, 8, 0, 0, 59, 15, 0, 15, 15, 0, 0, 0], "wmn": 5417, "wmt": 33919, "wmd": 45, "wmv": 17716, "wdn": -1, "wdt": 14, "wdd": -67, "wdv": -31, "tlv": "Wisconsin"}