{"loc": "Manitowoc", "iso": "US", "l1": "United States", "l2": "Wisconsin", "lvl": 3, "pop": 78981, "key": 12602, "isd": true, "ppd": 35.608000000000004, "med": 38.3, "p65": 15.413, "p70": 9.732000000000001, "hos": 2.77, "exp": 78.86, "adr": 1.0, "amn": 113597.0, "amv": 1039887.0, "amd": 1215.0, "amt": 1592635.0, "tmn": [12, 0, 0, 0, 0, 75, 12, 25, 0, 0, 0, 0, 50, 37, 37, 75, 0, 0, 37, 101, 25], "tmv": [2107, 1883, 1818, 1779, 1363, 1036, 1655, 1721, 1666, 1928, 1520, 1539, 740, 1856, 2005, 1821, 2051, 2364, 1193, 1200, 0], "tmd": [0, 0, 0, 0, 0, 0, 13, 13, 0, 0, 0, 0, 0, 0, 0, 0, 0, 0, 0, 0, 0], "wmn": 279, "wmt": 11228, "wmd": 0, "wmv": 10638, "wdn": 144, "wdt": 14, "wdd": -100, "wdv": -3, "tlv": "Wisconsin"}