{"loc": "Marathon", "iso": "US", "l1": "United States", "l2": "Wisconsin", "lvl": 3, "pop": 135692, "key": 12605, "isd": true, "ppd": 35.608000000000004, "med": 38.3, "p65": 15.413, "p70": 9.732000000000001, "hos": 2.77, "exp": 78.86, "adr": 1.0, "amn": 110508.0, "amv": 207226.0, "amd": 1540.0, "amt": 1178290.0, "tmn": [22, 103, 22, 58, 140, 243, 95, 117, 117, 51, 58, 95, 73, 110, 169, 51, 103, 169, 132, 132, 140], "tmv": [6734, 6595, 3662, 2393, 4746, 4917, 6132, 6772, 6806, 0, 0, 3221, 4419, 5606, 5173, 5466, 3298, 2593, 4349, 5491, 0], "tmd": [0, 0, 0, 0, 0, 0, 8, 0, 0, 0, 0, 0, 0, 8, 0, 0, 0, 23, 8, 8, 0], "wmn": 900, "wmt": 39921, "wmd": 37, "wmv": 26374, "wdn": 44, "wdt": 34, "wdd": 400, "wdv": -2, "tlv": "Wisconsin"}