{"loc": "Maricopa", "iso": "US", "l1": "United States", "l2": "Arizona", "lvl": 3, "pop": 4485414, "key": 12610, "isd": true, "ppd": 35.608000000000004, "med": 38.3, "p65": 15.413, "p70": 9.732000000000001, "hos": 2.77, "exp": 78.86, "adr": 2.0, "amn": 125879.0, "amv": 1014221.0, "amd": 2305.0, "amt": 1428134.0, "tmn": [48, 64, 92, 94, 53, 70, 66, 76, 109, 59, 62, 107, 85, 0, 158, 41, 63, 138, 110, 142, 18], "tmv": [1965, 1967, 2474, 1554, 2803, 3655, 3299, 2241, 4154, 4949, 1994, 3524, 1923, 0, 0, 1326, 2107, 1883, 1818, 1779, 0], "tmd": [3, 1, 2, 5, 2, 0, 0, 2, 1, 1, 3, 3, 1, 0, 2, 1, 0, 2, 3, 1, 0], "wmn": 674, "wmt": 11715, "wmd": 8, "wmv": 8916, "wdn": 34, "wdt": -52, "wdd": -22, "wdv": -53, "tlv": "Arizona"}