{"loc": "Marion", "iso": "US", "l1": "United States", "l2": "Florida", "lvl": 3, "pop": 365579, "key": 12616, "isd": true, "ppd": 35.608000000000004, "med": 38.3, "p65": 15.413, "p70": 9.732000000000001, "hos": 2.77, "exp": 78.86, "adr": 3.0, "amn": 77242.0, "amv": 290534.0, "amd": 2413.0, "amt": 1049768.0, "tmn": [229, 276, 273, 139, 262, 330, 221, 281, 237, 153, 95, 237, 188, 164, 213, 188, 131, 93, 106, 125, 123], "tmv": [5606, 5173, 5466, 3298, 2593, 4349, 5491, 6616, 7139, 7375, 5050, 5255, 5793, 6168, 7391, 8814, 7404, 5275, 4864, 6157, 0], "tmd": [9, 36, 17, 39, 44, 20, 6, 6, 6, 20, 33, 9, 25, 33, 47, 22, 9, 9, 25, 28, 14], "wmn": 983, "wmt": 21735, "wmd": 151, "wmv": 39909, "wdn": -28, "wdt": -21, "wdd": 17, "wdv": -8, "tlv": "Florida"}