{"loc": "Maricopa", "iso": "US", "l1": "United States", "l2": "Arizona", "lvl": 3, "pop": 4485414, "key": 12610, "isd": true, "ppd": 35.608000000000004, "med": 38.3, "p65": 15.413, "p70": 9.732000000000001, "hos": 2.77, "exp": 78.86, "adr": 2.0, "amn": 157775.0, "amv": 1212726.0, "amd": 2602.0, "amt": 1781597.0, "tmn": [388, 386, 320, 236, 224, 459, 448, 434, 440, 321, 115, 485, 385, 547, 415, 365, 327, 272, 323, 353, 365], "tmv": [2781, 2047, 1978, 1647, 2163, 995, 2262, 2445, 2251, 1671, 0, 0, 2784, 2570, 2833, 3777, 2988, 2423, 2905, 2661, 0], "tmd": [17, 6, 0, 7, 6, 10, 1, 10, 2, 0, 11, 4, 5, 9, 13, 2, 0, 9, 7, 4, 7], "wmn": 2424, "wmt": 29079, "wmd": 40, "wmv": 17591, "wdn": -11, "wdt": -4, "wdd": 5, "wdv": 50, "tlv": "Arizona"}