{"loc": "Marion", "iso": "US", "l1": "United States", "l2": "Indiana", "lvl": 3, "pop": 964582, "key": 12619, "isd": true, "ppd": 35.608000000000004, "med": 38.3, "p65": 15.413, "p70": 9.732000000000001, "hos": 2.77, "exp": 78.86, "adr": 2.0, "amn": 115269.0, "amv": 1086287.0, "amd": 1904.0, "amt": 1733419.0, "tmn": [179, 191, 0, 0, 475, 291, 186, 256, 295, 0, 0, 823, 295, 267, 431, 391, 0, 0, 1020, 363, 332], "tmv": [2155, 2600, 2160, 2477, 1419, 1374, 2201, 2622, 2492, 2548, 2348, 1615, 1875, 1986, 1986, 2786, 3007, 2017, 2605, 1830, 0], "tmd": [0, 2, 0, 0, 3, 5, 5, 2, 2, 0, 0, 2, 5, 4, 3, 2, 0, 0, 2, 3, 4], "wmn": 2540, "wmt": 32154, "wmd": 10, "wmv": 14234, "wdn": 31, "wdt": 31, "wdd": -10, "wdv": -8, "tlv": "Indiana"}