{"loc": "Marin", "iso": "US", "l1": "United States", "l2": "California", "lvl": 3, "pop": 258826, "key": 12612, "isd": true, "ppd": 35.608000000000004, "med": 38.3, "p65": 15.413, "p70": 9.732000000000001, "hos": 2.77, "exp": 78.86, "adr": 2.0, "amn": 49748.0, "amv": 160515.0, "amd": 896.0, "amt": 1169960.0, "tmn": [0, 339, 7, 490, 239, 100, 139, 154, 278, 150, 169, 84, 123, 81, 142, 150, 158, 108, 77, 127, 0], "tmv": [3374, 4677, 5132, 5139, 4690, 3336, 1695, 3330, 4023, 4903, 6734, 6595, 3662, 2393, 4746, 4917, 6132, 6772, 6806, 0, 0], "tmd": [0, 24, 0, 0, 0, 232, -224, 0, 0, 8, 0, 0, 0, 20, 0, 4, 8, 0, 0, 12, 0], "wmn": 765, "wmt": 41619, "wmd": 24, "wmv": 29376, "wdn": -27, "wdt": -5, "wdd": -14, "wdv": -7, "tlv": "California"}