{"loc": "Marion", "iso": "US", "l1": "United States", "l2": "Indiana", "lvl": 3, "pop": 964582, "key": 12619, "isd": true, "ppd": 35.608000000000004, "med": 38.3, "p65": 15.413, "p70": 9.732000000000001, "hos": 2.77, "exp": 78.86, "adr": 2.0, "amn": 107838.0, "amv": 1014221.0, "amd": 1866.0, "amt": 1625707.0, "tmn": [31, 25, 23, 16, 0, 0, 73, 16, 31, 27, 45, 0, 0, 0, 117, 51, 51, 76, 0, 0, 126], "tmv": [1965, 1967, 2474, 1554, 2803, 3655, 3299, 2241, 4154, 4949, 1994, 3524, 1923, 0, 0, 1326, 2107, 1883, 1818, 1779, 0], "tmd": [3, 0, -3, 0, 0, 0, 3, 3, 0, 0, -1, 0, 0, 0, 4, 0, 6, 0, 0, 0, 3], "wmn": 425, "wmt": 9589, "wmd": 11, "wmv": 8916, "wdn": 250, "wdt": -15, "wdd": 900, "wdv": -53, "tlv": "Indiana"}