{"loc": "Marion", "iso": "US", "l1": "United States", "l2": "Alabama", "lvl": 3, "pop": 29709, "key": 12614, "isd": true, "ppd": 35.608000000000004, "med": 38.3, "p65": 15.413, "p70": 9.732000000000001, "hos": 2.77, "exp": 78.86, "adr": 3.0, "amn": 103201.0, "amv": 511713.0, "amd": 3400.0, "amt": 493901.0, "tmn": [336, 33, 0, 0, 0, 0, -67, 134, 67, 100, 0, 33, 0, 201, 201, 33, 33, 33, 33, 0, -100], "tmv": [6980, 8171, 7842, 9493, 9226, 6156, 5181, 6849, 8594, 10257, 10611, 9961, 7133, 5431, 8106, 10192, 12065, 12389, 10214, 6477, 4262], "tmd": [0, 34, 0, 0, 0, 0, 0, 0, 0, 0, 0, 0, 0, 0, 0, 0, 68, 0, 0, 0, 0], "wmn": 236, "wmt": 4234, "wmd": 68, "wmv": 63709, "wdn": -56, "wdt": -2, "wdd": 0, "wdv": 8, "tlv": "Alabama"}