{"loc": "Marin", "iso": "US", "l1": "United States", "l2": "California", "lvl": 3, "pop": 258826, "key": 12612, "isd": true, "ppd": 35.608000000000004, "med": 38.3, "p65": 15.413, "p70": 9.732000000000001, "hos": 2.77, "exp": 78.86, "adr": 2.0, "amn": 51904.0, "amv": 306945.0, "amd": 842.0, "amt": 1273433.0, "tmn": [77, 81, 119, 65, 139, 0, 0, 0, 367, 115, 92, 119, 81, 81, 0, 38, 77, 69, 38, 69, 0], "tmv": [5466, 3298, 2593, 4349, 5491, 6616, 7139, 7375, 5050, 5255, 5793, 6168, 7391, 8814, 7404, 5275, 4864, 6157, 7535, 8875, 0], "tmd": [4, 0, 8, 0, 0, 0, 0, 0, 0, 0, 4, 0, 0, 0, 0, 4, 0, 4, 0, 66, 4], "wmn": 294, "wmt": 25857, "wmd": 78, "wmv": 40113, "wdn": -66, "wdt": -5, "wdd": 1900, "wdv": -13, "tlv": "California"}