{"loc": "Maricopa", "iso": "US", "l1": "United States", "l2": "Arizona", "lvl": 3, "pop": 4485414, "key": 12610, "isd": true, "ppd": 35.608000000000004, "med": 38.3, "p65": 15.413, "p70": 9.732000000000001, "hos": 2.77, "exp": 78.86, "adr": 2.0, "amn": 154418.0, "amv": 1187231.0, "amd": 2549.0, "amt": 1739190.0, "tmn": [354, 430, 477, 455, 374, 317, 368, 375, 435, 388, 386, 320, 236, 224, 459, 448, 434, 440, 321, 115, 485], "tmv": [2024, 2876, 2739, 2336, 1790, 1886, 2554, 2257, 2903, 2781, 2047, 1978, 1647, 2163, 995, 2262, 2445, 2251, 1671, 1480, 0], "tmd": [11, 1, 5, 1, 0, 14, 3, 6, 4, 17, 6, 0, 7, 6, 10, 1, 10, 2, 0, 11, 4], "wmn": 2707, "wmt": 26574, "wmd": 36, "wmv": 11106, "wdn": 14, "wdt": -14, "wdd": -19, "wdv": -30, "tlv": "Arizona"}