{"loc": "Marion", "iso": "US", "l1": "United States", "l2": "Texas", "lvl": 3, "pop": 9854, "key": 12629, "isd": true, "ppd": 35.608000000000004, "med": 38.3, "p65": 15.413, "p70": 9.732000000000001, "hos": 2.77, "exp": 78.86, "adr": 5.0, "amn": 52770.0, "amv": 244457.0, "amd": 2841.0, "amt": 681620.0, "tmn": [405, 304, 101, 608, 0, 0, 0, 405, 0, 101, 0, 0, 202, 202, 101, 202, 202, 101, 0, 0, 0], "tmv": [6132, 6772, 6806, 0, 0, 3221, 4419, 5606, 5173, 5466, 3298, 2593, 4349, 5491, 6616, 7139, 7375, 5050, 5255, 5793, 0], "tmd": [0, 0, 0, 0, 0, 0, 0, 0, 0, 0, 0, 102, 102, 102, 0, 0, 0, 0, 0, 102, 0], "wmn": 609, "wmt": 14012, "wmd": 102, "wmv": 37231, "wdn": -33, "wdt": -26, "wdd": -67, "wdv": 16, "tlv": "Texas"}