{"loc": "Marion", "iso": "US", "l1": "United States", "l2": "Kentucky", "lvl": 3, "pop": 19273, "key": 12622, "isd": true, "ppd": 35.608000000000004, "med": 38.3, "p65": 15.413, "p70": 9.732000000000001, "hos": 2.77, "exp": 78.86, "adr": 1.0, "amn": 112074.0, "amv": 238664.0, "amd": 1245.0, "amt": 881973.0, "tmn": [830, 466, 155, 622, 207, 363, 51, 259, 830, 363, 311, 103, 311, 415, 207, 103, 103, 0, 103, 363, 259], "tmv": [4917, 6132, 6772, 6806, 0, 0, 3221, 4419, 5606, 5173, 5466, 3298, 2593, 4349, 5491, 6616, 7139, 7375, 5050, 5255, 0], "tmd": [52, 0, 0, 0, 0, 0, 0, 0, 0, 0, 52, 0, 0, 0, 0, 0, 0, 0, 0, 0, 0], "wmn": 1142, "wmt": 17345, "wmd": 0, "wmv": 36929, "wdn": -56, "wdt": -6, "wdd": -100, "wdv": 19, "tlv": "Kentucky"}