{"loc": "Marion", "iso": "US", "l1": "United States", "l2": "South Carolina", "lvl": 3, "pop": 30657, "key": 12627, "isd": true, "ppd": 35.608000000000004, "med": 38.3, "p65": 15.413, "p70": 9.732000000000001, "hos": 2.77, "exp": 78.86, "adr": 3.0, "amn": 176469.0, "amv": 1242734.0, "amd": 4436.0, "amt": 1806772.0, "tmn": [1109, 815, 0, 0, 1957, 260, 195, 456, 521, 0, 0, 652, 130, 293, 65, 32, 0, 0, 619, 228, -130], "tmv": [2784, 2570, 2833, 3777, 2988, 2423, 2905, 2661, 3390, 3489, 0, 0, 0, 2411, 3257, 3418, 2659, 2485, 1614, 1945, 0], "tmd": [33, 0, 0, 0, 66, 0, 0, 33, 0, 0, 0, 0, 0, 0, 33, 33, 0, 0, 0, 0, 0], "wmn": 816, "wmt": 29824, "wmd": 66, "wmv": 15382, "wdn": -60, "wdt": -7, "wdd": 100, "wdv": 29, "tlv": "South Carolina"}