{"loc": "Marion", "iso": "US", "l1": "United States", "l2": "Kentucky", "lvl": 3, "pop": 19273, "key": 12622, "isd": true, "ppd": 35.608000000000004, "med": 38.3, "p65": 15.413, "p70": 9.732000000000001, "hos": 2.77, "exp": 78.86, "adr": 2.0, "amn": 123333.0, "amv": 949764.0, "amd": 1972.0, "amt": 1213002.0, "tmn": [51, 103, 0, 0, 259, -51, 103, 207, 0, 0, 0, 415, 0, 259, 103, -207, 0, 103, 103, 51, 51], "tmv": [4173, 4872, 3714, 0, 0, 1543, 2452, 4248, 3485, 4157, 3682, 3252, 2518, 2835, 2495, 4865, 3672, 4016, 3766, 3121, 0], "tmd": [0, 0, 0, 0, 0, 0, 0, 0, 0, 0, 0, 0, 0, 0, 0, 0, 0, 0, 0, 0, 0], "wmn": 208, "wmt": 7525, "wmd": 0, "wmv": 21938, "wdn": -76, "wdt": -15, "wdd": 0, "wdv": -9, "tlv": "Kentucky"}