{"loc": "Marion", "iso": "US", "l1": "United States", "l2": "South Carolina", "lvl": 3, "pop": 30657, "key": 12627, "isd": true, "ppd": 35.608000000000004, "med": 38.3, "p65": 15.413, "p70": 9.732000000000001, "hos": 2.77, "exp": 78.86, "adr": 3.0, "amn": 106762.0, "amv": 258018.0, "amd": 3262.0, "amt": 995745.0, "tmn": [945, 326, 163, 228, 195, 358, 391, 260, 130, 195, 358, 195, 130, 195, 293, 32, 130, 130, 97, 228, 195], "tmv": [6806, 0, 0, 3221, 4419, 5606, 5173, 5466, 3298, 2593, 4349, 5491, 6616, 7139, 7375, 5050, 5255, 5793, 6168, 7391, 0], "tmd": [33, 0, 0, 0, 0, 0, 33, 0, 0, 0, 33, 0, 33, 0, 0, 33, 0, 33, 33, 0, 0], "wmn": 1110, "wmt": 24540, "wmd": 98, "wmv": 37036, "wdn": -24, "wdt": -34, "wdd": 50, "wdv": 6, "tlv": "South Carolina"}