{"loc": "Marion", "iso": "US", "l1": "United States", "l2": "Ohio", "lvl": 3, "pop": 65093, "key": 12625, "isd": true, "ppd": 35.608000000000004, "med": 38.3, "p65": 15.413, "p70": 9.732000000000001, "hos": 2.77, "exp": 78.86, "adr": 2.0, "amn": 122486.0, "amv": 220982.0, "amd": 2105.0, "amt": 855013.0, "tmn": [107, 76, 399, 307, 199, 337, 168, 92, 215, 230, 92, 230, 245, 199, 30, 199, 122, 122, 153, 138, 153], "tmv": [6595, 3662, 2393, 4746, 4917, 6132, 6772, 6806, 0, 0, 3221, 4419, 5606, 5173, 5466, 3298, 2593, 4349, 5491, 6616, 7139], "tmd": [0, 0, 0, 0, 0, 0, 0, 0, 0, 0, 0, -15, 16, 0, 0, 16, 0, 16, 31, 0, 0], "wmn": 922, "wmt": 20838, "wmd": 62, "wmv": 34956, "wdn": -29, "wdt": 28, "wdd": 0, "wdv": 39, "tlv": "Ohio"}