{"loc": "Marion", "iso": "US", "l1": "United States", "l2": "Iowa", "lvl": 3, "pop": 33253, "key": 12620, "isd": true, "ppd": 35.608000000000004, "med": 38.3, "p65": 15.413, "p70": 9.732000000000001, "hos": 2.77, "exp": 78.86, "adr": 2.0, "amn": 150272.0, "amv": 1236688.0, "amd": 2737.0, "amt": 535787.0, "tmn": [0, 0, 3849, 0, 0, 0, 0, 0, 0, 3608, 0, 0, 0, 0, 0, 0, 3277, 0, 0, 0, 0], "tmv": [1671, 0, 0, 2784, 2570, 2833, 3777, 2988, 2423, 2905, 2661, 3390, 3489, 0, 0, 0, 2411, 3257, 3418, 2659, 0], "tmd": [0, 0, 0, 0, 0, 0, 0, 0, 0, 91, 0, 0, 0, 0, 0, 0, 61, 0, 0, 0, 0], "wmn": 3278, "wmt": 4459, "wmd": 61, "wmv": 11747, "wdn": -9, "wdt": -8, "wdd": -33, "wdv": -34, "tlv": "Iowa"}