{"loc": "Mariposa", "iso": "US", "l1": "United States", "l2": "California", "lvl": 3, "pop": 17203, "key": 12631, "isd": true, "ppd": 35.608000000000004, "med": 38.3, "p65": 15.413, "p70": 9.732000000000001, "hos": 2.77, "exp": 78.86, "adr": 1.0, "amn": 43539.0, "amv": 1102595.0, "amd": 581.0, "amt": 2010294.0, "tmn": [406, 581, 697, 0, 0, 1627, 290, 523, 1453, 581, 0, 0, 1511, 639, 290, 930, 348, 0, 0, 2325, 523], "tmv": [2201, 2622, 2492, 2548, 2348, 1615, 1875, 1986, 1986, 2786, 3007, 2017, 2605, 1830, 2139, 3106, 3068, 3187, 2953, 1851, 0], "tmd": [0, 0, 0, 0, 0, 0, 0, 0, 0, 0, 0, 0, 0, 59, 0, 0, 117, 0, 0, 0, 0], "wmn": 4418, "wmt": 52052, "wmd": 117, "wmv": 16308, "wdn": -6, "wdt": 20, "wdd": 100, "wdv": 1, "tlv": "California"}