{"loc": "Marshall", "iso": "US", "l1": "United States", "l2": "Illinois", "lvl": 3, "pop": 11438, "key": 12637, "isd": true, "ppd": 35.608000000000004, "med": 38.3, "p65": 15.413, "p70": 9.732000000000001, "hos": 2.77, "exp": 78.86, "adr": 2.0, "amn": 116017.0, "amv": 1157792.0, "amd": 1836.0, "amt": 2375298.0, "tmn": [349, 961, 0, 0, 1049, 786, 699, 0, 961, 0, 0, 0, 1486, 437, 524, 262, 0, 0, 961, 961, 262], "tmv": [2807, 3250, 3257, 2889, 2103, 1988, 3241, 2538, 4249, 2950, 0, 0, 0, 2913, 2024, 2876, 2739, 2336, 1790, 1886, 0], "tmd": [0, 0, 0, 0, 0, 0, 0, 0, 0, 0, 0, 0, 175, 0, 0, 0, 0, 0, 0, 0, 0], "wmn": 2973, "wmt": 48784, "wmd": 0, "wmv": 13653, "wdn": 3, "wdt": 1, "wdd": -100, "wdv": 8, "tlv": "Illinois"}