{"loc": "Marquette", "iso": "US", "l1": "United States", "l2": "Wisconsin", "lvl": 3, "pop": 15574, "key": 12634, "isd": true, "ppd": 35.608000000000004, "med": 38.3, "p65": 15.413, "p70": 9.732000000000001, "hos": 2.77, "exp": 78.86, "adr": 2.0, "amn": 106267.0, "amv": 1079834.0, "amd": 1798.0, "amt": 1638942.0, "tmn": [192, -64, 321, 0, 128, 0, 0, 128, 64, 385, 192, 64, 0, 0, 385, 128, 64, 385, 64, 0, 0], "tmv": [1193, 1200, 2288, 2155, 2600, 2160, 2477, 1419, 1374, 2201, 2622, 2492, 2548, 2348, 1615, 1875, 1986, 1986, 2786, 3007, 0], "tmd": [0, 0, 0, 0, 0, 0, 0, 0, 0, 0, 0, 0, 0, 0, 0, 0, 0, 0, 0, 0, 0], "wmn": 1028, "wmt": 21499, "wmd": 0, "wmv": 13258, "wdn": 23, "wdt": 24, "wdd": 0, "wdv": -12, "tlv": "Wisconsin"}