{"loc": "Marshall", "iso": "US", "l1": "United States", "l2": "Indiana", "lvl": 3, "pop": 46258, "key": 12638, "isd": true, "ppd": 35.608000000000004, "med": 38.3, "p65": 15.413, "p70": 9.732000000000001, "hos": 2.77, "exp": 78.86, "adr": 2.0, "amn": 144494.0, "amv": 1104562.0, "amd": 2551.0, "amt": 1775725.0, "tmn": [237, 151, 0, 0, 389, 108, 172, 324, 324, 0, 0, 821, 259, 605, 497, 778, 0, 0, 1080, 432, 367], "tmv": [2622, 2492, 2548, 2348, 1615, 1875, 1986, 1986, 2786, 3007, 2017, 2605, 1830, 2139, 3106, 3068, 3187, 2953, 1851, 1966, 0], "tmd": [0, 0, 0, 0, 0, 0, 0, 0, 0, 0, 0, 0, 0, 0, 0, 0, 0, 0, 22, 0, 0], "wmn": 3157, "wmt": 42306, "wmd": 22, "wmv": 16136, "wdn": 35, "wdt": 32, "wdd": 0, "wdv": -1, "tlv": "Indiana"}