{"loc": "Marlboro", "iso": "US", "l1": "United States", "l2": "South Carolina", "lvl": 3, "pop": 26118, "key": 12632, "isd": true, "ppd": 35.608000000000004, "med": 38.3, "p65": 15.413, "p70": 9.732000000000001, "hos": 2.77, "exp": 78.86, "adr": 2.0, "amn": 155831.0, "amv": 1121684.0, "amd": 2374.0, "amt": 1496099.0, "tmn": [229, 689, 459, 0, 0, 1569, 76, 727, 574, 459, 0, 0, 2641, 344, 574, 804, 1033, 0, 0, 3522, 536], "tmv": [1986, 1986, 2786, 3007, 2017, 2605, 1830, 2139, 3106, 3068, 3187, 2953, 1851, 1966, 2813, 2807, 3250, 3257, 2889, 2103, 0], "tmd": [0, 0, 0, 0, 0, 0, 0, 0, 0, 0, 0, 0, 0, 0, 0, 0, 0, 0, 0, 39, 0], "wmn": 6471, "wmt": 47805, "wmd": 39, "wmv": 17122, "wdn": 36, "wdt": 21, "wdd": 0, "wdv": -6, "tlv": "South Carolina"}