{"loc": "Marshall", "iso": "US", "l1": "United States", "l2": "Illinois", "lvl": 3, "pop": 11438, "key": 12637, "isd": true, "ppd": 35.608000000000004, "med": 38.3, "p65": 15.413, "p70": 9.732000000000001, "hos": 2.77, "exp": 78.86, "adr": 2.0, "amn": 125109.0, "amv": 1283911.0, "amd": 2011.0, "amt": 2784810.0, "tmn": [524, 174, 174, 174, 0, 0, 262, 0, 87, 174, 174, 0, 0, 174, 349, 174, 262, 174, 0, 0, 87], "tmv": [2626, 2552, 2575, 2955, 1399, 770, 2354, 2306, 2307, 2345, 3781, 2315, 1328, 4158, 4126, 4122, 3797, 3784, 1119, 91, 0], "tmd": [0, 0, 0, 0, 0, 0, 0, 0, 0, 0, 0, 0, 0, 0, 0, 0, 0, 0, 0, 0, 175], "wmn": 1050, "wmt": 62818, "wmd": 175, "wmv": 17042, "wdn": 71, "wdt": 3, "wdd": 0, "wdv": -8, "tlv": "Illinois"}