{"loc": "Marquette", "iso": "US", "l1": "United States", "l2": "Wisconsin", "lvl": 3, "pop": 15574, "key": 12634, "isd": true, "ppd": 35.608000000000004, "med": 38.3, "p65": 15.413, "p70": 9.732000000000001, "hos": 2.77, "exp": 78.86, "adr": 2.0, "amn": 103763.0, "amv": 1027393.0, "amd": 1798.0, "amt": 1580143.0, "tmn": [0, 64, 0, 0, 0, 0, 0, 0, 0, 0, 0, 0, 64, 0, 0, 0, 0, 0, 0, 192, 128], "tmv": [4154, 4949, 1994, 3524, 1923, 0, 0, 1326, 2107, 1883, 1818, 1779, 1363, 1036, 1655, 1721, 1666, 1928, 1520, 1539, 740], "tmd": [0, 0, 0, 0, 0, 0, 0, 0, 0, 0, 0, 0, 0, 0, 0, 0, 0, 0, 0, 0, 0], "wmn": 322, "wmt": 9612, "wmd": 0, "wmv": 10773, "wdn": 400, "wdt": 0, "wdd": 0, "wdv": -5, "tlv": "Wisconsin"}