{"loc": "Marshall", "iso": "US", "l1": "United States", "l2": "Minnesota", "lvl": 3, "pop": 9336, "key": 12642, "isd": true, "ppd": 35.608000000000004, "med": 38.3, "p65": 15.413, "p70": 9.732000000000001, "hos": 2.77, "exp": 78.86, "adr": 2.0, "amn": 79906.0, "amv": 160515.0, "amd": 1607.0, "amt": 1170981.0, "tmn": [-107, 107, 107, 0, 321, 0, 107, 0, -107, 107, 214, 428, 321, 214, 321, 321, 321, 214, 428, 642, 535], "tmv": [2448, 3374, 4677, 5132, 5139, 4690, 3336, 1695, 3330, 4023, 4903, 6734, 6595, 3662, 2393, 4746, 4917, 6132, 6772, 6806, 0], "tmd": [0, 0, 0, 0, 0, 0, 0, 0, 0, 0, 0, 0, 0, 0, 0, 0, 0, 0, 0, 0, 0], "wmn": 2785, "wmt": 30280, "wmd": 0, "wmv": 31769, "wdn": 136, "wdt": -4, "wdd": 0, "wdv": 3, "tlv": "Minnesota"}