{"loc": "Martin", "iso": "US", "l1": "United States", "l2": "Florida", "lvl": 3, "pop": 161000, "key": 12648, "isd": true, "ppd": 35.608000000000004, "med": 38.3, "p65": 15.413, "p70": 9.732000000000001, "hos": 2.77, "exp": 78.86, "adr": 3.0, "amn": 66068.0, "amv": 233408.0, "amd": 1764.0, "amt": 1019735.0, "tmn": [298, 273, 254, 192, 192, 80, 223, 260, 180, 254, 260, 136, 124, 267, 304, 409, 223, 167, 192, 74, 192], "tmv": [4746, 4917, 6132, 6772, 6806, 0, 0, 3221, 4419, 5606, 5173, 5466, 3298, 2593, 4349, 5491, 6616, 7139, 7375, 5050, 0], "tmd": [0, 0, 0, 38, 0, 7, 0, 0, 19, 7, 0, 0, 0, 0, 0, 0, 19, 50, 0, 0, 0], "wmn": 1566, "wmt": 29678, "wmd": 69, "wmv": 36022, "wdn": 5, "wdt": 7, "wdd": 175, "wdv": 21, "tlv": "Florida"}