{"loc": "Marshall", "iso": "US", "l1": "United States", "l2": "Kentucky", "lvl": 3, "pop": 31100, "key": 12641, "isd": true, "ppd": 35.608000000000004, "med": 38.3, "p65": 15.413, "p70": 9.732000000000001, "hos": 2.77, "exp": 78.86, "adr": 2.0, "amn": 159711.0, "amv": 1236688.0, "amd": 2444.0, "amt": 1598686.0, "tmn": [643, 289, 707, 353, 546, 0, 0, 578, 514, 707, 482, 192, 0, 0, 771, 385, 482, 450, 353, 0, 0], "tmv": [1671, 0, 0, 2784, 2570, 2833, 3777, 2988, 2423, 2905, 2661, 3390, 3489, 0, 0, 0, 2411, 3257, 3418, 2659, 0], "tmd": [0, 0, 0, 0, 0, 0, 0, 0, 0, 0, 0, 33, 0, 0, 0, 0, 0, 0, 0, 0, 0], "wmn": 2444, "wmt": 24507, "wmd": 0, "wmv": 11747, "wdn": -1, "wdt": -2, "wdd": -100, "wdv": -34, "tlv": "Kentucky"}