{"loc": "Marshall", "iso": "US", "l1": "United States", "l2": "Minnesota", "lvl": 3, "pop": 9336, "key": 12642, "isd": true, "ppd": 35.608000000000004, "med": 38.3, "p65": 15.413, "p70": 9.732000000000001, "hos": 2.77, "exp": 78.86, "adr": 2.0, "amn": 87832.0, "amv": 435440.0, "amd": 1714.0, "amt": 1348032.0, "tmn": [0, 107, 214, 0, 428, 214, 107, 0, 321, 856, 214, 321, 107, 214, 0, 0, 0, 214, 0, 107, 107], "tmv": [5275, 4864, 6157, 7535, 8875, 13887, 4118, 6135, 5026, 6980, 8171, 7842, 9493, 9226, 6156, 5181, 6849, 8594, 10257, 10611, 9961], "tmd": [0, 0, 108, 0, 0, 0, 0, 0, 0, 0, 0, 0, 0, 0, 0, 0, 0, 0, 0, 0, 0], "wmn": 429, "wmt": 31492, "wmd": 0, "wmv": 57613, "wdn": -79, "wdt": 7, "wdd": 0, "wdv": 9, "tlv": "Minnesota"}