{"loc": "Maryland", "iso": "US", "l1": "United States", "l2": "Maryland", "lvl": 2, "pop": 6045680, "key": 12656, "isd": true, "ppd": 35.608000000000004, "med": 38.3, "p65": 15.413, "p70": 9.732000000000001, "hos": 2.77, "exp": 78.86, "adr": 2.0, "amn": 90589.0, "amv": 1227352.0, "amd": 1764.0, "amt": 2229700.0, "tmn": [225, 259, 184, 158, 160, 186, 244, 253, 212, 180, 178, 107, 178, 231, 194, 208, 220, 133, 67, 184, 185], "tmv": [2262, 2445, 2251, 1671, 0, 0, 2784, 2570, 2833, 3777, 2988, 2423, 2905, 2661, 3390, 3489, 0, 0, 0, 2411, 0], "tmd": [3, 2, 3, 2, 3, 3, 3, 3, 3, 1, 3, 4, 4, 3, 3, 4, 2, 2, 5, 3, 4], "wmn": 1195, "wmt": 43459, "wmd": 19, "wmv": 9292, "wdn": -11, "wdt": -1, "wdd": 6, "wdv": -54, "tlv": "Maryland"}