{"loc": "Maryland", "iso": "US", "l1": "United States", "l2": "Maryland", "lvl": 2, "pop": 6045680, "key": 12656, "isd": true, "ppd": 35.608000000000004, "med": 38.3, "p65": 15.413, "p70": 9.732000000000001, "hos": 2.77, "exp": 78.86, "adr": 2.0, "amn": 93514.0, "amv": 1303449.0, "amd": 1814.0, "amt": 2361568.0, "tmn": [144, 118, 89, 118, 176, 142, 150, 118, 84, 98, 120, 153, 150, 144, 105, 74, 79, 115, 132, 143, 130], "tmv": [780, 2376, 2334, 2342, 2403, 3887, 2378, 1359, 4316, 4363, 4502, 4400, 4864, 2267, 1210, 3657, 3104, 3335, 2510, 342, 0], "tmd": [1, 3, 3, 4, 3, 3, 2, 2, 1, 3, 3, 3, 2, 3, 3, 3, 1, 2, 3, 3, 2], "wmn": 781, "wmt": 37507, "wmd": 14, "wmv": 14161, "wdn": -10, "wdt": -6, "wdd": -3, "wdv": -46, "tlv": "Maryland"}