{"loc": "Martin", "iso": "US", "l1": "United States", "l2": "North Carolina", "lvl": 3, "pop": 22440, "key": 12652, "isd": true, "ppd": 35.608000000000004, "med": 38.3, "p65": 15.413, "p70": 9.732000000000001, "hos": 2.77, "exp": 78.86, "adr": 2.0, "amn": 121346.0, "amv": 1100743.0, "amd": 2228.0, "amt": 1301021.0, "tmn": [89, 401, 534, 802, 0, 0, 2005, 311, 1470, 579, 579, 0, 0, 1292, 668, 356, 980, 935, 0, 0, 1782], "tmv": [1374, 2201, 2622, 2492, 2548, 2348, 1615, 1875, 1986, 1986, 2786, 3007, 2017, 2605, 1830, 2139, 3106, 3068, 3187, 2953, 0], "tmd": [0, 0, 0, 0, 0, 0, 0, 0, 0, 0, 0, 0, 0, 0, 45, 45, 45, 45, 0, 0, 0], "wmn": 4724, "wmt": 25825, "wmd": 179, "wmv": 16287, "wdn": 12, "wdt": 1, "wdd": 0, "wdv": 0, "tlv": "North Carolina"}