{"loc": "Massachusetts", "iso": "US", "l1": "United States", "l2": "Massachusetts", "lvl": 2, "pop": 6892503, "key": 12664, "isd": true, "ppd": 35.608000000000004, "med": 38.3, "p65": 15.413, "p70": 9.732000000000001, "hos": 2.77, "exp": 78.86, "adr": 2.0, "amn": 114128.0, "amv": 1157792.0, "amd": 2671.0, "amt": 3947394.0, "tmn": [274, 240, 0, 0, 623, 257, 295, 256, 277, 0, 0, 0, 824, 214, 349, 271, 0, 0, 737, 238, 417], "tmv": [2807, 3250, 3257, 2889, 2103, 1988, 3241, 2538, 4249, 2950, 0, 0, 0, 2913, 2024, 2876, 2739, 2336, 1790, 1886, 0], "tmd": [2, 2, 0, 0, 2, 3, 2, 3, 3, 0, 0, 0, 2, 3, 3, 3, 0, 0, 3, 4, 3], "wmn": 2015, "wmt": 78076, "wmd": 14, "wmv": 13653, "wdn": 28, "wdt": 6, "wdd": 63, "wdv": 8, "tlv": "Massachusetts"}