{"loc": "Mathews", "iso": "US", "l1": "United States", "l2": "Virginia", "lvl": 3, "pop": 8834, "key": 12667, "isd": true, "ppd": 35.608000000000004, "med": 38.3, "p65": 15.413, "p70": 9.732000000000001, "hos": 2.77, "exp": 78.86, "adr": 2.0, "amn": 61807.0, "amv": 207226.0, "amd": 1019.0, "amt": 685916.0, "tmn": [679, 452, 452, 339, 0, 226, 452, 113, 113, 113, 339, 565, 679, 565, 1018, 905, 339, 339, 339, 113, 452], "tmv": [6734, 6595, 3662, 2393, 4746, 4917, 6132, 6772, 6806, 0, 0, 3221, 4419, 5606, 5173, 5466, 3298, 2593, 4349, 5491, 0], "tmd": [0, 0, 0, 0, 0, 0, 0, 0, 0, 0, 0, 0, 0, 0, 114, 0, 0, 114, 0, 0, 0], "wmn": 3510, "wmt": 17694, "wmd": 227, "wmv": 26374, "wdn": 41, "wdt": 1, "wdd": 0, "wdv": -2, "tlv": "Virginia"}