{"loc": "Maury", "iso": "US", "l1": "United States", "l2": "Tennessee", "lvl": 3, "pop": 96387, "key": 12677, "isd": true, "ppd": 35.608000000000004, "med": 38.3, "p65": 15.413, "p70": 9.732000000000001, "hos": 2.77, "exp": 78.86, "adr": 1.0, "amn": 204260.0, "amv": 1354464.0, "amd": 2459.0, "amt": 1548367.0, "tmn": [0, 0, 0, 529, 145, 134, 72, 0, 0, 0, 404, 197, 0, 404, 0, 0, 321, 321, 176, 217, 207], "tmv": [2361, 1265, 4095, 4257, 4381, 4544, 5255, 2753, 1460, 3910, 4355, 4594, 4119, 5128, 2996, 1521, 3915, 2663, 347, 0, 0], "tmd": [0, 0, 0, 52, 11, -10, 0, 0, 0, 0, 0, 0, 0, 21, 0, 0, 0, 0, 11, 0, 0], "wmn": 1245, "wmt": 16723, "wmd": 11, "wmv": 11446, "wdn": 24, "wdt": 47, "wdd": -50, "wdv": -57, "tlv": "Tennessee"}