{"loc": "Mau", "iso": "IN", "l1": "India", "l2": "Uttar Pradesh", "lvl": 3, "pop": 2205170, "key": 12671, "isd": true, "ppd": 450.41900000000004, "med": 28.2, "p65": 5.989, "p70": 3.4139999999999997, "hos": 0.53, "exp": 69.66, "adr": 1.0, "amn": 3558.0, "amv": 136149.0, "amd": 28.0, "amt": 193842.0, "tmn": [73, 96, 53, 15, 66, 72, 25, 47, 22, 38, 30, 30, 25, 19, 17, 14, 5, 15, 22, 9, 12], "tmv": [1179, 424, 1355, 1209, 1580, 1936, 1874, 1669, 587, 2024, 2002, 1581, 1678, 930, 1375, 511, 1134, 995, 883, 1069, 0], "tmd": [0, 0, 0, 0, 0, 0, 0, 0, 1, 2, 1, 1, 1, 2, 1, 1, 0, 0, 0, 1, 0], "wmn": 98, "wmt": 8161, "wmd": 3, "wmv": 5972, "wdn": -55, "wdt": 16, "wdd": -58, "wdv": -43, "tlv": "Uttar Pradesh"}