{"loc": "Maury", "iso": "US", "l1": "United States", "l2": "Tennessee", "lvl": 3, "pop": 96387, "key": 12677, "isd": true, "ppd": 35.608000000000004, "med": 38.3, "p65": 15.413, "p70": 9.732000000000001, "hos": 2.77, "exp": 78.86, "adr": 1.0, "amn": 125307.0, "amv": 180853.0, "amd": 1618.0, "amt": 993889.0, "tmn": [871, 134, 435, 446, 539, 622, 259, 539, 186, 10, -259, 331, 290, 176, 300, 103, 186, 20, 72, 103, 41], "tmv": [4690, 3336, 1695, 3330, 4023, 4903, 6734, 6595, 3662, 2393, 4746, 4917, 6132, 6772, 6806, 0, 0, 3221, 4419, 5606, 0], "tmd": [0, 11, 32, 42, 0, 11, 21, 0, 0, -10, 0, 0, 11, 0, 11, 0, 0, 11, 11, 0, 11], "wmn": 830, "wmt": 11112, "wmd": 42, "wmv": 20055, "wdn": -35, "wdt": -49, "wdd": 0, "wdv": -43, "tlv": "Tennessee"}