{"loc": "Mayaguez", "iso": "PR", "l1": "United States", "l2": "Puerto Rico", "lvl": 3, "pop": 71530, "key": 12679, "isd": true, "ppd": 35.608000000000004, "med": 38.3, "p65": 15.413, "p70": 9.732000000000001, "hos": 2.77, "exp": 78.86, "adr": 0.0, "amn": 19223.0, "amv": 194792.0, "amd": 0.0, "amt": 126953.0, "tmn": [13, 111, 27, 41, 153, 139, 69, 41, 69, 83, 195, 125, 41, 27, 41, 27, 55, 111, 69, 13, 83], "tmv": [3330, 4023, 4903, 6734, 6595, 3662, 2393, 4746, 4917, 6132, 6772, 6806, 0, 0, 3221, 4419, 5606, 5173, 5466, 3298, 0], "tmd": [0, 0, 0, 0, 0, 0, 0, 0, 0, 0, 0, 0, 0, 0, 0, 0, 0, 0, 0, 0, 0], "wmn": 406, "wmt": 363, "wmd": 0, "wmv": 27187, "wdn": -31, "wdt": -39, "wdd": 0, "wdv": -7, "tlv": "Puerto Rico"}