{"loc": "Maverick", "iso": "US", "l1": "United States", "l2": "Texas", "lvl": 3, "pop": 58722, "key": 12678, "isd": true, "ppd": 35.608000000000004, "med": 38.3, "p65": 15.413, "p70": 9.732000000000001, "hos": 2.77, "exp": 78.86, "adr": 3.0, "amn": 170515.0, "amv": 153709.0, "amd": 4513.0, "amt": 644946.0, "tmn": [0, 0, 2946, 1226, 1515, 7458, 391, 0, 0, 2060, 902, 1294, 902, 0, 0, 0, 2877, 987, 340, 1277, 0], "tmv": [3978, 2687, 2448, 3374, 4677, 5132, 5139, 4690, 3336, 1695, 3330, 4023, 4903, 6734, 6595, 3662, 2393, 4746, 4917, 6132, 6772], "tmd": [0, 0, 18, 18, 35, 18, 69, 86, 18, 18, 35, 154, 52, 0, 0, 0, 0, 0, 52, 18, 18], "wmn": 5484, "wmt": 22967, "wmd": 86, "wmv": 35221, "wdn": 6, "wdt": -14, "wdd": -76, "wdv": 23, "tlv": "Texas"}