{"loc": "McCormick", "iso": "US", "l1": "United States", "l2": "South Carolina", "lvl": 3, "pop": 9463, "key": 12686, "isd": true, "ppd": 35.608000000000004, "med": 38.3, "p65": 15.413, "p70": 9.732000000000001, "hos": 2.77, "exp": 78.86, "adr": 3.0, "amn": 94685.0, "amv": 197386.0, "amd": 2748.0, "amt": 952724.0, "tmn": [739, 1479, 5706, 739, 211, 317, 845, 528, 951, 845, 739, 317, 317, 422, 422, 634, 528, 422, 211, 0, 528], "tmv": [4023, 4903, 6734, 6595, 3662, 2393, 4746, 4917, 6132, 6772, 6806, 0, 0, 3221, 4419, 5606, 5173, 5466, 3298, 2593, 0], "tmd": [423, 0, 0, 106, 0, 0, 106, 0, 0, 0, 0, 0, 0, 0, 0, 0, 106, 0, 0, 0, 212], "wmn": 2748, "wmt": 34098, "wmd": 318, "wmv": 26559, "wdn": -33, "wdt": -10, "wdd": 0, "wdv": -5, "tlv": "South Carolina"}