{"loc": "McCreary", "iso": "US", "l1": "United States", "l2": "Kentucky", "lvl": 3, "pop": 17231, "key": 12688, "isd": true, "ppd": 35.608000000000004, "med": 38.3, "p65": 15.413, "p70": 9.732000000000001, "hos": 2.77, "exp": 78.86, "adr": 2.0, "amn": 196274.0, "amv": 1283911.0, "amd": 3134.0, "amt": 1648248.0, "tmn": [1044, 580, 348, 0, 0, 232, 464, 928, 290, 174, 0, 0, 1392, 174, 348, 522, 58, 0, 0, 522, 116], "tmv": [2552, 2575, 2955, 1399, 770, 2354, 2306, 2307, 2345, 3781, 2315, 1328, 4158, 4126, 4122, 3797, 3784, 1119, 91, 0, 0], "tmd": [0, 175, 0, 0, 0, 117, 0, 59, 59, 0, 0, 0, 59, 0, 0, 59, 0, 0, 0, 0, 0], "wmn": 1567, "wmt": 20028, "wmd": 59, "wmv": 12915, "wdn": -47, "wdt": -7, "wdd": -67, "wdv": -37, "tlv": "Kentucky"}