{"loc": "McCreary", "iso": "US", "l1": "United States", "l2": "Kentucky", "lvl": 3, "pop": 17231, "key": 12688, "isd": true, "ppd": 35.608000000000004, "med": 38.3, "p65": 15.413, "p70": 9.732000000000001, "hos": 2.77, "exp": 78.86, "adr": 2.0, "amn": 195578.0, "amv": 1263117.0, "amd": 3134.0, "amt": 1634254.0, "tmn": [522, 0, 0, 870, 870, 1044, 580, 348, 0, 0, 232, 464, 928, 290, 174, 0, 0, 1392, 174, 348, 522], "tmv": [3390, 3489, 0, 0, 0, 2411, 3257, 3418, 2659, 2485, 1614, 1945, 2278, 2491, 2890, 2710, 2395, 1993, 2154, 3467, 0], "tmd": [0, 0, 0, 0, 0, 0, 175, 0, 0, 0, 117, 0, 59, 59, 0, 0, 0, 59, 0, 0, 59], "wmn": 2612, "wmt": 21308, "wmd": 117, "wmv": 15613, "wdn": 15, "wdt": -6, "wdd": -50, "wdv": -8, "tlv": "Kentucky"}