{"loc": "Mayes", "iso": "US", "l1": "United States", "l2": "Oklahoma", "lvl": 3, "pop": 41100, "key": 12680, "isd": true, "ppd": 35.608000000000004, "med": 38.3, "p65": 15.413, "p70": 9.732000000000001, "hos": 2.77, "exp": 78.86, "adr": 1.0, "amn": 97543.0, "amv": 233408.0, "amd": 925.0, "amt": 890903.0, "tmn": [681, 170, 2287, 559, 291, 194, -24, 0, 145, 413, 243, 218, 24, 194, 24, 24, 243, 24, 218, 24, 97], "tmv": [4746, 4917, 6132, 6772, 6806, 0, 0, 3221, 4419, 5606, 5173, 5466, 3298, 2593, 4349, 5491, 6616, 7139, 7375, 5050, 0], "tmd": [0, 25, 0, 0, 0, 0, 25, 0, 0, 0, 25, 0, 0, 0, 0, 25, 0, 0, 0, 0, 0], "wmn": 657, "wmt": 24057, "wmd": 25, "wmv": 36022, "wdn": -47, "wdt": 65, "wdd": 0, "wdv": 21, "tlv": "Oklahoma"}