{"loc": "Mayurbhanj", "iso": "IN", "l1": "India", "l2": "Odisha", "lvl": 3, "pop": 2513895, "key": 12682, "isd": true, "ppd": 450.41900000000004, "med": 28.2, "p65": 5.989, "p70": 3.4139999999999997, "hos": 0.53, "exp": 69.66, "adr": 1.0, "amn": 5679.0, "amv": 21672.0, "amd": 37.0, "amt": 185988.0, "tmn": [0, 0, 1, 1, 2, 1, 1, 3, 1, 2, 3, 2, 1, 0, 1, 2, 3, 5, 3, 2, 2], "tmv": [245, 350, 332, 507, 499, 351, 42, 400, 555, 721, 1006, 1081, 1032, 48, 1463, 984, 954, 347, 1488, 1101, 122], "tmd": [0, 0, 0, 0, 0, 0, 0, 0, 0, 0, 0, 0, 0, 0, 0, 0, 0, 0, 0, 0, 0], "wmn": 21, "wmt": 3225, "wmd": 0, "wmv": 6464, "wdn": 44, "wdt": -1, "wdd": 0, "wdv": 33, "tlv": "Odisha"}