{"loc": "McIntosh", "iso": "US", "l1": "United States", "l2": "Georgia", "lvl": 3, "pop": 14378, "key": 12698, "isd": true, "ppd": 35.608000000000004, "med": 38.3, "p65": 15.413, "p70": 9.732000000000001, "hos": 2.77, "exp": 78.86, "adr": 2.0, "amn": 51537.0, "amv": 306945.0, "amd": 1043.0, "amt": 702103.0, "tmn": [278, 0, 139, 208, 278, 139, 0, 69, 139, 69, 0, 0, 208, 0, 0, 69, 0, 139, 69, 0, 0], "tmv": [5466, 3298, 2593, 4349, 5491, 6616, 7139, 7375, 5050, 5255, 5793, 6168, 7391, 8814, 7404, 5275, 4864, 6157, 7535, 8875, 0], "tmd": [0, 0, 0, 0, 0, 0, 0, 0, 0, 0, 0, 0, 0, 0, 0, 0, 0, 0, 0, 0, 0], "wmn": 279, "wmt": 13096, "wmd": 0, "wmv": 40113, "wdn": -43, "wdt": 4, "wdd": 0, "wdv": -13, "tlv": "Georgia"}