{"loc": "McDonald", "iso": "US", "l1": "United States", "l2": "Missouri", "lvl": 3, "pop": 22837, "key": 12691, "isd": true, "ppd": 35.608000000000004, "med": 38.3, "p65": 15.413, "p70": 9.732000000000001, "hos": 2.77, "exp": 78.86, "adr": 1.0, "amn": 155449.0, "amv": 1242734.0, "amd": 1970.0, "amt": 1192001.0, "tmn": [87, 481, 437, 175, 0, 525, 394, 394, 131, 262, 175, 218, 218, 218, 569, 350, 262, 87, 0, 394, 87], "tmv": [2784, 2570, 2833, 3777, 2988, 2423, 2905, 2661, 3390, 3489, 0, 0, 0, 2411, 3257, 3418, 2659, 2485, 1614, 1945, 0], "tmd": [0, 0, 0, 0, 0, 0, 0, 44, 0, 0, 0, 0, 0, 0, 88, 0, 0, 0, 0, 0, 0], "wmn": 1752, "wmt": 14300, "wmd": 88, "wmv": 15382, "wdn": 8, "wdt": -10, "wdd": 100, "wdv": 29, "tlv": "Missouri"}