{"loc": "McMinn", "iso": "US", "l1": "United States", "l2": "Tennessee", "lvl": 3, "pop": 53794, "key": 12709, "isd": true, "ppd": 35.608000000000004, "med": 38.3, "p65": 15.413, "p70": 9.732000000000001, "hos": 2.77, "exp": 78.86, "adr": 1.0, "amn": 195189.0, "amv": 1259649.0, "amd": 2435.0, "amt": 1498009.0, "tmn": [390, 427, 613, 0, 0, 446, 427, 316, 297, 371, 0, 0, 780, 297, 743, 316, 167, 0, 0, 0, 576], "tmv": [2905, 2661, 3390, 3489, 0, 0, 0, 2411, 3257, 3418, 2659, 2485, 1614, 1945, 2278, 2491, 2890, 2710, 2395, 1993, 2154], "tmd": [0, 19, 19, 0, 0, 0, 0, 19, 19, 19, 0, 0, 38, 0, 19, 38, 0, 0, 0, 0, 19], "wmn": 1804, "wmt": 8872, "wmd": 75, "wmv": 16916, "wdn": -13, "wdt": -30, "wdd": -20, "wdv": -5, "tlv": "Tennessee"}