{"loc": "McIntosh", "iso": "US", "l1": "United States", "l2": "Oklahoma", "lvl": 3, "pop": 19596, "key": 12700, "isd": true, "ppd": 35.608000000000004, "med": 38.3, "p65": 15.413, "p70": 9.732000000000001, "hos": 2.77, "exp": 78.86, "adr": 2.0, "amn": 99408.0, "amv": 298070.0, "amd": 1888.0, "amt": 906922.0, "tmn": [510, 102, 153, 51, 510, 102, 306, 102, 51, 51, 51, 0, 153, 102, 459, 102, 0, 0, 153, 102, 51], "tmv": [5173, 5466, 3298, 2593, 4349, 5491, 6616, 7139, 7375, 5050, 5255, 5793, 6168, 7391, 8814, 7404, 5275, 4864, 6157, 7535, 0], "tmd": [0, 0, 0, 0, 0, 0, 0, 0, 103, 0, 52, 0, 0, 0, 0, 0, 0, 103, 0, 0, 0], "wmn": 868, "wmt": 6583, "wmd": 103, "wmv": 40053, "wdn": 70, "wdt": -58, "wdd": -33, "wdv": -9, "tlv": "Oklahoma"}