{"loc": "McLean", "iso": "US", "l1": "United States", "l2": "Kentucky", "lvl": 3, "pop": 9207, "key": 12705, "isd": true, "ppd": 35.608000000000004, "med": 38.3, "p65": 15.413, "p70": 9.732000000000001, "hos": 2.77, "exp": 78.86, "adr": 3.0, "amn": 120343.0, "amv": 1104562.0, "amd": 3258.0, "amt": 1355198.0, "tmn": [434, 977, 0, 0, 760, 868, 1520, 543, 434, 0, 0, 1737, 1086, 1303, 1086, 651, 0, 0, 3041, 1194, 1411], "tmv": [2622, 2492, 2548, 2348, 1615, 1875, 1986, 1986, 2786, 3007, 2017, 2605, 1830, 2139, 3106, 3068, 3187, 2953, 1851, 1966, 0], "tmd": [0, 0, 0, 0, 0, 0, 109, 0, 0, 0, 0, 0, 0, 0, 0, 0, 0, 0, 0, 0, 0], "wmn": 7386, "wmt": 32394, "wmd": 0, "wmv": 16136, "wdn": 45, "wdt": 20, "wdd": 0, "wdv": -1, "tlv": "Kentucky"}