{"loc": "McKinley", "iso": "US", "l1": "United States", "l2": "New Mexico", "lvl": 3, "pop": 71367, "key": 12703, "isd": true, "ppd": 35.608000000000004, "med": 38.3, "p65": 15.413, "p70": 9.732000000000001, "hos": 2.77, "exp": 78.86, "adr": 3.0, "amn": 206482.0, "amv": 1250395.0, "amd": 7062.0, "amt": 2291750.0, "tmn": [0, 2031, 476, 728, 546, 448, 0, 0, 0, 1625, 630, 770, 532, 0, 0, 1373, 490, 882, 798, 714, 0], "tmv": [3777, 2988, 2423, 2905, 2661, 3390, 3489, 0, 0, 0, 2411, 3257, 3418, 2659, 2485, 1614, 1945, 2278, 2491, 2890, 0], "tmd": [0, 43, 0, 15, 15, 0, 0, 0, 0, 0, 15, 0, 0, 0, 0, 15, 0, 15, 0, 0, 0], "wmn": 4260, "wmt": 38641, "wmd": 29, "wmv": 13708, "wdn": 20, "wdt": 6, "wdd": 100, "wdv": 17, "tlv": "New Mexico"}