{"loc": "McNairy", "iso": "US", "l1": "United States", "l2": "Tennessee", "lvl": 3, "pop": 25694, "key": 12711, "isd": true, "ppd": 35.608000000000004, "med": 38.3, "p65": 15.413, "p70": 9.732000000000001, "hos": 2.77, "exp": 78.86, "adr": 2.0, "amn": 112244.0, "amv": 1014221.0, "amd": 2179.0, "amt": 1207091.0, "tmn": [0, 116, 77, 77, 0, -38, 0, 0, 38, 77, 38, -38, 0, 0, 0, 194, 0, 0, 0, 0, 0], "tmv": [1851, 1965, 1967, 2474, 1554, 2803, 3655, 3299, 2241, 4154, 4949, 1994, 3524, 1923, 0, 0, 1326, 2107, 1883, 1818, 1779], "tmd": [0, 0, 0, 0, 0, 0, 0, 0, 0, 0, 0, 0, 0, 0, 0, 39, 0, 0, 0, 0, 0], "wmn": 195, "wmt": 5684, "wmd": 39, "wmv": 8916, "wdn": 67, "wdt": -11, "wdd": 0, "wdv": -60, "tlv": "Tennessee"}