{"loc": "McPherson", "iso": "US", "l1": "United States", "l2": "Kansas", "lvl": 3, "pop": 28542, "key": 12712, "isd": true, "ppd": 35.608000000000004, "med": 38.3, "p65": 15.413, "p70": 9.732000000000001, "hos": 2.77, "exp": 78.86, "adr": 2.0, "amn": 156506.0, "amv": 1263117.0, "amd": 3399.0, "amt": 625466.0, "tmn": [1226, 0, 0, 700, 0, 1296, 0, 910, 0, 0, 910, 0, 1541, 0, 665, 0, 0, 490, 0, 1296, 0], "tmv": [3390, 3489, 0, 0, 0, 2411, 3257, 3418, 2659, 2485, 1614, 1945, 2278, 2491, 2890, 2710, 2395, 1993, 2154, 3467, 0], "tmd": [36, 0, 0, 0, 0, 0, 0, 0, 0, 0, 0, 0, 0, 0, 36, 0, 0, 0, 0, 106, 0], "wmn": 2453, "wmt": 6230, "wmd": 141, "wmv": 15613, "wdn": -27, "wdt": -2, "wdd": 0, "wdv": -8, "tlv": "Kansas"}