{"loc": "Meade", "iso": "US", "l1": "United States", "l2": "South Dakota", "lvl": 3, "pop": 28332, "key": 12717, "isd": true, "ppd": 35.608000000000004, "med": 38.3, "p65": 15.413, "p70": 9.732000000000001, "hos": 2.77, "exp": 78.86, "adr": 1.0, "amn": 145242.0, "amv": 1187231.0, "amd": 1412.0, "amt": 1071378.0, "tmn": [917, 1270, 0, 0, 1341, 2294, 1023, 1094, 1023, 0, 0, 600, 1129, 882, 1129, 529, 0, 0, 423, 1411, 776], "tmv": [2024, 2876, 2739, 2336, 1790, 1886, 2554, 2257, 2903, 2781, 2047, 1978, 1647, 2163, 995, 2262, 2445, 2251, 1671, 1480, 0], "tmd": [0, 36, 0, 0, 36, 36, 0, 0, 0, 0, 0, 71, 0, 0, 0, 36, 0, 0, 0, 36, 0], "wmn": 4271, "wmt": 17299, "wmd": 71, "wmv": 11106, "wdn": -10, "wdt": -9, "wdd": 0, "wdv": -30, "tlv": "South Dakota"}