{"loc": "Meade", "iso": "US", "l1": "United States", "l2": "South Dakota", "lvl": 3, "pop": 28332, "key": 12717, "isd": true, "ppd": 35.608000000000004, "med": 38.3, "p65": 15.413, "p70": 9.732000000000001, "hos": 2.77, "exp": 78.86, "adr": 1.0, "amn": 125618.0, "amv": 1136653.0, "amd": 1165.0, "amt": 1007815.0, "tmn": [388, 1270, 1835, 917, 988, 0, 0, 2047, 2894, 1341, 1517, 1835, 0, 0, 1200, 3423, 1411, 1517, 1553, 0, 0], "tmv": [2605, 1830, 2139, 3106, 3068, 3187, 2953, 1851, 1966, 2813, 2807, 3250, 3257, 2889, 2103, 1988, 3241, 2538, 4249, 2950, 0], "tmd": [0, 0, 0, 0, 0, 0, 0, 0, 0, 0, 0, 0, 0, 0, 36, 0, 0, 36, 0, 0, 0], "wmn": 9107, "wmt": 18867, "wmd": 71, "wmv": 17074, "wdn": -5, "wdt": -33, "wdd": 0, "wdv": -9, "tlv": "South Dakota"}