{"loc": "McPherson", "iso": "US", "l1": "United States", "l2": "Kansas", "lvl": 3, "pop": 28542, "key": 12712, "isd": true, "ppd": 35.608000000000004, "med": 38.3, "p65": 15.413, "p70": 9.732000000000001, "hos": 2.77, "exp": 78.86, "adr": 2.0, "amn": 138112.0, "amv": 1160346.0, "amd": 3153.0, "amt": 580473.0, "tmn": [1401, 0, 0, 910, 0, 1051, 0, 1891, 0, 0, 0, 0, 2242, 0, 1261, 0, 0, 910, 0, 1261, 0], "tmv": [3250, 3257, 2889, 2103, 1988, 3241, 2538, 4249, 2950, 0, 0, 0, 2913, 2024, 2876, 2739, 2336, 1790, 1886, 2554, 0], "tmd": [36, 0, 0, 0, 0, 36, 0, 0, 0, 0, 0, 0, 36, 0, 0, 0, 0, 0, 0, 0, 0], "wmn": 3434, "wmt": 12424, "wmd": 0, "wmv": 14183, "wdn": -17, "wdt": 19, "wdd": -100, "wdv": 17, "tlv": "Kansas"}