{"loc": "Mecklenburg", "iso": "US", "l1": "United States", "l2": "North Carolina", "lvl": 3, "pop": 1110356, "key": 12719, "isd": true, "ppd": 35.608000000000004, "med": 38.3, "p65": 15.413, "p70": 9.732000000000001, "hos": 2.77, "exp": 78.86, "adr": 1.0, "amn": 141431.0, "amv": 1263117.0, "amd": 1116.0, "amt": 1596286.0, "tmn": [348, 0, 0, 614, 185, 211, 206, 254, 0, 0, 523, 142, 185, 196, 128, 0, 0, 454, 148, 120, 190], "tmv": [3390, 3489, 0, 0, 0, 2411, 3257, 3418, 2659, 2485, 1614, 1945, 2278, 2491, 2890, 2710, 2395, 1993, 2154, 3467, 0], "tmd": [6, 0, 0, 4, 0, 11, 1, 6, 0, 0, 8, 1, 4, 0, 3, 0, 0, 8, 3, 0, 2], "wmn": 1043, "wmt": 22653, "wmd": 14, "wmv": 15613, "wdn": -20, "wdt": -8, "wdd": -21, "wdv": -8, "tlv": "North Carolina"}