{"loc": "Meade", "iso": "US", "l1": "United States", "l2": "South Dakota", "lvl": 3, "pop": 28332, "key": 12717, "isd": true, "ppd": 35.608000000000004, "med": 38.3, "p65": 15.413, "p70": 9.732000000000001, "hos": 2.77, "exp": 78.86, "adr": 1.0, "amn": 90110.0, "amv": 180853.0, "amd": 1094.0, "amt": 470850.0, "tmn": [282, 105, 70, 70, 105, 105, 70, 211, 70, 70, 317, 105, 211, 247, 35, 35, -35, 388, 247, 247, 141], "tmv": [5139, 4690, 3336, 1695, 3330, 4023, 4903, 6734, 6595, 3662, 2393, 4746, 4917, 6132, 6772, 6806, 0, 0, 3221, 4419, 5606], "tmd": [71, 0, 0, 0, 0, 36, 0, 0, 0, 0, 0, 0, 0, 0, 0, 0, 0, 0, 0, 0, 0], "wmn": 1059, "wmt": 4936, "wmd": 0, "wmv": 26827, "wdn": -14, "wdt": -28, "wdd": 0, "wdv": -24, "tlv": "South Dakota"}