{"loc": "McNairy", "iso": "US", "l1": "United States", "l2": "Tennessee", "lvl": 3, "pop": 25694, "key": 12711, "isd": true, "ppd": 35.608000000000004, "med": 38.3, "p65": 15.413, "p70": 9.732000000000001, "hos": 2.77, "exp": 78.86, "adr": 2.0, "amn": 155056.0, "amv": 1146163.0, "amd": 2374.0, "amt": 1374748.0, "tmn": [0, 0, 5254, 778, 0, 2218, 1011, 0, 0, 2841, 1167, 1478, 505, 1245, 0, 0, 0, 3930, 934, 700, 583], "tmv": [3187, 2953, 1851, 1966, 2813, 2807, 3250, 3257, 2889, 2103, 1988, 3241, 2538, 4249, 2950, 0, 0, 0, 2913, 2024, 0], "tmd": [0, 0, 0, 0, 0, 39, 0, 0, 0, 0, 0, 0, 0, 39, 0, 0, 0, 39, 0, 39, 0], "wmn": 6150, "wmt": 33339, "wmd": 78, "wmv": 7888, "wdn": -15, "wdt": 11, "wdd": 100, "wdv": -61, "tlv": "Tennessee"}