{"loc": "Meigs", "iso": "US", "l1": "United States", "l2": "Ohio", "lvl": 3, "pop": 22907, "key": 12729, "isd": true, "ppd": 35.608000000000004, "med": 38.3, "p65": 15.413, "p70": 9.732000000000001, "hos": 2.77, "exp": 78.86, "adr": 2.0, "amn": 59370.0, "amv": 298070.0, "amd": 1484.0, "amt": 886856.0, "tmn": [174, 174, 43, 174, 130, 87, 261, 0, 87, 87, 130, 174, 87, 43, 0, 0, 0, -43, 0, 43, 0], "tmv": [5173, 5466, 3298, 2593, 4349, 5491, 6616, 7139, 7375, 5050, 5255, 5793, 6168, 7391, 8814, 7404, 5275, 4864, 6157, 7535, 0], "tmd": [0, 0, 0, 0, 0, 0, 0, 0, 0, 0, 0, 0, 0, 0, 0, 0, 0, 44, 0, 0, 88], "wmn": 0, "wmt": 15303, "wmd": 131, "wmv": 40053, "wdn": -100, "wdt": -28, "wdd": 0, "wdv": -9, "tlv": "Ohio"}