{"loc": "Meghalaya", "iso": "IN", "l1": "India", "l2": "Meghalaya", "lvl": 2, "pop": 3366710, "key": 12727, "isd": true, "ppd": 450.41900000000004, "med": 28.2, "p65": 5.989, "p70": 3.4139999999999997, "hos": 0.53, "exp": 69.66, "adr": 2.0, "amn": 21581.0, "amv": 403274.0, "amd": 372.0, "amt": 359875.0, "tmn": [217, 169, 203, 174, 103, 165, 154, 171, 152, 155, 160, 55, 122, 137, 127, 114, 101, 124, 104, 74, 72], "tmv": [3860, 3974, 0, 0, 0, 0, 2938, 4337, 4117, 4203, 1343, 4228, 3319, 3326, 0, 0, 5548, 0, 0, 4348, 0], "tmd": [5, 4, 4, 4, 4, 3, 3, 3, 5, 3, 3, 4, 4, 3, 2, 4, 3, 3, 3, 2, 4], "wmn": 720, "wmt": 8387, "wmd": 17, "wmv": 9897, "wdn": -25, "wdt": -3, "wdd": -19, "wdv": -60, "tlv": "India"}