{"loc": "Medina", "iso": "US", "l1": "United States", "l2": "Ohio", "lvl": 3, "pop": 179746, "key": 12723, "isd": true, "ppd": 35.608000000000004, "med": 38.3, "p65": 15.413, "p70": 9.732000000000001, "hos": 2.77, "exp": 78.86, "adr": 2.0, "amn": 74255.0, "amv": 228357.0, "amd": 1218.0, "amt": 858109.0, "tmn": [194, 272, 267, 216, 305, 289, 183, 205, 272, 183, 211, 250, 150, 77, 105, 322, 178, 239, 150, 205, 111], "tmv": [3662, 2393, 4746, 4917, 6132, 6772, 6806, 0, 0, 3221, 4419, 5606, 5173, 5466, 3298, 2593, 4349, 5491, 6616, 7139, 7375], "tmd": [0, 6, 6, 0, 0, 0, 0, 0, 0, 0, -11, 12, 0, 6, 0, 6, 6, 0, 0, -5, 6], "wmn": 1313, "wmt": 21271, "wmd": 12, "wmv": 36864, "wdn": -3, "wdt": 28, "wdd": 100, "wdv": 54, "tlv": "Ohio"}