{"loc": "Medina", "iso": "US", "l1": "United States", "l2": "Texas", "lvl": 3, "pop": 51584, "key": 12724, "isd": true, "ppd": 35.608000000000004, "med": 38.3, "p65": 15.413, "p70": 9.732000000000001, "hos": 2.77, "exp": 78.86, "adr": 2.0, "amn": 104645.0, "amv": 1074040.0, "amd": 2229.0, "amt": 962367.0, "tmn": [232, 0, 0, 542, 426, 581, 368, 445, 0, 0, 1163, 542, 814, 562, 252, 0, 0, 891, 814, 0, 1260], "tmv": [2051, 2364, 1193, 1200, 2288, 2155, 2600, 2160, 2477, 1419, 1374, 2201, 2622, 2492, 2548, 2348, 1615, 1875, 1986, 1986, 0], "tmd": [0, 0, 0, 20, 0, 0, 0, 0, 0, 0, 0, 20, 0, 0, 0, 20, 0, 20, 0, 39, 39], "wmn": 3219, "wmt": 18205, "wmd": 117, "wmv": 12361, "wdn": -9, "wdt": 2, "wdd": 500, "wdv": -16, "tlv": "Texas"}