{"loc": "Medina", "iso": "US", "l1": "United States", "l2": "Texas", "lvl": 3, "pop": 51584, "key": 12724, "isd": true, "ppd": 35.608000000000004, "med": 38.3, "p65": 15.413, "p70": 9.732000000000001, "hos": 2.77, "exp": 78.86, "adr": 2.0, "amn": 123217.0, "amv": 1157792.0, "amd": 2695.0, "amt": 1084542.0, "tmn": [600, 717, 77, 0, 19, 2151, 329, 794, 1066, 290, 0, 0, 0, 2229, 1279, 407, 0, 0, 620, 1085, 600], "tmv": [2807, 3250, 3257, 2889, 2103, 1988, 3241, 2538, 4249, 2950, 0, 0, 0, 2913, 2024, 2876, 2739, 2336, 1790, 1886, 0], "tmd": [20, 0, 59, 39, 0, 20, 0, 20, 20, 0, 0, 0, 0, 0, 20, 39, 59, 20, 0, 0, 20], "wmn": 3994, "wmt": 29130, "wmd": 156, "wmv": 13653, "wdn": -9, "wdt": -9, "wdd": 300, "wdv": 8, "tlv": "Texas"}