{"loc": "Meghalaya", "iso": "IN", "l1": "India", "l2": "Meghalaya", "lvl": 2, "pop": 3366710, "key": 12727, "isd": true, "ppd": 450.41900000000004, "med": 28.2, "p65": 5.989, "p70": 3.4139999999999997, "hos": 0.53, "exp": 69.66, "adr": 2.0, "amn": 18934.0, "amv": 330458.0, "amd": 315.0, "amt": 332727.0, "tmn": [126, 144, 126, 81, 108, 125, 122, 130, 150, 115, 114, 148, 165, 152, 0, 371, 177, 169, 210, 160, 217], "tmv": [0, 0, 956, 2981, 4514, 2639, 2900, 3153, 3794, 0, 0, 2627, 1723, 4033, 3235, 3817, 1481, 4866, 3075, 3296, 3860], "tmd": [3, 3, 1, 2, 2, 1, 2, 2, 3, 2, 3, 4, 2, 5, 0, 8, 3, 3, 3, 3, 5], "wmn": 1307, "wmt": 5980, "wmd": 22, "wmv": 23636, "wdn": 34, "wdt": -36, "wdd": 19, "wdv": 54, "tlv": "India"}