{"loc": "Meghalaya", "iso": "IN", "l1": "India", "l2": "Meghalaya", "lvl": 2, "pop": 3366710, "key": 12727, "isd": true, "ppd": 450.41900000000004, "med": 28.2, "p65": 5.989, "p70": 3.4139999999999997, "hos": 0.53, "exp": 69.66, "adr": 2.0, "amn": 24528.0, "amv": 691960.0, "amd": 423.0, "amt": 422920.0, "tmn": [49, 78, 54, 61, 44, 32, 28, 50, 38, 46, 38, 51, 33, 28, 33, 27, 35, 24, 17, 19, 27], "tmv": [3957, 7204, 7546, 3262, 2634, 9407, 3239, 4672, 4878, 4912, 5652, 3732, 3568, 5107, 3911, 2642, 5830, 5662, 5873, 2730, 0], "tmd": [2, 1, 1, 1, 1, 1, 1, 1, 2, 0, 1, 1, 1, 1, 1, 1, 1, 1, 2, 1, 1], "wmn": 186, "wmt": 5970, "wmd": 5, "wmv": 26652, "wdn": -35, "wdt": -15, "wdd": 33, "wdv": -18, "tlv": "India"}