{"loc": "Mecosta", "iso": "US", "l1": "United States", "l2": "Michigan", "lvl": 3, "pop": 43453, "key": 12722, "isd": true, "ppd": 35.608000000000004, "med": 38.3, "p65": 15.413, "p70": 9.732000000000001, "hos": 2.77, "exp": 78.86, "adr": 1.0, "amn": 55324.0, "amv": 511713.0, "amd": 552.0, "amt": 1172788.0, "tmn": [230, 92, 92, 161, 0, 253, 92, 230, 414, 276, 598, 0, 644, 230, 828, 506, 529, 736, 0, 1219, 437], "tmv": [6980, 8171, 7842, 9493, 9226, 6156, 5181, 6849, 8594, 10257, 10611, 9961, 7133, 5431, 8106, 10192, 12065, 12389, 10214, 6477, 4262], "tmd": [0, 0, 0, 0, 0, 0, 0, 0, 0, 24, 0, 0, 0, 0, 0, 24, 0, 0, 0, 0, 24], "wmn": 4258, "wmt": 28663, "wmd": 47, "wmv": 63709, "wdn": 78, "wdt": 8, "wdd": 100, "wdv": 8, "tlv": "Michigan"}