{"loc": "Medina", "iso": "US", "l1": "United States", "l2": "Texas", "lvl": 3, "pop": 51584, "key": 12724, "isd": true, "ppd": 35.608000000000004, "med": 38.3, "p65": 15.413, "p70": 9.732000000000001, "hos": 2.77, "exp": 78.86, "adr": 2.0, "amn": 87973.0, "amv": 180853.0, "amd": 1764.0, "amt": 662598.0, "tmn": [0, 0, 872, 1337, 19, 19, 0, 0, 0, 96, 0, 0, 12910, 252, 0, 0, 0, 0, 0, 213, 0], "tmv": [4690, 3336, 1695, 3330, 4023, 4903, 6734, 6595, 3662, 2393, 4746, 4917, 6132, 6772, 6806, 0, 0, 3221, 4419, 5606, 0], "tmd": [0, 0, 20, 0, 20, 39, 20, 0, 39, 0, 39, 0, 0, 39, 39, 0, 0, 0, 0, 78, 0], "wmn": 214, "wmt": 14729, "wmd": 117, "wmv": 20055, "wdn": -98, "wdt": -36, "wdd": 0, "wdv": -43, "tlv": "Texas"}