{"loc": "Menifee", "iso": "US", "l1": "United States", "l2": "Kentucky", "lvl": 3, "pop": 6489, "key": 12736, "isd": true, "ppd": 35.608000000000004, "med": 38.3, "p65": 15.413, "p70": 9.732000000000001, "hos": 2.77, "exp": 78.86, "adr": 4.0, "amn": 65650.0, "amv": 478369.0, "amd": 2312.0, "amt": 944949.0, "tmn": [0, 154, 0, -154, 0, 0, 0, -154, 154, 0, 0, 0, 0, 0, 0, 462, 0, 154, 0, 924, 154], "tmv": [13887, 4118, 6135, 5026, 6980, 8171, 7842, 9493, 9226, 6156, 5181, 6849, 8594, 10257, 10611, 9961, 7133, 5431, 8106, 10192, 12065], "tmd": [0, 0, 0, 0, 0, 0, 155, 0, 0, 0, 0, 0, 0, 0, 0, 0, 0, 0, 0, 0, 0], "wmn": 1696, "wmt": 20887, "wmd": 0, "wmv": 63503, "wdn": 0, "wdt": 68, "wdd": 0, "wdv": 14, "tlv": "Kentucky"}