{"loc": "Menard", "iso": "US", "l1": "United States", "l2": "Illinois", "lvl": 3, "pop": 12196, "key": 12733, "isd": true, "ppd": 35.608000000000004, "med": 38.3, "p65": 15.413, "p70": 9.732000000000001, "hos": 2.77, "exp": 78.86, "adr": 1.0, "amn": 97245.0, "amv": 624865.0, "amd": 984.0, "amt": 1702283.0, "tmn": [655, 0, 409, 163, 245, 245, 327, 163, 163, 409, 81, 245, 245, 245, 245, 0, 163, 245, 81, 327, 491], "tmv": [9961, 7133, 5431, 8106, 10192, 12065, 12389, 10214, 6477, 4262, 8755, 10329, 12013, 14052, 10864, 8027, 7863, 7615, 10699, 12037, 10893], "tmd": [0, 0, 0, 0, 0, 0, 0, 0, 0, 0, 82, 0, 82, 0, 0, 0, 0, 0, 82, 0, 0], "wmn": 1558, "wmt": 43648, "wmd": 82, "wmv": 68002, "wdn": 0, "wdt": 7, "wdd": -50, "wdv": 3, "tlv": "Illinois"}