{"loc": "Merced", "iso": "US", "l1": "United States", "l2": "California", "lvl": 3, "pop": 277680, "key": 12739, "isd": true, "ppd": 35.608000000000004, "med": 38.3, "p65": 15.413, "p70": 9.732000000000001, "hos": 2.77, "exp": 78.86, "adr": 1.0, "amn": 104966.0, "amv": 233408.0, "amd": 1444.0, "amt": 1237521.0, "tmn": [190, 500, 0, 0, 0, 0, 1800, 378, 0, 659, 0, 0, 597, 338, 450, 147, 0, 0, 0, 835, 0], "tmv": [4746, 4917, 6132, 6772, 6806, 0, 0, 3221, 4419, 5606, 5173, 5466, 3298, 2593, 4349, 5491, 6616, 7139, 7375, 5050, 0], "tmd": [22, 8, 0, 0, 0, 0, 26, 0, 0, 22, 0, 0, 11, 8, 4, 4, 0, 8, 0, 15, 0], "wmn": 1434, "wmt": 35023, "wmd": 29, "wmv": 36022, "wdn": -27, "wdt": 8, "wdd": -27, "wdv": 21, "tlv": "California"}