{"loc": "Mercer", "iso": "US", "l1": "United States", "l2": "West Virginia", "lvl": 3, "pop": 58758, "key": 12747, "isd": true, "ppd": 35.608000000000004, "med": 38.3, "p65": 15.413, "p70": 9.732000000000001, "hos": 2.77, "exp": 78.86, "adr": 2.0, "amn": 88584.0, "amv": 1014221.0, "amd": 2178.0, "amt": 1715896.0, "tmn": [0, 357, 68, 34, 85, 0, 0, 306, 68, 51, 85, 119, 0, 0, 0, 119, 17, 0, 68, 0, 0], "tmv": [1851, 1965, 1967, 2474, 1554, 2803, 3655, 3299, 2241, 4154, 4949, 1994, 3524, 1923, 0, 0, 1326, 2107, 1883, 1818, 1779], "tmd": [0, 0, 0, 0, 0, 0, 0, 0, 0, 18, 69, 18, 0, 0, 0, 18, 0, 0, 0, 0, 0], "wmn": 205, "wmt": 12948, "wmd": 18, "wmv": 8916, "wdn": -68, "wdt": -8, "wdd": -83, "wdv": -60, "tlv": "West Virginia"}