{"loc": "Mercer", "iso": "US", "l1": "United States", "l2": "Missouri", "lvl": 3, "pop": 3617, "key": 12742, "isd": true, "ppd": 35.608000000000004, "med": 38.3, "p65": 15.413, "p70": 9.732000000000001, "hos": 2.77, "exp": 78.86, "adr": 1.0, "amn": 109483.0, "amv": 1154115.0, "amd": 829.0, "amt": 1101515.0, "tmn": [276, 552, 1105, 552, 552, 0, 0, 1382, 1382, 829, 829, 276, 276, 0, 0, 552, 829, 276, 276, 552, 552], "tmv": [1966, 2813, 2807, 3250, 3257, 2889, 2103, 1988, 3241, 2538, 4249, 2950, 0, 0, 0, 2913, 2024, 2876, 2739, 2336, 0], "tmd": [0, 0, 0, 0, 0, 0, 0, 0, 0, 0, 0, 0, 0, 0, 0, 277, 0, 0, 0, 0, 0], "wmn": 3042, "wmt": 18011, "wmd": 277, "wmv": 12890, "wdn": -39, "wdt": -5, "wdd": 0, "wdv": -14, "tlv": "Missouri"}