{"loc": "Mercer", "iso": "US", "l1": "United States", "l2": "New Jersey", "lvl": 3, "pop": 367430, "key": 12743, "isd": true, "ppd": 35.608000000000004, "med": 38.3, "p65": 15.413, "p70": 9.732000000000001, "hos": 2.77, "exp": 78.86, "adr": 3.0, "amn": 100365.0, "amv": 1146163.0, "amd": 2664.0, "amt": 1721918.0, "tmn": [171, 138, 141, 138, 209, 176, 255, 190, 122, 146, 166, 204, 261, 97, 146, 185, 141, 19, 291, 133, 217], "tmv": [3187, 2953, 1851, 1966, 2813, 2807, 3250, 3257, 2889, 2103, 1988, 3241, 2538, 4249, 2950, 0, 0, 0, 2913, 2024, 0], "tmd": [0, 0, 0, 0, 0, 0, 0, 0, 0, 6, 3, 9, 0, 0, 0, 0, 3, 3, 6, 3, 0], "wmn": 1135, "wmt": 6426, "wmd": 14, "wmv": 7888, "wdn": -5, "wdt": -43, "wdd": -17, "wdv": -61, "tlv": "New Jersey"}