{"loc": "Mercer", "iso": "US", "l1": "United States", "l2": "Ohio", "lvl": 3, "pop": 41172, "key": 12745, "isd": true, "ppd": 35.608000000000004, "med": 38.3, "p65": 15.413, "p70": 9.732000000000001, "hos": 2.77, "exp": 78.86, "adr": 2.0, "amn": 110172.0, "amv": 160515.0, "amd": 2453.0, "amt": 825959.0, "tmn": [437, 194, 607, 121, 267, 145, 170, 364, 315, 218, 145, 72, 97, 194, 242, 242, 170, 170, 72, 24, 121], "tmv": [3374, 4677, 5132, 5139, 4690, 3336, 1695, 3330, 4023, 4903, 6734, 6595, 3662, 2393, 4746, 4917, 6132, 6772, 6806, 0, 0], "tmd": [0, 0, 25, 0, 0, 25, 0, 25, 0, 0, 0, 0, 0, 0, 0, 0, 0, 0, 0, 0, -24], "wmn": 1045, "wmt": 21180, "wmd": -24, "wmv": 29376, "wdn": -26, "wdt": -5, "wdd": -200, "wdv": -7, "tlv": "Ohio"}