{"loc": "Mercer", "iso": "US", "l1": "United States", "l2": "Illinois", "lvl": 3, "pop": 15437, "key": 12740, "isd": true, "ppd": 35.608000000000004, "med": 38.3, "p65": 15.413, "p70": 9.732000000000001, "hos": 2.77, "exp": 78.86, "adr": 2.0, "amn": 123470.0, "amv": 1176126.0, "amd": 2267.0, "amt": 2430104.0, "tmn": [777, 712, 0, 0, 0, 777, 1230, 906, 453, 0, 0, 1166, 647, 453, 453, 583, 0, 0, 1101, 453, 777], "tmv": [2538, 4249, 2950, 0, 0, 0, 2913, 2024, 2876, 2739, 2336, 1790, 1886, 2554, 2257, 2903, 2781, 2047, 1978, 1647, 2163], "tmd": [0, 0, 0, 0, 0, 0, 0, 0, 0, 0, 0, 0, 0, 0, 0, 65, 0, 0, 0, -64, 0], "wmn": 3369, "wmt": 54807, "wmd": 0, "wmv": 15780, "wdn": -7, "wdt": 12, "wdd": 0, "wdv": -3, "tlv": "Illinois"}