{"loc": "Mercer", "iso": "US", "l1": "United States", "l2": "Ohio", "lvl": 3, "pop": 41172, "key": 12745, "isd": true, "ppd": 35.608000000000004, "med": 38.3, "p65": 15.413, "p70": 9.732000000000001, "hos": 2.77, "exp": 78.86, "adr": 2.0, "amn": 111824.0, "amv": 279512.0, "amd": 1967.0, "amt": 879687.0, "tmn": [145, 121, 121, 24, 24, 97, 24, 267, 97, 72, 97, 0, 24, 48, 72, 97, 0, 145, 0, 72, 97], "tmv": [3221, 4419, 5606, 5173, 5466, 3298, 2593, 4349, 5491, 6616, 7139, 7375, 5050, 5255, 5793, 6168, 7391, 8814, 7404, 5275, 0], "tmd": [0, 0, 0, 0, 0, 0, 0, 0, 0, 0, 0, 0, 0, 0, 0, 0, 0, 0, 0, 0, 0], "wmn": 486, "wmt": 16963, "wmd": 0, "wmv": 40849, "wdn": -20, "wdt": -22, "wdd": 0, "wdv": -1, "tlv": "Ohio"}