{"loc": "Mercer", "iso": "US", "l1": "United States", "l2": "Pennsylvania", "lvl": 3, "pop": 109424, "key": 12746, "isd": true, "ppd": 35.608000000000004, "med": 38.3, "p65": 15.413, "p70": 9.732000000000001, "hos": 2.77, "exp": 78.86, "adr": 2.0, "amn": 102637.0, "amv": 1160346.0, "amd": 2559.0, "amt": 1293253.0, "tmn": [283, 447, 164, 402, 301, 265, 566, 365, 575, 429, 246, 246, 594, 438, 466, 758, 447, 466, 392, 466, 877], "tmv": [3250, 3257, 2889, 2103, 1988, 3241, 2538, 4249, 2950, 0, 0, 0, 2913, 2024, 2876, 2739, 2336, 1790, 1886, 2554, 0], "tmd": [0, 10, 0, 0, 0, 0, 10, 0, 10, 0, 0, 0, 10, 0, 10, 0, 0, 0, 28, 0, 10], "wmn": 3875, "wmt": 23285, "wmd": 46, "wmv": 14183, "wdn": 34, "wdt": 13, "wdd": 150, "wdv": 17, "tlv": "Pennsylvania"}