{"loc": "Meriwether", "iso": "US", "l1": "United States", "l2": "Georgia", "lvl": 3, "pop": 21167, "key": 12748, "isd": true, "ppd": 35.608000000000004, "med": 38.3, "p65": 15.413, "p70": 9.732000000000001, "hos": 2.77, "exp": 78.86, "adr": 4.0, "amn": 111967.0, "amv": 1091533.0, "amd": 4394.0, "amt": 937664.0, "tmn": [377, 0, 0, 803, 1133, 803, 425, 661, 0, 0, 1322, 897, 992, 566, 755, 0, 0, 1322, 850, 614, 236], "tmv": [2600, 2160, 2477, 1419, 1374, 2201, 2622, 2492, 2548, 2348, 1615, 1875, 1986, 1986, 2786, 3007, 2017, 2605, 1830, 2139, 3106], "tmd": [0, 0, 0, 0, 0, 0, 0, 48, 0, 0, 0, 0, 0, 0, 0, 0, 0, 0, 0, 0, 0], "wmn": 3780, "wmt": 19298, "wmd": 0, "wmv": 17494, "wdn": -15, "wdt": 17, "wdd": -100, "wdv": 18, "tlv": "Georgia"}