{"loc": "Mercer", "iso": "US", "l1": "United States", "l2": "Ohio", "lvl": 3, "pop": 41172, "key": 12745, "isd": true, "ppd": 35.608000000000004, "med": 38.3, "p65": 15.413, "p70": 9.732000000000001, "hos": 2.77, "exp": 78.86, "adr": 1.0, "amn": 166108.0, "amv": 1393875.0, "amd": 2380.0, "amt": 1532262.0, "tmn": [922, 534, 582, 364, 121, 267, 898, 655, 874, 558, 412, 242, 267, 777, 850, 0, 655, 340, 242, 315, 558], "tmv": [4933, 4463, 5576, 3317, 1660, 4353, 4663, 4819, 4832, 5563, 3334, 1728, 4724, 4234, 2965, 50, 2434, 1138, 149, 0, 0], "tmd": [0, 0, 0, 0, 0, 0, 0, 0, 0, 0, 0, 0, 0, 0, 0, 0, 0, 0, 0, 0, 25], "wmn": 2964, "wmt": 1976, "wmd": 25, "wmv": 6738, "wdn": -22, "wdt": -89, "wdd": 0, "wdv": -77, "tlv": "Ohio"}