{"loc": "Miami", "iso": "US", "l1": "United States", "l2": "Indiana", "lvl": 3, "pop": 35516, "key": 12757, "isd": true, "ppd": 35.608000000000004, "med": 38.3, "p65": 15.413, "p70": 9.732000000000001, "hos": 2.77, "exp": 78.86, "adr": 2.0, "amn": 113554.0, "amv": 1027393.0, "amd": 2027.0, "amt": 1643208.0, "tmn": [28, 28, 0, 0, 0, 506, 0, 225, 112, 0, 0, 140, 112, 84, 28, 0, 0, 0, 140, 28, 84], "tmv": [4949, 1994, 3524, 1923, 0, 0, 1326, 2107, 1883, 1818, 1779, 1363, 1036, 1655, 1721, 1666, 1928, 1520, 1539, 740, 0], "tmd": [0, 0, 0, 0, 0, 29, 0, 29, 0, 0, 0, 29, 0, 0, 0, 0, 0, 0, 0, 0, 0], "wmn": 282, "wmt": 11998, "wmd": 0, "wmv": 9117, "wdn": -58, "wdt": 11, "wdd": -100, "wdv": -22, "tlv": "Indiana"}