{"loc": "Miami", "iso": "US", "l1": "United States", "l2": "Kansas", "lvl": 3, "pop": 34237, "key": 12758, "isd": true, "ppd": 35.608000000000004, "med": 38.3, "p65": 15.413, "p70": 9.732000000000001, "hos": 2.77, "exp": 78.86, "adr": 1.0, "amn": 92590.0, "amv": 1091533.0, "amd": 1314.0, "amt": 534759.0, "tmn": [788, 0, 0, 0, 0, 0, 1314, 847, 0, 0, 496, 0, 905, 0, 730, 0, 0, 788, 0, 0, 0], "tmv": [2600, 2160, 2477, 1419, 1374, 2201, 2622, 2492, 2548, 2348, 1615, 1875, 1986, 1986, 2786, 3007, 2017, 2605, 1830, 2139, 3106], "tmd": [0, 0, 0, 0, 0, 0, 0, 0, 0, 0, 0, 0, 30, 0, 0, 0, 0, 30, 0, 0, 0], "wmn": 1519, "wmt": 4994, "wmd": 30, "wmv": 17494, "wdn": -32, "wdt": -53, "wdd": 0, "wdv": 18, "tlv": "Kansas"}