{"loc": "Miami", "iso": "US", "l1": "United States", "l2": "Ohio", "lvl": 3, "pop": 106987, "key": 12759, "isd": true, "ppd": 35.608000000000004, "med": 38.3, "p65": 15.413, "p70": 9.732000000000001, "hos": 2.77, "exp": 78.86, "adr": 2.0, "amn": 130511.0, "amv": 1179384.0, "amd": 2440.0, "amt": 1360894.0, "tmn": [588, 729, 345, 439, 626, 831, 1084, 925, 579, 672, 495, 626, 803, 972, 710, 420, 616, 794, 383, 962, 691], "tmv": [2950, 0, 0, 0, 2913, 2024, 2876, 2739, 2336, 1790, 1886, 2554, 2257, 2903, 2781, 2047, 1978, 1647, 2163, 995, 2262], "tmd": [10, 10, 10, 10, 0, 0, 0, 19, 0, 0, 0, 0, 0, 0, 0, 0, 0, 38, 0, 0, 75], "wmn": 4580, "wmt": 25300, "wmd": 113, "wmv": 13878, "wdn": -10, "wdt": -10, "wdd": 500, "wdv": -16, "tlv": "Ohio"}