{"loc": "Metcalfe", "iso": "US", "l1": "United States", "l2": "Kentucky", "lvl": 3, "pop": 10071, "key": 12753, "isd": true, "ppd": 35.608000000000004, "med": 38.3, "p65": 15.413, "p70": 9.732000000000001, "hos": 2.77, "exp": 78.86, "adr": 2.0, "amn": 189157.0, "amv": 1263117.0, "amd": 4170.0, "amt": 1630307.0, "tmn": [99, 496, 0, 0, 893, 297, 397, 595, 595, 0, 0, 695, 297, 297, 198, 397, 0, 0, 695, 297, 794], "tmv": [2661, 3390, 3489, 0, 0, 0, 2411, 3257, 3418, 2659, 2485, 1614, 1945, 2278, 2491, 2890, 2710, 2395, 1993, 2154, 3467], "tmd": [0, 0, 0, 0, 0, 0, 0, 0, 0, 0, 0, 398, 0, 0, 0, 0, 0, 0, 0, 0, 0], "wmn": 2384, "wmt": 21569, "wmd": 0, "wmv": 18105, "wdn": -4, "wdt": -3, "wdd": -100, "wdv": 3, "tlv": "Kentucky"}