{"loc": "Miami-Dade", "iso": "US", "l1": "United States", "l2": "Florida", "lvl": 3, "pop": 2716940, "key": 12760, "isd": true, "ppd": 35.608000000000004, "med": 38.3, "p65": 15.413, "p70": 9.732000000000001, "hos": 2.77, "exp": 78.86, "adr": 1.0, "amn": 162807.0, "amv": 435440.0, "amd": 2140.0, "amt": 1092051.0, "tmn": [316, 402, 407, 432, 437, 458, 276, 257, 468, 353, 407, 454, 469, 331, 288, 463, 389, 460, 465, 480, 390], "tmv": [5275, 4864, 6157, 7535, 8875, 13887, 4118, 6135, 5026, 6980, 8171, 7842, 9493, 9226, 6156, 5181, 6849, 8594, 10257, 10611, 9961], "tmd": [1, 20, 3, 0, 7, 5, 4, 4, 7, 5, 5, 3, 3, 1, 2, 6, 4, 6, 10, 2, 7], "wmn": 2939, "wmt": -126127, "wmd": 33, "wmv": 57613, "wdn": 7, "wdt": -611, "wdd": 37, "wdv": 9, "tlv": "Florida"}