{"loc": "Middlesex", "iso": "US", "l1": "United States", "l2": "New Jersey", "lvl": 3, "pop": 825062, "key": 12767, "isd": true, "ppd": 35.608000000000004, "med": 38.3, "p65": 15.413, "p70": 9.732000000000001, "hos": 2.77, "exp": 78.86, "adr": 2.0, "amn": 128804.0, "amv": 1263117.0, "amd": 2989.0, "amt": 1802027.0, "tmn": [161, 143, 101, 88, 162, 174, 149, 133, 141, 83, 76, 100, 87, 178, 126, 147, 55, 84, 152, 109, 127], "tmv": [3390, 3489, 0, 0, 0, 2411, 3257, 3418, 2659, 2485, 1614, 1945, 2278, 2491, 2890, 2710, 2395, 1993, 2154, 3467, 0], "tmd": [0, 0, 0, 0, 4, 2, 4, 2, 4, 0, 2, 5, 3, 4, 2, 2, 0, 2, 2, 0, 4], "wmn": 804, "wmt": 7113, "wmd": 9, "wmv": 15613, "wdn": 0, "wdt": -1, "wdd": -50, "wdv": -8, "tlv": "New Jersey"}