{"loc": "Michigan", "iso": "US", "l1": "United States", "l2": "Michigan", "lvl": 2, "pop": 9986857, "key": 12762, "isd": true, "ppd": 35.608000000000004, "med": 38.3, "p65": 15.413, "p70": 9.732000000000001, "hos": 2.77, "exp": 78.86, "adr": 2.0, "amn": 117078.0, "amv": 1204735.0, "amd": 2253.0, "amt": 1646218.0, "tmn": [776, 0, 669, 0, 0, 821, 0, 772, 0, 709, 0, 0, 873, 0, 870, 0, 936, 0, 0, 983, 0], "tmv": [2554, 2257, 2903, 2781, 2047, 1978, 1647, 2163, 995, 2262, 2445, 2251, 1671, 0, 0, 2784, 2570, 2833, 3777, 2988, 0], "tmd": [7, 0, 8, 0, 0, 4, 0, 10, 0, 9, 0, 0, 4, 0, 12, 0, 9, 0, 0, 7, 0], "wmn": 2791, "wmt": 25879, "wmd": 26, "wmv": 14955, "wdn": 18, "wdt": -8, "wdd": 23, "wdv": 27, "tlv": "Michigan"}