{"loc": "Miller", "iso": "US", "l1": "United States", "l2": "Missouri", "lvl": 3, "pop": 25619, "key": 12777, "isd": true, "ppd": 35.608000000000004, "med": 38.3, "p65": 15.413, "p70": 9.732000000000001, "hos": 2.77, "exp": 78.86, "adr": 2.0, "amn": 117920.0, "amv": 1029249.0, "amd": 2381.0, "amt": 966546.0, "tmn": [39, 39, 468, 195, 468, 468, 312, 663, 858, 78, 39, 897, 234, 351, 1522, 1717, 429, 39, 936, 1053, 1171], "tmv": [1994, 3524, 1923, 0, 0, 1326, 2107, 1883, 1818, 1779, 1363, 1036, 1655, 1721, 1666, 1928, 1520, 1539, 740, 1856, 0], "tmd": [0, 0, 0, 0, 0, 0, 0, 0, 0, 0, 0, 157, 0, 0, 0, 0, 0, 0, 0, 0, 0], "wmn": 6870, "wmt": 13294, "wmd": 0, "wmv": 9252, "wdn": 120, "wdt": 24, "wdd": -100, "wdv": -18, "tlv": "Missouri"}