{"loc": "Milam", "iso": "US", "l1": "United States", "l2": "Texas", "lvl": 3, "pop": 24823, "key": 12773, "isd": true, "ppd": 35.608000000000004, "med": 38.3, "p65": 15.413, "p70": 9.732000000000001, "hos": 2.77, "exp": 78.86, "adr": 2.0, "amn": 130041.0, "amv": 1121684.0, "amd": 2377.0, "amt": 1013795.0, "tmn": [1289, 1369, 483, 523, 1530, 0, 0, 1047, 1409, 845, 0, 2658, 0, 0, 765, 1933, 443, 0, 1812, 0, 1047], "tmv": [1875, 1986, 1986, 2786, 3007, 2017, 2605, 1830, 2139, 3106, 3068, 3187, 2953, 1851, 1966, 2813, 2807, 3250, 3257, 2889, 2103], "tmd": [0, 0, 0, 41, 0, 0, 0, 41, 0, 41, 0, 0, 41, 0, 0, 41, 41, 0, 0, 0, 0], "wmn": 6003, "wmt": 22962, "wmd": 81, "wmv": 19089, "wdn": 1, "wdt": 18, "wdd": -33, "wdv": 5, "tlv": "Texas"}