{"loc": "Miller", "iso": "US", "l1": "United States", "l2": "Missouri", "lvl": 3, "pop": 25619, "key": 12777, "isd": true, "ppd": 35.608000000000004, "med": 38.3, "p65": 15.413, "p70": 9.732000000000001, "hos": 2.77, "exp": 78.86, "adr": 2.0, "amn": 143331.0, "amv": 1146163.0, "amd": 2693.0, "amt": 1091396.0, "tmn": [468, 234, 117, 624, 624, 117, 312, 351, 156, 195, 156, 819, 1171, 273, 195, 507, 0, 273, 702, 429, 195], "tmv": [3187, 2953, 1851, 1966, 2813, 2807, 3250, 3257, 2889, 2103, 1988, 3241, 2538, 4249, 2950, 0, 0, 0, 2913, 2024, 0], "tmd": [0, 0, 0, 118, 0, 0, 0, 0, 0, 0, 40, 0, 0, 0, 0, 0, 0, 0, 40, 0, 0], "wmn": 2303, "wmt": 16401, "wmd": 40, "wmv": 7888, "wdn": -26, "wdt": -7, "wdd": 0, "wdv": -61, "tlv": "Missouri"}