{"loc": "Mille Lacs", "iso": "US", "l1": "United States", "l2": "Minnesota", "lvl": 3, "pop": 26277, "key": 12774, "isd": true, "ppd": 35.608000000000004, "med": 38.3, "p65": 15.413, "p70": 9.732000000000001, "hos": 2.77, "exp": 78.86, "adr": 2.0, "amn": 162081.0, "amv": 1263117.0, "amd": 2550.0, "amt": 2124345.0, "tmn": [1255, 1446, 0, 0, 761, 2131, 989, 608, 913, 0, 0, 1217, 1712, 532, 1027, 608, 0, 0, 989, 2055, 380], "tmv": [2661, 3390, 3489, 0, 0, 0, 2411, 3257, 3418, 2659, 2485, 1614, 1945, 2278, 2491, 2890, 2710, 2395, 1993, 2154, 3467], "tmd": [0, 0, 0, 0, 0, 0, 39, 0, 0, 0, 0, 0, 0, 39, 39, 0, 0, 0, 0, 0, 0], "wmn": 5062, "wmt": 35104, "wmd": 39, "wmv": 18105, "wdn": 2, "wdt": 4, "wdd": 0, "wdv": 3, "tlv": "Minnesota"}