{"loc": "Midland", "iso": "US", "l1": "United States", "l2": "Texas", "lvl": 3, "pop": 176832, "key": 12770, "isd": true, "ppd": 35.608000000000004, "med": 38.3, "p65": 15.413, "p70": 9.732000000000001, "hos": 2.77, "exp": 78.86, "adr": 2.0, "amn": 94434.0, "amv": 274237.0, "amd": 1419.0, "amt": 686559.0, "tmn": [0, 0, 0, 0, 0, 0, 542, 0, 0, 0, 0, 0, 0, 0, 0, 0, 2194, 0, 0, 0, 424], "tmv": [0, 3221, 4419, 5606, 5173, 5466, 3298, 2593, 4349, 5491, 6616, 7139, 7375, 5050, 5255, 5793, 6168, 7391, 8814, 7404, 0], "tmd": [6, 0, 12, 6, 12, 0, 0, 0, 0, 12, 6, 23, 17, 0, 0, 6, 0, 0, 17, 6, 0], "wmn": 2619, "wmt": 10767, "wmd": 29, "wmv": 40829, "wdn": 0, "wdt": -21, "wdd": -50, "wdv": 6, "tlv": "Texas"}