{"loc": "Mineral", "iso": "US", "l1": "United States", "l2": "Nevada", "lvl": 3, "pop": 4505, "key": 12785, "isd": true, "ppd": 35.608000000000004, "med": 38.3, "p65": 15.413, "p70": 9.732000000000001, "hos": 2.77, "exp": 78.86, "adr": 2.0, "amn": 83907.0, "amv": 1107375.0, "amd": 1776.0, "amt": 1290163.0, "tmn": [0, 0, 0, 0, 2885, 0, 1331, 0, 0, 0, 1553, 0, 0, 0, 1553, 0, 0, 0, 0, 0, 0], "tmv": [2492, 2548, 2348, 1615, 1875, 1986, 1986, 2786, 3007, 2017, 2605, 1830, 2139, 3106, 3068, 3187, 2953, 1851, 1966, 2813, 0], "tmd": [0, 0, 0, 0, 0, 0, 0, 0, 0, 0, 0, 0, 0, 0, 0, 0, 0, 0, 0, 0, 0], "wmn": 1554, "wmt": 22551, "wmd": 0, "wmv": 15842, "wdn": 0, "wdt": 223, "wdd": 0, "wdv": -9, "tlv": "Nevada"}