{"loc": "Mineral", "iso": "US", "l1": "United States", "l2": "Colorado", "lvl": 3, "pop": 769, "key": 12783, "isd": true, "ppd": 35.608000000000004, "med": 38.3, "p65": 15.413, "p70": 9.732000000000001, "hos": 2.77, "exp": 78.86, "adr": 1.0, "amn": 167750.0, "amv": 1263117.0, "amd": 1300.0, "amt": 2078209.0, "tmn": [1300, 0, 0, 0, 0, 1300, 0, 0, 0, 0, 0, 0, 2600, 2600, 0, 0, 0, 1300, 0, 0, 0], "tmv": [3390, 3489, 0, 0, 0, 2411, 3257, 3418, 2659, 2485, 1614, 1945, 2278, 2491, 2890, 2710, 2395, 1993, 2154, 3467, 0], "tmd": [0, 0, 0, 0, 0, 0, 0, 0, 0, 0, 0, 0, 0, 0, 0, 0, 0, 0, 0, 0, 0], "wmn": 1301, "wmt": 37821, "wmd": 0, "wmv": 15613, "wdn": -75, "wdt": -2, "wdd": 0, "wdv": -8, "tlv": "Colorado"}