{"loc": "Minnehaha", "iso": "US", "l1": "United States", "l2": "South Dakota", "lvl": 3, "pop": 193134, "key": 12789, "isd": true, "ppd": 35.608000000000004, "med": 38.3, "p65": 15.413, "p70": 9.732000000000001, "hos": 2.77, "exp": 78.86, "adr": 1.0, "amn": 144376.0, "amv": 201735.0, "amd": 1703.0, "amt": 475398.0, "tmn": [232, 212, 113, 36, 170, 186, 388, 243, 170, 88, 67, 295, 129, 207, 150, 170, 196, 0, 232, 269, 243], "tmv": [4903, 6734, 6595, 3662, 2393, 4746, 4917, 6132, 6772, 6806, 0, 0, 3221, 4419, 5606, 5173, 5466, 3298, 2593, 4349, 0], "tmd": [16, 16, 6, 0, 0, 6, 16, 0, 0, 11, 0, 0, 0, 6, 0, 0, 16, 0, 0, 0, 0], "wmn": 1264, "wmt": 5362, "wmd": 16, "wmv": 26489, "wdn": 5, "wdt": 5, "wdd": 0, "wdv": -3, "tlv": "South Dakota"}