{"loc": "Mineral", "iso": "US", "l1": "United States", "l2": "Colorado", "lvl": 3, "pop": 769, "key": 12783, "isd": true, "ppd": 35.608000000000004, "med": 38.3, "p65": 15.413, "p70": 9.732000000000001, "hos": 2.77, "exp": 78.86, "adr": 2.0, "amn": 80624.0, "amv": 238664.0, "amd": 1300.0, "amt": 1089418.0, "tmn": [0, 0, 0, 0, 0, 0, 0, 1300, 0, -1300, 0, 0, 0, 0, 0, 0, 0, 0, 0, 0, 0], "tmv": [4917, 6132, 6772, 6806, 0, 0, 3221, 4419, 5606, 5173, 5466, 3298, 2593, 4349, 5491, 6616, 7139, 7375, 5050, 5255, 0], "tmd": [0, 0, 0, 0, 0, 0, 0, 0, 0, 0, 0, 0, 0, 0, 0, 0, 0, 0, 0, 0, 0], "wmn": 0, "wmt": 33584, "wmd": 0, "wmv": 36929, "wdn": 0, "wdt": 5, "wdd": 0, "wdv": 19, "tlv": "Colorado"}