{"loc": "Minidoka", "iso": "US", "l1": "United States", "l2": "Idaho", "lvl": 3, "pop": 21039, "key": 12788, "isd": true, "ppd": 35.608000000000004, "med": 38.3, "p65": 15.413, "p70": 9.732000000000001, "hos": 2.77, "exp": 78.86, "adr": 1.0, "amn": 107847.0, "amv": 186027.0, "amd": 1378.0, "amt": 352938.0, "tmn": [190, 190, 190, 95, 142, 47, 0, 142, 142, 95, 142, 190, 0, 0, 0, 0, 142, 95, 95, 0, 0], "tmv": [3336, 1695, 3330, 4023, 4903, 6734, 6595, 3662, 2393, 4746, 4917, 6132, 6772, 6806, 0, 0, 3221, 4419, 5606, 5173, 0], "tmd": [0, 48, 0, 0, 48, 0, 0, 0, 48, 0, 0, -47, 0, 0, 0, 0, 0, 48, 0, 0, 0], "wmn": 333, "wmt": 4685, "wmd": 48, "wmv": 18422, "wdn": -53, "wdt": -8, "wdd": 0, "wdv": -48, "tlv": "Idaho"}