{"loc": "Mississippi", "iso": "US", "l1": "United States", "l2": "Mississippi", "lvl": 2, "pop": 2976149, "key": 12795, "isd": true, "ppd": 35.608000000000004, "med": 38.3, "p65": 15.413, "p70": 9.732000000000001, "hos": 2.77, "exp": 78.86, "adr": 2.0, "amn": 152327.0, "amv": 1136653.0, "amd": 2918.0, "amt": 775423.0, "tmn": [1372, 1615, 1696, 0, 0, 2435, 1105, 1137, 1150, 1357, 0, 0, 2678, 373, 987, 1293, 1126, 0, 0, 1942, 236], "tmv": [2139, 3106, 3068, 3187, 2953, 1851, 1966, 2813, 2807, 3250, 3257, 2889, 2103, 1988, 3241, 2538, 4249, 2950, 0, 0, 0], "tmd": [13, 8, 19, 0, 0, 19, 38, 8, 12, 22, 0, 0, 28, 17, 28, 6, 12, 0, 0, 42, 8], "wmn": 5587, "wmt": 3107, "wmd": 93, "wmv": 12982, "wdn": -17, "wdt": -85, "wdd": 10, "wdv": -32, "tlv": "Mississippi"}