{"loc": "Missoula", "iso": "US", "l1": "United States", "l2": "Montana", "lvl": 3, "pop": 119600, "key": 12796, "isd": true, "ppd": 35.608000000000004, "med": 38.3, "p65": 15.413, "p70": 9.732000000000001, "hos": 2.77, "exp": 78.86, "adr": 1.0, "amn": 66814.0, "amv": 160515.0, "amd": 694.0, "amt": 962114.0, "tmn": [183, 301, 250, 392, 217, 83, 175, 200, 167, 275, 108, 41, 167, 133, 242, 158, 125, 217, 58, 150, 91], "tmv": [3374, 4677, 5132, 5139, 4690, 3336, 1695, 3330, 4023, 4903, 6734, 6595, 3662, 2393, 4746, 4917, 6132, 6772, 6806, 0, 0], "tmd": [0, 9, 0, 9, 0, 9, 0, 0, 0, 0, 9, 0, 0, 0, 9, 0, 0, 0, 0, 0, 0], "wmn": 1046, "wmt": 26551, "wmd": 9, "wmv": 29376, "wdn": -5, "wdt": -24, "wdd": 0, "wdv": -7, "tlv": "Montana"}