{"loc": "Mississippi", "iso": "US", "l1": "United States", "l2": "Mississippi", "lvl": 2, "pop": 2976149, "key": 12795, "isd": true, "ppd": 35.608000000000004, "med": 38.3, "p65": 15.413, "p70": 9.732000000000001, "hos": 2.77, "exp": 78.86, "adr": 2.0, "amn": 105038.0, "amv": 752032.0, "amd": 2426.0, "amt": 638456.0, "tmn": [92, 137, 72, 98, 52, 12, 121, 78, 107, 71, 0, 0, 214, 57, 112, 54, 82, 0, 0, 168, 69], "tmv": [7615, 10699, 12037, 10893, 10729, 6600, 5484, 7781, 9092, 10242, 10071, 9169, 6395, 4975, 6773, 8259, 8496, 10027, 6458, 3608, 3001], "tmd": [2, 2, 5, 5, 0, 0, 3, 1, 4, 1, 0, 0, 2, 4, 2, 1, 2, 0, 0, 3, 5], "wmn": 487, "wmt": 8916, "wmd": 12, "wmv": 46626, "wdn": -8, "wdt": 2832, "wdd": 22, "wdv": -19, "tlv": "Mississippi"}