{"loc": "Mississippi", "iso": "US", "l1": "United States", "l2": "Arkansas", "lvl": 3, "pop": 40651, "key": 12793, "isd": true, "ppd": 35.608000000000004, "med": 38.3, "p65": 15.413, "p70": 9.732000000000001, "hos": 2.77, "exp": 78.86, "adr": 2.0, "amn": 140218.0, "amv": 306945.0, "amd": 2755.0, "amt": 917295.0, "tmn": [98, 0, 49, 442, 319, 98, 196, 2705, 49, 73, 73, 73, 24, 98, 24, 49, 73, 49, 49, 49, 24], "tmv": [5466, 3298, 2593, 4349, 5491, 6616, 7139, 7375, 5050, 5255, 5793, 6168, 7391, 8814, 7404, 5275, 4864, 6157, 7535, 8875, 0], "tmd": [0, 0, 0, 0, 0, 0, 0, -172, 0, 0, 0, 0, 0, 0, 0, 0, 25, 0, 0, 0, 0], "wmn": 320, "wmt": 13293, "wmd": 25, "wmv": 40113, "wdn": -90, "wdt": -53, "wdd": -114, "wdv": -13, "tlv": "Arkansas"}