{"loc": "Minnesota", "iso": "US", "l1": "United States", "l2": "Minnesota", "lvl": 2, "pop": 5639632, "key": 12790, "isd": true, "ppd": 35.608000000000004, "med": 38.3, "p65": 15.413, "p70": 9.732000000000001, "hos": 2.77, "exp": 78.86, "adr": 1.0, "amn": 109366.0, "amv": 1059187.0, "amd": 1380.0, "amt": 1733064.0, "tmn": [43, 0, 0, 46, 110, 48, 59, 65, 0, 0, 75, 182, 109, 96, 124, 0, 0, 110, 295, 165, 152], "tmv": [1666, 1928, 1520, 1539, 740, 1856, 2005, 1821, 2051, 2364, 1193, 1200, 2288, 2155, 2600, 2160, 2477, 1419, 1374, 2201, 2622], "tmd": [1, 0, 0, 1, 1, 1, 1, 1, 0, 0, 1, 1, 1, 1, 1, 0, 0, 2, 1, 1, 1], "wmn": 849, "wmt": 16422, "wmd": 5, "wmv": 14857, "wdn": 60, "wdt": 30, "wdd": 67, "wdv": 14, "tlv": "Minnesota"}