{"loc": "Mississippi", "iso": "US", "l1": "United States", "l2": "Arkansas", "lvl": 3, "pop": 40651, "key": 12793, "isd": true, "ppd": 35.608000000000004, "med": 38.3, "p65": 15.413, "p70": 9.732000000000001, "hos": 2.77, "exp": 78.86, "adr": 2.0, "amn": 203956.0, "amv": 1255502.0, "amd": 3395.0, "amt": 1344106.0, "tmn": [295, 221, 1648, 442, 344, 147, 49, 295, 639, 245, 787, 221, 221, 24, 221, 467, 147, 73, 73, 98, 147], "tmv": [2423, 2905, 2661, 3390, 3489, 0, 0, 0, 2411, 3257, 3418, 2659, 2485, 1614, 1945, 2278, 2491, 2890, 2710, 2395, 0], "tmd": [0, 0, 0, 0, 25, 148, 0, 0, 0, 0, 0, 0, 0, 0, 0, 0, 0, 25, 0, 0, 0], "wmn": 1230, "wmt": 11952, "wmd": 25, "wmv": 14714, "wdn": -49, "wdt": -4, "wdd": 0, "wdv": -7, "tlv": "Arkansas"}