{"loc": "Minnesota", "iso": "US", "l1": "United States", "l2": "Minnesota", "lvl": 2, "pop": 5639632, "key": 12790, "isd": true, "ppd": 35.608000000000004, "med": 38.3, "p65": 15.413, "p70": 9.732000000000001, "hos": 2.77, "exp": 78.86, "adr": 1.0, "amn": 123622.0, "amv": 1179384.0, "amd": 1448.0, "amt": 1947796.0, "tmn": [0, 0, 0, 367, 1020, 214, 361, 0, 0, 475, 815, 484, 438, 467, 0, 0, 435, 1120, 290, 406, 507], "tmv": [2950, 0, 0, 0, 2913, 2024, 2876, 2739, 2336, 1790, 1886, 2554, 2257, 2903, 2781, 2047, 1978, 1647, 2163, 995, 2262], "tmd": [0, 0, 0, 3, 2, 2, 4, 0, 0, 2, 3, 8, 3, 3, 0, 0, 2, 4, 3, 5, 5], "wmn": 2761, "wmt": 37765, "wmd": 17, "wmv": 13878, "wdn": 3, "wdt": 12, "wdd": 2, "wdv": -16, "tlv": "Minnesota"}