{"loc": "Mitchell", "iso": "US", "l1": "United States", "l2": "Iowa", "lvl": 3, "pop": 10586, "key": 12799, "isd": true, "ppd": 35.608000000000004, "med": 38.3, "p65": 15.413, "p70": 9.732000000000001, "hos": 2.77, "exp": 78.86, "adr": 3.0, "amn": 113735.0, "amv": 238664.0, "amd": 3779.0, "amt": 418055.0, "tmn": [0, 188, 94, -94, 94, 0, 188, 94, 0, 0, 188, 0, 0, 0, 283, 188, 188, 94, 0, 377, 94], "tmv": [4917, 6132, 6772, 6806, 0, 0, 3221, 4419, 5606, 5173, 5466, 3298, 2593, 4349, 5491, 6616, 7139, 7375, 5050, 5255, 0], "tmd": [0, 95, 0, 0, 0, 0, 0, 0, 0, 0, 0, 0, 0, 0, 0, 0, 0, 0, 0, 0, 0], "wmn": 1229, "wmt": 4150, "wmd": 0, "wmv": 36929, "wdn": 333, "wdt": 4, "wdd": 0, "wdv": 19, "tlv": "Iowa"}