{"loc": "Minnesota", "iso": "US", "l1": "United States", "l2": "Minnesota", "lvl": 2, "pop": 5639632, "key": 12790, "isd": true, "ppd": 35.608000000000004, "med": 38.3, "p65": 15.413, "p70": 9.732000000000001, "hos": 2.77, "exp": 78.86, "adr": 1.0, "amn": 110562.0, "amv": 1072054.0, "amd": 1386.0, "amt": 1754155.0, "tmn": [65, 0, 0, 75, 182, 109, 96, 124, 0, 0, 110, 295, 165, 152, 178, 0, 0, 198, 298, 288, 232], "tmv": [1821, 2051, 2364, 1193, 1200, 2288, 2155, 2600, 2160, 2477, 1419, 1374, 2201, 2622, 2492, 2548, 2348, 1615, 1875, 1986, 0], "tmd": [1, 0, 0, 1, 1, 1, 1, 1, 0, 0, 2, 1, 1, 1, 2, 0, 0, 1, 2, 2, 2], "wmn": 1196, "wmt": 21091, "wmd": 7, "wmv": 12867, "wdn": 41, "wdt": 28, "wdd": 40, "wdv": -13, "tlv": "Minnesota"}