{"loc": "Mobile", "iso": "US", "l1": "United States", "l2": "Alabama", "lvl": 3, "pop": 413210, "key": 12806, "isd": true, "ppd": 35.608000000000004, "med": 38.3, "p65": 15.413, "p70": 9.732000000000001, "hos": 2.77, "exp": 78.86, "adr": 2.0, "amn": 98306.0, "amv": 700431.0, "amd": 1941.0, "amt": 507051.0, "tmn": [29, 94, 41, 62, 26, 157, 26, 2816, 31, 145, 135, 106, 36, 7, 2674, 58, 607, 62, 113, 55, 38], "tmv": [4262, 8755, 10329, 12013, 14052, 10864, 8027, 7863, 7615, 10699, 12037, 10893, 10729, 6600, 5484, 7781, 9092, 10242, 10071, 9169, 6395], "tmd": [3, 0, 5, 3, 3, 0, 0, 0, 0, 3, 0, 0, 0, 0, 3, 0, 0, 3, 0, 0, 3], "wmn": 3611, "wmt": 4559, "wmd": 8, "wmv": 58238, "wdn": 10, "wdt": -9, "wdd": 200, "wdv": -12, "tlv": "Alabama"}