{"loc": "Mitchell", "iso": "US", "l1": "United States", "l2": "Texas", "lvl": 3, "pop": 8545, "key": 12802, "isd": true, "ppd": 35.608000000000004, "med": 38.3, "p65": 15.413, "p70": 9.732000000000001, "hos": 2.77, "exp": 78.86, "adr": 4.0, "amn": 96080.0, "amv": 1144139.0, "amd": 3862.0, "amt": 1058854.0, "tmn": [0, 0, 0, 0, 0, 3744, 1170, 0, 2106, 0, 0, 0, 2223, 0, 1989, 1521, 0, 0, 0, 3744, 234], "tmv": [3068, 3187, 2953, 1851, 1966, 2813, 2807, 3250, 3257, 2889, 2103, 1988, 3241, 2538, 4249, 2950, 0, 0, 0, 2913, 0], "tmd": [0, 0, 0, 0, 0, 0, 0, 0, 0, 0, 0, 0, 0, 0, 0, 0, 0, 0, 0, 118, 0], "wmn": 7490, "wmt": 29721, "wmd": 118, "wmv": 10114, "wdn": 73, "wdt": 7, "wdd": 0, "wdv": -48, "tlv": "Texas"}