{"loc": "Mizoram", "iso": "IN", "l1": "India", "l2": "Mizoram", "lvl": 2, "pop": 1239244, "key": 12805, "isd": true, "ppd": 450.41900000000004, "med": 28.2, "p65": 5.989, "p70": 3.4139999999999997, "hos": 0.53, "exp": 69.66, "adr": 0.0, "amn": 8074.0, "amv": 138291.0, "amd": 25.0, "amt": 286082.0, "tmn": [122, 59, 159, 192, 137, 147, 189, 135, 58, 138, 193, 113, 162, 98, 145, 121, 192, 148, 154, 232, 221], "tmv": [424, 1355, 1209, 1580, 1936, 1874, 1669, 587, 2024, 2002, 1581, 1678, 930, 1375, 511, 1134, 995, 883, 1069, 0, 0], "tmd": [1, 1, 0, 0, 0, 0, 0, 2, 3, 0, 1, 0, 0, 0, 1, 2, 3, 1, 0, 0, 1], "wmn": 1217, "wmt": 10176, "wmd": 7, "wmv": 4596, "wdn": 35, "wdt": -20, "wdd": 33, "wdv": -55, "tlv": "Mizoram"}