{"loc": "Moniteau", "iso": "US", "l1": "United States", "l2": "Missouri", "lvl": 3, "pop": 16132, "key": 12818, "isd": true, "ppd": 35.608000000000004, "med": 38.3, "p65": 15.413, "p70": 9.732000000000001, "hos": 2.77, "exp": 78.86, "adr": 2.0, "amn": 104079.0, "amv": 201735.0, "amd": 1798.0, "amt": 724300.0, "tmn": [61, 247, 123, 0, 0, 123, 61, 0, 123, 123, -61, 0, 123, 0, 0, 0, 61, 0, 0, 0, 61], "tmv": [4903, 6734, 6595, 3662, 2393, 4746, 4917, 6132, 6772, 6806, 0, 0, 3221, 4419, 5606, 5173, 5466, 3298, 2593, 4349, 0], "tmd": [0, 0, 0, 0, 62, 0, 0, 0, 0, 0, 0, 0, 0, 62, 0, 0, 0, 0, 0, 0, 0], "wmn": 124, "wmt": 13932, "wmd": 0, "wmv": 26489, "wdn": -60, "wdt": 31, "wdd": -100, "wdv": -3, "tlv": "Missouri"}