{"loc": "Moniteau", "iso": "US", "l1": "United States", "l2": "Missouri", "lvl": 3, "pop": 16132, "key": 12818, "isd": true, "ppd": 35.608000000000004, "med": 38.3, "p65": 15.413, "p70": 9.732000000000001, "hos": 2.77, "exp": 78.86, "adr": 2.0, "amn": 153608.0, "amv": 1176126.0, "amd": 2356.0, "amt": 1125846.0, "tmn": [805, 557, 247, 61, 123, 0, 929, 805, 557, 433, 123, 0, 185, 371, 557, 495, 309, 123, 0, 309, 433], "tmv": [2538, 4249, 2950, 0, 0, 0, 2913, 2024, 2876, 2739, 2336, 1790, 1886, 2554, 2257, 2903, 2781, 2047, 1978, 1647, 2163], "tmd": [0, 0, 0, 0, 0, 0, 62, 0, 0, 0, 0, 0, 0, 0, 0, 0, 62, 0, 0, 0, 0], "wmn": 2232, "wmt": 20177, "wmd": 62, "wmv": 15780, "wdn": -10, "wdt": 6, "wdd": 0, "wdv": -3, "tlv": "Missouri"}