{"loc": "Monmouth", "iso": "US", "l1": "United States", "l2": "New Jersey", "lvl": 3, "pop": 618795, "key": 12819, "isd": true, "ppd": 35.608000000000004, "med": 38.3, "p65": 15.413, "p70": 9.732000000000001, "hos": 2.77, "exp": 78.86, "adr": 2.0, "amn": 147123.0, "amv": 1236688.0, "amd": 2791.0, "amt": 1790313.0, "tmn": [130, 244, 292, 326, 195, 307, 210, 184, 248, 213, 208, 247, 218, 163, 98, 218, 219, 214, 214, 205, 182], "tmv": [1671, 0, 0, 2784, 2570, 2833, 3777, 2988, 2423, 2905, 2661, 3390, 3489, 0, 0, 0, 2411, 3257, 3418, 2659, 0], "tmd": [2, 7, 4, 5, 0, 7, 2, 0, 5, 2, 0, 0, 2, 4, 4, 4, 4, 4, 4, 4, 2], "wmn": 1355, "wmt": 9147, "wmd": 22, "wmv": 11747, "wdn": -9, "wdt": -38, "wdd": 86, "wdv": -34, "tlv": "New Jersey"}