{"loc": "Monmouth", "iso": "US", "l1": "United States", "l2": "New Jersey", "lvl": 3, "pop": 618795, "key": 12819, "isd": true, "ppd": 35.608000000000004, "med": 38.3, "p65": 15.413, "p70": 9.732000000000001, "hos": 2.77, "exp": 78.86, "adr": 2.0, "amn": 99128.0, "amv": 306945.0, "amd": 2330.0, "amt": 1263808.0, "tmn": [258, 391, 447, 471, 604, 573, 450, 353, 450, 489, 562, 492, 649, 659, 352, 321, 833, 602, 528, 665, 601], "tmv": [5466, 3298, 2593, 4349, 5491, 6616, 7139, 7375, 5050, 5255, 5793, 6168, 7391, 8814, 7404, 5275, 4864, 6157, 7535, 8875, 0], "tmd": [4, 0, 17, 10, 4, 9, 5, 4, 4, 2, 9, 15, 2, 2, 0, 2, 5, 10, 5, 5, 5], "wmn": 3906, "wmt": 26128, "wmd": 31, "wmv": 40113, "wdn": 7, "wdt": -31, "wdd": -10, "wdv": -13, "tlv": "New Jersey"}