{"loc": "Mohave", "iso": "US", "l1": "United States", "l2": "Arizona", "lvl": 3, "pop": 212181, "key": 12811, "isd": true, "ppd": 35.608000000000004, "med": 38.3, "p65": 15.413, "p70": 9.732000000000001, "hos": 2.77, "exp": 78.86, "adr": 3.0, "amn": 111042.0, "amv": 973354.0, "amd": 3530.0, "amt": 1381338.0, "tmn": [117, 37, 65, 94, 75, 117, 117, 146, 113, 37, 94, 131, 89, 150, 113, 84, 14, 94, 141, 98, 179], "tmv": [4248, 3485, 4157, 3682, 3252, 2518, 2835, 2495, 4865, 3672, 4016, 3766, 3121, 6234, 3276, 3244, 2575, 1851, 1965, 1967, 2474], "tmd": [5, 5, 0, 0, 5, 0, 10, 0, 5, 0, 0, 5, 5, 5, -4, 0, 0, 0, 10, 5, 0], "wmn": 726, "wmt": 11685, "wmd": 10, "wmv": 17355, "wdn": -5, "wdt": -28, "wdd": -50, "wdv": -38, "tlv": "Arizona"}