{"loc": "Moga", "iso": "IN", "l1": "India", "l2": "Punjab", "lvl": 3, "pop": 992289, "key": 12810, "isd": true, "ppd": 450.41900000000004, "med": 28.2, "p65": 5.989, "p70": 3.4139999999999997, "hos": 0.53, "exp": 69.66, "adr": 2.0, "amn": 7448.0, "amv": 135080.0, "amd": 165.0, "amt": 279034.0, "tmn": [97, 103, 70, 89, 66, 195, 112, 109, 81, 155, 113, 119, 123, 50, 182, 70, 112, 37, 90, 112, 95], "tmv": [1605, 1977, 1179, 424, 1355, 1209, 1580, 1936, 1874, 1669, 587, 2024, 2002, 1581, 1678, 930, 1375, 511, 1134, 995, 883], "tmd": [2, 3, 0, 6, 2, 4, 2, 6, 0, 0, 3, 2, 0, 0, 2, 4, 5, 7, 5, 3, 4], "wmn": 703, "wmt": 15844, "wmd": 24, "wmv": 7511, "wdn": -7, "wdt": 13, "wdd": 188, "wdv": -36, "tlv": "Punjab"}