{"loc": "Monroe", "iso": "US", "l1": "United States", "l2": "Illinois", "lvl": 3, "pop": 34637, "key": 12827, "isd": true, "ppd": 35.608000000000004, "med": 38.3, "p65": 15.413, "p70": 9.732000000000001, "hos": 2.77, "exp": 78.86, "adr": 2.0, "amn": 150966.0, "amv": 1227352.0, "amd": 2887.0, "amt": 2639190.0, "tmn": [288, 0, 0, 490, 173, 57, 548, 144, 0, 0, 490, 86, 230, 346, 202, 0, 0, 0, 664, 173, 86], "tmv": [2262, 2445, 2251, 1671, 0, 0, 2784, 2570, 2833, 3777, 2988, 2423, 2905, 2661, 3390, 3489, 0, 0, 0, 2411, 0], "tmd": [0, 0, 0, 0, 0, 0, 0, 0, 0, 0, 0, 0, 29, 0, 0, 0, 0, 0, 0, 0, 0], "wmn": 1126, "wmt": 64238, "wmd": 0, "wmv": 9292, "wdn": -13, "wdt": -13, "wdd": -100, "wdv": -54, "tlv": "Illinois"}