{"loc": "Monroe", "iso": "US", "l1": "United States", "l2": "Alabama", "lvl": 3, "pop": 20733, "key": 12823, "isd": true, "ppd": 35.608000000000004, "med": 38.3, "p65": 15.413, "p70": 9.732000000000001, "hos": 2.77, "exp": 78.86, "adr": 2.0, "amn": 85371.0, "amv": 752032.0, "amd": 1929.0, "amt": 511939.0, "tmn": [144, 48, 96, 144, 48, 144, 289, 192, 0, 96, 0, 96, 96, 96, 48, 96, 96, 192, 48, 0, 385], "tmv": [10699, 12037, 10893, 10729, 6600, 5484, 7781, 9092, 10242, 10071, 9169, 6395, 4975, 6773, 8259, 8496, 10027, 6458, 3608, 3001, 0], "tmd": [0, 0, 0, 0, 0, 0, 0, 0, 0, 0, 0, 0, 0, 0, 0, 0, 0, 0, 0, 0, 0], "wmn": 869, "wmt": 3888, "wmd": 0, "wmv": 39852, "wdn": 50, "wdt": -15, "wdd": 0, "wdv": -30, "tlv": "Alabama"}