{"loc": "Monongalia", "iso": "US", "l1": "United States", "l2": "West Virginia", "lvl": 3, "pop": 105612, "key": 12822, "isd": true, "ppd": 35.608000000000004, "med": 38.3, "p65": 15.413, "p70": 9.732000000000001, "hos": 2.77, "exp": 78.86, "adr": 1.0, "amn": 89980.0, "amv": 1044330.0, "amd": 871.0, "amt": 1755782.0, "tmn": [-18, 0, 0, 85, 18, 0, 56, 75, 0, 0, 94, 37, 66, 66, 113, 0, 0, 227, -9, 56, 94], "tmv": [1883, 1818, 1779, 1363, 1036, 1655, 1721, 1666, 1928, 1520, 1539, 740, 1856, 2005, 1821, 2051, 2364, 1193, 1200, 2288, 2155], "tmd": [0, 0, 0, 0, 0, 0, 0, 0, 0, 0, 0, 0, 0, 10, 0, 0, 0, 0, 0, 0, 0], "wmn": 483, "wmt": 16403, "wmd": 0, "wmv": 13076, "wdn": 42, "wdt": 18, "wdd": -100, "wdv": 16, "tlv": "West Virginia"}