{"loc": "Monroe", "iso": "US", "l1": "United States", "l2": "Indiana", "lvl": 3, "pop": 148431, "key": 12828, "isd": true, "ppd": 35.608000000000004, "med": 38.3, "p65": 15.413, "p70": 9.732000000000001, "hos": 2.77, "exp": 78.86, "adr": 1.0, "amn": 88593.0, "amv": 1100743.0, "amd": 1233.0, "amt": 1754254.0, "tmn": [316, 121, 175, 154, 141, 0, 0, 491, 114, 222, 215, 128, 0, 0, 707, 222, 181, 134, 202, 0, 0], "tmv": [1419, 1374, 2201, 2622, 2492, 2548, 2348, 1615, 1875, 1986, 1986, 2786, 3007, 2017, 2605, 1830, 2139, 3106, 3068, 3187, 2953], "tmd": [0, 14, 0, 0, 0, 0, 0, 14, 0, 0, 0, 0, 0, 0, 0, 0, 7, 0, 0, 0, 0], "wmn": 1449, "wmt": 37366, "wmd": 7, "wmv": 18892, "wdn": 24, "wdt": 31, "wdd": -50, "wdv": 24, "tlv": "Indiana"}