{"loc": "Mono", "iso": "US", "l1": "United States", "l2": "California", "lvl": 3, "pop": 14444, "key": 12820, "isd": true, "ppd": 35.608000000000004, "med": 38.3, "p65": 15.413, "p70": 9.732000000000001, "hos": 2.77, "exp": 78.86, "adr": 0.0, "amn": 98865.0, "amv": 1102595.0, "amd": 346.0, "amt": 2010294.0, "tmn": [0, 0, 0, 0, 0, 1661, -830, 830, 0, 553, 415, 0, 692, 0, 276, 0, 1107, 830, 0, 553, 69], "tmv": [2201, 2622, 2492, 2548, 2348, 1615, 1875, 1986, 1986, 2786, 3007, 2017, 2605, 1830, 2139, 3106, 3068, 3187, 2953, 1851, 0], "tmd": [0, 0, 0, 0, 0, 0, 0, 0, 0, 0, 0, 0, 0, 0, 0, 0, 0, 0, 0, 0, 0], "wmn": 2839, "wmt": 52052, "wmd": 0, "wmv": 16308, "wdn": 14, "wdt": 20, "wdd": 0, "wdv": 1, "tlv": "California"}