{"loc": "Monroe", "iso": "US", "l1": "United States", "l2": "Alabama", "lvl": 3, "pop": 20733, "key": 12823, "isd": true, "ppd": 35.608000000000004, "med": 38.3, "p65": 15.413, "p70": 9.732000000000001, "hos": 2.77, "exp": 78.86, "adr": 2.0, "amn": 161482.0, "amv": 1341580.0, "amd": 3183.0, "amt": 1259231.0, "tmn": [192, 144, 144, 48, 144, 96, 0, 144, 0, 48, 96, 144, 0, 0, 144, 96, -48, 48, 96, 0, 0], "tmv": [4456, 4611, 4549, 5061, 2356, 1255, 4023, 4168, 4272, 4405, 5092, 2672, 1421, 3738, 4100, 4188, 3596, 4102, 1618, 109, 0], "tmd": [0, 0, 0, 49, 0, 0, 0, 0, 49, 0, 0, 0, 0, 0, 0, 0, 0, 0, 0, 0, 0], "wmn": 338, "wmt": 13522, "wmd": 0, "wmv": 17716, "wdn": -22, "wdt": 17, "wdd": -100, "wdv": -31, "tlv": "Alabama"}