{"loc": "Monroe", "iso": "US", "l1": "United States", "l2": "Pennsylvania", "lvl": 3, "pop": 170271, "key": 12836, "isd": true, "ppd": 35.608000000000004, "med": 38.3, "p65": 15.413, "p70": 9.732000000000001, "hos": 2.77, "exp": 78.86, "adr": 2.0, "amn": 136911.0, "amv": 1469622.0, "amd": 2326.0, "amt": 1602365.0, "tmn": [734, 440, 405, 493, 422, 434, 440, 440, 405, 845, 516, 1080, 546, 358, 693, 334, 557, 992, 1192, 751, 546], "tmv": [5133, 3959, 70, 3467, 2554, 1688, 4748, 5430, 6005, 6047, 6744, 4092, 2038, 5038, 5187, 5041, 4530, 2968, 283, 0, 0], "tmd": [6, 6, 0, 0, 0, 0, 6, 6, 6, 12, 0, 18, 0, 12, 12, 12, 6, 6, 12, 0, 0], "wmn": 5069, "wmt": 29191, "wmd": 47, "wmv": 18013, "wdn": 21, "wdt": 21, "wdd": -11, "wdv": -49, "tlv": "Pennsylvania"}