{"loc": "Monroe", "iso": "US", "l1": "United States", "l2": "Wisconsin", "lvl": 3, "pop": 46253, "key": 12839, "isd": true, "ppd": 35.608000000000004, "med": 38.3, "p65": 15.413, "p70": 9.732000000000001, "hos": 2.77, "exp": 78.86, "adr": 1.0, "amn": 102610.0, "amv": 968912.0, "amd": 973.0, "amt": 1539731.0, "tmn": [0, 0, 0, 0, 108, 0, 64, 0, 0, 0, 0, 43, 64, 21, -21, 129, 0, 0, 43, 21, 21], "tmv": [2452, 4248, 3485, 4157, 3682, 3252, 2518, 2835, 2495, 4865, 3672, 4016, 3766, 3121, 6234, 3276, 3244, 2575, 1851, 1965, 0], "tmd": [0, 0, 0, 0, 0, 0, 0, 22, 0, 0, 0, 0, 22, 0, 0, 22, 0, 0, 22, 0, 0], "wmn": 195, "wmt": 11572, "wmd": 44, "wmv": 19149, "wdn": 50, "wdt": 0, "wdd": 0, "wdv": -23, "tlv": "Wisconsin"}