{"loc": "Monroe", "iso": "US", "l1": "United States", "l2": "Mississippi", "lvl": 3, "pop": 35252, "key": 12832, "isd": true, "ppd": 35.608000000000004, "med": 38.3, "p65": 15.413, "p70": 9.732000000000001, "hos": 2.77, "exp": 78.86, "adr": 3.0, "amn": 142573.0, "amv": 1086287.0, "amd": 3943.0, "amt": 729444.0, "tmn": [368, 226, 0, 0, 879, 226, 595, 1106, 397, 0, 0, 1787, 1134, 1219, 1815, 2127, 0, 0, 5701, 1389, 1361], "tmv": [2155, 2600, 2160, 2477, 1419, 1374, 2201, 2622, 2492, 2548, 2348, 1615, 1875, 1986, 1986, 2786, 3007, 2017, 2605, 1830, 0], "tmd": [0, 0, 0, 0, 0, 29, 0, 0, 0, 0, 0, 0, 0, 0, 0, 0, 0, 0, 0, 29, 0], "wmn": 12397, "wmt": 19325, "wmd": 29, "wmv": 14234, "wdn": 120, "wdt": 43, "wdd": 0, "wdv": -8, "tlv": "Mississippi"}