{"loc": "Monroe", "iso": "US", "l1": "United States", "l2": "West Virginia", "lvl": 3, "pop": 13275, "key": 12838, "isd": true, "ppd": 35.608000000000004, "med": 38.3, "p65": 15.413, "p70": 9.732000000000001, "hos": 2.77, "exp": 78.86, "adr": 1.0, "amn": 156610.0, "amv": 1263117.0, "amd": 1883.0, "amt": 2370428.0, "tmn": [677, 753, 225, 301, 527, 451, 451, 903, 376, 1355, 376, -75, 225, 75, 376, 602, 150, 75, 225, 150, 301], "tmv": [2661, 3390, 3489, 0, 0, 0, 2411, 3257, 3418, 2659, 2485, 1614, 1945, 2278, 2491, 2890, 2710, 2395, 1993, 2154, 3467], "tmd": [0, 0, 0, 0, 0, 0, 0, 0, 0, 0, 0, 0, 0, 0, 0, 0, 0, 0, 0, 0, 0], "wmn": 1884, "wmt": 48873, "wmd": 0, "wmv": 18105, "wdn": -42, "wdt": -3, "wdd": 0, "wdv": 3, "tlv": "West Virginia"}