{"loc": "Monroe", "iso": "US", "l1": "United States", "l2": "Wisconsin", "lvl": 3, "pop": 46253, "key": 12839, "isd": true, "ppd": 35.608000000000004, "med": 38.3, "p65": 15.413, "p70": 9.732000000000001, "hos": 2.77, "exp": 78.86, "adr": 1.0, "amn": 94978.0, "amv": 201735.0, "amd": 692.0, "amt": 1172260.0, "tmn": [259, 108, 302, 0, 259, 281, 216, 237, 194, 64, 86, 389, 151, 64, 172, 194, 172, 86, 108, 64, 497], "tmv": [4903, 6734, 6595, 3662, 2393, 4746, 4917, 6132, 6772, 6806, 0, 0, 3221, 4419, 5606, 5173, 5466, 3298, 2593, 4349, 0], "tmd": [0, 0, 0, 0, 0, 0, 0, 0, 0, 0, 0, 0, 0, 0, 0, 22, 0, 0, 0, 0, 0], "wmn": 1298, "wmt": 38818, "wmd": 22, "wmv": 26489, "wdn": 9, "wdt": 29, "wdd": 0, "wdv": -3, "tlv": "Wisconsin"}