{"loc": "Monroe", "iso": "US", "l1": "United States", "l2": "Wisconsin", "lvl": 3, "pop": 46253, "key": 12839, "isd": true, "ppd": 35.608000000000004, "med": 38.3, "p65": 15.413, "p70": 9.732000000000001, "hos": 2.77, "exp": 78.86, "adr": 1.0, "amn": 102999.0, "amv": 1003454.0, "amd": 1038.0, "amt": 1560931.0, "tmn": [21, -21, 129, 0, 0, 43, 21, 21, 21, 0, 0, 0, 129, 0, 0, 43, 64, 0, 0, 129, 0], "tmv": [3121, 6234, 3276, 3244, 2575, 1851, 1965, 1967, 2474, 1554, 2803, 3655, 3299, 2241, 4154, 4949, 1994, 3524, 1923, 0, 0], "tmd": [0, 0, 22, 0, 0, 22, 0, 0, 0, 0, 0, 0, 0, 0, 22, 0, 0, 0, 0, 44, 0], "wmn": 238, "wmt": 12456, "wmd": 65, "wmv": 16547, "wdn": 38, "wdt": 23, "wdd": 0, "wdv": -8, "tlv": "Wisconsin"}