{"loc": "Monroe", "iso": "US", "l1": "United States", "l2": "Wisconsin", "lvl": 3, "pop": 46253, "key": 12839, "isd": true, "ppd": 35.608000000000004, "med": 38.3, "p65": 15.413, "p70": 9.732000000000001, "hos": 2.77, "exp": 78.86, "adr": 1.0, "amn": 97550.0, "amv": 556863.0, "amd": 822.0, "amt": 1343779.0, "tmn": [0, 21, 0, 172, 64, 43, 64, 129, 21, 43, 21, 21, 108, 43, 21, 0, 21, 64, 108, 64, 129], "tmv": [9226, 6156, 5181, 6849, 8594, 10257, 10611, 9961, 7133, 5431, 8106, 10192, 12065, 12389, 10214, 6477, 4262, 8755, 10329, 12013, 14052], "tmd": [0, 0, 0, 0, 0, 0, 0, 0, 0, 0, 0, 22, 22, 0, 0, 0, 0, 0, 22, 0, 0], "wmn": 411, "wmt": 24815, "wmd": 22, "wmv": 66105, "wdn": 6, "wdt": -11, "wdd": -50, "wdv": 1, "tlv": "Wisconsin"}