{"loc": "Monroe", "iso": "US", "l1": "United States", "l2": "Pennsylvania", "lvl": 3, "pop": 170271, "key": 12836, "isd": true, "ppd": 35.608000000000004, "med": 38.3, "p65": 15.413, "p70": 9.732000000000001, "hos": 2.77, "exp": 78.86, "adr": 2.0, "amn": 94643.0, "amv": 1121684.0, "amd": 1920.0, "amt": 1244175.0, "tmn": [176, 176, 140, 270, 287, 170, 223, 158, 229, 164, 264, 176, 170, 252, 258, 229, 346, 252, 111, 187, 252], "tmv": [1986, 1986, 2786, 3007, 2017, 2605, 1830, 2139, 3106, 3068, 3187, 2953, 1851, 1966, 2813, 2807, 3250, 3257, 2889, 2103, 0], "tmd": [0, 0, 0, 0, 0, 0, 0, 0, 0, 0, 0, 0, 0, 0, 6, 6, 6, 0, 6, 0, 0], "wmn": 1639, "wmt": 19934, "wmd": 24, "wmv": 17122, "wdn": 16, "wdt": 23, "wdd": 0, "wdv": -6, "tlv": "Pennsylvania"}