{"loc": "Monroe", "iso": "US", "l1": "United States", "l2": "Tennessee", "lvl": 3, "pop": 46545, "key": 12837, "isd": true, "ppd": 35.608000000000004, "med": 38.3, "p65": 15.413, "p70": 9.732000000000001, "hos": 2.77, "exp": 78.86, "adr": 1.0, "amn": 211494.0, "amv": 1341580.0, "amd": 2707.0, "amt": 1536818.0, "tmn": [644, 214, 150, 85, 0, 0, 0, 623, 193, 107, 85, 0, 0, 0, 537, 537, 0, 279, 0, 0, 408], "tmv": [4456, 4611, 4549, 5061, 2356, 1255, 4023, 4168, 4272, 4405, 5092, 2672, 1421, 3738, 4100, 4188, 3596, 4102, 1618, 109, 0], "tmd": [0, 0, 22, 22, 0, 0, 0, 0, 0, 0, 22, 0, 0, 0, 22, 0, 0, 0, 0, 0, 0], "wmn": 1762, "wmt": 14478, "wmd": 22, "wmv": 17716, "wdn": 74, "wdt": 24, "wdd": 0, "wdv": -31, "tlv": "Tennessee"}