{"loc": "Monterey", "iso": "US", "l1": "United States", "l2": "California", "lvl": 3, "pop": 434061, "key": 12844, "isd": true, "ppd": 35.608000000000004, "med": 38.3, "p65": 15.413, "p70": 9.732000000000001, "hos": 2.77, "exp": 78.86, "adr": 1.0, "amn": 101004.0, "amv": 968912.0, "amd": 995.0, "amt": 1739412.0, "tmn": [11, 18, 0, 0, 18, 6, 0, 25, 6, 0, 0, 29, 32, 6, 23, 0, 0, 0, 11, 13, 0], "tmv": [2452, 4248, 3485, 4157, 3682, 3252, 2518, 2835, 2495, 4865, 3672, 4016, 3766, 3121, 6234, 3276, 3244, 2575, 1851, 1965, 0], "tmd": [77, 0, 0, 0, 0, 0, 0, 0, 0, 0, 0, 3, 3, 0, 0, 0, 14, 0, 12, 0, 0], "wmn": 49, "wmt": 20921, "wmd": 26, "wmv": 19149, "wdn": -52, "wdt": -16, "wdd": 450, "wdv": -23, "tlv": "California"}