{"loc": "Montgomery", "iso": "US", "l1": "United States", "l2": "Georgia", "lvl": 3, "pop": 9172, "key": 12848, "isd": true, "ppd": 35.608000000000004, "med": 38.3, "p65": 15.413, "p70": 9.732000000000001, "hos": 2.77, "exp": 78.86, "adr": 2.0, "amn": 117205.0, "amv": 0.0, "amd": 2508.0, "amt": 915644.0, "tmn": [436, 109, 0, 0, 1308, 1308, 654, 981, 1090, 0, 0, 545, 2071, 872, 2071, 763, 0, 0, 1199, 1417, 1308], "tmv": [0, 0, 0, 0, 0, 0, 0, 0, 0, 0, 0, 0, 0, 0, 0, 0, 0, 0, 0, 0, 0], "tmd": [0, 0, 0, 0, 0, 0, 0, 0, 0, 0, 0, 0, 0, 0, 0, 0, 0, 0, 0, 0, 0], "wmn": 6760, "wmt": 13116, "wmd": 0, "wmv": 0, "wdn": 22, "wdt": 3, "wdd": 0, "wdv": 0, "tlv": "Georgia"}