{"loc": "Montgomery", "iso": "US", "l1": "United States", "l2": "Alabama", "lvl": 3, "pop": 226486, "key": 12846, "isd": true, "ppd": 35.608000000000004, "med": 38.3, "p65": 15.413, "p70": 9.732000000000001, "hos": 2.77, "exp": 78.86, "adr": 2.0, "amn": 127818.0, "amv": 1104562.0, "amd": 2799.0, "amt": 562193.0, "tmn": [569, 428, 507, 0, 812, 657, 587, 618, 706, 0, 1302, 609, 547, 825, 587, 476, 1028, 556, 309, 0, 0], "tmv": [2622, 2492, 2548, 2348, 1615, 1875, 1986, 1986, 2786, 3007, 2017, 2605, 1830, 2139, 3106, 3068, 3187, 2953, 1851, 1966, 0], "tmd": [0, 0, 0, 0, 0, 0, 0, 5, 0, 0, 5, 0, 5, 9, 5, 0, 0, 0, 0, 0, 0], "wmn": 2959, "wmt": 0, "wmd": 5, "wmv": 16136, "wdn": -36, "wdt": 0, "wdd": -80, "wdv": -1, "tlv": "Alabama"}