{"loc": "Monterey", "iso": "US", "l1": "United States", "l2": "California", "lvl": 3, "pop": 434061, "key": 12844, "isd": true, "ppd": 35.608000000000004, "med": 38.3, "p65": 15.413, "p70": 9.732000000000001, "hos": 2.77, "exp": 78.86, "adr": 1.0, "amn": 101352.0, "amv": 1008740.0, "amd": 1157.0, "amt": 1767756.0, "tmn": [0, 0, 0, 11, 13, 0, 36, 0, 4, 0, 34, 23, 0, 16, 76, 0, 0, 0, 0, 0, 156], "tmv": [3276, 3244, 2575, 1851, 1965, 1967, 2474, 1554, 2803, 3655, 3299, 2241, 4154, 4949, 1994, 3524, 1923, 0, 0, 1326, 2107], "tmd": [0, 14, 0, 12, 0, 0, 56, 0, 24, 0, 0, 24, 0, 47, 0, 0, 0, 0, 0, 0, 14], "wmn": 233, "wmt": 6131, "wmd": 14, "wmv": 10877, "wdn": 197, "wdt": -70, "wdd": -85, "wdv": -52, "tlv": "California"}