{"loc": "Montana", "iso": "US", "l1": "United States", "l2": "Montana", "lvl": 2, "pop": 1068778, "key": 12841, "isd": true, "ppd": 35.608000000000004, "med": 38.3, "p65": 15.413, "p70": 9.732000000000001, "hos": 2.77, "exp": 78.86, "adr": 1.0, "amn": 91600.0, "amv": 167606.0, "amd": 1248.0, "amt": 965896.0, "tmn": [377, 291, 482, 174, 113, 293, 398, 281, 324, 242, 68, 116, 349, 287, 231, 206, 218, 97, 129, 118, 218], "tmv": [4677, 5132, 5139, 4690, 3336, 1695, 3330, 4023, 4903, 6734, 6595, 3662, 2393, 4746, 4917, 6132, 6772, 6806, 0, 0, 0], "tmd": [9, 16, 5, 1, 1, 15, 51, 5, 0, 5, 2, 0, 1, 5, 0, 4, 3, 0, 1, 3, 3], "wmn": 1222, "wmt": 26741, "wmd": 14, "wmv": 24629, "wdn": -27, "wdt": -14, "wdd": -18, "wdv": -25, "tlv": "Montana"}