{"loc": "Montgomery", "iso": "US", "l1": "United States", "l2": "Illinois", "lvl": 3, "pop": 28414, "key": 12849, "isd": true, "ppd": 35.608000000000004, "med": 38.3, "p65": 15.413, "p70": 9.732000000000001, "hos": 2.77, "exp": 78.86, "adr": 2.0, "amn": 120891.0, "amv": 180853.0, "amd": 2358.0, "amt": 1378990.0, "tmn": [246, 351, 492, 387, 563, 281, 316, 211, 140, 35, 351, 739, 527, 246, 633, 70, 316, 246, 175, 281, 246], "tmv": [5139, 4690, 3336, 1695, 3330, 4023, 4903, 6734, 6595, 3662, 2393, 4746, 4917, 6132, 6772, 6806, 0, 0, 3221, 4419, 5606], "tmd": [36, 0, 0, 36, 141, 36, 36, 71, 0, 36, 0, 0, 0, 0, 0, 0, 0, 0, 0, 0, 0], "wmn": 1971, "wmt": 35702, "wmd": 0, "wmv": 26827, "wdn": -12, "wdt": -19, "wdd": -100, "wdv": -24, "tlv": "Illinois"}