{"loc": "Montague", "iso": "US", "l1": "United States", "l2": "Texas", "lvl": 3, "pop": 19818, "key": 12840, "isd": true, "ppd": 35.608000000000004, "med": 38.3, "p65": 15.413, "p70": 9.732000000000001, "hos": 2.77, "exp": 78.86, "adr": 3.0, "amn": 155717.0, "amv": 1283911.0, "amd": 4743.0, "amt": 1213634.0, "tmn": [0, 2270, 353, 302, 252, 0, 0, 857, 504, 555, 151, 302, 0, 0, 353, 504, 0, 100, 252, 0, 0], "tmv": [2626, 2552, 2575, 2955, 1399, 770, 2354, 2306, 2307, 2345, 3781, 2315, 1328, 4158, 4126, 4122, 3797, 3784, 1119, 91, 0], "tmd": [0, 101, 0, 0, 51, 0, 0, 0, 0, 0, 0, 0, 0, 0, 51, 51, 0, 0, 51, 0, 51], "wmn": 1212, "wmt": 15468, "wmd": 202, "wmv": 17042, "wdn": -49, "wdt": -13, "wdd": 0, "wdv": -8, "tlv": "Texas"}