{"loc": "Montgomery", "iso": "US", "l1": "United States", "l2": "New York", "lvl": 3, "pop": 49221, "key": 12857, "isd": true, "ppd": 35.608000000000004, "med": 38.3, "p65": 15.413, "p70": 9.732000000000001, "hos": 2.77, "exp": 78.86, "adr": 3.0, "amn": 62880.0, "amv": 186027.0, "amd": 2072.0, "amt": 1874289.0, "tmn": [487, 284, 264, 243, 934, 731, 386, 284, 609, 182, 304, 406, 223, 751, 284, 284, 162, 386, 609, 406, 325], "tmv": [3336, 1695, 3330, 4023, 4903, 6734, 6595, 3662, 2393, 4746, 4917, 6132, 6772, 6806, 0, 0, 3221, 4419, 5606, 5173, 0], "tmd": [21, 82, 0, 21, 21, 41, 21, 21, 0, 21, 21, 0, 0, 21, 0, 0, 61, 0, 41, 0, 0], "wmn": 2459, "wmt": 73233, "wmd": 102, "wmv": 18422, "wdn": -11, "wdt": -7, "wdd": 25, "wdv": -48, "tlv": "New York"}