{"loc": "Montgomery", "iso": "US", "l1": "United States", "l2": "Maryland", "lvl": 3, "pop": 1050688, "key": 12854, "isd": true, "ppd": 35.608000000000004, "med": 38.3, "p65": 15.413, "p70": 9.732000000000001, "hos": 2.77, "exp": 78.86, "adr": 2.0, "amn": 59232.0, "amv": 180853.0, "amd": 1328.0, "amt": 1256636.0, "tmn": [382, 242, 180, 130, 139, 326, 245, 185, 232, 146, 192, 157, 151, 161, 178, 118, 96, 86, 101, 136, 141], "tmv": [5139, 4690, 3336, 1695, 3330, 4023, 4903, 6734, 6595, 3662, 2393, 4746, 4917, 6132, 6772, 6806, 0, 0, 3221, 4419, 5606], "tmd": [2, 4, 6, 3, 7, 4, 10, 4, 4, 5, 4, 9, 3, 5, 2, 2, 9, 1, 0, 11, 2], "wmn": 861, "wmt": 34505, "wmd": 26, "wmv": 26827, "wdn": -30, "wdt": -15, "wdd": -21, "wdv": -24, "tlv": "Maryland"}