{"loc": "Montgomery", "iso": "US", "l1": "United States", "l2": "Mississippi", "lvl": 3, "pop": 9775, "key": 12855, "isd": true, "ppd": 35.608000000000004, "med": 38.3, "p65": 15.413, "p70": 9.732000000000001, "hos": 2.77, "exp": 78.86, "adr": 3.0, "amn": 133197.0, "amv": 1025114.0, "amd": 4501.0, "amt": 674327.0, "tmn": [0, 0, 306, 0, 0, 0, 0, 102, 102, 0, 102, 0, 0, 0, 102, 102, 0, 0, 0, 0, 409], "tmv": [2241, 4154, 4949, 1994, 3524, 1923, 0, 0, 1326, 2107, 1883, 1818, 1779, 1363, 1036, 1655, 1721, 1666, 1928, 1520, 0], "tmd": [0, 0, 0, 0, 0, 0, 0, 0, 0, 0, 0, 0, 0, 0, 0, 0, 0, 0, 0, 0, 0], "wmn": 614, "wmt": 3389, "wmd": 0, "wmv": 9530, "wdn": 100, "wdt": 1, "wdd": 0, "wdv": -7, "tlv": "Mississippi"}