{"loc": "Montgomery", "iso": "US", "l1": "United States", "l2": "Maryland", "lvl": 3, "pop": 1050688, "key": 12854, "isd": true, "ppd": 35.608000000000004, "med": 38.3, "p65": 15.413, "p70": 9.732000000000001, "hos": 2.77, "exp": 78.86, "adr": 2.0, "amn": 77556.0, "amv": 1236688.0, "amd": 1615.0, "amt": 2251374.0, "tmn": [75, 98, 90, 149, 134, 115, 100, 92, 88, 78, 142, 89, 109, 105, 82, 21, 108, 98, 88, 65, 76], "tmv": [1671, 0, 0, 2784, 2570, 2833, 3777, 2988, 2423, 2905, 2661, 3390, 3489, 0, 0, 0, 2411, 3257, 3418, 2659, 0], "tmd": [1, 1, 1, 2, 1, 0, 1, 0, 0, 0, 2, 2, 3, 0, 0, 1, 1, 2, 2, 2, 1], "wmn": 542, "wmt": 41187, "wmd": 9, "wmv": 11747, "wdn": -23, "wdt": -9, "wdd": 29, "wdv": -34, "tlv": "Maryland"}