{"loc": "Montgomery", "iso": "US", "l1": "United States", "l2": "Pennsylvania", "lvl": 3, "pop": 830915, "key": 12860, "isd": true, "ppd": 35.608000000000004, "med": 38.3, "p65": 15.413, "p70": 9.732000000000001, "hos": 2.77, "exp": 78.86, "adr": 3.0, "amn": 76915.0, "amv": 591235.0, "amd": 1956.0, "amt": 957264.0, "tmn": [247, 303, 324, 291, 237, 383, 287, 249, 369, 447, 385, 328, 263, 322, 417, 342, 375, 281, 223, 556, 381], "tmv": [8594, 10257, 10611, 9961, 7133, 5431, 8106, 10192, 12065, 12389, 10214, 6477, 4262, 8755, 10329, 12013, 14052, 10864, 8027, 7863, 7615], "tmd": [0, 3, 4, 2, 3, 3, 3, 3, 0, 0, 0, 0, 7, 3, 0, 2, 3, 0, 0, 4, 0], "wmn": 2580, "wmt": 24745, "wmd": 8, "wmv": 70767, "wdn": 9, "wdt": 9, "wdd": -33, "wdv": 10, "tlv": "Pennsylvania"}