{"loc": "Montgomery", "iso": "US", "l1": "United States", "l2": "Texas", "lvl": 3, "pop": 607391, "key": 12862, "isd": true, "ppd": 35.608000000000004, "med": 38.3, "p65": 15.413, "p70": 9.732000000000001, "hos": 2.77, "exp": 78.86, "adr": 1.0, "amn": 92423.0, "amv": 1016621.0, "amd": 999.0, "amt": 896164.0, "tmn": [93, 0, 0, 42, 0, 0, 0, 245, 0, 21, 118, 0, 0, 0, 284, 0, 54, 146, 0, 0, 291], "tmv": [1967, 2474, 1554, 2803, 3655, 3299, 2241, 4154, 4949, 1994, 3524, 1923, 0, 0, 1326, 2107, 1883, 1818, 1779, 1363, 1036], "tmd": [2, 0, 0, 0, 0, 0, 2, 0, 0, 0, 2, 0, 0, 0, 2, 4, 2, 0, 0, 0, 0], "wmn": 778, "wmt": 7569, "wmd": 7, "wmv": 11315, "wdn": 102, "wdt": -10, "wdd": 300, "wdv": -32, "tlv": "Texas"}