{"loc": "Moore", "iso": "US", "l1": "United States", "l2": "North Carolina", "lvl": 3, "pop": 100880, "key": 12869, "isd": true, "ppd": 35.608000000000004, "med": 38.3, "p65": 15.413, "p70": 9.732000000000001, "hos": 2.77, "exp": 78.86, "adr": 2.0, "amn": 126150.0, "amv": 1179384.0, "amd": 2290.0, "amt": 1466196.0, "tmn": [0, 0, 0, 2111, 674, 753, 604, 0, 0, 2309, 366, 703, 753, 951, 0, 0, 1407, 624, 604, 693, 525], "tmv": [2950, 0, 0, 0, 2913, 2024, 2876, 2739, 2336, 1790, 1886, 2554, 2257, 2903, 2781, 2047, 1978, 1647, 2163, 995, 2262], "tmd": [0, 0, 0, 0, 0, 0, 30, 0, 0, 10, 0, 0, 0, 0, 0, 0, 10, 10, 10, 30, 30], "wmn": 3857, "wmt": 38443, "wmd": 90, "wmv": 13878, "wdn": -24, "wdt": 4, "wdd": 800, "wdv": -16, "tlv": "North Carolina"}