{"loc": "Moore", "iso": "US", "l1": "United States", "l2": "North Carolina", "lvl": 3, "pop": 100880, "key": 12869, "isd": true, "ppd": 35.608000000000004, "med": 38.3, "p65": 15.413, "p70": 9.732000000000001, "hos": 2.77, "exp": 78.86, "adr": 2.0, "amn": 91188.0, "amv": 1027393.0, "amd": 1933.0, "amt": 1212571.0, "tmn": [69, 49, 0, 0, 0, 99, 29, 79, 9, 0, 0, 118, 59, 59, 109, 138, 0, 0, 277, 99, 227], "tmv": [4949, 1994, 3524, 1923, 0, 0, 1326, 2107, 1883, 1818, 1779, 1363, 1036, 1655, 1721, 1666, 1928, 1520, 1539, 740, 0], "tmd": [0, 0, 0, 0, 0, 0, 0, 0, 10, 0, 0, 0, 0, 0, 0, 0, 0, 0, 0, 0, 0], "wmn": 853, "wmt": 9576, "wmd": 0, "wmv": 9117, "wdn": 161, "wdt": 18, "wdd": -100, "wdv": -22, "tlv": "North Carolina"}