{"loc": "Montgomery", "iso": "US", "l1": "United States", "l2": "Pennsylvania", "lvl": 3, "pop": 830915, "key": 12860, "isd": true, "ppd": 35.608000000000004, "med": 38.3, "p65": 15.413, "p70": 9.732000000000001, "hos": 2.77, "exp": 78.86, "adr": 2.0, "amn": 93646.0, "amv": 1154115.0, "amd": 2123.0, "amt": 1284610.0, "tmn": [167, 330, 280, 257, 228, 228, 199, 164, 209, 253, 181, 216, 193, 187, 146, 193, 139, 231, 247, 286, 178], "tmv": [1966, 2813, 2807, 3250, 3257, 2889, 2103, 1988, 3241, 2538, 4249, 2950, 0, 0, 0, 2913, 2024, 2876, 2739, 2336, 0], "tmd": [0, 0, 2, 0, 2, 2, 0, 2, 0, 4, 0, 0, 0, 2, 2, 2, 3, 2, 0, 0, 0], "wmn": 1424, "wmt": 21927, "wmd": 7, "wmv": 12890, "wdn": 1, "wdt": 8, "wdd": 0, "wdv": -14, "tlv": "Pennsylvania"}