{"loc": "Montgomery", "iso": "US", "l1": "United States", "l2": "Texas", "lvl": 3, "pop": 607391, "key": 12862, "isd": true, "ppd": 35.608000000000004, "med": 38.3, "p65": 15.413, "p70": 9.732000000000001, "hos": 2.77, "exp": 78.86, "adr": 1.0, "amn": 75133.0, "amv": 233408.0, "amd": 749.0, "amt": 677443.0, "tmn": [355, 548, 439, 0, 0, 0, 0, 0, 0, 1618, 0, 0, 470, 153, 230, 465, 225, 0, 0, 870, 176], "tmv": [4746, 4917, 6132, 6772, 6806, 0, 0, 3221, 4419, 5606, 5173, 5466, 3298, 2593, 4349, 5491, 6616, 7139, 7375, 5050, 0], "tmd": [9, 9, 0, 10, 7, 4, 0, 0, 2, 2, 7, 5, 0, 5, 2, 9, 4, 0, 0, 0, 9], "wmn": 1970, "wmt": 13822, "wmd": 22, "wmv": 36022, "wdn": -12, "wdt": -7, "wdd": 8, "wdv": 21, "tlv": "Texas"}