{"loc": "Mordovia Republic", "iso": "RU", "l1": "Russia", "l2": "Mordovia Republic", "lvl": 2, "pop": 805056, "key": 12876, "isd": true, "ppd": 8.823, "med": 39.6, "p65": 14.177999999999999, "p70": 9.392999999999999, "hos": 8.05, "exp": 72.58, "adr": 2.0, "amn": 29386.0, "amv": 401742.0, "amd": 494.0, "amt": 1118986.0, "tmn": [65, 68, 70, 70, 72, 70, 72, 73, 74, 77, 80, 81, 81, 80, 80, 81, 84, 85, 85, 84, 85], "tmv": [3493, 7231, 4856, 1625, 1623, 6061, 7290, 4289, 13332, 973, 2135, 973, 12611, 3514, 3779, 8834, 1333, 1235, 1621, 6149, 0], "tmd": [3, 4, 3, 3, 3, 4, 3, 5, 3, 4, 5, 3, 4, 3, 3, 5, 3, 2, 3, 3, 4], "wmn": 589, "wmt": 0, "wmd": 20, "wmv": 22954, "wdn": 7, "wdt": -100, "wdd": -20, "wdv": -39, "tlv": "Russia"}