{"loc": "Mordovia Republic", "iso": "RU", "l1": "Russia", "l2": "Mordovia Republic", "lvl": 2, "pop": 805056, "key": 12876, "isd": true, "ppd": 8.823, "med": 39.6, "p65": 14.177999999999999, "p70": 9.392999999999999, "hos": 8.05, "exp": 72.58, "adr": 1.0, "amn": 21827.0, "amv": 26724.0, "amd": 195.0, "amt": 749740.0, "tmn": [88, 88, 86, 88, 86, 86, 83, 83, 81, 81, 83, 81, 81, 80, 79, 77, 77, 74, 77, 75, 72], "tmv": [0, 0, 0, 0, 0, 0, 0, 0, 0, 0, 0, 0, 0, 0, 0, 0, 0, 0, 0, 0, 0], "tmd": [0, 3, 0, 0, 3, 3, 2, 2, 0, 2, 2, 2, 0, 0, 2, 2, 2, 2, 0, 3, 2], "wmn": 533, "wmt": 12427, "wmd": 9, "wmv": 0, "wdn": -7, "wdt": 53, "wdd": 75, "wdv": 0, "tlv": "Russia"}