{"loc": "Moore", "iso": "US", "l1": "United States", "l2": "Texas", "lvl": 3, "pop": 20940, "key": 12871, "isd": true, "ppd": 35.608000000000004, "med": 38.3, "p65": 15.413, "p70": 9.732000000000001, "hos": 2.77, "exp": 78.86, "adr": 2.0, "amn": 169293.0, "amv": 1318760.0, "amd": 4202.0, "amt": 1231659.0, "tmn": [0, 764, 0, 0, 191, 95, 0, 620, 382, 0, 0, 143, 382, 143, 334, 477, 0, 0, 859, 0, 573], "tmv": [3907, 2388, 1363, 4340, 4401, 4549, 4472, 4977, 2311, 1237, 3968, 4080, 4140, 4246, 4837, 2345, 1101, 1959, 281, 0, 0], "tmd": [0, 0, 0, 0, 0, 0, 0, 0, 0, 0, 0, 0, 0, 48, 96, 0, 0, 0, 0, 0, 0], "wmn": 2245, "wmt": 13069, "wmd": 96, "wmv": 10525, "wdn": 34, "wdt": -12, "wdd": 100, "wdv": -58, "tlv": "Texas"}