{"loc": "Moore", "iso": "US", "l1": "United States", "l2": "Texas", "lvl": 3, "pop": 20940, "key": 12871, "isd": true, "ppd": 35.608000000000004, "med": 38.3, "p65": 15.413, "p70": 9.732000000000001, "hos": 2.77, "exp": 78.86, "adr": 2.0, "amn": 157927.0, "amv": 1187231.0, "amd": 3773.0, "amt": 1131782.0, "tmn": [1814, 47, 1098, 0, 0, 764, 0, 620, 573, 191, 0, 0, 47, 191, 477, 47, 191, 0, 0, 143, 525], "tmv": [2024, 2876, 2739, 2336, 1790, 1886, 2554, 2257, 2903, 2781, 2047, 1978, 1647, 2163, 995, 2262, 2445, 2251, 1671, 1480, 0], "tmd": [0, 48, 0, 0, 0, 48, 0, 0, 0, 0, 0, 0, 0, 0, 0, 0, 0, 0, 0, 0, 0], "wmn": 1385, "wmt": 22579, "wmd": 0, "wmv": 11106, "wdn": -15, "wdt": -8, "wdd": 0, "wdv": -30, "tlv": "Texas"}