{"loc": "Morehouse", "iso": "US", "l1": "United States", "l2": "Louisiana", "lvl": 3, "pop": 24874, "key": 12877, "isd": true, "ppd": 35.608000000000004, "med": 38.3, "p65": 15.413, "p70": 9.732000000000001, "hos": 2.77, "exp": 78.86, "adr": 3.0, "amn": 177977.0, "amv": 1242734.0, "amd": 4623.0, "amt": 2055785.0, "tmn": [80, 482, 0, 0, 281, 442, 201, 361, 201, 0, 0, 281, 40, 160, 40, 40, 0, 0, 120, 0, 241], "tmv": [2784, 2570, 2833, 3777, 2988, 2423, 2905, 2661, 3390, 3489, 0, 0, 0, 2411, 3257, 3418, 2659, 2485, 1614, 1945, 0], "tmd": [0, 0, 0, 0, 81, 0, 0, 0, 0, 0, 0, 81, 0, 0, 0, 0, 0, 0, 0, 41, 0], "wmn": 443, "wmt": 25813, "wmd": 41, "wmv": 15382, "wdn": -58, "wdt": -16, "wdd": -50, "wdv": 29, "tlv": "Louisiana"}