{"loc": "Morgan", "iso": "US", "l1": "United States", "l2": "West Virginia", "lvl": 3, "pop": 17884, "key": 12889, "isd": true, "ppd": 35.608000000000004, "med": 38.3, "p65": 15.413, "p70": 9.732000000000001, "hos": 2.77, "exp": 78.86, "adr": 2.0, "amn": 64191.0, "amv": 752032.0, "amd": 1118.0, "amt": 1547364.0, "tmn": [223, 335, 223, 726, 111, 111, 0, 111, 111, 223, 167, 223, 0, 55, 447, 335, 223, 335, 391, 335, 279], "tmv": [7615, 10699, 12037, 10893, 10729, 6600, 5484, 7781, 9092, 10242, 10071, 9169, 6395, 4975, 6773, 8259, 8496, 10027, 6458, 3608, 3001], "tmd": [0, 0, 0, 0, 0, 0, 0, 56, 56, 0, 0, 0, 0, 0, 0, 0, 0, 0, 0, 0, 0], "wmn": 2349, "wmt": 35008, "wmd": 0, "wmv": 46626, "wdn": 162, "wdt": -1, "wdd": -100, "wdv": -19, "tlv": "West Virginia"}