{"loc": "Morgan", "iso": "US", "l1": "United States", "l2": "Colorado", "lvl": 3, "pop": 29068, "key": 12881, "isd": true, "ppd": 35.608000000000004, "med": 38.3, "p65": 15.413, "p70": 9.732000000000001, "hos": 2.77, "exp": 78.86, "adr": 4.0, "amn": 83081.0, "amv": 186027.0, "amd": 3096.0, "amt": 1043864.0, "tmn": [0, 34, 103, 137, 240, 172, 103, 137, 103, 68, -34, 172, 68, -34, 68, 0, 34, 103, 137, -34, 103], "tmv": [3336, 1695, 3330, 4023, 4903, 6734, 6595, 3662, 2393, 4746, 4917, 6132, 6772, 6806, 0, 0, 3221, 4419, 5606, 5173, 0], "tmd": [0, 0, 0, 0, 0, 0, 0, 0, 0, 0, 35, 0, 0, 0, 0, 0, 0, 0, 0, 0, 0], "wmn": 413, "wmt": 27677, "wmd": 0, "wmv": 18422, "wdn": -14, "wdt": -20, "wdd": -100, "wdv": -48, "tlv": "Colorado"}