{"loc": "Morgan", "iso": "US", "l1": "United States", "l2": "Alabama", "lvl": 3, "pop": 119679, "key": 12880, "isd": true, "ppd": 35.608000000000004, "med": 38.3, "p65": 15.413, "p70": 9.732000000000001, "hos": 2.77, "exp": 78.86, "adr": 2.0, "amn": 118133.0, "amv": 466304.0, "amd": 2198.0, "amt": 490901.0, "tmn": [83, 83, 100, 1136, 83, 83, 66, 83, 33, 41, 50, 50, 158, 116, 25, 25, 25, 16, 33, 91, 58], "tmv": [8875, 13887, 4118, 6135, 5026, 6980, 8171, 7842, 9493, 9226, 6156, 5181, 6849, 8594, 10257, 10611, 9961, 7133, 5431, 8106, 10192], "tmd": [0, 0, 0, 0, 0, 0, 0, 9, 0, 0, 0, 9, 17, 9, 0, 0, 0, 0, 0, 0, 0], "wmn": 276, "wmt": 4253, "wmd": 0, "wmv": 61695, "wdn": -48, "wdt": -10, "wdd": -100, "wdv": 16, "tlv": "Alabama"}