{"loc": "Morris", "iso": "US", "l1": "United States", "l2": "Texas", "lvl": 3, "pop": 12388, "key": 12895, "isd": true, "ppd": 35.608000000000004, "med": 38.3, "p65": 15.413, "p70": 9.732000000000001, "hos": 2.77, "exp": 78.86, "adr": 4.0, "amn": 67646.0, "amv": 324951.0, "amd": 2422.0, "amt": 699655.0, "tmn": [80, 0, 161, 242, 161, -80, 242, 0, 0, 161, 0, 80, 80, 0, 0, 80, 0, 0, -80, 80, 0], "tmv": [3298, 2593, 4349, 5491, 6616, 7139, 7375, 5050, 5255, 5793, 6168, 7391, 8814, 7404, 5275, 4864, 6157, 7535, 8875, 13887, 4118], "tmd": [0, 0, 0, 0, 162, 0, 0, 0, 162, 0, 0, 0, 0, 0, 0, 0, 0, 81, 0, 81, 0], "wmn": 81, "wmt": 13096, "wmd": 162, "wmv": 50714, "wdn": -75, "wdt": 9, "wdd": 0, "wdv": 11, "tlv": "Texas"}