{"loc": "Morrison", "iso": "US", "l1": "United States", "l2": "Minnesota", "lvl": 3, "pop": 33386, "key": 12896, "isd": true, "ppd": 35.608000000000004, "med": 38.3, "p65": 15.413, "p70": 9.732000000000001, "hos": 2.77, "exp": 78.86, "adr": 2.0, "amn": 103157.0, "amv": 343093.0, "amd": 1587.0, "amt": 1298967.0, "tmn": [119, 209, 179, 29, 89, 59, 269, 179, 449, 119, 119, 898, 209, 688, 479, 479, 509, 329, 119, 299, 748], "tmv": [6616, 7139, 7375, 5050, 5255, 5793, 6168, 7391, 8814, 7404, 5275, 4864, 6157, 7535, 8875, 13887, 4118, 6135, 5026, 6980, 0], "tmd": [30, 0, 0, 0, 0, 0, 0, 0, 0, 0, 0, 120, 0, 0, 30, 0, 0, 0, 0, 0, 30], "wmn": 2966, "wmt": 27690, "wmd": 60, "wmv": 45024, "wdn": 11, "wdt": 7, "wdd": -50, "wdv": -5, "tlv": "Minnesota"}