{"loc": "Morovis", "iso": "PR", "l1": "United States", "l2": "Puerto Rico", "lvl": 3, "pop": 30335, "key": 12891, "isd": true, "ppd": 35.608000000000004, "med": 38.3, "p65": 15.413, "p70": 9.732000000000001, "hos": 2.77, "exp": 78.86, "adr": 0.0, "amn": 54524.0, "amv": 1141226.0, "amd": 0.0, "amt": 130151.0, "tmn": [131, 494, 263, 131, 0, 32, 65, 131, 65, 98, 131, 32, 494, 131, 32, 197, 98, 164, 32, 32, -32], "tmv": [3106, 3068, 3187, 2953, 1851, 1966, 2813, 2807, 3250, 3257, 2889, 2103, 1988, 3241, 2538, 4249, 2950, 0, 0, 0, 0], "tmd": [0, 0, 0, 0, 0, 0, 0, 0, 0, 0, 0, 0, 0, 0, 0, 0, 0, 0, 0, 0, 0], "wmn": 528, "wmt": 0, "wmd": 0, "wmv": 9740, "wdn": -52, "wdt": 0, "wdd": 0, "wdv": -50, "tlv": "Puerto Rico"}