{"loc": "Morrow", "iso": "US", "l1": "United States", "l2": "Ohio", "lvl": 3, "pop": 35328, "key": 12897, "isd": true, "ppd": 35.608000000000004, "med": 38.3, "p65": 15.413, "p70": 9.732000000000001, "hos": 2.77, "exp": 78.86, "adr": 1.0, "amn": 73681.0, "amv": 238664.0, "amd": 962.0, "amt": 864157.0, "tmn": [169, 339, 113, 56, 169, 283, 84, 226, 113, 198, 28, 254, 113, 169, 169, 226, 84, 56, 28, 141, 169], "tmv": [4917, 6132, 6772, 6806, 0, 0, 3221, 4419, 5606, 5173, 5466, 3298, 2593, 4349, 5491, 6616, 7139, 7375, 5050, 5255, 0], "tmd": [0, 0, 0, 0, 0, 0, 0, 0, 0, 0, 0, 0, 0, 0, 0, 0, 0, 0, 0, 0, 0], "wmn": 878, "wmt": 21529, "wmd": 0, "wmv": 36929, "wdn": -21, "wdt": 41, "wdd": 0, "wdv": 19, "tlv": "Ohio"}