{"loc": "Morris", "iso": "US", "l1": "United States", "l2": "Texas", "lvl": 3, "pop": 12388, "key": 12895, "isd": true, "ppd": 35.608000000000004, "med": 38.3, "p65": 15.413, "p70": 9.732000000000001, "hos": 2.77, "exp": 78.86, "adr": 4.0, "amn": 67969.0, "amv": 343093.0, "amd": 2583.0, "amt": 706520.0, "tmn": [161, -80, 242, 0, 0, 161, 0, 80, 80, 0, 0, 80, 0, 0, -80, 80, 0, 0, 80, 0, 242], "tmv": [6616, 7139, 7375, 5050, 5255, 5793, 6168, 7391, 8814, 7404, 5275, 4864, 6157, 7535, 8875, 13887, 4118, 6135, 5026, 6980, 0], "tmd": [162, 0, 0, 0, 162, 0, 0, 0, 0, 0, 0, 0, 0, 81, 0, 81, 0, 0, 162, 0, 0], "wmn": 323, "wmt": 13115, "wmd": 243, "wmv": 45024, "wdn": 33, "wdt": 11, "wdd": 200, "wdv": -5, "tlv": "Texas"}