{"loc": "Morrison", "iso": "US", "l1": "United States", "l2": "Minnesota", "lvl": 3, "pop": 33386, "key": 12896, "isd": true, "ppd": 35.608000000000004, "med": 38.3, "p65": 15.413, "p70": 9.732000000000001, "hos": 2.77, "exp": 78.86, "adr": 1.0, "amn": 95998.0, "amv": 180853.0, "amd": 1378.0, "amt": 1193209.0, "tmn": [89, 29, 119, 29, 149, 179, 0, 119, 0, 29, 29, 149, 29, 0, 0, 0, 29, 209, 119, 119, 59], "tmv": [4690, 3336, 1695, 3330, 4023, 4903, 6734, 6595, 3662, 2393, 4746, 4917, 6132, 6772, 6806, 0, 0, 3221, 4419, 5606, 0], "tmd": [0, 0, 0, 0, 0, 30, 0, 0, 0, 0, 0, 0, 0, 0, 0, 0, 0, 0, 0, 0, 0], "wmn": 540, "wmt": 29395, "wmd": 0, "wmv": 20055, "wdn": 50, "wdt": -3, "wdd": 0, "wdv": -43, "tlv": "Minnesota"}