{"loc": "Morris", "iso": "US", "l1": "United States", "l2": "New Jersey", "lvl": 3, "pop": 491845, "key": 12894, "isd": true, "ppd": 35.608000000000004, "med": 38.3, "p65": 15.413, "p70": 9.732000000000001, "hos": 2.77, "exp": 78.86, "adr": 2.0, "amn": 111740.0, "amv": 1160346.0, "amd": 2582.0, "amt": 1728575.0, "tmn": [227, 185, 166, 142, 221, 241, 243, 178, 195, 195, 223, 20, 319, 223, 203, 266, 154, 115, 187, 154, 278], "tmv": [3250, 3257, 2889, 2103, 1988, 3241, 2538, 4249, 2950, 0, 0, 0, 2913, 2024, 2876, 2739, 2336, 1790, 1886, 2554, 0], "tmd": [5, 0, 0, 0, 0, 7, 3, 3, 0, 0, 0, 5, 7, 0, 0, 3, 0, 3, 11, 3, 5], "wmn": 1361, "wmt": 8366, "wmd": 21, "wmv": 14183, "wdn": 0, "wdt": 17, "wdd": 67, "wdv": 17, "tlv": "New Jersey"}