{"loc": "Morton", "iso": "US", "l1": "United States", "l2": "North Dakota", "lvl": 3, "pop": 31364, "key": 12900, "isd": true, "ppd": 35.608000000000004, "med": 38.3, "p65": 15.413, "p70": 9.732000000000001, "hos": 2.77, "exp": 78.86, "adr": 2.0, "amn": 264826.0, "amv": 1476857.0, "amd": 4049.0, "amt": 2619359.0, "tmn": [1147, 318, 382, 446, 382, 1052, 860, 733, 127, 701, 159, 0, 765, 414, 637, 382, 573, 223, 350, 414, 286], "tmv": [70, 3476, 2565, 1693, 4764, 5451, 6033, 6077, 6801, 4120, 2054, 5104, 5248, 5184, 4986, 5175, 2683, 957, 367, 0, 0], "tmd": [32, 0, 0, 0, 0, 32, 0, 0, 0, 0, 0, 0, 0, 0, 32, 0, 0, 0, 0, 0, 0], "wmn": 2870, "wmt": 24813, "wmd": 32, "wmv": 14171, "wdn": -1, "wdt": -5, "wdd": 0, "wdv": -59, "tlv": "North Dakota"}