{"loc": "Moscow", "iso": "RU", "l1": "Russia", "l2": "Moscow", "lvl": 2, "pop": 12506468, "key": 12902, "isd": true, "ppd": 8.823, "med": 39.6, "p65": 14.177999999999999, "p70": 9.392999999999999, "hos": 8.05, "exp": 72.58, "adr": 2.0, "amn": 123309.0, "amv": 499510.0, "amd": 2127.0, "amt": 1172759.0, "tmn": [210, 209, 195, 268, 278, 280, 198, 266, 156, 200, 258, 206, 178, 220, 171, 131, 165, 183, 202, 185, 156], "tmv": [1621, 6149, 4072, 5920, 6237, 6205, 2216, 985, 5047, 8020, 2304, 3290, 5434, 2462, 847, 6655, 4588, 4342, 16373, 12761, 0], "tmd": [9, 8, 8, 7, 7, 6, 7, 6, 6, 7, 6, 6, 6, 6, 5, 5, 5, 5, 5, 5, 5], "wmn": 1197, "wmt": 0, "wmd": 33, "wmv": 45570, "wdn": -20, "wdt": 0, "wdd": -16, "wdv": 65, "tlv": "Russia"}