{"loc": "Moscow Oblast", "iso": "RU", "l1": "Russia", "l2": "Moscow Oblast", "lvl": 2, "pop": 7503385, "key": 12901, "isd": true, "ppd": 8.823, "med": 39.6, "p65": 14.177999999999999, "p70": 9.392999999999999, "hos": 8.05, "exp": 72.58, "adr": 2.0, "amn": 28226.0, "amv": 26724.0, "amd": 605.0, "amt": 749740.0, "tmn": [110, 126, 127, 123, 121, 120, 86, 96, 112, 117, 110, 106, 85, 62, 76, 91, 91, 97, 97, 97, 92], "tmv": [0, 0, 0, 0, 0, 0, 0, 0, 0, 0, 0, 0, 0, 0, 0, 0, 0, 0, 0, 0, 0], "tmd": [5, 5, 5, 5, 5, 6, 5, 5, 4, 5, 4, 4, 5, 4, 5, 5, 4, 4, 4, 5, 4], "wmn": 646, "wmt": 9938, "wmd": 29, "wmv": 0, "wdn": -7, "wdt": -6, "wdd": -1, "wdv": 0, "tlv": "Russia"}