{"loc": "Mower", "iso": "US", "l1": "United States", "l2": "Minnesota", "lvl": 3, "pop": 40062, "key": 12906, "isd": true, "ppd": 35.608000000000004, "med": 38.3, "p65": 15.413, "p70": 9.732000000000001, "hos": 2.77, "exp": 78.86, "adr": 1.0, "amn": 153188.0, "amv": 1212726.0, "amd": 973.0, "amt": 2027831.0, "tmn": [0, 0, 673, 2096, 349, 848, 574, 0, 0, 923, 1722, 399, 549, 798, 0, 0, 773, 1722, 723, 898, 848], "tmv": [2781, 2047, 1978, 1647, 2163, 995, 2262, 2445, 2251, 1671, 0, 0, 2784, 2570, 2833, 3777, 2988, 2423, 2905, 2661, 0], "tmd": [0, 0, 0, 0, 0, 0, 0, 0, 0, 0, 0, 0, 0, 0, 0, 0, 25, 0, 0, 0, 0], "wmn": 4968, "wmt": 40897, "wmd": 25, "wmv": 17591, "wdn": 13, "wdt": 4, "wdd": 0, "wdv": 50, "tlv": "Minnesota"}