{"loc": "Moscow", "iso": "RU", "l1": "Russia", "l2": "Moscow", "lvl": 2, "pop": 12506468, "key": 12902, "isd": true, "ppd": 8.823, "med": 39.6, "p65": 14.177999999999999, "p70": 9.392999999999999, "hos": 8.05, "exp": 72.58, "adr": 2.0, "amn": 114712.0, "amv": 325984.0, "amd": 1899.0, "amt": 1056604.0, "tmn": [524, 522, 687, 632, 676, 537, 579, 496, 465, 607, 551, 595, 609, 524, 439, 449, 482, 531, 455, 432, 432], "tmv": [5107, 417, 6346, 4336, 3392, 2343, 2283, 3803, 4793, 5806, 6485, 4305, 2607, 1389, 8802, 5092, 3493, 7231, 4856, 1625, 0], "tmd": [7, 8, 8, 8, 8, 10, 10, 10, 10, 9, 9, 10, 9, 9, 10, 9, 9, 9, 9, 9, 9], "wmn": 3224, "wmt": 9887, "wmd": 61, "wmv": 31103, "wdn": -16, "wdt": -59, "wdd": -5, "wdv": 7, "tlv": "Russia"}