{"loc": "Moscow", "iso": "RU", "l1": "Russia", "l2": "Moscow", "lvl": 2, "pop": 12506468, "key": 12902, "isd": true, "ppd": 8.823, "med": 39.6, "p65": 14.177999999999999, "p70": 9.392999999999999, "hos": 8.05, "exp": 72.58, "adr": 2.0, "amn": 79068.0, "amv": 43183.0, "amd": 1227.0, "amt": 771173.0, "tmn": [124, 145, 112, 102, 155, 157, 129, 128, 137, 95, 113, 112, 106, 145, 138, 167, 102, 102, 171, 140, 145], "tmv": [0, 0, 0, 0, 0, 0, 0, 0, 0, 0, 0, 0, 0, 0, 0, 0, 74, 1641, 3572, 1994, 0], "tmd": [5, 5, 5, 5, 5, 5, 5, 5, 4, 4, 4, 4, 4, 4, 4, 4, 4, 4, 5, 5, 4], "wmn": 970, "wmt": 10343, "wmd": 28, "wmv": 7284, "wdn": 15, "wdt": -23, "wdd": 7, "wdv": 0, "tlv": "Russia"}