{"loc": "Moscow", "iso": "RU", "l1": "Russia", "l2": "Moscow", "lvl": 2, "pop": 12506468, "key": 12902, "isd": true, "ppd": 8.823, "med": 39.6, "p65": 14.177999999999999, "p70": 9.392999999999999, "hos": 8.05, "exp": 72.58, "adr": 2.0, "amn": 82410.0, "amv": 80716.0, "amd": 1340.0, "amt": 828931.0, "tmn": [127, 152, 108, 122, 96, 154, 144, 138, 120, 126, 83, 114, 142, 144, 124, 150, 128, 103, 102, 171, 141], "tmv": [1309, 407, 0, 0, 0, 626, 1894, 826, 384, 0, 0, 0, 0, 0, 0, 0, 0, 402, 1305, 1841, 938], "tmd": [5, 5, 5, 5, 5, 4, 5, 5, 4, 5, 5, 5, 4, 5, 5, 5, 4, 5, 5, 5, 5], "wmn": 923, "wmt": 12229, "wmd": 30, "wmv": 4488, "wdn": 6, "wdt": 107, "wdd": 1, "wdv": 271, "tlv": "Russia"}