{"loc": "Moscow Oblast", "iso": "RU", "l1": "Russia", "l2": "Moscow Oblast", "lvl": 2, "pop": 7503385, "key": 12901, "isd": true, "ppd": 8.823, "med": 39.6, "p65": 14.177999999999999, "p70": 9.392999999999999, "hos": 8.05, "exp": 72.58, "adr": 2.0, "amn": 54645.0, "amv": 507081.0, "amd": 1013.0, "amt": 1184373.0, "tmn": [176, 193, 212, 220, 212, 205, 202, 171, 185, 193, 203, 198, 174, 140, 152, 162, 174, 181, 181, 176, 165], "tmv": [5920, 6237, 6205, 2216, 985, 5047, 8020, 2304, 3290, 5434, 2462, 847, 6655, 4588, 4342, 16373, 12761, 1839, 2367, 3364, 0], "tmd": [4, 5, 4, 5, 4, 4, 4, 4, 4, 4, 4, 4, 4, 4, 4, 2, 2, 2, 2, 2, 2], "wmn": 1195, "wmt": 0, "wmd": 12, "wmv": 41050, "wdn": -6, "wdt": 0, "wdd": -57, "wdv": 60, "tlv": "Russia"}