{"loc": "Mower", "iso": "US", "l1": "United States", "l2": "Minnesota", "lvl": 3, "pop": 40062, "key": 12906, "isd": true, "ppd": 35.608000000000004, "med": 38.3, "p65": 15.413, "p70": 9.732000000000001, "hos": 2.77, "exp": 78.86, "adr": 1.0, "amn": 111327.0, "amv": 556863.0, "amd": 799.0, "amt": 1409031.0, "tmn": [349, 224, 199, 299, 324, 224, 249, 299, 99, 149, 149, 324, 349, 249, 0, 99, 499, 199, 174, 199, 249], "tmv": [9226, 6156, 5181, 6849, 8594, 10257, 10611, 9961, 7133, 5431, 8106, 10192, 12065, 12389, 10214, 6477, 4262, 8755, 10329, 12013, 14052], "tmd": [0, 0, 0, 0, 0, 0, 0, 0, 0, 0, 0, 25, 0, 0, 0, 0, 0, 0, 0, 0, 0], "wmn": 1423, "wmt": 34071, "wmd": 0, "wmv": 66105, "wdn": -12, "wdt": 7, "wdd": -100, "wdv": 1, "tlv": "Minnesota"}