{"loc": "Moscow", "iso": "RU", "l1": "Russia", "l2": "Moscow", "lvl": 2, "pop": 12506468, "key": 12902, "isd": true, "ppd": 8.823, "med": 39.6, "p65": 14.177999999999999, "p70": 9.392999999999999, "hos": 8.05, "exp": 72.58, "adr": 2.0, "amn": 149674.0, "amv": 753858.0, "amd": 2575.0, "amt": 1465088.0, "tmn": [467, 631, 652, 623, 422, 621, 485, 462, 674, 600, 581, 607, 567, 458, 545, 504, 512, 550, 397, 398, 422], "tmv": [0, 417, 4022, 5043, 0, 0, 0, 0, 0, 5392, 5802, 2754, 2140, 5510, 6429, 13473, 0, 0, 0, 1184, 6861], "tmd": [7, 7, 7, 7, 7, 7, 7, 8, 8, 8, 8, 8, 8, 8, 8, 8, 8, 8, 8, 8, 8], "wmn": 3332, "wmt": 0, "wmd": 54, "wmv": 27950, "wdn": -16, "wdt": 0, "wdd": 1, "wdv": 29, "tlv": "Russia"}