{"loc": "Murshidabad", "iso": "IN", "l1": "India", "l2": "West Bengal", "lvl": 3, "pop": 7102430, "key": 12918, "isd": true, "ppd": 450.41900000000004, "med": 28.2, "p65": 5.989, "p70": 3.4139999999999997, "hos": 0.53, "exp": 69.66, "adr": 1.0, "amn": 1730.0, "amv": 6319.0, "amd": 21.0, "amt": 83485.0, "tmn": [0, 0, 0, 0, 0, 0, 0, 0, 0, 0, 0, 0, 0, 0, 0, 0, 0, 0, 0, 0, 0], "tmv": [4, 236, 414, 414, 177, 10, 138, 136, 225, 369, 331, 259, 26, 323, 255, 293, 353, 335, 214, 15, 315], "tmd": [0, 0, 0, 0, 0, 0, 0, 0, 0, 0, 0, 0, 0, 0, 0, 0, 0, 0, 0, 0, 0], "wmn": 2, "wmt": 1487, "wmd": 0, "wmv": 1784, "wdn": 0, "wdt": -4, "wdd": 0, "wdv": 7, "tlv": "West Bengal"}