{"loc": "Murmansk Oblast", "iso": "RU", "l1": "Russia", "l2": "Murmansk Oblast", "lvl": 2, "pop": 753557, "key": 12914, "isd": true, "ppd": 8.823, "med": 39.6, "p65": 14.177999999999999, "p70": 9.392999999999999, "hos": 8.05, "exp": 72.58, "adr": 2.0, "amn": 63146.0, "amv": 48297.0, "amd": 1326.0, "amt": 778173.0, "tmn": [160, 156, 144, 130, 127, 126, 120, 112, 111, 112, 111, 110, 99, 91, 92, 99, 96, 98, 99, 96, 94], "tmv": [0, 0, 0, 0, 0, 0, 0, 0, 0, 0, 0, 74, 1641, 3572, 1994, 1932, 490, 95, 170, 2424, 0], "tmd": [7, 7, 6, 6, 4, 6, 4, 7, 8, 0, 4, 7, 8, 10, 10, 8, 7, 4, 4, 7, 8], "wmn": 679, "wmt": 7000, "wmd": 47, "wmv": 7109, "wdn": -10, "wdt": -55, "wdd": 9, "wdv": 34, "tlv": "Russia"}