{"loc": "Munger", "iso": "IN", "l1": "India", "l2": "Bihar", "lvl": 3, "pop": 1359054, "key": 12912, "isd": true, "ppd": 450.41900000000004, "med": 28.2, "p65": 5.989, "p70": 3.4139999999999997, "hos": 0.53, "exp": 69.66, "adr": 1.0, "amn": 10418.0, "amv": 138927.0, "amd": 95.0, "amt": 232438.0, "tmn": [128, 125, 279, 329, 443, 178, 220, 223, 224, 203, 141, 169, 156, 114, 48, 99, 86, 135, 86, 83, 27], "tmv": [1355, 1209, 1580, 1936, 1874, 1669, 587, 2024, 2002, 1581, 1678, 930, 1375, 511, 1134, 995, 883, 1069, 0, 0, 635], "tmd": [3, 1, 1, 3, 3, 2, 1, 3, 1, 2, 0, 2, 1, 3, 2, 0, 3, 4, 1, 3, 1], "wmn": 568, "wmt": 7523, "wmd": 13, "wmv": 4720, "wdn": -54, "wdt": 24, "wdd": 42, "wdv": -53, "tlv": "Bihar"}