{"loc": "Murshidabad", "iso": "IN", "l1": "India", "l2": "West Bengal", "lvl": 3, "pop": 7102430, "key": 12918, "isd": true, "ppd": 450.41900000000004, "med": 28.2, "p65": 5.989, "p70": 3.4139999999999997, "hos": 0.53, "exp": 69.66, "adr": 1.0, "amn": 1840.0, "amv": 73619.0, "amd": 21.0, "amt": 95068.0, "tmn": [0, 0, 0, 0, 0, 1, 0, 1, 1, 1, 1, 2, 4, 2, 4, 3, 7, 10, 14, 12, 24], "tmv": [334, 2484, 1700, 1669, 1709, 1887, 1565, 188, 422, 1406, 1495, 2660, 3090, 2119, 2264, 2902, 2874, 2261, 2996, 2710, 2550], "tmd": [0, 0, 0, 0, 0, 0, 0, 0, 0, 0, 0, 0, 0, 0, 0, 0, 1, 0, 0, 1, 1], "wmn": 79, "wmt": 2191, "wmd": 1, "wmv": 18562, "wdn": 381, "wdt": 32, "wdd": 0, "wdv": 63, "tlv": "West Bengal"}