{"loc": "Murray", "iso": "US", "l1": "United States", "l2": "Georgia", "lvl": 3, "pop": 40096, "key": 12915, "isd": true, "ppd": 35.608000000000004, "med": 38.3, "p65": 15.413, "p70": 9.732000000000001, "hos": 2.77, "exp": 78.86, "adr": 2.0, "amn": 114475.0, "amv": 343093.0, "amd": 1920.0, "amt": 710661.0, "tmn": [249, 399, 149, 99, 99, 199, 49, 49, 24, 149, 24, 174, 124, 74, 124, 224, 99, 49, 224, 224, 249], "tmv": [6616, 7139, 7375, 5050, 5255, 5793, 6168, 7391, 8814, 7404, 5275, 4864, 6157, 7535, 8875, 13887, 4118, 6135, 5026, 6980, 0], "tmd": [0, 0, 0, 0, 0, 25, 25, 0, 25, 0, 50, 0, 0, 0, 0, 25, 0, 0, 0, 0, 0], "wmn": 1198, "wmt": 12837, "wmd": 25, "wmv": 45024, "wdn": 92, "wdt": 5, "wdd": -67, "wdv": -5, "tlv": "Georgia"}