{"loc": "Muscogee", "iso": "US", "l1": "United States", "l2": "Georgia", "lvl": 3, "pop": 195769, "key": 12920, "isd": true, "ppd": 35.608000000000004, "med": 38.3, "p65": 15.413, "p70": 9.732000000000001, "hos": 2.77, "exp": 78.86, "adr": 3.0, "amn": 124014.0, "amv": 1318760.0, "amd": 3310.0, "amt": 1189766.0, "tmn": [97, 0, 0, 260, 148, 551, 76, 40, 0, 0, 153, 173, 143, 71, 81, 0, 0, 0, 219, 56, 0], "tmv": [3907, 2388, 1363, 4340, 4401, 4549, 4472, 4977, 2311, 1237, 3968, 4080, 4140, 4246, 4837, 2345, 1101, 1959, 281, 0, 0], "tmd": [21, 0, 0, 31, 11, 0, 6, 16, 0, 0, 16, 16, 11, 11, 0, 0, 0, 0, 16, 21, 0], "wmn": 358, "wmt": 13933, "wmd": 36, "wmv": 10525, "wdn": -39, "wdt": -8, "wdd": -46, "wdv": -58, "tlv": "Georgia"}