{"loc": "Mysuru", "iso": "IN", "l1": "India", "l2": "Karnataka", "lvl": 3, "pop": 2994744, "key": 12929, "isd": true, "ppd": 450.41900000000004, "med": 28.2, "p65": 5.989, "p70": 3.4139999999999997, "hos": 0.53, "exp": 69.66, "adr": 1.0, "amn": 37441.0, "amv": 132066.0, "amd": 469.0, "amt": 412649.0, "tmn": [521, 681, 587, 407, 1168, 844, 918, 896, 765, 931, 845, 749, 766, 619, 513, 724, 592, 420, 781, 831, 604], "tmv": [2420, 1705, 1575, 1605, 1977, 1179, 424, 1355, 1209, 1580, 1936, 1874, 1669, 587, 2024, 2002, 1581, 1678, 930, 1375, 511], "tmd": [3, 4, 4, 5, 5, 3, 3, 5, 4, 4, 7, 8, 7, 5, 3, 5, 4, 6, 5, 6, 3], "wmn": 4468, "wmt": 12751, "wmd": 27, "wmv": 10106, "wdn": -20, "wdt": -21, "wdd": -27, "wdv": -1, "tlv": "Karnataka"}