{"loc": "Muskingum", "iso": "US", "l1": "United States", "l2": "Ohio", "lvl": 3, "pop": 86215, "key": 12922, "isd": true, "ppd": 35.608000000000004, "med": 38.3, "p65": 15.413, "p70": 9.732000000000001, "hos": 2.77, "exp": 78.86, "adr": 2.0, "amn": 92919.0, "amv": 186027.0, "amd": 1438.0, "amt": 836839.0, "tmn": [649, 672, 475, 382, 591, 313, 115, 289, 521, 487, 452, 347, 510, 34, 208, 255, 220, 231, 104, 173, 162], "tmv": [3336, 1695, 3330, 4023, 4903, 6734, 6595, 3662, 2393, 4746, 4917, 6132, 6772, 6806, 0, 0, 3221, 4419, 5606, 5173, 0], "tmd": [0, 12, 0, 0, 0, 12, 0, 0, 0, 0, 12, 0, 0, 0, 0, 0, 0, 35, -23, -11, 0], "wmn": 1358, "wmt": 16633, "wmd": 0, "wmv": 18422, "wdn": -49, "wdt": -19, "wdd": -100, "wdv": -48, "tlv": "Ohio"}