{"loc": "Nacogdoches", "iso": "US", "l1": "United States", "l2": "Texas", "lvl": 3, "pop": 65204, "key": 12931, "isd": true, "ppd": 35.608000000000004, "med": 38.3, "p65": 15.413, "p70": 9.732000000000001, "hos": 2.77, "exp": 78.86, "adr": 3.0, "amn": 115821.0, "amv": 1216117.0, "amd": 3297.0, "amt": 1154798.0, "tmn": [0, 0, 1104, 644, 414, 582, 552, 0, 0, 996, 598, 322, 199, 276, 0, 0, 920, 245, 291, 0, 0], "tmv": [2047, 1978, 1647, 2163, 995, 2262, 2445, 2251, 1671, 0, 0, 2784, 2570, 2833, 3777, 2988, 2423, 2905, 2661, 3390, 0], "tmd": [0, 0, 31, 31, 62, 0, 16, 16, 0, 31, 0, 31, 62, 0, 16, 0, 0, 0, 47, 0, 0], "wmn": 1457, "wmt": 15373, "wmd": 62, "wmv": 18148, "wdn": -39, "wdt": -26, "wdd": -56, "wdv": 50, "tlv": "Texas"}