{"loc": "Nabarangapur", "iso": "IN", "l1": "India", "l2": "Odisha", "lvl": 3, "pop": 1218762, "key": 12930, "isd": true, "ppd": 450.41900000000004, "med": 28.2, "p65": 5.989, "p70": 3.4139999999999997, "hos": 0.53, "exp": 69.66, "adr": 0.0, "amn": 13263.0, "amv": 135080.0, "amd": 15.0, "amt": 238552.0, "tmn": [209, 301, 310, 262, 355, 261, 339, 331, 231, 343, 275, 251, 247, 274, 169, 297, 196, 342, 316, 274, 287], "tmv": [1605, 1977, 1179, 424, 1355, 1209, 1580, 1936, 1874, 1669, 587, 2024, 2002, 1581, 1678, 930, 1375, 511, 1134, 995, 883], "tmd": [0, 1, 0, 0, 0, 0, 0, 0, 0, 0, 0, 0, 0, 0, 0, 0, 0, 1, 0, 0, 0], "wmn": 1884, "wmt": 8559, "wmd": 1, "wmv": 7511, "wdn": -4, "wdt": 16, "wdd": 0, "wdv": -36, "tlv": "Odisha"}