{"loc": "Nagaland", "iso": "IN", "l1": "India", "l2": "Nagaland", "lvl": 2, "pop": 2249695, "key": 12933, "isd": true, "ppd": 450.41900000000004, "med": 28.2, "p65": 5.989, "p70": 3.4139999999999997, "hos": 0.53, "exp": 69.66, "adr": 1.0, "amn": 8920.0, "amv": 138927.0, "amd": 127.0, "amt": 81657.0, "tmn": [44, 118, 127, 118, 137, 148, 105, 59, 119, 150, 162, 122, 135, 107, 121, 162, 108, 144, 137, 112, 99], "tmv": [1355, 1209, 1580, 1936, 1874, 1669, 587, 2024, 2002, 1581, 1678, 930, 1375, 511, 1134, 995, 883, 1069, 0, 0, 635], "tmd": [3, 0, 2, 2, 1, 7, 2, 5, 3, 5, 6, 6, 3, 6, 4, 6, 3, 5, 6, 6, 7], "wmn": 886, "wmt": 4721, "wmd": 34, "wmv": 4720, "wdn": 3, "wdt": 32, "wdd": 10, "wdv": -53, "tlv": "Nagaland"}