{"loc": "Nagaur", "iso": "IN", "l1": "India", "l2": "Rajasthan", "lvl": 3, "pop": 3309234, "key": 12937, "isd": true, "ppd": 450.41900000000004, "med": 28.2, "p65": 5.989, "p70": 3.4139999999999997, "hos": 0.53, "exp": 69.66, "adr": 1.0, "amn": 4207.0, "amv": 114312.0, "amd": 39.0, "amt": 110846.0, "tmn": [18, 25, 23, 24, 30, 44, 55, 33, 50, 28, 36, 28, 37, 53, 50, 54, 68, 46, 47, 53, 57], "tmv": [2401, 1978, 1966, 1945, 891, 2374, 0, 0, 2252, 0, 0, 0, 2420, 1705, 1575, 1605, 1977, 1179, 424, 1355, 1209], "tmd": [0, 1, 1, 0, 1, 1, 1, 1, 1, 1, 1, 1, 1, 1, 1, 1, 1, 1, 0, 1, 1], "wmn": 379, "wmt": 7039, "wmd": 3, "wmv": 9328, "wdn": 40, "wdt": 8, "wdd": 0, "wdv": 46, "tlv": "Rajasthan"}