{"loc": "Nagpur", "iso": "IN", "l1": "India", "l2": "Maharashtra", "lvl": 3, "pop": 4653171, "key": 12938, "isd": true, "ppd": 450.41900000000004, "med": 28.2, "p65": 5.989, "p70": 3.4139999999999997, "hos": 0.53, "exp": 69.66, "adr": 1.0, "amn": 101874.0, "amv": 129247.0, "amd": 1253.0, "amt": 246470.0, "tmn": [1712, 1726, 1708, 1263, 1481, 1715, 1670, 1540, 1558, 1084, 1149, 924, 952, 1053, 963, 914, 696, 546, 482, 558, 480], "tmv": [0, 0, 0, 2420, 1705, 1575, 1605, 1977, 1179, 424, 1355, 1209, 1580, 1936, 1874, 1669, 587, 2024, 2002, 1581, 1678], "tmd": [13, 13, 15, 9, 14, 20, 14, 10, 13, 7, 3, 23, 13, 9, 16, 15, 10, 6, 14, 12, 14], "wmn": 4643, "wmt": 13722, "wmd": 85, "wmv": 11419, "wdn": -44, "wdt": -8, "wdd": 13, "wdv": 18, "tlv": "Maharashtra"}