{"loc": "Nacogdoches", "iso": "US", "l1": "United States", "l2": "Texas", "lvl": 3, "pop": 65204, "key": 12931, "isd": true, "ppd": 35.608000000000004, "med": 38.3, "p65": 15.413, "p70": 9.732000000000001, "hos": 2.77, "exp": 78.86, "adr": 4.0, "amn": 62082.0, "amv": 201735.0, "amd": 2224.0, "amt": 667609.0, "tmn": [429, 444, 0, 122, 291, 107, 260, 291, 337, 107, 138, 260, 76, 30, -15, 30, 138, 122, 138, 199, 153], "tmv": [4903, 6734, 6595, 3662, 2393, 4746, 4917, 6132, 6772, 6806, 0, 0, 3221, 4419, 5606, 5173, 5466, 3298, 2593, 4349, 0], "tmd": [62, 31, 0, 0, 0, 16, 16, 16, 16, 0, 0, 0, 31, 0, 0, 31, 0, 0, 16, 16, 0], "wmn": 767, "wmt": 18872, "wmd": 62, "wmv": 26489, "wdn": -38, "wdt": 80, "wdd": 0, "wdv": -3, "tlv": "Texas"}