{"loc": "Napa", "iso": "US", "l1": "United States", "l2": "California", "lvl": 3, "pop": 137744, "key": 12949, "isd": true, "ppd": 35.608000000000004, "med": 38.3, "p65": 15.413, "p70": 9.732000000000001, "hos": 2.77, "exp": 78.86, "adr": 1.0, "amn": 93391.0, "amv": 1240788.0, "amd": 726.0, "amt": 2496451.0, "tmn": [246, 225, 123, 0, 0, 406, 123, 196, 196, 246, 0, 0, 399, 94, 123, 210, 79, 0, 0, 341, 65], "tmv": [0, 2784, 2570, 2833, 3777, 2988, 2423, 2905, 2661, 3390, 3489, 0, 0, 0, 2411, 3257, 3418, 2659, 2485, 1614, 0], "tmd": [0, 0, 0, 0, 0, 0, 0, 0, 0, 0, 0, 0, 0, 8, 22, 0, 0, 0, 0, 0, 0], "wmn": 821, "wmt": 61833, "wmd": 22, "wmv": 15848, "wdn": -28, "wdt": 10, "wdd": 200, "wdv": 27, "tlv": "California"}