{"loc": "Napa", "iso": "US", "l1": "United States", "l2": "California", "lvl": 3, "pop": 137744, "key": 12949, "isd": true, "ppd": 35.608000000000004, "med": 38.3, "p65": 15.413, "p70": 9.732000000000001, "hos": 2.77, "exp": 78.86, "adr": 1.0, "amn": 73303.0, "amv": 1008740.0, "amd": 588.0, "amt": 1783139.0, "tmn": [50, 29, 7, 14, 7, 21, 29, 7, 43, 21, 29, -79, 79, 72, 0, 0, 0, 116, 36, 116, 0], "tmv": [3244, 2575, 1851, 1965, 1967, 2474, 1554, 2803, 3655, 3299, 2241, 4154, 4949, 1994, 3524, 1923, 0, 0, 1326, 2107, 0], "tmd": [0, 0, 0, 0, 0, 0, 0, 8, 0, 0, 0, 0, 0, 0, 0, 0, 0, 0, 0, 0, 0], "wmn": 269, "wmt": 19449, "wmd": 0, "wmv": 8882, "wdn": 54, "wdt": -2, "wdd": -100, "wdv": -62, "tlv": "California"}