{"loc": "Nandurbar", "iso": "IN", "l1": "India", "l2": "Maharashtra", "lvl": 3, "pop": 1646177, "key": 12948, "isd": true, "ppd": 450.41900000000004, "med": 28.2, "p65": 5.989, "p70": 3.4139999999999997, "hos": 0.53, "exp": 69.66, "adr": 2.0, "amn": 11237.0, "amv": 49847.0, "amd": 183.0, "amt": 162211.0, "tmn": [37, 125, 103, 161, 237, 232, 219, 257, 289, 196, 139, 375, 302, 322, 129, 242, 108, 229, 211, 345, 283], "tmv": [1488, 1101, 122, 2202, 1534, 1506, 1591, 1973, 1840, 334, 2484, 1700, 1669, 1709, 1887, 1565, 188, 422, 1406, 1495, 2660], "tmd": [0, 1, 0, 0, 0, 1, 0, 2, 3, 2, 1, 3, 2, 2, 2, 10, 7, 0, 5, 5, 7], "wmn": 1549, "wmt": 8905, "wmd": 32, "wmv": 9627, "wdn": -18, "wdt": 19, "wdd": 174, "wdv": -18, "tlv": "Maharashtra"}