{"loc": "Nanded", "iso": "IN", "l1": "India", "l2": "Maharashtra", "lvl": 3, "pop": 3356566, "key": 12947, "isd": true, "ppd": 450.41900000000004, "med": 28.2, "p65": 5.989, "p70": 3.4139999999999997, "hos": 0.53, "exp": 69.66, "adr": 2.0, "amn": 22441.0, "amv": 96199.0, "amd": 408.0, "amt": 204424.0, "tmn": [362, 384, 265, 403, 436, 401, 560, 541, 477, 574, 481, 459, 371, 403, 448, 376, 412, 328, 392, 328, 372], "tmv": [2119, 2264, 2902, 2874, 2261, 2996, 2710, 2550, 2125, 2901, 1917, 2401, 1978, 1966, 1945, 891, 2374, 0, 0, 2252, 0], "tmd": [6, 10, 7, 9, 13, 8, 9, 9, 4, 6, 7, 7, 2, 10, 11, 8, 7, 9, 4, 15, 16], "wmn": 2660, "wmt": 15143, "wmd": 66, "wmv": 7464, "wdn": -20, "wdt": 11, "wdd": 63, "wdv": -53, "tlv": "Maharashtra"}