{"loc": "Nassau", "iso": "US", "l1": "United States", "l2": "New York", "lvl": 3, "pop": 1356924, "key": 12959, "isd": true, "ppd": 35.608000000000004, "med": 38.3, "p65": 15.413, "p70": 9.732000000000001, "hos": 2.77, "exp": 78.86, "adr": 2.0, "amn": 107585.0, "amv": 201735.0, "amd": 2134.0, "amt": 1915161.0, "tmn": [557, 778, 641, 489, 604, 417, 677, 551, 619, 539, 435, 426, 396, 378, 537, 443, 402, 380, 471, 382, 512], "tmv": [4903, 6734, 6595, 3662, 2393, 4746, 4917, 6132, 6772, 6806, 0, 0, 3221, 4419, 5606, 5173, 5466, 3298, 2593, 4349, 0], "tmd": [11, 11, 5, 9, 9, 10, 7, 6, 6, 5, 9, 5, 9, 4, 6, 7, 3, 6, 3, 9, 5], "wmn": 3130, "wmt": 77989, "wmd": 37, "wmv": 26489, "wdn": -6, "wdt": 6, "wdd": -11, "wdv": -3, "tlv": "New York"}