{"loc": "Narmada", "iso": "IN", "l1": "India", "l2": "Gujarat", "lvl": 3, "pop": 590379, "key": 12954, "isd": true, "ppd": 450.41900000000004, "med": 28.2, "p65": 5.989, "p70": 3.4139999999999997, "hos": 0.53, "exp": 69.66, "adr": 0.0, "amn": 4302.0, "amv": 52938.0, "amd": 2.0, "amt": 214575.0, "tmn": [3, 3, 23, 5, 20, 22, 25, 30, 20, 27, 22, 28, 45, 42, 30, 28, 44, 62, 32, 37, 38], "tmv": [1101, 122, 2202, 1534, 1506, 1591, 1973, 1840, 334, 2484, 1700, 1669, 1709, 1887, 1565, 188, 422, 1406, 1495, 2660, 3090], "tmd": [0, 0, 0, 0, 0, 0, 0, 0, 0, 0, 0, 0, 0, 0, 0, 0, 0, 0, 0, 0, 0], "wmn": 275, "wmt": 9533, "wmd": 0, "wmv": 10830, "wdn": 27, "wdt": 22, "wdd": 0, "wdv": -7, "tlv": "Gujarat"}