{"loc": "Nassau", "iso": "US", "l1": "United States", "l2": "New York", "lvl": 3, "pop": 1356924, "key": 12959, "isd": true, "ppd": 35.608000000000004, "med": 38.3, "p65": 15.413, "p70": 9.732000000000001, "hos": 2.77, "exp": 78.86, "adr": 2.0, "amn": 158760.0, "amv": 1263117.0, "amd": 2433.0, "amt": 3851190.0, "tmn": [236, 232, 221, 118, 195, 172, 194, 182, 210, 191, 184, 93, 128, 182, 159, 147, 148, 116, 114, 104, 145], "tmv": [2661, 3390, 3489, 0, 0, 0, 2411, 3257, 3418, 2659, 2485, 1614, 1945, 2278, 2491, 2890, 2710, 2395, 1993, 2154, 3467], "tmd": [1, 1, 2, 3, 0, 0, 0, 3, 0, 1, 1, 0, 3, 2, 1, 3, 3, 1, 0, 1, 1], "wmn": 938, "wmt": 61296, "wmd": 8, "wmv": 18105, "wdn": -20, "wdt": -5, "wdd": -9, "wdv": 3, "tlv": "New York"}