{"loc": "Nassau", "iso": "US", "l1": "United States", "l2": "New York", "lvl": 3, "pop": 1356924, "key": 12959, "isd": true, "ppd": 35.608000000000004, "med": 38.3, "p65": 15.413, "p70": 9.732000000000001, "hos": 2.77, "exp": 78.86, "adr": 2.0, "amn": 135492.0, "amv": 973354.0, "amd": 2342.0, "amt": 2994229.0, "tmn": [31, 37, 23, 22, 19, 14, 31, 25, 24, 16, 16, 18, 17, 17, 22, 19, 11, 14, 16, 11, 19], "tmv": [4248, 3485, 4157, 3682, 3252, 2518, 2835, 2495, 4865, 3672, 4016, 3766, 3121, 6234, 3276, 3244, 2575, 1851, 1965, 1967, 2474], "tmd": [1, 1, 1, 0, 0, 0, 1, 0, 0, 0, 1, 0, 0, 0, 1, 0, 1, 1, 0, 0, 0], "wmn": 115, "wmt": 32373, "wmd": 3, "wmv": 17355, "wdn": -17, "wdt": -15, "wdd": 200, "wdv": -38, "tlv": "New York"}