{"loc": "Navarro", "iso": "US", "l1": "United States", "l2": "Texas", "lvl": 3, "pop": 50113, "key": 12964, "isd": true, "ppd": 35.608000000000004, "med": 38.3, "p65": 15.413, "p70": 9.732000000000001, "hos": 2.77, "exp": 78.86, "adr": 2.0, "amn": 167521.0, "amv": 1187231.0, "amd": 3352.0, "amt": 1131782.0, "tmn": [838, 778, 219, 399, 0, 2035, 1456, 1157, 0, 1656, 0, 0, 1117, 738, 658, 858, 778, 0, 0, 937, 558], "tmv": [2024, 2876, 2739, 2336, 1790, 1886, 2554, 2257, 2903, 2781, 2047, 1978, 1647, 2163, 995, 2262, 2445, 2251, 1671, 1480, 0], "tmd": [40, 20, 40, 0, 0, 0, 20, 0, 0, 20, 0, 0, 20, 20, 0, 20, 0, 0, 20, 40, 20], "wmn": 3792, "wmt": 22579, "wmd": 100, "wmv": 11106, "wdn": -19, "wdt": -8, "wdd": 67, "wdv": -30, "tlv": "Texas"}