{"loc": "Navajo", "iso": "US", "l1": "United States", "l2": "Arizona", "lvl": 3, "pop": 110924, "key": 12962, "isd": true, "ppd": 35.608000000000004, "med": 38.3, "p65": 15.413, "p70": 9.732000000000001, "hos": 2.77, "exp": 78.86, "adr": 3.0, "amn": 141340.0, "amv": 238664.0, "amd": 4481.0, "amt": 520317.0, "tmn": [144, 360, 730, 477, 261, 261, 81, 90, 585, 649, 45, 216, 162, 162, 108, 270, 441, 234, 153, 90, 189], "tmv": [4917, 6132, 6772, 6806, 0, 0, 3221, 4419, 5606, 5173, 5466, 3298, 2593, 4349, 5491, 6616, 7139, 7375, 5050, 5255, 0], "tmd": [46, 19, 73, 0, 0, 0, 10, 19, 10, 0, 0, 0, 55, 0, 37, 10, 19, 10, 0, 46, 0], "wmn": 1488, "wmt": 9575, "wmd": 118, "wmv": 36929, "wdn": -22, "wdt": 1, "wdd": 44, "wdv": 19, "tlv": "Arizona"}