{"loc": "Nawada", "iso": "IN", "l1": "India", "l2": "Bihar", "lvl": 3, "pop": 2216653, "key": 12966, "isd": true, "ppd": 450.41900000000004, "med": 28.2, "p65": 5.989, "p70": 3.4139999999999997, "hos": 0.53, "exp": 69.66, "adr": 1.0, "amn": 1938.0, "amv": 8278.0, "amd": 11.0, "amt": 178482.0, "tmn": [0, 0, 0, 0, 0, 0, 0, 0, 0, 0, 0, 0, 2, 0, 1, 2, 2, 3, 4, 6, 1], "tmv": [225, 369, 331, 259, 26, 323, 255, 293, 353, 335, 61, 0, 0, 246, 238, 478, 437, 281, 178, 245, 0], "tmd": [0, 0, 0, 0, 0, 0, 0, 1, 0, 0, 0, 0, 0, 0, 0, 0, 0, 0, 0, 0, 0], "wmn": 23, "wmt": 1752, "wmd": 0, "wmv": 1860, "wdn": 717, "wdt": -44, "wdd": -100, "wdv": 44, "tlv": "Bihar"}