{"loc": "Navajo", "iso": "US", "l1": "United States", "l2": "Arizona", "lvl": 3, "pop": 110924, "key": 12962, "isd": true, "ppd": 35.608000000000004, "med": 38.3, "p65": 15.413, "p70": 9.732000000000001, "hos": 2.77, "exp": 78.86, "adr": 3.0, "amn": 163806.0, "amv": 1102595.0, "amd": 5121.0, "amt": 1574201.0, "tmn": [288, 414, 595, 162, 180, 297, 162, 216, 558, 495, 378, 306, 117, 351, 387, 513, 712, 622, 396, 378, 207], "tmv": [2201, 2622, 2492, 2548, 2348, 1615, 1875, 1986, 1986, 2786, 3007, 2017, 2605, 1830, 2139, 3106, 3068, 3187, 2953, 1851, 0], "tmd": [0, 0, 19, 0, 10, 0, 10, 0, 0, 0, 0, 0, 0, 0, 10, 0, 10, 19, 0, 0, 0], "wmn": 3219, "wmt": 35920, "wmd": 37, "wmv": 16308, "wdn": 33, "wdt": 15, "wdd": 0, "wdv": 1, "tlv": "Arizona"}