{"loc": "Nelson", "iso": "US", "l1": "United States", "l2": "Virginia", "lvl": 3, "pop": 14930, "key": 12973, "isd": true, "ppd": 35.608000000000004, "med": 38.3, "p65": 15.413, "p70": 9.732000000000001, "hos": 2.77, "exp": 78.86, "adr": 1.0, "amn": 82451.0, "amv": 1197969.0, "amd": 1072.0, "amt": 1092244.0, "tmn": [1339, 535, 401, 267, 602, 0, 0, 1406, 66, 468, 669, 0, 0, 0, 803, 334, 468, 334, 334, 0, 0], "tmv": [1790, 1886, 2554, 2257, 2903, 2781, 2047, 1978, 1647, 2163, 995, 2262, 2445, 2251, 1671, 0, 0, 2784, 2570, 2833, 0], "tmd": [0, 0, 0, 0, 67, 0, 0, 67, 0, 0, 0, 0, 0, 0, 0, 0, 0, 0, 0, 0, 0], "wmn": 2278, "wmt": 19477, "wmd": 0, "wmv": 9860, "wdn": -13, "wdt": -6, "wdd": -100, "wdv": -28, "tlv": "Virginia"}