{"loc": "New Hanover", "iso": "US", "l1": "United States", "l2": "North Carolina", "lvl": 3, "pop": 234473, "key": 12989, "isd": true, "ppd": 35.608000000000004, "med": 38.3, "p65": 15.413, "p70": 9.732000000000001, "hos": 2.77, "exp": 78.86, "adr": 1.0, "amn": 78623.0, "amv": 635594.0, "amd": 691.0, "amt": 1045410.0, "tmn": [238, 294, 251, 0, 0, 0, 665, 149, 153, 183, 213, 0, 0, 580, 98, 281, 307, 260, 0, 0, 435], "tmv": [5431, 8106, 10192, 12065, 12389, 10214, 6477, 4262, 8755, 10329, 12013, 14052, 10864, 8027, 7863, 7615, 10699, 12037, 10893, 10729, 0], "tmd": [0, 0, 0, 0, 0, 0, 0, 0, 0, 0, 0, 0, 0, 0, 0, 0, 0, 0, 0, 0, 5], "wmn": 1382, "wmt": 18954, "wmd": 5, "wmv": 59839, "wdn": 8, "wdt": -9, "wdd": 0, "wdv": -12, "tlv": "North Carolina"}