{"loc": "Nevada", "iso": "US", "l1": "United States", "l2": "California", "lvl": 3, "pop": 99755, "key": 12983, "isd": true, "ppd": 35.608000000000004, "med": 38.3, "p65": 15.413, "p70": 9.732000000000001, "hos": 2.77, "exp": 78.86, "adr": 1.0, "amn": 64348.0, "amv": 1079834.0, "amd": 772.0, "amt": 1943544.0, "tmn": [471, 441, 240, 260, 661, 0, 0, 1453, 1212, 30, 862, 70, 962, 932, 421, 902, 531, 200, 1122, 721, 631], "tmv": [1193, 1200, 2288, 2155, 2600, 2160, 2477, 1419, 1374, 2201, 2622, 2492, 2548, 2348, 1615, 1875, 1986, 1986, 2786, 3007, 0], "tmd": [0, 0, 0, 0, 0, 0, 0, 0, 0, 0, 0, 0, 0, 0, 11, 0, 11, 0, 0, 0, 0], "wmn": 4532, "wmt": 41608, "wmd": 21, "wmv": 13258, "wdn": -18, "wdt": 4, "wdd": 0, "wdv": -12, "tlv": "California"}