{"loc": "Nevada", "iso": "US", "l1": "United States", "l2": "California", "lvl": 3, "pop": 99755, "key": 12983, "isd": true, "ppd": 35.608000000000004, "med": 38.3, "p65": 15.413, "p70": 9.732000000000001, "hos": 2.77, "exp": 78.86, "adr": 1.0, "amn": 50353.0, "amv": 1014221.0, "amd": 752.0, "amt": 1786210.0, "tmn": [90, 120, 10, 40, 0, 40, 0, 60, 80, 0, 130, 50, 0, 0, 0, 80, 80, 200, 0, 150, 0], "tmv": [1851, 1965, 1967, 2474, 1554, 2803, 3655, 3299, 2241, 4154, 4949, 1994, 3524, 1923, 0, 0, 1326, 2107, 1883, 1818, 1779], "tmd": [0, 0, 0, 0, 0, 0, 0, 0, 0, 0, 0, 0, 0, 0, 0, 0, 0, 0, 0, 0, 0], "wmn": 512, "wmt": 18454, "wmd": 0, "wmv": 8916, "wdn": 59, "wdt": 14, "wdd": 0, "wdv": -60, "tlv": "California"}