{"loc": "Nevada", "iso": "US", "l1": "United States", "l2": "California", "lvl": 3, "pop": 99755, "key": 12983, "isd": true, "ppd": 35.608000000000004, "med": 38.3, "p65": 15.413, "p70": 9.732000000000001, "hos": 2.77, "exp": 78.86, "adr": 1.0, "amn": 50945.0, "amv": 1023593.0, "amd": 752.0, "amt": 1808517.0, "tmn": [0, 60, 80, 0, 130, 50, 0, 0, 0, 80, 80, 200, 0, 150, 0, 120, 260, 0, 0, 50, 160], "tmv": [3655, 3299, 2241, 4154, 4949, 1994, 3524, 1923, 0, 0, 1326, 2107, 1883, 1818, 1779, 1363, 1036, 1655, 1721, 1666, 1928], "tmd": [0, 0, 0, 0, 0, 0, 0, 0, 0, 0, 0, 0, 0, 0, 0, 0, 0, 0, 0, 0, 0], "wmn": 592, "wmt": 22308, "wmd": 0, "wmv": 11152, "wdn": 16, "wdt": 21, "wdd": 0, "wdv": 23, "tlv": "California"}