{"loc": "New Hampshire", "iso": "US", "l1": "United States", "l2": "New Hampshire", "lvl": 2, "pop": 1359711, "key": 12988, "isd": true, "ppd": 35.608000000000004, "med": 38.3, "p65": 15.413, "p70": 9.732000000000001, "hos": 2.77, "exp": 78.86, "adr": 2.0, "amn": 54177.0, "amv": 191493.0, "amd": 849.0, "amt": 1039842.0, "tmn": [269, 283, 331, 314, 250, 247, 220, 168, 289, 301, 289, 319, 211, 189, 190, 277, 339, 270, 289, 185, 185], "tmv": [1695, 3330, 4023, 4903, 6734, 6595, 3662, 2393, 4746, 4917, 6132, 6772, 6806, 0, 0, 3221, 4419, 5606, 5173, 5466, 0], "tmd": [0, 13, 7, 5, 6, 5, 2, 3, 6, 1, 7, 3, 3, 2, 1, 9, 2, 2, 1, 1, 0], "wmn": 1738, "wmt": 34912, "wmd": 14, "wmv": 23888, "wdn": -2, "wdt": -8, "wdd": -34, "wdv": -25, "tlv": "New Hampshire"}