{"loc": "Netherlands", "iso": "NL", "l1": "Netherlands", "l2": "Netherlands", "lvl": 1, "pop": 17134873, "key": 12981, "isd": true, "ppd": 508.54400000000004, "med": 43.2, "p65": 18.779, "p70": 11.880999999999998, "hos": 3.32, "exp": 82.28, "adr": 1.0, "amn": 115203.0, "amv": 1277034.0, "amd": 1071.0, "amt": 729121.0, "tmn": [139, 142, 163, 172, 150, 139, 135, 148, 171, 163, 144, 145, 149, 145, 156, 174, 162, 169, 151, 139, 132], "tmv": [0, 0, 0, 0, 0, 0, 0, 0, 0, 0, 0, 0, 0, 0, 0, 0, 0, 0, 0, 0, 0], "tmd": [1, 1, 1, 1, 1, 1, 1, 1, 1, 1, 1, 1, 1, 1, 1, 1, 1, 1, 1, 1, 1], "wmn": 1087, "wmt": 0, "wmd": 4, "wmv": 0, "wdn": 2, "wdt": 0, "wdd": 24, "wdv": 0, "tlv": "Netherlands"}