{"loc": "New Castle", "iso": "US", "l1": "United States", "l2": "Delaware", "lvl": 3, "pop": 558753, "key": 12987, "isd": true, "ppd": 35.608000000000004, "med": 38.3, "p65": 15.413, "p70": 9.732000000000001, "hos": 2.77, "exp": 78.86, "adr": 1.0, "amn": 99506.0, "amv": 466304.0, "amd": 1392.0, "amt": 1611320.0, "tmn": [318, 347, 257, 331, 177, 449, 399, 289, 313, 425, 198, 261, 264, 257, 372, 422, 467, 445, 227, 243, 486], "tmv": [8875, 13887, 4118, 6135, 5026, 6980, 8171, 7842, 9493, 9226, 6156, 5181, 6849, 8594, 10257, 10611, 9961, 7133, 5431, 8106, 10192], "tmd": [4, 8, 2, 0, 2, 2, 2, 8, 6, 2, 4, 2, 0, 2, 0, 11, 0, 15, 6, 0, 0], "wmn": 2665, "wmt": 40200, "wmd": 31, "wmv": 61695, "wdn": 32, "wdt": 9, "wdd": 42, "wdv": 16, "tlv": "Delaware"}