{"loc": "New Hampshire", "iso": "US", "l1": "United States", "l2": "New Hampshire", "lvl": 2, "pop": 1359711, "key": 12988, "isd": true, "ppd": 35.608000000000004, "med": 38.3, "p65": 15.413, "p70": 9.732000000000001, "hos": 2.77, "exp": 78.86, "adr": 1.0, "amn": 96925.0, "amv": 1259649.0, "amd": 1135.0, "amt": 1909251.0, "tmn": [355, 461, 475, 0, 0, 468, 1017, 400, 476, 460, 0, 0, 1188, 277, 422, 470, 393, 0, 0, 0, 0], "tmv": [2905, 2661, 3390, 3489, 0, 0, 0, 2411, 3257, 3418, 2659, 2485, 1614, 1945, 2278, 2491, 2890, 2710, 2395, 1993, 2154], "tmd": [3, 3, 0, 0, 0, 1, 9, 2, 4, 3, 0, 0, 3, 6, 4, 2, 3, 0, 0, 0, 0], "wmn": 1288, "wmt": 25435, "wmd": 9, "wmv": 16916, "wdn": -54, "wdt": -50, "wdd": -52, "wdv": -5, "tlv": "New Hampshire"}