{"loc": "New Hanover", "iso": "US", "l1": "United States", "l2": "North Carolina", "lvl": 3, "pop": 234473, "key": 12989, "isd": true, "ppd": 35.608000000000004, "med": 38.3, "p65": 15.413, "p70": 9.732000000000001, "hos": 2.77, "exp": 78.86, "adr": 1.0, "amn": 93989.0, "amv": 1086287.0, "amd": 780.0, "amt": 1288751.0, "tmn": [332, 213, 0, 0, 857, 260, 221, 371, 413, 0, 0, 1846, 264, 537, 400, 686, 0, 0, 1565, 290, 498], "tmv": [2155, 2600, 2160, 2477, 1419, 1374, 2201, 2622, 2492, 2548, 2348, 1615, 1875, 1986, 1986, 2786, 3007, 2017, 2605, 1830, 0], "tmd": [5, 5, 0, 0, 0, 0, 5, 0, 0, 0, 0, 0, 9, 5, 0, 0, 0, 0, 5, 0, 0], "wmn": 3442, "wmt": 27547, "wmd": 5, "wmv": 14234, "wdn": 0, "wdt": 34, "wdd": -67, "wdv": -8, "tlv": "North Carolina"}