{"loc": "New York", "iso": "US", "l1": "United States", "l2": "New York", "lvl": 3, "pop": 1628706, "key": 12997, "isd": true, "ppd": 35.608000000000004, "med": 38.3, "p65": 15.413, "p70": 9.732000000000001, "hos": 2.77, "exp": 78.86, "adr": 3.0, "amn": 84978.0, "amv": 959275.0, "amd": 2768.0, "amt": 2973662.0, "tmn": [20, 19, 14, 12, 19, 41, 26, 20, 16, 22, 20, 19, 21, 30, 21, 19, 17, 16, 23, 18, 22], "tmv": [3714, 0, 0, 1543, 2452, 4248, 3485, 4157, 3682, 3252, 2518, 2835, 2495, 4865, 3672, 4016, 3766, 3121, 6234, 3276, 0], "tmd": [0, 2, 1, 1, 2, 2, 3, 2, 0, 3, 1, -1, 1, 1, 1, 0, 1, 1, 2, 2, 2], "wmn": 140, "wmt": 35943, "wmd": 7, "wmv": 24088, "wdn": -8, "wdt": -11, "wdd": 43, "wdv": 1, "tlv": "New York"}