{"loc": "New Mexico", "iso": "US", "l1": "United States", "l2": "New Mexico", "lvl": 2, "pop": 2096829, "key": 12995, "isd": true, "ppd": 35.608000000000004, "med": 38.3, "p65": 15.413, "p70": 9.732000000000001, "hos": 2.77, "exp": 78.86, "adr": 2.0, "amn": 86207.0, "amv": 160515.0, "amd": 1687.0, "amt": 1216710.0, "tmn": [286, 358, 320, 514, 353, 250, 231, 206, 319, 266, 277, 200, 163, 148, 196, 243, 254, 191, 269, 134, 90], "tmv": [2448, 3374, 4677, 5132, 5139, 4690, 3336, 1695, 3330, 4023, 4903, 6734, 6595, 3662, 2393, 4746, 4917, 6132, 6772, 6806, 0], "tmd": [7, 13, 14, 11, 9, 9, 6, 8, 14, 9, 11, 4, 7, 7, 9, 15, 9, 11, 7, 7, 5], "wmn": 1381, "wmt": 53120, "wmd": 61, "wmv": 31769, "wdn": -13, "wdt": 31, "wdd": 8, "wdv": 3, "tlv": "New Mexico"}