{"loc": "New York", "iso": "US", "l1": "United States", "l2": "New York", "lvl": 3, "pop": 1628706, "key": 12997, "isd": true, "ppd": 35.608000000000004, "med": 38.3, "p65": 15.413, "p70": 9.732000000000001, "hos": 2.77, "exp": 78.86, "adr": 3.0, "amn": 91229.0, "amv": 1079834.0, "amd": 2797.0, "amt": 3236098.0, "tmn": [240, 109, 155, 175, 165, 203, 157, 143, 162, 196, 268, 238, 229, 205, 236, 153, 208, 254, 233, 273, 421], "tmv": [1193, 1200, 2288, 2155, 2600, 2160, 2477, 1419, 1374, 2201, 2622, 2492, 2548, 2348, 1615, 1875, 1986, 1986, 2786, 3007, 0], "tmd": [2, 0, 1, 2, 1, 2, 1, 2, 2, 0, 3, 0, 0, 2, 0, 0, 2, 2, 0, 1, 3], "wmn": 1782, "wmt": 46925, "wmd": 7, "wmv": 13258, "wdn": 23, "wdt": 17, "wdd": -9, "wdv": -12, "tlv": "New York"}