{"loc": "New London", "iso": "US", "l1": "United States", "l2": "Connecticut", "lvl": 3, "pop": 265206, "key": 12993, "isd": true, "ppd": 35.608000000000004, "med": 38.3, "p65": 15.413, "p70": 9.732000000000001, "hos": 2.77, "exp": 78.86, "adr": 2.0, "amn": 98135.0, "amv": 1176126.0, "amd": 1750.0, "amt": 2771214.0, "tmn": [199, 0, 0, 0, 731, 478, 188, 369, 0, 0, 550, 478, 162, 373, 267, 0, 0, 516, 147, 139, 252], "tmv": [4249, 2950, 0, 0, 0, 2913, 2024, 2876, 2739, 2336, 1790, 1886, 2554, 2257, 2903, 2781, 2047, 1978, 1647, 2163, 0], "tmd": [0, 0, 0, 0, 0, 8, 0, 0, 0, 0, 0, 4, 0, 0, 12, 0, 0, 0, 4, 4, 0], "wmn": 1324, "wmt": 38608, "wmd": 19, "wmv": 13523, "wdn": -32, "wdt": 6, "wdd": 400, "wdv": -18, "tlv": "Connecticut"}