{"loc": "New Haven", "iso": "US", "l1": "United States", "l2": "Connecticut", "lvl": 3, "pop": 854757, "key": 12990, "isd": true, "ppd": 35.608000000000004, "med": 38.3, "p65": 15.413, "p70": 9.732000000000001, "hos": 2.77, "exp": 78.86, "adr": 2.0, "amn": 106898.0, "amv": 830268.0, "amd": 2462.0, "amt": 2320980.0, "tmn": [214, 221, 178, 274, 0, 0, 452, 149, 242, 215, 152, 0, 0, 264, 188, 60, 98, 121, 0, 0, 214], "tmv": [4975, 6773, 8259, 8496, 10027, 6458, 3608, 3001, 5456, 7305, 8515, 7794, 7192, 5713, 4653, 4699, 5814, 5591, 7265, 8234, 0], "tmd": [3, 5, 2, 4, 0, 0, 5, 5, 2, 6, 2, 0, 0, 10, 0, 2, 2, 3, 0, 0, 10], "wmn": 684, "wmt": 17253, "wmd": 15, "wmv": 36259, "wdn": -33, "wdt": -61, "wdd": -37, "wdv": -19, "tlv": "Connecticut"}