{"loc": "New Jersey", "iso": "US", "l1": "United States", "l2": "New Jersey", "lvl": 2, "pop": 8882190, "key": 12991, "isd": true, "ppd": 35.608000000000004, "med": 38.3, "p65": 15.413, "p70": 9.732000000000001, "hos": 2.77, "exp": 78.86, "adr": 2.0, "amn": 135838.0, "amv": 1303449.0, "amd": 3161.0, "amt": 1809619.0, "tmn": [100, 86, 139, 124, 165, 192, 128, 88, 106, 165, 145, 221, 147, 138, 136, 92, 136, 146, 169, 155, 157], "tmv": [780, 2376, 2334, 2342, 2403, 3887, 2378, 1359, 4316, 4363, 4502, 4400, 4864, 2267, 1210, 3657, 3104, 3335, 2510, 342, 0], "tmd": [1, 2, 4, 2, 3, 3, 3, 1, 2, 4, 4, 3, 2, 2, 0, 1, 3, 1, 0, 6, 3], "wmn": 996, "wmt": 5320, "wmd": 13, "wmv": 14161, "wdn": -2, "wdt": -34, "wdd": -13, "wdv": -46, "tlv": "New Jersey"}