{"loc": "New Haven", "iso": "US", "l1": "United States", "l2": "Connecticut", "lvl": 3, "pop": 854757, "key": 12990, "isd": true, "ppd": 35.608000000000004, "med": 38.3, "p65": 15.413, "p70": 9.732000000000001, "hos": 2.77, "exp": 78.86, "adr": 2.0, "amn": 109215.0, "amv": 1039887.0, "amd": 2498.0, "amt": 2525849.0, "tmn": [22, 17, 45, 0, 0, 16, 47, 38, 63, 42, 0, 0, 86, 94, 66, 77, 45, 0, 0, 163, 168], "tmv": [1326, 2107, 1883, 1818, 1779, 1363, 1036, 1655, 1721, 1666, 1928, 1520, 1539, 740, 1856, 2005, 1821, 2051, 2364, 1193, 1200], "tmd": [0, 2, 0, 0, 0, 0, 0, 0, 2, 0, 0, 0, 0, 0, 0, 0, 0, 0, 0, 2, 0], "wmn": 522, "wmt": 15721, "wmd": 2, "wmv": 12494, "wdn": 60, "wdt": -19, "wdd": 0, "wdv": 16, "tlv": "Connecticut"}