{"loc": "New Mexico", "iso": "US", "l1": "United States", "l2": "New Mexico", "lvl": 2, "pop": 2096829, "key": 12995, "isd": true, "ppd": 35.608000000000004, "med": 38.3, "p65": 15.413, "p70": 9.732000000000001, "hos": 2.77, "exp": 78.86, "adr": 2.0, "amn": 88657.0, "amv": 238664.0, "amd": 1790.0, "amt": 1297379.0, "tmn": [254, 191, 269, 134, 90, 142, 129, 194, 148, 202, 149, 111, 148, 212, 142, 312, 72, 116, 78, 116, 169], "tmv": [4917, 6132, 6772, 6806, 0, 0, 3221, 4419, 5606, 5173, 5466, 3298, 2593, 4349, 5491, 6616, 7139, 7375, 5050, 5255, 0], "tmd": [9, 11, 7, 7, 5, 6, 6, 9, 10, 6, 7, 6, 5, 7, 7, 7, 8, 8, 7, 6, 7], "wmn": 1010, "wmt": 37180, "wmd": 46, "wmv": 36929, "wdn": -14, "wdt": 5, "wdd": -1, "wdv": 19, "tlv": "New Mexico"}