{"loc": "New Mexico", "iso": "US", "l1": "United States", "l2": "New Mexico", "lvl": 2, "pop": 2096829, "key": 12995, "isd": true, "ppd": 35.608000000000004, "med": 38.3, "p65": 15.413, "p70": 9.732000000000001, "hos": 2.77, "exp": 78.86, "adr": 2.0, "amn": 99430.0, "amv": 1037493.0, "amd": 2097.0, "amt": 1796804.0, "tmn": [0, 95, 38, 62, 59, 0, 0, 142, 54, 85, 74, 89, 0, 0, 179, 64, 129, 129, 116, 0, 0], "tmv": [0, 0, 1326, 2107, 1883, 1818, 1779, 1363, 1036, 1655, 1721, 1666, 1928, 1520, 1539, 740, 1856, 2005, 1821, 2051, 2364], "tmd": [0, 1, 1, 3, 1, 0, 0, 2, 1, 2, 5, 4, 0, 0, 2, 2, 3, 1, 2, 0, 0], "wmn": 620, "wmt": 18236, "wmd": 9, "wmv": 12380, "wdn": 39, "wdt": 18, "wdd": -28, "wdv": 14, "tlv": "New Mexico"}