{"loc": "New Jersey", "iso": "US", "l1": "United States", "l2": "New Jersey", "lvl": 2, "pop": 8882190, "key": 12991, "isd": true, "ppd": 35.608000000000004, "med": 38.3, "p65": 15.413, "p70": 9.732000000000001, "hos": 2.77, "exp": 78.86, "adr": 3.0, "amn": 115042.0, "amv": 968912.0, "amd": 2973.0, "amt": 1636669.0, "tmn": [31, 8, 64, 23, 23, 21, 20, 38, 30, 0, 51, 26, 28, 31, 26, 29, 23, 16, 14, 27, 30], "tmv": [2452, 4248, 3485, 4157, 3682, 3252, 2518, 2835, 2495, 4865, 3672, 4016, 3766, 3121, 6234, 3276, 3244, 2575, 1851, 1965, 0], "tmd": [1, 2, 1, 1, 1, 0, 4, 1, 1, 0, 1, 1, 2, 2, 1, 1, 1, 1, 1, 2, 3], "wmn": 169, "wmt": 2251, "wmd": 6, "wmv": 19149, "wdn": -18, "wdt": -28, "wdd": 29, "wdv": -23, "tlv": "New Jersey"}