{"loc": "New Mexico", "iso": "US", "l1": "United States", "l2": "New Mexico", "lvl": 2, "pop": 2096829, "key": 12995, "isd": true, "ppd": 35.608000000000004, "med": 38.3, "p65": 15.413, "p70": 9.732000000000001, "hos": 2.77, "exp": 78.86, "adr": 2.0, "amn": 91639.0, "amv": 500973.0, "amd": 1883.0, "amt": 1441911.0, "tmn": [84, 83, 115, 119, 103, 88, 81, 77, 81, 100, 103, 107, 81, 76, 86, 70, 131, 139, 98, 0, 0], "tmv": [6135, 5026, 6980, 8171, 7842, 9493, 9226, 6156, 5181, 6849, 8594, 10257, 10611, 9961, 7133, 5431, 8106, 10192, 12065, 12389, 10214], "tmd": [1, 4, 6, 3, 3, 4, 0, 2, 6, 3, 4, 4, 1, 0, 0, 4, 3, 3, 4, 0, 0], "wmn": 527, "wmt": 24663, "wmd": 12, "wmv": 65534, "wdn": -16, "wdt": -14, "wdd": -33, "wdv": 14, "tlv": "New Mexico"}