{"loc": "New Mexico", "iso": "US", "l1": "United States", "l2": "New Mexico", "lvl": 2, "pop": 2096829, "key": 12995, "isd": true, "ppd": 35.608000000000004, "med": 38.3, "p65": 15.413, "p70": 9.732000000000001, "hos": 2.77, "exp": 78.86, "adr": 2.0, "amn": 116348.0, "amv": 1160346.0, "amd": 2223.0, "amt": 2075665.0, "tmn": [453, 0, 0, 1085, 395, 416, 471, 436, 0, 0, 0, 1191, 258, 274, 419, 0, 0, 847, 351, 327, 418], "tmv": [3250, 3257, 2889, 2103, 1988, 3241, 2538, 4249, 2950, 0, 0, 0, 2913, 2024, 2876, 2739, 2336, 1790, 1886, 2554, 0], "tmd": [4, 0, 0, 4, 3, 6, 8, 4, 0, 0, 0, 5, 8, 4, 10, 0, 0, 7, 6, 9, 7], "wmn": 2364, "wmt": 42549, "wmd": 37, "wmv": 14183, "wdn": 9, "wdt": -11, "wdd": 88, "wdv": 17, "tlv": "New Mexico"}