{"loc": "New York", "iso": "US", "l1": "United States", "l2": "New York", "lvl": 3, "pop": 1628706, "key": 12997, "isd": true, "ppd": 35.608000000000004, "med": 38.3, "p65": 15.413, "p70": 9.732000000000001, "hos": 2.77, "exp": 78.86, "adr": 3.0, "amn": 99212.0, "amv": 1176126.0, "amd": 2827.0, "amt": 3526282.0, "tmn": [197, 282, 185, 196, 138, 95, 149, 209, 277, 311, 227, 173, 156, 174, 279, 236, 290, 234, 142, 174, 181], "tmv": [2538, 4249, 2950, 0, 0, 0, 2913, 2024, 2876, 2739, 2336, 1790, 1886, 2554, 2257, 2903, 2781, 2047, 1978, 1647, 2163], "tmd": [2, 0, 0, 4, 1, 1, 0, 1, 2, 4, 0, 0, 2, 1, 1, 0, 0, 2, 0, 2, 1], "wmn": 1542, "wmt": 63348, "wmd": 5, "wmv": 15780, "wdn": 1, "wdt": 13, "wdd": -36, "wdv": -3, "tlv": "New York"}