{"loc": "New York", "iso": "US", "l1": "United States", "l2": "New York", "lvl": 2, "pop": 19453561, "key": 12998, "isd": true, "ppd": 35.608000000000004, "med": 38.3, "p65": 15.413, "p70": 9.732000000000001, "hos": 2.77, "exp": 78.86, "adr": 3.0, "amn": 83271.0, "amv": 201735.0, "amd": 2430.0, "amt": 1915161.0, "tmn": [405, 590, 510, 461, 425, 338, 514, 447, 450, 428, 336, 344, 304, 492, 440, 423, 320, 323, 355, 315, 457], "tmv": [4903, 6734, 6595, 3662, 2393, 4746, 4917, 6132, 6772, 6806, 0, 0, 3221, 4419, 5606, 5173, 5466, 3298, 2593, 4349, 0], "tmd": [9, 11, 9, 7, 9, 9, 8, 8, 8, 7, 6, 8, 7, 9, 9, 6, 6, 6, 6, 7, 6], "wmn": 2638, "wmt": 77989, "wmd": 43, "wmv": 26489, "wdn": -6, "wdt": 6, "wdd": -16, "wdv": -3, "tlv": "New York"}