{"loc": "Newton", "iso": "US", "l1": "United States", "l2": "Georgia", "lvl": 3, "pop": 111744, "key": 13006, "isd": true, "ppd": 35.608000000000004, "med": 38.3, "p65": 15.413, "p70": 9.732000000000001, "hos": 2.77, "exp": 78.86, "adr": 2.0, "amn": 126128.0, "amv": 1121684.0, "amd": 2461.0, "amt": 982393.0, "tmn": [590, 527, 832, 0, 0, 2022, 921, 689, 868, 832, 0, 0, 1888, 921, 823, 769, 841, 0, 0, 1843, 841], "tmv": [1986, 1986, 2786, 3007, 2017, 2605, 1830, 2139, 3106, 3068, 3187, 2953, 1851, 1966, 2813, 2807, 3250, 3257, 2889, 2103, 0], "tmd": [0, 0, 9, 0, 0, 0, 0, 0, 9, 0, 0, 0, 9, 0, 0, 9, 0, 0, 0, 0, 45], "wmn": 5119, "wmt": 26870, "wmd": 54, "wmv": 17122, "wdn": -2, "wdt": 18, "wdd": 200, "wdv": -6, "tlv": "Georgia"}