{"loc": "Newport", "iso": "US", "l1": "United States", "l2": "Rhode Island", "lvl": 3, "pop": 82082, "key": 13004, "isd": true, "ppd": 35.608000000000004, "med": 38.3, "p65": 15.413, "p70": 9.732000000000001, "hos": 2.77, "exp": 78.86, "adr": 0.0, "amn": 61097.0, "amv": 170827.0, "amd": 292.0, "amt": 2673650.0, "tmn": [0, 0, 0, 0, 0, 3593, 0, 0, 0, 0, 0, 0, 2680, 0, 0, 0, 0, 0, 0, 1998, 0], "tmv": [5132, 5139, 4690, 3336, 1695, 3330, 4023, 4903, 6734, 6595, 3662, 2393, 4746, 4917, 6132, 6772, 6806, 0, 0, 3221, 0], "tmd": [0, 0, 0, 0, 0, 25, 0, 0, 0, 0, 0, 0, 49, 0, 0, 0, 0, 0, 0, 61, 0], "wmn": 1999, "wmt": 111549, "wmd": 61, "wmv": 22933, "wdn": -25, "wdt": -6, "wdd": 25, "wdv": -32, "tlv": "Rhode Island"}