{"loc": "Newton", "iso": "US", "l1": "United States", "l2": "Georgia", "lvl": 3, "pop": 111744, "key": 13006, "isd": true, "ppd": 35.608000000000004, "med": 38.3, "p65": 15.413, "p70": 9.732000000000001, "hos": 2.77, "exp": 78.86, "adr": 2.0, "amn": 135497.0, "amv": 1165506.0, "amd": 2667.0, "amt": 1045916.0, "tmn": [0, 0, 1843, 841, 501, 340, 1199, 0, 0, 0, 1897, 778, 868, 653, 0, 0, 1181, 662, 438, 393, 456], "tmv": [3257, 2889, 2103, 1988, 3241, 2538, 4249, 2950, 0, 0, 0, 2913, 2024, 2876, 2739, 2336, 1790, 1886, 2554, 2257, 2903], "tmd": [0, 0, 0, 45, 18, 0, 0, 0, 0, 0, 9, 0, 36, 27, 0, 0, 27, 0, 36, 54, 0], "wmn": 3133, "wmt": 24093, "wmd": 117, "wmv": 16467, "wdn": -25, "wdt": -12, "wdd": 62, "wdv": 53, "tlv": "Georgia"}