{"loc": "Newton", "iso": "US", "l1": "United States", "l2": "Mississippi", "lvl": 3, "pop": 21018, "key": 13008, "isd": true, "ppd": 35.608000000000004, "med": 38.3, "p65": 15.413, "p70": 9.732000000000001, "hos": 2.77, "exp": 78.86, "adr": 2.0, "amn": 116091.0, "amv": 511713.0, "amd": 2807.0, "amt": 620005.0, "tmn": [333, 285, 333, 47, 95, 0, 190, 237, 142, 95, 190, 142, 142, 47, 190, 190, 47, 285, 0, 0, 190], "tmv": [6980, 8171, 7842, 9493, 9226, 6156, 5181, 6849, 8594, 10257, 10611, 9961, 7133, 5431, 8106, 10192, 12065, 12389, 10214, 6477, 4262], "tmd": [0, 0, 0, 0, 0, 0, 96, 0, 0, 0, 48, 0, 0, 0, 0, 48, 0, 0, 0, 0, 48], "wmn": 904, "wmt": 4340, "wmd": 96, "wmv": 63709, "wdn": -10, "wdt": -8, "wdd": 100, "wdv": 8, "tlv": "Mississippi"}