{"loc": "Newton", "iso": "US", "l1": "United States", "l2": "Georgia", "lvl": 3, "pop": 111744, "key": 13006, "isd": true, "ppd": 35.608000000000004, "med": 38.3, "p65": 15.413, "p70": 9.732000000000001, "hos": 2.77, "exp": 78.86, "adr": 2.0, "amn": 132365.0, "amv": 1146163.0, "amd": 2550.0, "amt": 1021823.0, "tmn": [0, 0, 1888, 921, 823, 769, 841, 0, 0, 1843, 841, 501, 340, 1199, 0, 0, 0, 1897, 778, 868, 653], "tmv": [3187, 2953, 1851, 1966, 2813, 2807, 3250, 3257, 2889, 2103, 1988, 3241, 2538, 4249, 2950, 0, 0, 0, 2913, 2024, 0], "tmd": [0, 0, 9, 0, 0, 9, 0, 0, 0, 0, 45, 18, 0, 0, 0, 0, 0, 9, 0, 36, 27], "wmn": 4198, "wmt": 27507, "wmd": 72, "wmv": 7888, "wdn": -11, "wdt": -2, "wdd": 14, "wdv": -61, "tlv": "Georgia"}