{"loc": "Newton", "iso": "US", "l1": "United States", "l2": "Indiana", "lvl": 3, "pop": 13984, "key": 13007, "isd": true, "ppd": 35.608000000000004, "med": 38.3, "p65": 15.413, "p70": 9.732000000000001, "hos": 2.77, "exp": 78.86, "adr": 3.0, "amn": 85240.0, "amv": 1008740.0, "amd": 2574.0, "amt": 1621797.0, "tmn": [0, 143, 0, 286, 71, 357, 0, 143, 0, 0, 715, 500, 143, 0, 429, 0, 0, 0, 500, 286, 357], "tmv": [3276, 3244, 2575, 1851, 1965, 1967, 2474, 1554, 2803, 3655, 3299, 2241, 4154, 4949, 1994, 3524, 1923, 0, 0, 1326, 2107], "tmd": [0, 0, 0, 0, 0, 0, 0, 0, 0, 0, 0, 0, 0, 0, 0, 0, 0, 0, 0, 0, 0], "wmn": 1574, "wmt": 9516, "wmd": 0, "wmv": 10877, "wdn": 5, "wdt": -22, "wdd": 0, "wdv": -52, "tlv": "Indiana"}