{"loc": "Nez Perce", "iso": "US", "l1": "United States", "l2": "Idaho", "lvl": 3, "pop": 40408, "key": 13011, "isd": true, "ppd": 35.608000000000004, "med": 38.3, "p65": 15.413, "p70": 9.732000000000001, "hos": 2.77, "exp": 78.86, "adr": 2.0, "amn": 89017.0, "amv": 752032.0, "amd": 1336.0, "amt": 397615.0, "tmn": [74, 24, 197, 0, 0, 123, 148, 74, 197, 74, 0, 0, 296, 74, 173, 74, 74, 0, 0, 148, 148], "tmv": [7615, 10699, 12037, 10893, 10729, 6600, 5484, 7781, 9092, 10242, 10071, 9169, 6395, 4975, 6773, 8259, 8496, 10027, 6458, 3608, 3001], "tmd": [0, 0, 0, 0, 0, 0, 0, 0, 0, 0, 0, 0, 0, 0, 0, 0, 0, 0, 0, 0, 0], "wmn": 619, "wmt": 3991, "wmd": 0, "wmv": 46626, "wdn": -14, "wdt": -1, "wdd": 0, "wdv": -19, "tlv": "Idaho"}