{"loc": "Nicholas", "iso": "US", "l1": "United States", "l2": "Kentucky", "lvl": 3, "pop": 7269, "key": 13014, "isd": true, "ppd": 35.608000000000004, "med": 38.3, "p65": 15.413, "p70": 9.732000000000001, "hos": 2.77, "exp": 78.86, "adr": 1.0, "amn": 128766.0, "amv": 1176126.0, "amd": 1926.0, "amt": 1500684.0, "tmn": [825, 1650, 0, 0, 0, 3714, 1100, 1100, 1375, 0, 0, 2201, 1238, 550, 962, 962, 0, 0, 2476, 1513, 1788], "tmv": [2538, 4249, 2950, 0, 0, 0, 2913, 2024, 2876, 2739, 2336, 1790, 1886, 2554, 2257, 2903, 2781, 2047, 1978, 1647, 2163], "tmd": [0, 0, 0, 0, 0, 0, 0, 0, 0, 0, 0, 0, 0, 0, 0, 0, 0, 0, 551, 0, 0], "wmn": 7704, "wmt": 35074, "wmd": 551, "wmv": 15780, "wdn": 19, "wdt": -35, "wdd": 0, "wdv": -3, "tlv": "Kentucky"}