{"loc": "Nicholas", "iso": "US", "l1": "United States", "l2": "West Virginia", "lvl": 3, "pop": 24496, "key": 13015, "isd": true, "ppd": 35.608000000000004, "med": 38.3, "p65": 15.413, "p70": 9.732000000000001, "hos": 2.77, "exp": 78.86, "adr": 1.0, "amn": 161251.0, "amv": 1318760.0, "amd": 2204.0, "amt": 2461052.0, "tmn": [653, 775, 693, 653, 653, 326, 693, 1224, 857, 449, 693, 898, 857, 693, 816, 1632, 979, 244, 489, 612, 857], "tmv": [3907, 2388, 1363, 4340, 4401, 4549, 4472, 4977, 2311, 1237, 3968, 4080, 4140, 4246, 4837, 2345, 1101, 1959, 281, 0, 0], "tmd": [41, 0, 0, 82, 41, 0, 41, 0, 0, 0, 41, 0, 0, 41, 0, 0, 0, 41, 0, 82, 41], "wmn": 5634, "wmt": 40728, "wmd": 164, "wmv": 10525, "wdn": -1, "wdt": -5, "wdd": 100, "wdv": -58, "tlv": "West Virginia"}