{"loc": "Nicholas", "iso": "US", "l1": "United States", "l2": "Kentucky", "lvl": 3, "pop": 7269, "key": 13014, "isd": true, "ppd": 35.608000000000004, "med": 38.3, "p65": 15.413, "p70": 9.732000000000001, "hos": 2.77, "exp": 78.86, "adr": 2.0, "amn": 170450.0, "amv": 1354464.0, "amd": 3027.0, "amt": 1700859.0, "tmn": [0, 0, 275, 137, 137, 825, 412, 0, 0, 550, 687, 275, 0, 412, 0, 0, 0, 550, 550, 825, 825], "tmv": [2361, 1265, 4095, 4257, 4381, 4544, 5255, 2753, 1460, 3910, 4355, 4594, 4119, 5128, 2996, 1521, 3915, 2663, 347, 0, 0], "tmd": [0, 0, 138, 0, 0, 0, 138, 0, 0, 0, 0, 0, 0, 0, 0, 0, 0, 0, 138, 138, 138], "wmn": 2752, "wmt": 25664, "wmd": 413, "wmv": 11446, "wdn": 43, "wdt": 46, "wdd": 0, "wdv": -57, "tlv": "Kentucky"}