{"loc": "Niagara", "iso": "US", "l1": "United States", "l2": "New York", "lvl": 3, "pop": 209281, "key": 13012, "isd": true, "ppd": 35.608000000000004, "med": 38.3, "p65": 15.413, "p70": 9.732000000000001, "hos": 2.77, "exp": 78.86, "adr": 2.0, "amn": 103774.0, "amv": 1157792.0, "amd": 1821.0, "amt": 3462934.0, "tmn": [143, 281, 0, 320, 176, 191, 152, 215, 229, 310, 258, 162, 181, 143, 243, 238, 248, 195, 310, 133, 167], "tmv": [2807, 3250, 3257, 2889, 2103, 1988, 3241, 2538, 4249, 2950, 0, 0, 0, 2913, 2024, 2876, 2739, 2336, 1790, 1886, 0], "tmd": [5, 0, 0, 5, 0, 0, 0, 0, 0, 0, 0, 0, 0, 0, 0, 0, 0, 0, 0, 0, 10], "wmn": 1539, "wmt": 55904, "wmd": 10, "wmv": 13653, "wdn": 3, "wdt": 11, "wdd": 0, "wdv": 8, "tlv": "New York"}