{"loc": "Nicollet", "iso": "US", "l1": "United States", "l2": "Minnesota", "lvl": 3, "pop": 34274, "key": 13016, "isd": true, "ppd": 35.608000000000004, "med": 38.3, "p65": 15.413, "p70": 9.732000000000001, "hos": 2.77, "exp": 78.86, "adr": 1.0, "amn": 95145.0, "amv": 814768.0, "amd": 1255.0, "amt": 1566011.0, "tmn": [175, 320, 145, 175, 291, 350, 291, 233, 233, 175, 87, 204, 145, 87, 175, 116, 262, 58, 437, 87, 145], "tmv": [10071, 9169, 6395, 4975, 6773, 8259, 8496, 10027, 6458, 3608, 3001, 5456, 7305, 8515, 7794, 7192, 5713, 4653, 4699, 5814, 5591], "tmd": [0, 0, 0, 0, 0, 0, 0, 0, 0, 0, 0, 0, 0, 0, 0, 0, 0, 0, 0, 0, 0], "wmn": 1284, "wmt": 27451, "wmd": 0, "wmv": 41459, "wdn": 10, "wdt": -13, "wdd": 0, "wdv": -7, "tlv": "Minnesota"}