{"loc": "Nicholas", "iso": "US", "l1": "United States", "l2": "West Virginia", "lvl": 3, "pop": 24496, "key": 13015, "isd": true, "ppd": 35.608000000000004, "med": 38.3, "p65": 15.413, "p70": 9.732000000000001, "hos": 2.77, "exp": 78.86, "adr": 1.0, "amn": 77931.0, "amv": 1008740.0, "amd": 898.0, "amt": 1711112.0, "tmn": [0, 0, 0, 0, 244, 40, 163, 0, 0, 0, 81, 0, 0, 0, 0, 0, 0, 0, 122, 0, 40], "tmv": [3276, 3244, 2575, 1851, 1965, 1967, 2474, 1554, 2803, 3655, 3299, 2241, 4154, 4949, 1994, 3524, 1923, 0, 0, 1326, 2107], "tmd": [0, 0, 0, 0, 0, 0, 0, 0, 0, 0, 0, 41, 0, 0, 0, 0, 0, 0, 0, 0, 0], "wmn": 164, "wmt": 12482, "wmd": 0, "wmv": 10877, "wdn": 100, "wdt": -13, "wdd": -100, "wdv": -52, "tlv": "West Virginia"}