{"loc": "Nez Perce", "iso": "US", "l1": "United States", "l2": "Idaho", "lvl": 3, "pop": 40408, "key": 13011, "isd": true, "ppd": 35.608000000000004, "med": 38.3, "p65": 15.413, "p70": 9.732000000000001, "hos": 2.77, "exp": 78.86, "adr": 1.0, "amn": 82583.0, "amv": 180853.0, "amd": 1237.0, "amt": 351564.0, "tmn": [0, 0, 247, 197, 74, -24, 24, 0, 0, 148, 0, 0, 197, 0, 0, 0, 0, 74, 74, 49, 123], "tmv": [5139, 4690, 3336, 1695, 3330, 4023, 4903, 6734, 6595, 3662, 2393, 4746, 4917, 6132, 6772, 6806, 0, 0, 3221, 4419, 5606], "tmd": [0, 0, 0, 50, 0, 0, 0, 0, 0, 0, 25, 50, 0, 0, 0, 0, 0, 0, 0, 0, 0], "wmn": 322, "wmt": 4658, "wmd": 0, "wmv": 26827, "wdn": -7, "wdt": -11, "wdd": -100, "wdv": -24, "tlv": "Idaho"}