{"loc": "Newton", "iso": "US", "l1": "United States", "l2": "Texas", "lvl": 3, "pop": 13595, "key": 13010, "isd": true, "ppd": 35.608000000000004, "med": 38.3, "p65": 15.413, "p70": 9.732000000000001, "hos": 2.77, "exp": 78.86, "adr": 5.0, "amn": 68555.0, "amv": 1216117.0, "amd": 3604.0, "amt": 1154798.0, "tmn": [0, 0, 441, 294, 220, 73, 0, 0, 0, 367, 73, 956, 0, 0, 0, 0, -294, 73, 294, 0, 0], "tmv": [2047, 1978, 1647, 2163, 995, 2262, 2445, 2251, 1671, 0, 0, 2784, 2570, 2833, 3777, 2988, 2423, 2905, 2661, 3390, 0], "tmd": [0, 0, 0, 74, 0, 74, 0, 74, 0, 0, 74, 0, 0, 0, 0, 0, 74, 74, 0, 0, 0], "wmn": 74, "wmt": 15373, "wmd": 148, "wmv": 18148, "wdn": -95, "wdt": -26, "wdd": 0, "wdv": 50, "tlv": "Texas"}