{"loc": "Nicollet", "iso": "US", "l1": "United States", "l2": "Minnesota", "lvl": 3, "pop": 34274, "key": 13016, "isd": true, "ppd": 35.608000000000004, "med": 38.3, "p65": 15.413, "p70": 9.732000000000001, "hos": 2.77, "exp": 78.86, "adr": 2.0, "amn": 72154.0, "amv": 180853.0, "amd": 1196.0, "amt": 1188197.0, "tmn": [175, 145, 87, 291, 58, 175, 116, 145, 320, 116, 846, 145, 408, 175, 204, 379, 116, 58, 145, 87, 175], "tmv": [5139, 4690, 3336, 1695, 3330, 4023, 4903, 6734, 6595, 3662, 2393, 4746, 4917, 6132, 6772, 6806, 0, 0, 3221, 4419, 5606], "tmd": [0, 30, 0, 0, 0, 0, 0, 0, 0, 0, 0, 0, 0, 0, 0, 0, 0, 0, 0, 30, 0], "wmn": 1168, "wmt": 29306, "wmd": 30, "wmv": 26827, "wdn": -46, "wdt": -5, "wdd": 0, "wdv": -24, "tlv": "Minnesota"}