{"loc": "Nobles", "iso": "US", "l1": "United States", "l2": "Minnesota", "lvl": 3, "pop": 21629, "key": 13029, "isd": true, "ppd": 35.608000000000004, "med": 38.3, "p65": 15.413, "p70": 9.732000000000001, "hos": 2.77, "exp": 78.86, "adr": 1.0, "amn": 188774.0, "amv": 996012.0, "amd": 2312.0, "amt": 1673598.0, "tmn": [-277, -92, 0, 0, 0, 0, -92, -46, 0, -46, 92, 46, 0, 46, 184, 0, 0, 0, 0, 0, 0], "tmv": [4865, 3672, 4016, 3766, 3121, 6234, 3276, 3244, 2575, 1851, 1965, 1967, 2474, 1554, 2803, 3655, 3299, 2241, 4154, 4949, 0], "tmd": [0, 0, 0, 0, 0, 0, 0, 0, 0, 0, 0, 0, 0, 0, 0, 0, 0, 0, 0, 0, 0], "wmn": 185, "wmt": 10993, "wmd": 0, "wmv": 21104, "wdn": 100, "wdt": -4, "wdd": 0, "wdv": 35, "tlv": "Minnesota"}