{"loc": "Nilgiris", "iso": "IN", "l1": "India", "l2": "Tamil Nadu", "lvl": 3, "pop": 735071, "key": 13021, "isd": true, "ppd": 450.41900000000004, "med": 28.2, "p65": 5.989, "p70": 3.4139999999999997, "hos": 0.53, "exp": 69.66, "adr": 1.0, "amn": 13143.0, "amv": 103279.0, "amd": 69.0, "amt": 284254.0, "tmn": [34, 34, 32, 39, 43, 48, 39, 28, 53, 53, 65, 63, 58, 40, 55, 88, 65, 70, 116, 107, 77], "tmv": [2874, 2261, 2996, 2710, 2550, 2125, 2901, 1917, 2401, 1978, 1966, 1945, 891, 2374, 0, 0, 2252, 0, 0, 0, 2420], "tmd": [0, 0, 0, 0, 2, 0, 0, 0, 0, 0, 0, 0, 0, 0, 0, 0, 0, 0, 0, 0, 0], "wmn": 583, "wmt": 10630, "wmd": 0, "wmv": 4673, "wdn": 60, "wdt": 19, "wdd": 0, "wdv": -65, "tlv": "Tamil Nadu"}