{"loc": "Noble", "iso": "US", "l1": "United States", "l2": "Indiana", "lvl": 3, "pop": 47744, "key": 13026, "isd": true, "ppd": 35.608000000000004, "med": 38.3, "p65": 15.413, "p70": 9.732000000000001, "hos": 2.77, "exp": 78.86, "adr": 1.0, "amn": 190474.0, "amv": 1393875.0, "amd": 2555.0, "amt": 2286902.0, "tmn": [837, 544, 733, 774, 377, 397, 460, 1256, 942, 963, 0, 0, 1926, 795, 1026, 0, 0, 0, 0, 3099, 523], "tmv": [4933, 4463, 5576, 3317, 1660, 4353, 4663, 4819, 4832, 5563, 3334, 1728, 4724, 4234, 2965, 50, 2434, 1138, 149, 0, 0], "tmd": [0, 21, 21, 0, 0, 0, 0, 84, 0, 0, 0, 0, 21, 21, 21, 0, 0, 0, 0, 0, 21], "wmn": 4650, "wmt": 28652, "wmd": 42, "wmv": 6738, "wdn": -21, "wdt": -19, "wdd": -67, "wdv": -77, "tlv": "Indiana"}