{"loc": "Noble", "iso": "US", "l1": "United States", "l2": "Ohio", "lvl": 3, "pop": 14424, "key": 13027, "isd": true, "ppd": 35.608000000000004, "med": 38.3, "p65": 15.413, "p70": 9.732000000000001, "hos": 2.77, "exp": 78.86, "adr": 2.0, "amn": 135815.0, "amv": 1236688.0, "amd": 3189.0, "amt": 1436662.0, "tmn": [346, 1109, 1594, 831, 1039, 1178, 623, 138, 901, 1247, 623, 485, 554, 554, 277, 970, 277, 831, 762, 346, 207], "tmv": [1671, 0, 0, 2784, 2570, 2833, 3777, 2988, 2423, 2905, 2661, 3390, 3489, 0, 0, 0, 2411, 3257, 3418, 2659, 0], "tmd": [0, 0, 0, 0, 0, 0, 0, 0, 0, 0, 0, 0, 0, 0, 0, 0, 0, 0, 139, 0, 0], "wmn": 3675, "wmt": 20572, "wmd": 139, "wmv": 11747, "wdn": -18, "wdt": -8, "wdd": 0, "wdv": -34, "tlv": "Ohio"}