{"loc": "Noble", "iso": "US", "l1": "United States", "l2": "Indiana", "lvl": 3, "pop": 47744, "key": 13026, "isd": true, "ppd": 35.608000000000004, "med": 38.3, "p65": 15.413, "p70": 9.732000000000001, "hos": 2.77, "exp": 78.86, "adr": 2.0, "amn": 110045.0, "amv": 466304.0, "amd": 1676.0, "amt": 1322557.0, "tmn": [146, 125, 167, 41, 41, 62, 83, 104, 104, 125, 41, 62, 230, 125, 209, 83, 41, 20, 125, 209, 62], "tmv": [8875, 13887, 4118, 6135, 5026, 6980, 8171, 7842, 9493, 9226, 6156, 5181, 6849, 8594, 10257, 10611, 9961, 7133, 5431, 8106, 10192], "tmd": [21, 0, 0, 0, 0, 0, 0, 0, 0, 0, 0, 0, 0, 0, 0, 0, 21, 0, 0, 0, 0], "wmn": 755, "wmt": 30597, "wmd": 21, "wmv": 61695, "wdn": -5, "wdt": 13, "wdd": 0, "wdv": 16, "tlv": "Indiana"}