{"loc": "Noord-Brabant", "iso": "NL", "l1": "Netherlands", "l2": "Noord-Brabant", "lvl": 2, "pop": 2562955, "key": 13033, "isd": true, "ppd": 508.54400000000004, "med": 43.2, "p65": 18.779, "p70": 11.880999999999998, "hos": 3.32, "exp": 82.28, "adr": 2.0, "amn": 77432.0, "amv": 122439.0, "amd": 1169.0, "amt": 435325.0, "tmn": [260, 314, 321, 377, 367, 405, 325, 328, 343, 343, 421, 532, 445, 374, 336, 509, 425, 422, 578, 491, 417], "tmv": [0, 0, 0, 0, 0, 0, 0, 0, 0, 0, 0, 0, 0, 0, 0, 0, 0, 0, 0, 0, 0], "tmd": [4, 3, 3, 2, 2, 4, 2, 1, 2, 1, 2, 2, 2, 1, 2, 2, 2, 3, 1, 2, 1], "wmn": 3182, "wmt": 0, "wmd": 10, "wmv": 0, "wdn": 14, "wdt": 0, "wdd": 9, "wdv": 0, "tlv": "Netherlands"}