{"loc": "Norfolk", "iso": "US", "l1": "United States", "l2": "Virginia", "lvl": 3, "pop": 242742, "key": 13037, "isd": true, "ppd": 35.608000000000004, "med": 38.3, "p65": 15.413, "p70": 9.732000000000001, "hos": 2.77, "exp": 78.86, "adr": 1.0, "amn": 63195.0, "amv": 298070.0, "amd": 927.0, "amt": 715250.0, "tmn": [255, 313, 131, 168, 333, 230, 156, 238, 247, 152, 144, 201, 123, 123, 189, 123, 94, 164, 131, 156, 214], "tmv": [5173, 5466, 3298, 2593, 4349, 5491, 6616, 7139, 7375, 5050, 5255, 5793, 6168, 7391, 8814, 7404, 5275, 4864, 6157, 7535, 0], "tmd": [9, 9, 9, 9, 9, 29, 33, 25, 0, 25, 5, 38, 0, 17, 21, 13, 13, 5, 0, 5, 13], "wmn": 1076, "wmt": 12677, "wmd": 66, "wmv": 40053, "wdn": -13, "wdt": -24, "wdd": -38, "wdv": -9, "tlv": "Virginia"}