{"loc": "Noord-Holland", "iso": "NL", "l1": "Netherlands", "l2": "Noord-Holland", "lvl": 2, "pop": 2879527, "key": 13034, "isd": true, "ppd": 508.54400000000004, "med": 43.2, "p65": 18.779, "p70": 11.880999999999998, "hos": 3.32, "exp": 82.28, "adr": 1.0, "amn": 96088.0, "amv": 730320.0, "amd": 910.0, "amt": 588370.0, "tmn": [164, 172, 109, 87, 95, 115, 118, 113, 89, 73, 67, 79, 67, 67, 54, 70, 54, 40, 62, 65, 61], "tmv": [0, 0, 0, 0, 0, 0, 0, 0, 0, 0, 0, 0, 0, 0, 0, 0, 0, 0, 0, 0, 0], "tmd": [1, 0, 1, 0, 1, 2, 2, 1, 2, 2, 0, 2, 0, 2, 1, 0, 1, 1, 0, 0, 1], "wmn": 411, "wmt": 0, "wmd": 2, "wmv": 0, "wdn": -27, "wdt": 0, "wdd": -67, "wdv": 0, "tlv": "Netherlands"}