{"loc": "Noord-Holland", "iso": "NL", "l1": "Netherlands", "l2": "Noord-Holland", "lvl": 2, "pop": 2879527, "key": 13034, "isd": true, "ppd": 508.54400000000004, "med": 43.2, "p65": 18.779, "p70": 11.880999999999998, "hos": 3.32, "exp": 82.28, "adr": 1.0, "amn": 117666.0, "amv": 1288103.0, "amd": 941.0, "amt": 737782.0, "tmn": [162, 180, 184, 164, 190, 200, 173, 227, 135, 150, 133, 171, 184, 186, 158, 155, 159, 133, 177, 185, 173], "tmv": [0, 0, 0, 0, 0, 0, 0, 0, 0, 0, 0, 0, 0, 0, 0, 0, 0, 0, 0, 0, 0], "tmd": [2, 2, 2, 0, 2, 1, 2, 1, 0, 1, 1, 3, 1, 0, 2, 1, 0, 1, 1, 2, 1], "wmn": 1144, "wmt": 0, "wmd": 5, "wmv": 0, "wdn": -4, "wdt": 0, "wdd": 0, "wdv": 0, "tlv": "Netherlands"}