{"loc": "Norfolk", "iso": "US", "l1": "United States", "l2": "Massachusetts", "lvl": 3, "pop": 706775, "key": 13036, "isd": true, "ppd": 35.608000000000004, "med": 38.3, "p65": 15.413, "p70": 9.732000000000001, "hos": 2.77, "exp": 78.86, "adr": 3.0, "amn": 79177.0, "amv": 1054363.0, "amd": 2562.0, "amt": 3586923.0, "tmn": [36, 29, 35, 0, 0, 83, 33, 46, 48, 41, 0, 0, 120, 70, 72, 97, 108, 0, 0, 233, 97], "tmv": [1655, 1721, 1666, 1928, 1520, 1539, 740, 1856, 2005, 1821, 2051, 2364, 1193, 1200, 2288, 2155, 2600, 2160, 2477, 1419, 1374], "tmd": [0, 0, 2, 0, 0, 2, 0, 0, 0, 0, 0, 0, 0, 2, 0, 2, 0, 0, 0, 2, 0], "wmn": 610, "wmt": 33873, "wmd": 3, "wmv": 14477, "wdn": 87, "wdt": 6, "wdd": 100, "wdv": 16, "tlv": "Massachusetts"}