{"loc": "Norfolk", "iso": "US", "l1": "United States", "l2": "Massachusetts", "lvl": 3, "pop": 706775, "key": 13036, "isd": true, "ppd": 35.608000000000004, "med": 38.3, "p65": 15.413, "p70": 9.732000000000001, "hos": 2.77, "exp": 78.86, "adr": 3.0, "amn": 71985.0, "amv": 511713.0, "amd": 2469.0, "amt": 2793189.0, "tmn": [220, 268, 227, 251, 230, 93, 229, 203, 285, 240, 271, 263, 152, 260, 284, 254, 244, 247, 0, 343, 205], "tmv": [6980, 8171, 7842, 9493, 9226, 6156, 5181, 6849, 8594, 10257, 10611, 9961, 7133, 5431, 8106, 10192, 12065, 12389, 10214, 6477, 4262], "tmd": [9, 5, 9, 6, 6, 2, 3, 10, 0, 9, 3, 3, 2, 3, 3, 8, 8, 8, 0, 10, 3], "wmn": 1581, "wmt": 87970, "wmd": 37, "wmv": 63709, "wdn": -6, "wdt": 1, "wdd": 30, "wdv": 8, "tlv": "Massachusetts"}