{"loc": "Norfolk", "iso": "US", "l1": "United States", "l2": "Virginia", "lvl": 3, "pop": 242742, "key": 13037, "isd": true, "ppd": 35.608000000000004, "med": 38.3, "p65": 15.413, "p70": 9.732000000000001, "hos": 2.77, "exp": 78.86, "adr": 1.0, "amn": 72723.0, "amv": 814768.0, "amd": 1059.0, "amt": 846192.0, "tmn": [102, 119, 78, 156, 156, 107, 127, 131, 86, 82, 111, 135, 70, 94, 90, 78, 16, 115, 61, 107, 74], "tmv": [10071, 9169, 6395, 4975, 6773, 8259, 8496, 10027, 6458, 3608, 3001, 5456, 7305, 8515, 7794, 7192, 5713, 4653, 4699, 5814, 5591], "tmd": [0, 9, 9, 0, 0, 0, 0, 0, 9, 0, 0, 0, 5, 5, 0, 0, 0, 0, 0, 0, 5], "wmn": 544, "wmt": 12040, "wmd": 5, "wmv": 41459, "wdn": -24, "wdt": -3, "wdd": -75, "wdv": -7, "tlv": "Virginia"}