{"loc": "North Dakota", "iso": "US", "l1": "United States", "l2": "North Dakota", "lvl": 2, "pop": 762062, "key": 13043, "isd": true, "ppd": 35.608000000000004, "med": 38.3, "p65": 15.413, "p70": 9.732000000000001, "hos": 2.77, "exp": 78.86, "adr": 1.0, "amn": 142576.0, "amv": 798663.0, "amd": 2010.0, "amt": 2017130.0, "tmn": [230, 219, 199, 156, 41, 158, 248, 204, 188, 229, 217, 90, 72, 195, 221, 179, 161, 128, 56, 57, 165], "tmv": [7781, 9092, 10242, 10071, 9169, 6395, 4975, 6773, 8259, 8496, 10027, 6458, 3608, 3001, 5456, 7305, 8515, 7794, 7192, 5713, 4653], "tmd": [3, 0, 3, 0, 0, 0, 0, 0, 7, 2, 3, 0, 0, 0, 4, 3, -1, 0, 0, 0, 4], "wmn": 972, "wmt": 14915, "wmd": 10, "wmv": 46632, "wdn": -19, "wdt": -13, "wdd": -12, "wdv": 0, "tlv": "North Dakota"}