{"loc": "North Dakota", "iso": "US", "l1": "United States", "l2": "North Dakota", "lvl": 2, "pop": 762062, "key": 13043, "isd": true, "ppd": 35.608000000000004, "med": 38.3, "p65": 15.413, "p70": 9.732000000000001, "hos": 2.77, "exp": 78.86, "adr": 1.0, "amn": 133064.0, "amv": 343093.0, "amd": 1955.0, "amt": 1892702.0, "tmn": [118, 90, 38, 56, 137, 144, 153, 123, 103, 44, 36, 124, 132, 145, 158, 124, 44, 32, 195, 175, 156], "tmv": [6616, 7139, 7375, 5050, 5255, 5793, 6168, 7391, 8814, 7404, 5275, 4864, 6157, 7535, 8875, 13887, 4118, 6135, 5026, 6980, 0], "tmd": [2, 4, 0, 0, 3, 2, 0, 0, 2, 0, 0, 0, 3, 6, 2, 3, 0, 0, 2, 2, 0], "wmn": 889, "wmt": 18735, "wmd": 7, "wmv": 45024, "wdn": 25, "wdt": 69, "wdd": -29, "wdv": -5, "tlv": "North Dakota"}