{"loc": "North Carolina", "iso": "US", "l1": "United States", "l2": "North Carolina", "lvl": 2, "pop": 10488084, "key": 13042, "isd": true, "ppd": 35.608000000000004, "med": 38.3, "p65": 15.413, "p70": 9.732000000000001, "hos": 2.77, "exp": 78.86, "adr": 1.0, "amn": 105588.0, "amv": 1079834.0, "amd": 1318.0, "amt": 1275196.0, "tmn": [519, 152, 251, 311, 305, 0, 0, 822, 208, 325, 412, 429, 0, 0, 1506, 284, 473, 562, 631, 0, 0], "tmv": [1193, 1200, 2288, 2155, 2600, 2160, 2477, 1419, 1374, 2201, 2622, 2492, 2548, 2348, 1615, 1875, 1986, 1986, 2786, 3007, 0], "tmd": [1, 1, 2, 2, 2, 0, 0, 4, 1, 3, 3, 2, 0, 0, 3, 1, 3, 2, 2, 0, 0], "wmn": 3459, "wmt": 25485, "wmd": 9, "wmv": 13258, "wdn": 57, "wdt": 41, "wdd": -11, "wdv": -12, "tlv": "North Carolina"}