{"loc": "North Dakota", "iso": "US", "l1": "United States", "l2": "North Dakota", "lvl": 2, "pop": 762062, "key": 13043, "isd": true, "ppd": 35.608000000000004, "med": 38.3, "p65": 15.413, "p70": 9.732000000000001, "hos": 2.77, "exp": 78.86, "adr": 1.0, "amn": 177049.0, "amv": 1204735.0, "amd": 2173.0, "amt": 2335835.0, "tmn": [1237, 751, 642, 640, 261, 290, 818, 841, 825, 839, 835, 371, 286, 1160, 1082, 995, 852, 932, 349, 364, 1127], "tmv": [2554, 2257, 2903, 2781, 2047, 1978, 1647, 2163, 995, 2262, 2445, 2251, 1671, 0, 0, 2784, 2570, 2833, 3777, 2988, 0], "tmd": [6, 6, 2, 2, 0, 0, 11, 3, 0, 4, 10, 0, 0, 4, 4, 2, 0, 14, 0, -1, 3], "wmn": 5706, "wmt": 33096, "wmd": 20, "wmv": 14955, "wdn": 11, "wdt": 3, "wdd": 0, "wdv": 27, "tlv": "North Dakota"}