{"loc": "Northern Ireland", "iso": "GB", "l1": "United Kingdom", "l2": "Northern Ireland", "lvl": 2, "pop": 1881600, "key": 13052, "isd": true, "ppd": 272.89799999999997, "med": 40.8, "p65": 18.517, "p70": 12.527000000000001, "hos": 2.54, "exp": 81.32, "adr": 2.0, "amn": 63661.0, "amv": 687182.0, "amd": 1139.0, "amt": 2139085.0, "tmn": [30, 46, 52, 60, 77, 47, 51, 59, 51, 84, 63, 52, 43, 41, 65, 61, 63, 46, 42, 38, 38], "tmv": [4007, 7482, 8035, 8205, 8637, 3813, 3846, 5727, 6799, 8064, 9357, 9414, 4484, 5500, 6741, 7876, 8279, 8850, 10258, 5015, 0], "tmd": [2, 0, 2, 2, 2, 1, 0, 0, 1, 2, 1, 2, 0, 0, 1, 1, 2, 1, 1, 0, 1], "wmn": 359, "wmt": 47337, "wmd": 5, "wmv": 47022, "wdn": -10, "wdt": -52, "wdd": 33, "wdv": -5, "tlv": "United Kingdom"}