{"loc": "Northern Ireland", "iso": "GB", "l1": "United Kingdom", "l2": "Northern Ireland", "lvl": 2, "pop": 1881600, "key": 13052, "isd": true, "ppd": 272.89799999999997, "med": 40.8, "p65": 18.517, "p70": 12.527000000000001, "hos": 2.54, "exp": 81.32, "adr": 2.0, "amn": 70683.0, "amv": 1187966.0, "amd": 1147.0, "amt": 3198818.0, "tmn": [99, 99, 105, 121, 158, 138, 112, 147, 199, 173, 180, 244, 283, 223, 221, 302, 333, 321, 236, 321, 280], "tmv": [8112, 5533, 5882, 5557, 6392, 3878, 3907, 4252, 4669, 5090, 4435, 4914, 2778, 3311, 3519, 3806, 4005, 3961, 4495, 0, 0], "tmd": [0, 0, 0, 0, 0, 0, 0, 0, 0, 0, 1, 0, 0, 0, 0, 0, 0, 0, 1, 1, 0], "wmn": 2018, "wmt": 32505, "wmd": 2, "wmv": 19789, "wdn": 39, "wdt": -69, "wdd": 100, "wdv": -33, "tlv": "United Kingdom"}