{"loc": "Northumberland", "iso": "US", "l1": "United States", "l2": "Virginia", "lvl": 3, "pop": 12095, "key": 13056, "isd": true, "ppd": 35.608000000000004, "med": 38.3, "p65": 15.413, "p70": 9.732000000000001, "hos": 2.77, "exp": 78.86, "adr": 3.0, "amn": 58785.0, "amv": 466304.0, "amd": 1736.0, "amt": 759437.0, "tmn": [-82, 0, 0, 165, 248, 0, 248, 82, 0, 0, 248, 0, 165, 413, 82, 165, 248, 165, 165, 0, 0], "tmv": [8875, 13887, 4118, 6135, 5026, 6980, 8171, 7842, 9493, 9226, 6156, 5181, 6849, 8594, 10257, 10611, 9961, 7133, 5431, 8106, 10192], "tmd": [0, 0, 0, 0, 0, 0, 0, -165, 0, 0, 0, 0, 0, 0, 0, 0, 0, 0, 0, 0, 0], "wmn": 827, "wmt": 14701, "wmd": 0, "wmv": 61695, "wdn": -9, "wdt": -8, "wdd": -100, "wdv": 16, "tlv": "Virginia"}