{"loc": "Northern Ireland", "iso": "GB", "l1": "United Kingdom", "l2": "Northern Ireland", "lvl": 2, "pop": 1881600, "key": 13052, "isd": true, "ppd": 272.89799999999997, "med": 40.8, "p65": 18.517, "p70": 12.527000000000001, "hos": 2.54, "exp": 81.32, "adr": 2.0, "amn": 61463.0, "amv": 416504.0, "amd": 1118.0, "amt": 1584788.0, "tmn": [97, 72, 73, 79, 120, 86, 88, 91, 73, 76, 127, 78, 118, 110, 77, 75, 64, 87, 85, 89, 72], "tmv": [6405, 3028, 3409, 4070, 5117, 6576, 7280, 6605, 2716, 3742, 4275, 5023, 5220, 6735, 8311, 4159, 6482, 7794, 8571, 9726, 0], "tmd": [2, 2, 2, 2, 3, 2, 2, 3, 2, 2, 2, 5, 5, 1, 1, 0, 1, 1, 0, 1, 2], "wmn": 554, "wmt": 87379, "wmd": 4, "wmv": 45046, "wdn": -18, "wdt": -32, "wdd": -79, "wdv": 31, "tlv": "United Kingdom"}