{"loc": "Northern Ireland", "iso": "GB", "l1": "United Kingdom", "l2": "Northern Ireland", "lvl": 2, "pop": 1881600, "key": 13052, "isd": true, "ppd": 272.89799999999997, "med": 40.8, "p65": 18.517, "p70": 12.527000000000001, "hos": 2.54, "exp": 81.32, "adr": 2.0, "amn": 66157.0, "amv": 1073739.0, "amd": 1145.0, "amt": 2868617.0, "tmn": [36, 33, 20, 28, 44, 42, 38, 50, 36, 28, 43, 55, 57, 64, 56, 37, 46, 61, 75, 95, 94], "tmv": [8873, 4878, 4251, 6585, 7686, 8380, 8366, 9972, 5704, 6172, 6632, 7259, 7507, 7596, 8462, 4836, 5429, 6197, 6340, 0, 0], "tmd": [1, 0, 0, 0, 0, 1, 0, 0, 0, 0, 0, 0, 0, 1, 0, 0, 0, 0, 0, 0, 0], "wmn": 468, "wmt": 64744, "wmd": 0, "wmv": 31266, "wdn": 39, "wdt": -29, "wdd": -100, "wdv": -39, "tlv": "United Kingdom"}