{"loc": "Northern Ireland", "iso": "GB", "l1": "United Kingdom", "l2": "Northern Ireland", "lvl": 2, "pop": 1881600, "key": 13052, "isd": true, "ppd": 272.89799999999997, "med": 40.8, "p65": 18.517, "p70": 12.527000000000001, "hos": 2.54, "exp": 81.32, "adr": 1.0, "amn": 113611.0, "amv": 1354335.0, "amd": 1296.0, "amt": 3705518.0, "tmn": [1273, 856, 789, 701, 875, 941, 823, 996, 759, 651, 669, 697, 782, 421, 663, 963, 654, 937, 928, 643, 973], "tmv": [3362, 3946, 2308, 2617, 2741, 3384, 2947, 2598, 2606, 1529, 1271, 2346, 2319, 2347, 2148, 2498, 1399, 1513, 1656, 0, 0], "tmd": [5, 3, 6, 5, 7, 3, 3, 3, 4, 5, 4, 4, 5, 7, 5, 4, 4, 5, 4, 4, 5], "wmn": 5764, "wmt": 80089, "wmd": 29, "wmv": 9216, "wdn": 16, "wdt": -10, "wdd": 0, "wdv": -39, "tlv": "United Kingdom"}