{"loc": "Northern Ireland", "iso": "GB", "l1": "United Kingdom", "l2": "Northern Ireland", "lvl": 2, "pop": 1881600, "key": 13052, "isd": true, "ppd": 272.89799999999997, "med": 40.8, "p65": 18.517, "p70": 12.527000000000001, "hos": 2.54, "exp": 81.32, "adr": 1.0, "amn": 102045.0, "amv": 1321026.0, "amd": 1237.0, "amt": 3456509.0, "tmn": [872, 762, 716, 600, 547, 693, 779, 855, 738, 763, 687, 694, 831, 714, 1043, 1273, 856, 789, 701, 875, 941], "tmv": [3066, 3024, 3705, 2134, 2493, 2778, 3171, 3490, 3123, 3626, 2322, 2564, 2794, 3189, 3403, 3362, 3946, 2308, 2617, 0, 0], "tmd": [2, 3, 4, 1, 5, 2, 2, 2, 3, 3, 2, 2, 4, 6, 5, 5, 3, 6, 5, 7, 3], "wmn": 6482, "wmt": 12354, "wmd": 32, "wmv": 15638, "wdn": 23, "wdt": -84, "wdd": 64, "wdv": -26, "tlv": "United Kingdom"}