{"loc": "Novgorod Oblast", "iso": "RU", "l1": "Russia", "l2": "Novgorod Oblast", "lvl": 2, "pop": 606476, "key": 13064, "isd": true, "ppd": 8.823, "med": 39.6, "p65": 14.177999999999999, "p70": 9.392999999999999, "hos": 8.05, "exp": 72.58, "adr": 0.0, "amn": 49232.0, "amv": 133785.0, "amd": 200.0, "amt": 879018.0, "tmn": [75, 74, 70, 67, 69, 72, 65, 74, 75, 69, 74, 70, 62, 69, 65, 59, 61, 57, 54, 51, 61], "tmv": [1880, 2388, 897, 1104, 2153, 2630, 1345, 2093, 1584, 3195, 480, 2264, 1736, 2720, 2175, 3732, 494, 1114, 1656, 3335, 3289], "tmd": [0, 0, 0, 0, 0, 0, 0, 0, 0, 0, 0, 0, 0, 0, 0, 0, 0, 0, 0, 0, 0], "wmn": 411, "wmt": 7562, "wmd": 0, "wmv": 15799, "wdn": -17, "wdt": 1, "wdd": 0, "wdv": 12, "tlv": "Russia"}