{"loc": "Novosibirsk Oblast", "iso": "RU", "l1": "Russia", "l2": "Novosibirsk Oblast", "lvl": 2, "pop": 2788849, "key": 13065, "isd": true, "ppd": 8.823, "med": 39.6, "p65": 14.177999999999999, "p70": 9.392999999999999, "hos": 8.05, "exp": 72.58, "adr": 5.0, "amn": 26239.0, "amv": 743383.0, "amd": 1241.0, "amt": 1451995.0, "tmn": [89, 87, 92, 97, 104, 101, 105, 100, 95, 105, 114, 122, 120, 125, 121, 119, 123, 131, 140, 136, 139], "tmv": [0, 0, 0, 0, 417, 4022, 5043, 0, 0, 0, 0, 0, 5392, 5802, 2754, 2140, 5510, 6429, 13473, 0, 0], "tmd": [3, 6, 3, 6, 7, 6, 4, 5, 6, 4, 4, 6, 6, 5, 6, 6, 6, 5, 6, 4, 6], "wmn": 915, "wmt": 0, "wmd": 35, "wmv": 30309, "wdn": 16, "wdt": 0, "wdd": 3, "wdv": 171, "tlv": "Russia"}