{"loc": "Novosibirsk Oblast", "iso": "RU", "l1": "Russia", "l2": "Novosibirsk Oblast", "lvl": 2, "pop": 2788849, "key": 13065, "isd": true, "ppd": 8.823, "med": 39.6, "p65": 14.177999999999999, "p70": 9.392999999999999, "hos": 8.05, "exp": 72.58, "adr": 4.0, "amn": 12216.0, "amv": 26724.0, "amd": 477.0, "amt": 726669.0, "tmn": [48, 46, 49, 48, 49, 48, 47, 48, 47, 48, 48, 46, 45, 44, 45, 46, 48, 46, 45, 45, 43], "tmv": [0, 0, 0, 0, 0, 0, 0, 0, 0, 0, 0, 0, 0, 0, 0, 0, 0, 0, 0, 0, 0], "tmd": [3, 4, 3, 4, 3, 3, 4, 3, 4, 3, 4, 3, 3, 3, 3, 3, 3, 3, 3, 4, 3], "wmn": 323, "wmt": 2738, "wmd": 18, "wmv": 0, "wdn": -2, "wdt": -70, "wdd": -12, "wdv": 0, "tlv": "Russia"}