{"loc": "Norton", "iso": "US", "l1": "United States", "l2": "Virginia", "lvl": 3, "pop": 3981, "key": 13060, "isd": true, "ppd": 35.608000000000004, "med": 38.3, "p65": 15.413, "p70": 9.732000000000001, "hos": 2.77, "exp": 78.86, "adr": 2.0, "amn": 143431.0, "amv": 1263117.0, "amd": 3266.0, "amt": 1157395.0, "tmn": [1507, 0, 0, 0, 1758, 1004, 753, 753, 0, 0, 2260, 1004, -251, 502, 502, 0, 0, 1004, 0, 1004, 753], "tmv": [3390, 3489, 0, 0, 0, 2411, 3257, 3418, 2659, 2485, 1614, 1945, 2278, 2491, 2890, 2710, 2395, 1993, 2154, 3467, 0], "tmd": [0, 0, 0, 0, 252, 0, 0, 0, 0, 0, 0, 0, 0, 0, 0, 0, 0, 0, 0, 0, 0], "wmn": 3266, "wmt": 16531, "wmd": 0, "wmv": 15613, "wdn": -24, "wdt": -6, "wdd": 0, "wdv": -8, "tlv": "Virginia"}