{"loc": "Nottoway", "iso": "US", "l1": "United States", "l2": "Virginia", "lvl": 3, "pop": 15232, "key": 13062, "isd": true, "ppd": 35.608000000000004, "med": 38.3, "p65": 15.413, "p70": 9.732000000000001, "hos": 2.77, "exp": 78.86, "adr": 2.0, "amn": 116006.0, "amv": 180853.0, "amd": 1904.0, "amt": 668223.0, "tmn": [656, 196, 196, 328, 262, 1313, 656, 393, 328, 196, 328, 1116, 328, 787, 525, 131, 65, 131, 393, 262, 0], "tmv": [5139, 4690, 3336, 1695, 3330, 4023, 4903, 6734, 6595, 3662, 2393, 4746, 4917, 6132, 6772, 6806, 0, 0, 3221, 4419, 5606], "tmd": [0, 0, 0, 0, 0, 0, 66, 0, 0, 0, 0, 0, 0, 0, 0, 0, 0, 0, 66, 0, 0], "wmn": 1510, "wmt": 17537, "wmd": 66, "wmv": 26827, "wdn": -57, "wdt": -18, "wdd": 0, "wdv": -24, "tlv": "Virginia"}