{"loc": "Nueces", "iso": "US", "l1": "United States", "l2": "Texas", "lvl": 3, "pop": 362294, "key": 13071, "isd": true, "ppd": 35.608000000000004, "med": 38.3, "p65": 15.413, "p70": 9.732000000000001, "hos": 2.77, "exp": 78.86, "adr": 2.0, "amn": 115646.0, "amv": 749030.0, "amd": 2139.0, "amt": 801625.0, "tmn": [331, 143, 85, 149, 259, 82, 322, 267, 264, 66, 190, 184, 151, 151, 231, 209, 204, 171, 140, 160, 118], "tmv": [7863, 7615, 10699, 12037, 10893, 10729, 6600, 5484, 7781, 9092, 10242, 10071, 9169, 6395, 4975, 6773, 8259, 8496, 10027, 6458, 3608], "tmd": [9, 3, 0, 3, 0, 0, 3, 3, 0, 3, 0, 3, 0, 12, 3, 6, 0, 0, 3, 0, 0], "wmn": 1237, "wmt": 17294, "wmd": 12, "wmv": 48600, "wdn": -3, "wdt": 15, "wdd": -43, "wdv": -17, "tlv": "Texas"}