{"loc": "Nueces", "iso": "US", "l1": "United States", "l2": "Texas", "lvl": 3, "pop": 362294, "key": 13071, "isd": true, "ppd": 35.608000000000004, "med": 38.3, "p65": 15.413, "p70": 9.732000000000001, "hos": 2.77, "exp": 78.86, "adr": 2.0, "amn": 114258.0, "amv": 684867.0, "amd": 2117.0, "amt": 781697.0, "tmn": [220, 193, 129, 229, 162, 256, 187, 176, 331, 143, 85, 149, 259, 82, 322, 267, 264, 66, 190, 184, 151], "tmv": [6477, 4262, 8755, 10329, 12013, 14052, 10864, 8027, 7863, 7615, 10699, 12037, 10893, 10729, 6600, 5484, 7781, 9092, 10242, 10071, 0], "tmd": [0, 6, 6, 0, 3, 6, 0, 0, 9, 3, 0, 3, 0, 0, 3, 3, 0, 3, 0, 3, 0], "wmn": 1450, "wmt": 13333, "wmd": 12, "wmv": 49273, "wdn": 18, "wdt": 25, "wdd": -20, "wdv": -27, "tlv": "Texas"}