{"loc": "Obion", "iso": "US", "l1": "United States", "l2": "Tennessee", "lvl": 3, "pop": 30069, "key": 13080, "isd": true, "ppd": 35.608000000000004, "med": 38.3, "p65": 15.413, "p70": 9.732000000000001, "hos": 2.77, "exp": 78.86, "adr": 2.0, "amn": 145765.0, "amv": 298070.0, "amd": 3159.0, "amt": 1016873.0, "tmn": [66, 166, 0, 99, 33, 66, 166, 33, 33, -33, 0, 66, 66, 33, 33, 0, 33, 66, 99, 99, 99], "tmv": [5173, 5466, 3298, 2593, 4349, 5491, 6616, 7139, 7375, 5050, 5255, 5793, 6168, 7391, 8814, 7404, 5275, 4864, 6157, 7535, 0], "tmd": [0, 0, 0, 67, 0, 0, 0, 0, 0, 0, 34, 0, 0, 0, 0, 0, 0, 0, 0, 0, 0], "wmn": 433, "wmt": 12860, "wmd": 0, "wmv": 40053, "wdn": 117, "wdt": -498, "wdd": -100, "wdv": -9, "tlv": "Tennessee"}