{"loc": "Ocean", "iso": "US", "l1": "United States", "l2": "New Jersey", "lvl": 3, "pop": 607186, "key": 13081, "isd": true, "ppd": 35.608000000000004, "med": 38.3, "p65": 15.413, "p70": 9.732000000000001, "hos": 2.77, "exp": 78.86, "adr": 2.0, "amn": 152886.0, "amv": 1227352.0, "amd": 3821.0, "amt": 1787754.0, "tmn": [444, 426, 204, 233, 370, 403, 388, 260, 411, 250, 288, 395, 380, 444, 400, 428, 278, 281, 411, 449, 337], "tmv": [2262, 2445, 2251, 1671, 0, 0, 2784, 2570, 2833, 3777, 2988, 2423, 2905, 2661, 3390, 3489, 0, 0, 0, 2411, 0], "tmd": [4, 2, 5, 4, 14, 2, 4, 4, 4, 4, -1, 12, 7, -1, 2, 9, 0, 2, 2, 12, 7], "wmn": 2588, "wmt": 8128, "wmd": 32, "wmv": 9292, "wdn": 6, "wdt": -50, "wdd": 27, "wdv": -54, "tlv": "New Jersey"}