{"loc": "Ogemaw", "iso": "US", "l1": "United States", "l2": "Michigan", "lvl": 3, "pop": 20997, "key": 13089, "isd": true, "ppd": 35.608000000000004, "med": 38.3, "p65": 15.413, "p70": 9.732000000000001, "hos": 2.77, "exp": 78.86, "adr": 2.0, "amn": 74963.0, "amv": 749030.0, "amd": 1715.0, "amt": 1293199.0, "tmn": [2095, 1190, 666, 1285, 571, 0, 809, 428, 714, 476, 762, 428, 0, 523, 428, 428, 619, 333, 285, 0, 523], "tmv": [7863, 7615, 10699, 12037, 10893, 10729, 6600, 5484, 7781, 9092, 10242, 10071, 9169, 6395, 4975, 6773, 8259, 8496, 10027, 6458, 3608], "tmd": [0, 0, 0, 0, 0, 0, 0, 0, 0, 48, 0, 0, 0, 0, 0, 0, 0, 0, 0, 0, 0], "wmn": 2620, "wmt": 29132, "wmd": 0, "wmv": 48600, "wdn": -21, "wdt": -11, "wdd": -100, "wdv": -17, "tlv": "Michigan"}