{"loc": "Obion", "iso": "US", "l1": "United States", "l2": "Tennessee", "lvl": 3, "pop": 30069, "key": 13080, "isd": true, "ppd": 35.608000000000004, "med": 38.3, "p65": 15.413, "p70": 9.732000000000001, "hos": 2.77, "exp": 78.86, "adr": 2.0, "amn": 158170.0, "amv": 1064228.0, "amd": 3259.0, "amt": 1248379.0, "tmn": [99, 0, 99, 99, 133, 0, 0, 365, 66, 199, 266, 299, 0, 0, 598, 532, 332, 299, 565, 0, 0], "tmv": [1539, 740, 1856, 2005, 1821, 2051, 2364, 1193, 1200, 2288, 2155, 2600, 2160, 2477, 1419, 1374, 2201, 2622, 2492, 2548, 0], "tmd": [0, 0, 0, 0, 0, 0, 0, 0, 34, 0, 0, 0, 0, 0, 0, 0, 0, 0, 0, 0, 0], "wmn": 2328, "wmt": 15136, "wmd": 0, "wmv": 12659, "wdn": 94, "wdt": 40, "wdd": -100, "wdv": -10, "tlv": "Tennessee"}