{"loc": "Ocean", "iso": "US", "l1": "United States", "l2": "New Jersey", "lvl": 3, "pop": 607186, "key": 13081, "isd": true, "ppd": 35.608000000000004, "med": 38.3, "p65": 15.413, "p70": 9.732000000000001, "hos": 2.77, "exp": 78.86, "adr": 3.0, "amn": 98492.0, "amv": 244457.0, "amd": 3108.0, "amt": 1227064.0, "tmn": [653, 591, 222, 205, 574, 555, 615, 454, 306, 283, 434, 396, 566, 546, 500, 531, 304, 413, 447, 581, 499], "tmv": [6132, 6772, 6806, 0, 0, 3221, 4419, 5606, 5173, 5466, 3298, 2593, 4349, 5491, 6616, 7139, 7375, 5050, 5255, 5793, 0], "tmd": [9, 10, 4, 0, 4, 40, 19, 14, 7, 4, 2, 17, 17, 17, 20, 4, 0, 2, 14, 28, 7], "wmn": 3280, "wmt": 40982, "wmd": 73, "wmv": 37231, "wdn": 10, "wdt": 33, "wdd": -2, "wdv": 16, "tlv": "New Jersey"}