{"loc": "Ocean", "iso": "US", "l1": "United States", "l2": "New Jersey", "lvl": 3, "pop": 607186, "key": 13081, "isd": true, "ppd": 35.608000000000004, "med": 38.3, "p65": 15.413, "p70": 9.732000000000001, "hos": 2.77, "exp": 78.86, "adr": 3.0, "amn": 90478.0, "amv": 160515.0, "amd": 2900.0, "amt": 1134984.0, "tmn": [695, 632, 886, 780, 727, 607, 447, 480, 375, 688, 597, 634, 655, 322, 818, 497, 561, 653, 591, 222, 205], "tmv": [2448, 3374, 4677, 5132, 5139, 4690, 3336, 1695, 3330, 4023, 4903, 6734, 6595, 3662, 2393, 4746, 4917, 6132, 6772, 6806, 0], "tmd": [32, 15, 10, 10, 10, 4, 4, 28, 25, 12, 19, 20, 2, 5, 17, 12, 20, 9, 10, 4, 0], "wmn": 3551, "wmt": 40250, "wmd": 70, "wmv": 31769, "wdn": -5, "wdt": 129, "wdd": -36, "wdv": 3, "tlv": "New Jersey"}