{"loc": "Ocean", "iso": "US", "l1": "United States", "l2": "New Jersey", "lvl": 3, "pop": 607186, "key": 13081, "isd": true, "ppd": 35.608000000000004, "med": 38.3, "p65": 15.413, "p70": 9.732000000000001, "hos": 2.77, "exp": 78.86, "adr": 3.0, "amn": 127379.0, "amv": 1031255.0, "amd": 3590.0, "amt": 1652912.0, "tmn": [49, 39, 29, 39, 41, 57, 67, 59, 41, 18, 32, 37, 82, 90, 107, 57, 42, 74, 111, 82, 174], "tmv": [3524, 1923, 0, 0, 1326, 2107, 1883, 1818, 1779, 1363, 1036, 1655, 1721, 1666, 1928, 1520, 1539, 740, 1856, 2005, 0], "tmd": [0, 0, 2, 0, 5, 0, 0, 0, 0, 0, 2, 0, 0, 0, 0, 2, 0, 0, 2, 2, 2], "wmn": 651, "wmt": 9096, "wmd": 7, "wmv": 9591, "wdn": 80, "wdt": 26563, "wdd": 300, "wdv": -13, "tlv": "New Jersey"}