{"loc": "Odisha", "iso": "IN", "l1": "India", "l2": "Odisha", "lvl": 2, "pop": 46356334, "key": 13088, "isd": true, "ppd": 450.41900000000004, "med": 28.2, "p65": 5.989, "p70": 3.4139999999999997, "hos": 0.53, "exp": 69.66, "adr": 1.0, "amn": 22277.0, "amv": 691960.0, "amd": 178.0, "amt": 422920.0, "tmn": [15, 13, 11, 12, 12, 9, 11, 12, 12, 10, 10, 11, 8, 9, 12, 12, 11, 11, 14, 9, 11], "tmv": [3957, 7204, 7546, 3262, 2634, 9407, 3239, 4672, 4878, 4912, 5652, 3732, 3568, 5107, 3911, 2642, 5830, 5662, 5873, 2730, 0], "tmd": [1, 1, 1, 1, 1, 1, 1, 1, 1, 1, 1, 1, 1, 1, 1, 1, 1, 1, 1, 1, 1], "wmn": 84, "wmt": 5970, "wmd": 1, "wmv": 26652, "wdn": 10, "wdt": -15, "wdd": 6, "wdv": -18, "tlv": "India"}