{"loc": "Ogemaw", "iso": "US", "l1": "United States", "l2": "Michigan", "lvl": 3, "pop": 20997, "key": 13089, "isd": true, "ppd": 35.608000000000004, "med": 38.3, "p65": 15.413, "p70": 9.732000000000001, "hos": 2.77, "exp": 78.86, "adr": 2.0, "amn": 79297.0, "amv": 822034.0, "amd": 1905.0, "amt": 1336116.0, "tmn": [0, 523, 428, 428, 619, 333, 285, 0, 523, 428, 428, 428, 571, 285, 0, 571, 666, 285, 381, 190, 95], "tmv": [9169, 6395, 4975, 6773, 8259, 8496, 10027, 6458, 3608, 3001, 5456, 7305, 8515, 7794, 7192, 5713, 4653, 4699, 5814, 5591, 7265], "tmd": [0, 0, 0, 0, 0, 0, 0, 0, 0, 0, 0, 48, 48, 0, 0, 0, 48, 0, 0, 0, 48], "wmn": 2191, "wmt": 21628, "wmd": 96, "wmv": 40931, "wdn": -18, "wdt": -17, "wdd": 0, "wdv": -3, "tlv": "Michigan"}