{"loc": "Okanogan", "iso": "US", "l1": "United States", "l2": "Washington", "lvl": 3, "pop": 42243, "key": 13099, "isd": true, "ppd": 35.608000000000004, "med": 38.3, "p65": 15.413, "p70": 9.732000000000001, "hos": 2.77, "exp": 78.86, "adr": 2.0, "amn": 129584.0, "amv": 1341580.0, "amd": 2107.0, "amt": 1292525.0, "tmn": [355, 686, 994, 970, 0, 0, 923, 236, 591, 710, 449, 0, 0, 639, 662, 591, 0, 686, 0, 0, 710], "tmv": [4456, 4611, 4549, 5061, 2356, 1255, 4023, 4168, 4272, 4405, 5092, 2672, 1421, 3738, 4100, 4188, 3596, 4102, 1618, 109, 0], "tmd": [0, 48, 0, 0, 0, 0, 24, 24, 24, 24, 48, 0, 0, 0, 0, 0, 0, 24, 0, 0, 24], "wmn": 2652, "wmt": 0, "wmd": 48, "wmv": 17716, "wdn": 1, "wdt": 0, "wdd": -60, "wdv": -31, "tlv": "Washington"}