{"loc": "Okanogan", "iso": "US", "l1": "United States", "l2": "Washington", "lvl": 3, "pop": 42243, "key": 13099, "isd": true, "ppd": 35.608000000000004, "med": 38.3, "p65": 15.413, "p70": 9.732000000000001, "hos": 2.77, "exp": 78.86, "adr": 1.0, "amn": 117392.0, "amv": 1240788.0, "amd": 1752.0, "amt": 1292525.0, "tmn": [1065, 1230, 1183, 0, 0, 1373, 118, 875, 1657, 852, 0, 0, 970, 402, 1088, 284, 591, 0, 0, 0, 1159], "tmv": [0, 2784, 2570, 2833, 3777, 2988, 2423, 2905, 2661, 3390, 3489, 0, 0, 0, 2411, 3257, 3418, 2659, 2485, 1614, 0], "tmd": [24, 72, 0, 0, 0, 24, 48, 0, 0, 24, 0, 0, 0, 0, 119, 48, 24, 0, 0, 0, 24], "wmn": 3125, "wmt": 0, "wmd": 214, "wmv": 15848, "wdn": -34, "wdt": 0, "wdd": 800, "wdv": 27, "tlv": "Washington"}