{"loc": "Ohio", "iso": "US", "l1": "United States", "l2": "West Virginia", "lvl": 3, "pop": 41411, "key": 13096, "isd": true, "ppd": 35.608000000000004, "med": 38.3, "p65": 15.413, "p70": 9.732000000000001, "hos": 2.77, "exp": 78.86, "adr": 2.0, "amn": 102388.0, "amv": 841634.0, "amd": 2077.0, "amt": 1606952.0, "tmn": [120, 265, 144, 169, 217, 241, 169, 193, 48, 338, 338, 24, 48, 72, 120, -48, 169, 144, 24, 96, 193], "tmv": [8259, 8496, 10027, 6458, 3608, 3001, 5456, 7305, 8515, 7794, 7192, 5713, 4653, 4699, 5814, 5591, 7265, 6352, 4511, 3409, 5326], "tmd": [0, 25, 0, 0, 0, 25, 0, 25, 0, 25, 0, 0, 0, 49, 0, 0, 0, 0, 0, 0, 0], "wmn": 701, "wmt": 25599, "wmd": 0, "wmv": 38272, "wdn": -34, "wdt": -16, "wdd": -100, "wdv": -17, "tlv": "West Virginia"}