{"loc": "Ogle", "iso": "US", "l1": "United States", "l2": "Illinois", "lvl": 3, "pop": 50643, "key": 13091, "isd": true, "ppd": 35.608000000000004, "med": 38.3, "p65": 15.413, "p70": 9.732000000000001, "hos": 2.77, "exp": 78.86, "adr": 1.0, "amn": 125052.0, "amv": 1054363.0, "amd": 1659.0, "amt": 2127628.0, "tmn": [39, 19, 98, 0, 0, 118, 19, 19, 118, 59, 0, 0, 197, 118, 138, 39, 98, 0, 0, 394, 157], "tmv": [1655, 1721, 1666, 1928, 1520, 1539, 740, 1856, 2005, 1821, 2051, 2364, 1193, 1200, 2288, 2155, 2600, 2160, 2477, 1419, 1374], "tmd": [0, 0, 0, 0, 0, 0, 0, 0, 0, 0, 0, 0, 0, 0, 0, 0, 0, 0, 0, 0, 0], "wmn": 830, "wmt": 24747, "wmd": 0, "wmv": 14477, "wdn": 62, "wdt": 20, "wdd": 0, "wdv": 16, "tlv": "Illinois"}