{"loc": "Oglala Lakota", "iso": "US", "l1": "United States", "l2": "South Dakota", "lvl": 3, "pop": 14177, "key": 13090, "isd": true, "ppd": 35.608000000000004, "med": 38.3, "p65": 15.413, "p70": 9.732000000000001, "hos": 2.77, "exp": 78.86, "adr": 2.0, "amn": 148409.0, "amv": 700431.0, "amd": 3456.0, "amt": 870834.0, "tmn": [70, -70, 141, 70, 141, 0, 0, 70, 70, 0, 70, 70, 0, 0, 141, 70, 70, 70, 0, 0, 70], "tmv": [4262, 8755, 10329, 12013, 14052, 10864, 8027, 7863, 7615, 10699, 12037, 10893, 10729, 6600, 5484, 7781, 9092, 10242, 10071, 9169, 6395], "tmd": [0, 0, 0, 0, 0, 0, 0, 0, 0, 0, 0, 0, 0, 0, 0, 0, 0, 0, 0, 0, 0], "wmn": 424, "wmt": -60896, "wmd": 0, "wmv": 58238, "wdn": 50, "wdt": -595, "wdd": 0, "wdv": -12, "tlv": "South Dakota"}