{"loc": "Ohio", "iso": "US", "l1": "United States", "l2": "Ohio", "lvl": 2, "pop": 11689100, "key": 13095, "isd": true, "ppd": 35.608000000000004, "med": 38.3, "p65": 15.413, "p70": 9.732000000000001, "hos": 2.77, "exp": 78.86, "adr": 2.0, "amn": 80698.0, "amv": 160515.0, "amd": 1408.0, "amt": 825959.0, "tmn": [459, 464, 416, 358, 257, 281, 312, 341, 352, 315, 303, 182, 164, 274, 280, 240, 282, 239, 154, 163, 173], "tmv": [3374, 4677, 5132, 5139, 4690, 3336, 1695, 3330, 4023, 4903, 6734, 6595, 3662, 2393, 4746, 4917, 6132, 6772, 6806, 0, 0], "tmd": [3, 3, 3, 3, 3, 3, 3, 3, 3, 2, 2, 2, 2, 2, 1, 1, 1, 1, 1, 0, 6], "wmn": 1535, "wmt": 21180, "wmd": 6, "wmv": 29376, "wdn": -21, "wdt": -5, "wdd": -54, "wdv": -7, "tlv": "Ohio"}