{"loc": "Ohio", "iso": "US", "l1": "United States", "l2": "Ohio", "lvl": 2, "pop": 11689100, "key": 13095, "isd": true, "ppd": 35.608000000000004, "med": 38.3, "p65": 15.413, "p70": 9.732000000000001, "hos": 2.77, "exp": 78.86, "adr": 2.0, "amn": 82333.0, "amv": 201735.0, "amd": 1465.0, "amt": 846474.0, "tmn": [315, 303, 182, 164, 274, 280, 240, 282, 239, 154, 163, 173, 155, 195, 197, 223, 124, 137, 237, 157, 206], "tmv": [4903, 6734, 6595, 3662, 2393, 4746, 4917, 6132, 6772, 6806, 0, 0, 3221, 4419, 5606, 5173, 5466, 3298, 2593, 4349, 0], "tmd": [3, 3, 3, 3, 2, 2, 1, 1, 2, 1, 1, 1, 1, -11, 8, 5, 6, 5, 9, 7, 7], "wmn": 1285, "wmt": 17375, "wmd": 44, "wmv": 26489, "wdn": -6, "wdt": -8, "wdd": -735, "wdv": -3, "tlv": "Ohio"}