{"loc": "Ohio", "iso": "US", "l1": "United States", "l2": "Ohio", "lvl": 2, "pop": 11689100, "key": 13095, "isd": true, "ppd": 35.608000000000004, "med": 38.3, "p65": 15.413, "p70": 9.732000000000001, "hos": 2.77, "exp": 78.86, "adr": 2.0, "amn": 119853.0, "amv": 1187231.0, "amd": 1877.0, "amt": 1376532.0, "tmn": [583, 675, 771, 719, 381, 476, 626, 662, 714, 722, 574, 378, 419, 582, 588, 639, 606, 460, 364, 314, 623], "tmv": [2913, 2024, 2876, 2739, 2336, 1790, 1886, 2554, 2257, 2903, 2781, 2047, 1978, 1647, 2163, 995, 2262, 2445, 2251, 1671, 1480], "tmd": [3, 3, 3, 3, 2, 3, 2, 2, 2, 1, 1, 1, 1, 0, 0, 0, 0, 0, 0, 0, 11], "wmn": 3599, "wmt": 25132, "wmd": 11, "wmv": 13270, "wdn": -11, "wdt": -6, "wdd": 116, "wdv": -18, "tlv": "Ohio"}