{"loc": "Ohio", "iso": "US", "l1": "United States", "l2": "Kentucky", "lvl": 3, "pop": 23994, "key": 13094, "isd": true, "ppd": 35.608000000000004, "med": 38.3, "p65": 15.413, "p70": 9.732000000000001, "hos": 2.77, "exp": 78.86, "adr": 2.0, "amn": 120530.0, "amv": 1081852.0, "amd": 2376.0, "amt": 1309407.0, "tmn": [625, 333, 541, 791, 0, 0, 1250, 333, 458, 375, 625, 0, 0, 1291, 1291, 1166, 583, 1041, 0, 0, 1667], "tmv": [1200, 2288, 2155, 2600, 2160, 2477, 1419, 1374, 2201, 2622, 2492, 2548, 2348, 1615, 1875, 1986, 1986, 2786, 3007, 2017, 0], "tmd": [0, 0, 0, 0, 0, 0, 0, 0, 0, 0, 0, 0, 0, 42, 0, 0, 0, 0, 0, 0, 42], "wmn": 5752, "wmt": 24199, "wmd": 42, "wmv": 13660, "wdn": 86, "wdt": 34, "wdd": 0, "wdv": -10, "tlv": "Kentucky"}