{"loc": "Ohio", "iso": "US", "l1": "United States", "l2": "Ohio", "lvl": 2, "pop": 11689100, "key": 13095, "isd": true, "ppd": 35.608000000000004, "med": 38.3, "p65": 15.413, "p70": 9.732000000000001, "hos": 2.77, "exp": 78.86, "adr": 2.0, "amn": 85189.0, "amv": 343093.0, "amd": 1539.0, "amt": 902316.0, "tmn": [169, 151, 108, 124, 146, 172, 160, 149, 128, 62, 107, 161, 159, 123, 154, 133, 76, 98, 161, 124, 179], "tmv": [6616, 7139, 7375, 5050, 5255, 5793, 6168, 7391, 8814, 7404, 5275, 4864, 6157, 7535, 8875, 13887, 4118, 6135, 5026, 6980, 0], "tmd": [2, 1, 1, 1, 1, 1, 1, 1, 1, 1, 1, 0, 0, 0, 0, 0, 0, 0, 11, 0, 0], "wmn": 929, "wmt": 18886, "wmd": 11, "wmv": 45024, "wdn": 4, "wdt": 21, "wdd": 823, "wdv": -5, "tlv": "Ohio"}