{"loc": "Ohio", "iso": "US", "l1": "United States", "l2": "Ohio", "lvl": 2, "pop": 11689100, "key": 13095, "isd": true, "ppd": 35.608000000000004, "med": 38.3, "p65": 15.413, "p70": 9.732000000000001, "hos": 2.77, "exp": 78.86, "adr": 2.0, "amn": 116844.0, "amv": 1176126.0, "amd": 1848.0, "amt": 1353777.0, "tmn": [606, 528, 544, 475, 337, 417, 583, 675, 771, 719, 381, 476, 626, 662, 714, 722, 574, 378, 419, 582, 588], "tmv": [2538, 4249, 2950, 0, 0, 0, 2913, 2024, 2876, 2739, 2336, 1790, 1886, 2554, 2257, 2903, 2781, 2047, 1978, 1647, 2163], "tmd": [3, 2, 2, 2, 2, 2, 2, 2, 1, 2, 1, 1, 0, 0, 0, 0, 0, 0, 0, 11, 0], "wmn": 3982, "wmt": 26128, "wmd": 11, "wmv": 15780, "wdn": -8, "wdt": 3, "wdd": 160, "wdv": -3, "tlv": "Ohio"}