{"loc": "Oklahoma", "iso": "US", "l1": "United States", "l2": "Oklahoma", "lvl": 3, "pop": 797434, "key": 13104, "isd": true, "ppd": 35.608000000000004, "med": 38.3, "p65": 15.413, "p70": 9.732000000000001, "hos": 2.77, "exp": 78.86, "adr": 1.0, "amn": 99578.0, "amv": 180853.0, "amd": 863.0, "amt": 861669.0, "tmn": [495, 479, 331, 233, 437, 403, 544, 357, 428, 260, 274, 308, 336, 269, 265, 248, 210, 163, 152, 110, 73], "tmv": [5139, 4690, 3336, 1695, 3330, 4023, 4903, 6734, 6595, 3662, 2393, 4746, 4917, 6132, 6772, 6806, 0, 0, 3221, 4419, 5606], "tmd": [2, 4, 4, 12, 8, 6, 9, 7, 11, 2, 17, 7, 8, 4, 13, 12, 7, 7, 6, 6, 6], "wmn": 1226, "wmt": 12926, "wmd": 52, "wmv": 26827, "wdn": -45, "wdt": -45, "wdd": 0, "wdv": -24, "tlv": "Oklahoma"}