{"loc": "Oklahoma", "iso": "US", "l1": "United States", "l2": "Oklahoma", "lvl": 3, "pop": 797434, "key": 13104, "isd": true, "ppd": 35.608000000000004, "med": 38.3, "p65": 15.413, "p70": 9.732000000000001, "hos": 2.77, "exp": 78.86, "adr": 1.0, "amn": 100667.0, "amv": 201735.0, "amd": 908.0, "amt": 873508.0, "tmn": [544, 357, 428, 260, 274, 308, 336, 269, 265, 248, 210, 163, 152, 110, 73, 158, 339, 100, 105, 215, 169], "tmv": [4903, 6734, 6595, 3662, 2393, 4746, 4917, 6132, 6772, 6806, 0, 0, 3221, 4419, 5606, 5173, 5466, 3298, 2593, 4349, 0], "tmd": [9, 7, 11, 2, 17, 7, 8, 4, 13, 12, 7, 7, 6, 6, 6, 7, 9, 7, 8, 9, 8], "wmn": 1163, "wmt": 13340, "wmd": 51, "wmv": 26489, "wdn": -18, "wdt": -12, "wdd": 0, "wdv": -3, "tlv": "Oklahoma"}