{"loc": "Oktibbeha", "iso": "US", "l1": "United States", "l2": "Mississippi", "lvl": 3, "pop": 49587, "key": 13107, "isd": true, "ppd": 35.608000000000004, "med": 38.3, "p65": 15.413, "p70": 9.732000000000001, "hos": 2.77, "exp": 78.86, "adr": 2.0, "amn": 88914.0, "amv": 228357.0, "amd": 1875.0, "amt": 581618.0, "tmn": [221, 80, 161, 221, 282, 342, 161, 40, 161, 120, 0, 60, 60, 60, 0, 60, 120, 262, 80, 60, 60], "tmv": [3662, 2393, 4746, 4917, 6132, 6772, 6806, 0, 0, 3221, 4419, 5606, 5173, 5466, 3298, 2593, 4349, 5491, 6616, 7139, 7375], "tmd": [0, 0, 21, 0, 0, 21, 0, 0, 0, 0, 0, 0, 0, 0, 0, 21, 0, 0, 0, 41, 0], "wmn": 646, "wmt": 15781, "wmd": 61, "wmv": 36864, "wdn": 28, "wdt": 31, "wdd": 0, "wdv": 54, "tlv": "Mississippi"}