{"loc": "Oklahoma", "iso": "US", "l1": "United States", "l2": "Oklahoma", "lvl": 2, "pop": 3956971, "key": 13105, "isd": true, "ppd": 35.608000000000004, "med": 38.3, "p65": 15.413, "p70": 9.732000000000001, "hos": 2.77, "exp": 78.86, "adr": 2.0, "amn": 116284.0, "amv": 1008740.0, "amd": 1872.0, "amt": 1048875.0, "tmn": [45, 0, 0, 113, 40, 66, 68, 56, 0, 0, 146, 21, 69, 83, 76, 0, 0, 0, 263, 38, 115], "tmv": [3276, 3244, 2575, 1851, 1965, 1967, 2474, 1554, 2803, 3655, 3299, 2241, 4154, 4949, 1994, 3524, 1923, 0, 0, 1326, 2107], "tmd": [0, 0, 0, 0, 0, 8, 0, 0, 0, 0, 0, 0, 2, 0, 0, 0, 0, 0, 0, 5, 0], "wmn": 494, "wmt": 3486, "wmd": 5, "wmv": 10877, "wdn": 31, "wdt": 7, "wdd": 350, "wdv": -52, "tlv": "Oklahoma"}