{"loc": "Oneida", "iso": "US", "l1": "United States", "l2": "New York", "lvl": 3, "pop": 228671, "key": 13115, "isd": true, "ppd": 35.608000000000004, "med": 38.3, "p65": 15.413, "p70": 9.732000000000001, "hos": 2.77, "exp": 78.86, "adr": 2.0, "amn": 130445.0, "amv": 1303449.0, "amd": 2633.0, "amt": 3941603.0, "tmn": [358, 310, 188, 419, 380, 332, 446, 209, 201, 131, 411, 314, 481, 489, 292, 288, 218, 459, 411, 494, 0], "tmv": [780, 2376, 2334, 2342, 2403, 3887, 2378, 1359, 4316, 4363, 4502, 4400, 4864, 2267, 1210, 3657, 3104, 3335, 2510, 342, 0], "tmd": [5, 0, 14, 5, 14, 0, 0, 5, 9, 14, 9, 0, 0, 5, 0, 0, 0, 0, 18, 0, 0], "wmn": 2165, "wmt": 58160, "wmd": 18, "wmv": 14161, "wdn": -3, "wdt": -7, "wdd": -56, "wdv": -46, "tlv": "New York"}