{"loc": "Onondaga", "iso": "US", "l1": "United States", "l2": "New York", "lvl": 3, "pop": 460528, "key": 13117, "isd": true, "ppd": 35.608000000000004, "med": 38.3, "p65": 15.413, "p70": 9.732000000000001, "hos": 2.77, "exp": 78.86, "adr": 2.0, "amn": 85274.0, "amv": 1031255.0, "amd": 1477.0, "amt": 3105379.0, "tmn": [17, 21, 10, 10, 15, 13, 41, 8, 19, 19, 23, 15, 15, 15, 4, 58, 6, 34, 30, 23, 39], "tmv": [3524, 1923, 0, 0, 1326, 2107, 1883, 1818, 1779, 1363, 1036, 1655, 1721, 1666, 1928, 1520, 1539, 740, 1856, 2005, 0], "tmd": [0, 0, 0, 0, 3, 0, 0, 0, 0, 0, 0, 0, 0, 0, 0, 0, 0, 0, 3, 0, 0], "wmn": 198, "wmt": 28446, "wmd": 3, "wmv": 9591, "wdn": 69, "wdt": 13, "wdd": 0, "wdv": -13, "tlv": "New York"}