{"loc": "Oneida", "iso": "US", "l1": "United States", "l2": "New York", "lvl": 3, "pop": 228671, "key": 13115, "isd": true, "ppd": 35.608000000000004, "med": 38.3, "p65": 15.413, "p70": 9.732000000000001, "hos": 2.77, "exp": 78.86, "adr": 2.0, "amn": 97852.0, "amv": 867223.0, "amd": 2222.0, "amt": 2818879.0, "tmn": [96, 56, 87, 122, 100, 205, 153, 52, 122, 104, 157, 83, 126, 87, 52, 39, 100, 52, 113, 61, 39], "tmv": [3608, 3001, 5456, 7305, 8515, 7794, 7192, 5713, 4653, 4699, 5814, 5591, 7265, 6352, 4511, 3409, 5326, 6395, 6671, 7120, 5400], "tmd": [5, 0, 5, 0, 0, 9, 0, 0, 0, 0, 0, 0, 0, 0, 0, 5, 0, 0, 0, 9, 0], "wmn": 460, "wmt": 52934, "wmd": 14, "wmv": 38837, "wdn": -38, "wdt": -10, "wdd": 0, "wdv": -3, "tlv": "New York"}