{"loc": "Omsk Oblast", "iso": "RU", "l1": "Russia", "l2": "Omsk Oblast", "lvl": 2, "pop": 1960081, "key": 13113, "isd": true, "ppd": 8.823, "med": 39.6, "p65": 14.177999999999999, "p70": 9.392999999999999, "hos": 8.05, "exp": 72.58, "adr": 3.0, "amn": 20305.0, "amv": 26724.0, "amd": 595.0, "amt": 734011.0, "tmn": [84, 120, 93, 90, 88, 86, 83, 82, 82, 85, 84, 83, 82, 63, 74, 91, 80, 70, 66, 37, 57], "tmv": [0, 0, 0, 0, 0, 0, 0, 0, 0, 0, 0, 0, 0, 0, 0, 0, 0, 0, 0, 0, 0], "tmd": [2, 2, 3, 3, 3, 3, 3, 3, 3, 4, 4, 3, 3, 3, 3, 4, 3, 3, 3, 3, 4], "wmn": 480, "wmt": 4793, "wmd": 18, "wmv": 0, "wdn": -15, "wdt": 53, "wdd": 0, "wdv": 0, "tlv": "Russia"}