{"loc": "Oneida", "iso": "US", "l1": "United States", "l2": "Idaho", "lvl": 3, "pop": 4531, "key": 13114, "isd": true, "ppd": 35.608000000000004, "med": 38.3, "p65": 15.413, "p70": 9.732000000000001, "hos": 2.77, "exp": 78.86, "adr": 1.0, "amn": 86957.0, "amv": 1091533.0, "amd": 883.0, "amt": 477726.0, "tmn": [0, 0, 0, 0, 662, 662, 0, 0, 0, 0, 662, 220, 441, 220, 0, 0, 0, 0, 220, 220, 220], "tmv": [2600, 2160, 2477, 1419, 1374, 2201, 2622, 2492, 2548, 2348, 1615, 1875, 1986, 1986, 2786, 3007, 2017, 2605, 1830, 2139, 3106], "tmd": [0, 0, 0, 0, 0, 0, 0, 0, 0, 0, 0, 0, 0, 0, 0, 0, 0, 0, 0, 0, 0], "wmn": 663, "wmt": 6202, "wmd": 0, "wmv": 17494, "wdn": -57, "wdt": 5, "wdd": 0, "wdv": 18, "tlv": "Idaho"}