{"loc": "Oneida", "iso": "US", "l1": "United States", "l2": "New York", "lvl": 3, "pop": 228671, "key": 13115, "isd": true, "ppd": 35.608000000000004, "med": 38.3, "p65": 15.413, "p70": 9.732000000000001, "hos": 2.77, "exp": 78.86, "adr": 2.0, "amn": 145169.0, "amv": 1393875.0, "amd": 2812.0, "amt": 4141131.0, "tmn": [599, 712, 616, 651, 542, 393, 664, 599, 997, 699, 629, 629, 590, 533, 822, 760, 616, 384, 411, 463, 612], "tmv": [4933, 4463, 5576, 3317, 1660, 4353, 4663, 4819, 4832, 5563, 3334, 1728, 4724, 4234, 2965, 50, 2434, 1138, 149, 0, 0], "tmd": [5, 0, 5, 5, 5, 5, 5, 14, 5, 18, 14, 14, 5, 22, 0, 0, 0, 5, 9, 9, 18], "wmn": 4072, "wmt": 53581, "wmd": 40, "wmv": 6738, "wdn": -13, "wdt": -13, "wdd": -55, "wdv": -77, "tlv": "New York"}