{"loc": "Onondaga", "iso": "US", "l1": "United States", "l2": "New York", "lvl": 3, "pop": 460528, "key": 13117, "isd": true, "ppd": 35.608000000000004, "med": 38.3, "p65": 15.413, "p70": 9.732000000000001, "hos": 2.77, "exp": 78.86, "adr": 2.0, "amn": 69813.0, "amv": 207226.0, "amd": 1359.0, "amt": 1930129.0, "tmn": [290, 212, 167, 128, 267, 245, 204, 195, 204, 130, 162, 128, 171, 162, 119, 132, 97, 136, 80, 210, 0], "tmv": [6734, 6595, 3662, 2393, 4746, 4917, 6132, 6772, 6806, 0, 0, 3221, 4419, 5606, 5173, 5466, 3298, 2593, 4349, 5491, 0], "tmd": [3, 9, 5, 14, 5, 3, 5, 5, 0, 0, 3, 7, 3, 3, 7, 3, 0, 7, 0, 5, 9], "wmn": 778, "wmt": 80145, "wmd": 29, "wmv": 26374, "wdn": -33, "wdt": 8, "wdd": 62, "wdv": -2, "tlv": "New York"}