{"loc": "Orange", "iso": "US", "l1": "United States", "l2": "California", "lvl": 3, "pop": 3175692, "key": 13122, "isd": true, "ppd": 35.608000000000004, "med": 38.3, "p65": 15.413, "p70": 9.732000000000001, "hos": 2.77, "exp": 78.86, "adr": 1.0, "amn": 81982.0, "amv": 201735.0, "amd": 1225.0, "amt": 1210111.0, "tmn": [347, 245, 387, 307, 192, 162, 263, 0, 395, 119, 0, 220, 71, 115, 121, 133, 98, 86, 86, 94, 60], "tmv": [4903, 6734, 6595, 3662, 2393, 4746, 4917, 6132, 6772, 6806, 0, 0, 3221, 4419, 5606, 5173, 5466, 3298, 2593, 4349, 0], "tmd": [10, 11, 15, 8, 11, 12, 14, 0, 17, 11, 0, 13, 9, 13, 13, 14, 13, 12, 0, 0, 13], "wmn": 683, "wmt": 33152, "wmd": 65, "wmv": 26489, "wdn": -26, "wdt": -17, "wdd": 6, "wdv": -3, "tlv": "California"}