{"loc": "Ontario", "iso": "US", "l1": "United States", "l2": "New York", "lvl": 3, "pop": 109777, "key": 13120, "isd": true, "ppd": 35.608000000000004, "med": 38.3, "p65": 15.413, "p70": 9.732000000000001, "hos": 2.77, "exp": 78.86, "adr": 1.0, "amn": 57234.0, "amv": 435440.0, "amd": 820.0, "amt": 2267583.0, "tmn": [100, 91, 136, 127, 0, 227, 227, 145, 136, 81, 191, 191, 191, 264, 72, 154, 163, 191, 209, 264, 191], "tmv": [5275, 4864, 6157, 7535, 8875, 13887, 4118, 6135, 5026, 6980, 8171, 7842, 9493, 9226, 6156, 5181, 6849, 8594, 10257, 10611, 9961], "tmd": [0, 0, 0, 0, 0, 0, 0, 0, 0, 0, 0, 0, 0, 0, 0, 0, 0, 0, 0, 0, 0], "wmn": 1248, "wmt": 80206, "wmd": 0, "wmv": 57613, "wdn": 4, "wdt": 0, "wdd": 0, "wdv": 9, "tlv": "New York"}