{"loc": "Orange", "iso": "US", "l1": "United States", "l2": "Indiana", "lvl": 3, "pop": 19646, "key": 13124, "isd": true, "ppd": 35.608000000000004, "med": 38.3, "p65": 15.413, "p70": 9.732000000000001, "hos": 2.77, "exp": 78.86, "adr": 2.0, "amn": 135447.0, "amv": 1146163.0, "amd": 2952.0, "amt": 1884288.0, "tmn": [0, 0, 3613, 1323, 1323, 1628, 1577, 0, 0, 4021, 407, 1068, 1476, 1272, 0, 0, 0, 2137, 509, 712, 1170], "tmv": [3187, 2953, 1851, 1966, 2813, 2807, 3250, 3257, 2889, 2103, 1988, 3241, 2538, 4249, 2950, 0, 0, 0, 2913, 2024, 0], "tmd": [0, 0, 0, 51, 0, 0, 0, 0, 0, 0, 0, 0, 0, 0, 0, 0, 0, 0, 0, 51, 0], "wmn": 4531, "wmt": 42815, "wmd": 51, "wmv": 7888, "wdn": -45, "wdt": -12, "wdd": 0, "wdv": -61, "tlv": "Indiana"}