{"loc": "Orange", "iso": "US", "l1": "United States", "l2": "Virginia", "lvl": 3, "pop": 37051, "key": 13129, "isd": true, "ppd": 35.608000000000004, "med": 38.3, "p65": 15.413, "p70": 9.732000000000001, "hos": 2.77, "exp": 78.86, "adr": 2.0, "amn": 60808.0, "amv": 1025114.0, "amd": 1080.0, "amt": 917268.0, "tmn": [26, 0, 53, 0, 26, 0, 0, 26, 53, -80, 0, 26, 0, 0, 26, 53, 53, -296, 0, 0, 53], "tmv": [2241, 4154, 4949, 1994, 3524, 1923, 0, 0, 1326, 2107, 1883, 1818, 1779, 1363, 1036, 1655, 1721, 1666, 1928, 1520, 0], "tmd": [0, 0, 0, 0, 0, 0, 0, 0, 0, -26, 0, 0, 0, 0, 0, 0, 0, 0, 0, 0, 0], "wmn": -107, "wmt": 5420, "wmd": 0, "wmv": 9530, "wdn": -500, "wdt": -14, "wdd": -100, "wdv": -7, "tlv": "Virginia"}