{"loc": "Orange", "iso": "US", "l1": "United States", "l2": "Virginia", "lvl": 3, "pop": 37051, "key": 13129, "isd": true, "ppd": 35.608000000000004, "med": 38.3, "p65": 15.413, "p70": 9.732000000000001, "hos": 2.77, "exp": 78.86, "adr": 1.0, "amn": 48015.0, "amv": 180853.0, "amd": 513.0, "amt": 668223.0, "tmn": [242, 215, 377, 377, 80, 620, 890, 836, 674, 377, 242, 242, 458, 404, 323, 404, 269, 26, 296, 188, 0], "tmv": [5139, 4690, 3336, 1695, 3330, 4023, 4903, 6734, 6595, 3662, 2393, 4746, 4917, 6132, 6772, 6806, 0, 0, 3221, 4419, 5606], "tmd": [0, 0, 0, 0, 0, 0, 0, 0, 0, 0, 27, 0, 0, 0, 0, 0, 0, 0, 0, 0, 0], "wmn": 1512, "wmt": 17537, "wmd": 0, "wmv": 26827, "wdn": -53, "wdt": -18, "wdd": -100, "wdv": -24, "tlv": "Virginia"}