{"loc": "Ontonagon", "iso": "US", "l1": "United States", "l2": "Michigan", "lvl": 3, "pop": 5720, "key": 13121, "isd": true, "ppd": 35.608000000000004, "med": 38.3, "p65": 15.413, "p70": 9.732000000000001, "hos": 2.77, "exp": 78.86, "adr": 4.0, "amn": 104895.0, "amv": 1242734.0, "amd": 3846.0, "amt": 1702929.0, "tmn": [0, 174, 0, 0, 349, 0, 1048, 0, 874, 0, 0, 349, 0, 874, 0, 524, 0, 0, 524, 0, 699], "tmv": [2784, 2570, 2833, 3777, 2988, 2423, 2905, 2661, 3390, 3489, 0, 0, 0, 2411, 3257, 3418, 2659, 2485, 1614, 1945, 0], "tmd": [0, 0, 0, 0, 0, 0, 0, 0, 0, 0, 0, 0, 0, 0, 0, 0, 0, 0, 0, 0, 0], "wmn": 1749, "wmt": 27831, "wmd": 0, "wmv": 15382, "wdn": -17, "wdt": -4, "wdd": 0, "wdv": 29, "tlv": "Michigan"}