{"loc": "Orange", "iso": "US", "l1": "United States", "l2": "Texas", "lvl": 3, "pop": 83396, "key": 13127, "isd": true, "ppd": 35.608000000000004, "med": 38.3, "p65": 15.413, "p70": 9.732000000000001, "hos": 2.77, "exp": 78.86, "adr": 2.0, "amn": 99201.0, "amv": 624865.0, "amd": 1739.0, "amt": 764692.0, "tmn": [0, 0, -335, 0, 0, 0, 0, 0, 0, -983, 131, 563, 0, 35, 0, 0, 215, 0, 587, 287, 119], "tmv": [9961, 7133, 5431, 8106, 10192, 12065, 12389, 10214, 6477, 4262, 8755, 10329, 12013, 14052, 10864, 8027, 7863, 7615, 10699, 12037, 10893], "tmd": [0, 0, 24, 0, 12, 12, 12, 0, 0, 12, 12, 12, 36, 0, 0, 0, 12, 0, 36, 0, 0], "wmn": 1212, "wmt": 9442, "wmd": 48, "wmv": 68002, "wdn": -581, "wdt": -44, "wdd": -33, "wdv": 3, "tlv": "Texas"}