{"loc": "Orange", "iso": "US", "l1": "United States", "l2": "California", "lvl": 3, "pop": 3175692, "key": 13122, "isd": true, "ppd": 35.608000000000004, "med": 38.3, "p65": 15.413, "p70": 9.732000000000001, "hos": 2.77, "exp": 78.86, "adr": 2.0, "amn": 86708.0, "amv": 1023593.0, "amd": 1618.0, "amt": 1808517.0, "tmn": [0, 63, 17, 24, 23, 32, 0, 0, 0, 124, 0, 0, 0, 0, 0, 0, 386, 0, 0, 0, 0], "tmv": [3655, 3299, 2241, 4154, 4949, 1994, 3524, 1923, 0, 0, 1326, 2107, 1883, 1818, 1779, 1363, 1036, 1655, 1721, 1666, 1928], "tmd": [2, 0, 0, 1, 1, 1, 0, 0, 0, 1, 0, 1, 1, 0, 0, 1, 0, 0, 1, 0, 0], "wmn": 387, "wmt": 22308, "wmd": 1, "wmv": 11152, "wdn": 211, "wdt": 21, "wdd": -89, "wdv": 23, "tlv": "California"}