{"loc": "Oregon", "iso": "US", "l1": "United States", "l2": "Oregon", "lvl": 2, "pop": 4217737, "key": 13133, "isd": true, "ppd": 35.608000000000004, "med": 38.3, "p65": 15.413, "p70": 9.732000000000001, "hos": 2.77, "exp": 78.86, "adr": 1.0, "amn": 47029.0, "amv": 861822.0, "amd": 621.0, "amt": 1186885.0, "tmn": [177, 126, 173, 191, 176, 195, 193, 142, 87, 152, 141, 170, 192, 151, 119, 47, 120, 93, 134, 117, 119], "tmv": [6458, 3608, 3001, 5456, 7305, 8515, 7794, 7192, 5713, 4653, 4699, 5814, 5591, 7265, 6352, 4511, 3409, 5326, 6395, 6671, 7120], "tmd": [1, 1, 2, 1, 2, 2, 2, 1, 1, 4, 3, 3, 3, 1, 1, 1, 1, 2, 2, 2, 2], "wmn": 754, "wmt": 24845, "wmd": 8, "wmv": 39789, "wdn": -27, "wdt": 2, "wdd": -42, "wdv": -3, "tlv": "Oregon"}