{"loc": "Orangeburg", "iso": "US", "l1": "United States", "l2": "South Carolina", "lvl": 3, "pop": 86175, "key": 13130, "isd": true, "ppd": 35.608000000000004, "med": 38.3, "p65": 15.413, "p70": 9.732000000000001, "hos": 2.77, "exp": 78.86, "adr": 2.0, "amn": 163980.0, "amv": 1204735.0, "amd": 3655.0, "amt": 1741782.0, "tmn": [371, 1543, 881, 0, 0, 1868, 313, 533, 591, 440, 0, 0, 1554, 266, 208, 522, 533, 0, 0, 1172, 127], "tmv": [2554, 2257, 2903, 2781, 2047, 1978, 1647, 2163, 995, 2262, 2445, 2251, 1671, 0, 0, 2784, 2570, 2833, 3777, 2988, 0], "tmd": [0, 12, 0, 0, 0, 47, 59, 12, 0, 35, 0, 0, 12, 12, 0, 12, 12, 0, 0, 24, 24], "wmn": 2565, "wmt": 35721, "wmd": 70, "wmv": 14955, "wdn": -24, "wdt": -9, "wdd": 0, "wdv": 27, "tlv": "South Carolina"}