{"loc": "Oregon", "iso": "US", "l1": "United States", "l2": "Oregon", "lvl": 2, "pop": 4217737, "key": 13133, "isd": true, "ppd": 35.608000000000004, "med": 38.3, "p65": 15.413, "p70": 9.732000000000001, "hos": 2.77, "exp": 78.86, "adr": 1.0, "amn": 49844.0, "amv": 1014221.0, "amd": 662.0, "amt": 1302122.0, "tmn": [17, 60, 53, 53, 54, 50, 32, 20, 53, 45, 46, 47, 0, 0, 0, 108, 64, 49, 60, 0, 0], "tmv": [1851, 1965, 1967, 2474, 1554, 2803, 3655, 3299, 2241, 4154, 4949, 1994, 3524, 1923, 0, 0, 1326, 2107, 1883, 1818, 1779], "tmd": [1, 1, 1, 1, 1, 1, 0, 0, 2, 1, 1, 1, 0, 0, 0, 1, 2, 1, 1, 0, 0], "wmn": 283, "wmt": 12555, "wmd": 3, "wmv": 8916, "wdn": 33, "wdt": -19, "wdd": -39, "wdv": -60, "tlv": "Oregon"}