{"loc": "Orel Oblast", "iso": "RU", "l1": "Russia", "l2": "Orel Oblast", "lvl": 2, "pop": 747247, "key": 13134, "isd": true, "ppd": 8.823, "med": 39.6, "p65": 14.177999999999999, "p70": 9.392999999999999, "hos": 8.05, "exp": 72.58, "adr": 2.0, "amn": 44214.0, "amv": 95779.0, "amd": 692.0, "amt": 843080.0, "tmn": [82, 81, 84, 80, 78, 81, 78, 82, 84, 85, 82, 81, 80, 84, 81, 82, 80, 85, 80, 78, 76], "tmv": [384, 0, 0, 0, 0, 0, 0, 0, 0, 402, 1305, 1841, 938, 1778, 561, 647, 1778, 3925, 2101, 1880, 2388], "tmd": [0, 0, 7, 2, 0, 0, 0, 0, 0, 3, 0, 0, 2, 2, 6, 5, 3, 3, 2, 2, 2], "wmn": 567, "wmt": 9301, "wmd": 19, "wmv": 13284, "wdn": -3, "wdt": -37, "wdd": 250, "wdv": 112, "tlv": "Russia"}