{"loc": "Orleans", "iso": "US", "l1": "United States", "l2": "New York", "lvl": 3, "pop": 40352, "key": 13137, "isd": true, "ppd": 35.608000000000004, "med": 38.3, "p65": 15.413, "p70": 9.732000000000001, "hos": 2.77, "exp": 78.86, "adr": 2.0, "amn": 109288.0, "amv": 1255502.0, "amd": 2206.0, "amt": 3839954.0, "tmn": [346, 966, 594, 1016, 545, 867, 495, 99, 916, 793, 842, 346, 371, 123, 223, 644, 520, 346, 718, 421, 223], "tmv": [2423, 2905, 2661, 3390, 3489, 0, 0, 0, 2411, 3257, 3418, 2659, 2485, 1614, 1945, 2278, 2491, 2890, 2710, 2395, 0], "tmd": [25, 0, 0, 0, 0, 0, 0, 0, 0, 0, 25, 0, 0, 0, 0, 0, 0, 0, 25, 25, 0], "wmn": 3098, "wmt": 62118, "wmd": 50, "wmv": 14714, "wdn": -11, "wdt": -9, "wdd": 100, "wdv": -7, "tlv": "New York"}