{"loc": "Orangeburg", "iso": "US", "l1": "United States", "l2": "South Carolina", "lvl": 3, "pop": 86175, "key": 13130, "isd": true, "ppd": 35.608000000000004, "med": 38.3, "p65": 15.413, "p70": 9.732000000000001, "hos": 2.77, "exp": 78.86, "adr": 2.0, "amn": 171291.0, "amv": 1354464.0, "amd": 3911.0, "amt": 1920043.0, "tmn": [0, 0, 324, 81, 150, 127, 255, 0, 0, 313, 46, 23, 0, 440, 0, 0, 162, 46, 46, 69, 150], "tmv": [2361, 1265, 4095, 4257, 4381, 4544, 5255, 2753, 1460, 3910, 4355, 4594, 4119, 5128, 2996, 1521, 3915, 2663, 347, 0, 0], "tmd": [0, 0, 24, 0, 0, 0, 12, 0, 0, 47, 0, 0, 0, 12, 0, 0, 12, 0, 12, 0, 0], "wmn": 476, "wmt": 27788, "wmd": 24, "wmv": 11446, "wdn": -42, "wdt": 27, "wdd": -60, "wdv": -57, "tlv": "South Carolina"}