{"loc": "Orleans", "iso": "US", "l1": "United States", "l2": "Vermont", "lvl": 3, "pop": 27037, "key": 13138, "isd": true, "ppd": 35.608000000000004, "med": 38.3, "p65": 15.413, "p70": 9.732000000000001, "hos": 2.77, "exp": 78.86, "adr": 1.0, "amn": 34286.0, "amv": 478369.0, "amd": 259.0, "amt": 2154770.0, "tmn": [295, 1294, 184, 258, 73, 591, 406, 628, 776, 147, 517, 332, 702, 1035, 147, 776, 184, 184, 665, 850, 591], "tmv": [13887, 4118, 6135, 5026, 6980, 8171, 7842, 9493, 9226, 6156, 5181, 6849, 8594, 10257, 10611, 9961, 7133, 5431, 8106, 10192, 12065], "tmd": [0, 0, 0, 0, 0, 0, 0, 0, 0, 0, 0, 0, 0, 0, 0, 0, 0, 0, 0, 0, 0], "wmn": 3403, "wmt": 98978, "wmd": 0, "wmv": 63503, "wdn": -18, "wdt": -10, "wdd": 0, "wdv": 14, "tlv": "Vermont"}