{"loc": "Orenburg Oblast", "iso": "RU", "l1": "Russia", "l2": "Orenburg Oblast", "lvl": 2, "pop": 1977720, "key": 13135, "isd": true, "ppd": 8.823, "med": 39.6, "p65": 14.177999999999999, "p70": 9.392999999999999, "hos": 8.05, "exp": 72.58, "adr": 2.0, "amn": 21338.0, "amv": 127160.0, "amd": 428.0, "amt": 879018.0, "tmn": [42, 43, 41, 41, 41, 41, 40, 39, 39, 41, 38, 37, 36, 34, 35, 37, 37, 36, 34, 33, 32], "tmv": [2101, 1880, 2388, 897, 1104, 2153, 2630, 1345, 2093, 1584, 3195, 480, 2264, 1736, 2720, 2175, 3732, 494, 1114, 1656, 0], "tmd": [3, 2, 2, 2, 1, 3, 4, 4, 3, 2, 2, 2, 4, 3, 3, 3, 3, 3, 2, 3, 4], "wmn": 249, "wmt": 9843, "wmd": 17, "wmv": 11895, "wdn": -8, "wdt": 90, "wdd": 7, "wdv": -6, "tlv": "Russia"}