{"loc": "Orleans", "iso": "US", "l1": "United States", "l2": "New York", "lvl": 3, "pop": 40352, "key": 13137, "isd": true, "ppd": 35.608000000000004, "med": 38.3, "p65": 15.413, "p70": 9.732000000000001, "hos": 2.77, "exp": 78.86, "adr": 2.0, "amn": 84903.0, "amv": 1144139.0, "amd": 2057.0, "amt": 3412356.0, "tmn": [173, 223, 123, 74, 173, 198, 173, 322, 0, 371, 148, 198, 470, 693, 297, 247, 148, 74, 74, 123, 470], "tmv": [3068, 3187, 2953, 1851, 1966, 2813, 2807, 3250, 3257, 2889, 2103, 1988, 3241, 2538, 4249, 2950, 0, 0, 0, 2913, 0], "tmd": [0, 0, 0, 0, 0, 0, 0, 0, 0, 0, 0, 0, 0, 0, 0, 0, 0, 0, 0, 0, 0], "wmn": 1438, "wmt": 48156, "wmd": 0, "wmv": 10114, "wdn": -35, "wdt": -8, "wdd": 0, "wdv": -48, "tlv": "New York"}