{"loc": "Orenburg Oblast", "iso": "RU", "l1": "Russia", "l2": "Orenburg Oblast", "lvl": 2, "pop": 1977720, "key": 13135, "isd": true, "ppd": 8.823, "med": 39.6, "p65": 14.177999999999999, "p70": 9.392999999999999, "hos": 8.05, "exp": 72.58, "adr": 2.0, "amn": 19700.0, "amv": 53572.0, "amd": 346.0, "amt": 791605.0, "tmn": [40, 40, 43, 42, 40, 37, 37, 38, 37, 38, 39, 37, 35, 36, 37, 36, 37, 40, 39, 38, 39], "tmv": [0, 0, 0, 0, 74, 1641, 3572, 1994, 1932, 490, 95, 170, 2424, 1547, 1194, 1309, 407, 0, 0, 0, 0], "tmd": [3, 2, 3, 3, 4, 3, 2, 4, 3, 3, 3, 1, 4, 3, 4, 3, 3, 3, 2, 3, 3], "wmn": 271, "wmt": 0, "wmd": 16, "wmv": 2912, "wdn": 2, "wdt": -100, "wdd": 0, "wdv": -66, "tlv": "Russia"}