{"loc": "Osage", "iso": "US", "l1": "United States", "l2": "Kansas", "lvl": 3, "pop": 15949, "key": 13140, "isd": true, "ppd": 35.608000000000004, "med": 38.3, "p65": 15.413, "p70": 9.732000000000001, "hos": 2.77, "exp": 78.86, "adr": 2.0, "amn": 78814.0, "amv": 854702.0, "amd": 1630.0, "amt": 481396.0, "tmn": [0, 0, 125, 0, 313, 0, 125, 0, 0, 188, 0, 125, 0, 125, 0, 0, 125, 0, 313, 0, 125], "tmv": [10027, 6458, 3608, 3001, 5456, 7305, 8515, 7794, 7192, 5713, 4653, 4699, 5814, 5591, 7265, 6352, 4511, 3409, 5326, 6395, 6671], "tmd": [0, 0, 0, 0, 0, 0, 0, 0, 0, 0, 0, 0, 0, 0, 0, 0, 0, 0, 63, 0, 0], "wmn": 565, "wmt": 3376, "wmd": 63, "wmv": 39934, "wdn": 29, "wdt": -6, "wdd": 0, "wdv": -4, "tlv": "Kansas"}