{"loc": "Osceola", "iso": "US", "l1": "United States", "l2": "Michigan", "lvl": 3, "pop": 23460, "key": 13147, "isd": true, "ppd": 35.608000000000004, "med": 38.3, "p65": 15.413, "p70": 9.732000000000001, "hos": 2.77, "exp": 78.86, "adr": 2.0, "amn": 60102.0, "amv": 511713.0, "amd": 1023.0, "amt": 1172788.0, "tmn": [426, 341, 1023, 426, 0, 554, 170, 767, 724, 341, 639, 0, 767, 383, 1491, 809, 809, 895, 0, 1364, 383], "tmv": [6980, 8171, 7842, 9493, 9226, 6156, 5181, 6849, 8594, 10257, 10611, 9961, 7133, 5431, 8106, 10192, 12065, 12389, 10214, 6477, 4262], "tmd": [0, 0, 0, 0, 0, 0, 0, 0, 0, 0, 0, 0, 0, 43, 0, 0, 0, 0, 0, 0, 0], "wmn": 5755, "wmt": 28663, "wmd": 0, "wmv": 63709, "wdn": 59, "wdt": 8, "wdd": -100, "wdv": 8, "tlv": "Michigan"}