{"loc": "Oscoda", "iso": "US", "l1": "United States", "l2": "Michigan", "lvl": 3, "pop": 8241, "key": 13148, "isd": true, "ppd": 35.608000000000004, "med": 38.3, "p65": 15.413, "p70": 9.732000000000001, "hos": 2.77, "exp": 78.86, "adr": 4.0, "amn": 128989.0, "amv": 1354464.0, "amd": 4975.0, "amt": 1823331.0, "tmn": [0, 0, 2184, 0, 1456, 0, 1213, 0, 0, 1334, 0, 485, 0, 1092, 0, 0, 2305, 0, 728, 0, 1092], "tmv": [2361, 1265, 4095, 4257, 4381, 4544, 5255, 2753, 1460, 3910, 4355, 4594, 4119, 5128, 2996, 1521, 3915, 2663, 347, 0, 0], "tmd": [0, 0, 0, 0, 122, 0, 0, 0, 0, 0, 0, 122, 0, 0, 0, 0, 122, 0, 0, 0, 0], "wmn": 4126, "wmt": 31402, "wmd": 122, "wmv": 11446, "wdn": 42, "wdt": 5, "wdd": 0, "wdv": -57, "tlv": "Michigan"}