{"loc": "Osmanabad", "iso": "IN", "l1": "India", "l2": "Maharashtra", "lvl": 3, "pop": 1660311, "key": 13149, "isd": true, "ppd": 450.41900000000004, "med": 28.2, "p65": 5.989, "p70": 3.4139999999999997, "hos": 0.53, "exp": 69.66, "adr": 3.0, "amn": 10817.0, "amv": 9469.0, "amd": 340.0, "amt": 130843.0, "tmn": [13, 14, 3, 8, 11, 3, 8, 9, 6, 3, 9, 11, 15, 17, 9, 21, 3, 15, 10, 16, 16], "tmv": [259, 26, 323, 255, 293, 353, 335, 61, 0, 0, 246, 238, 478, 437, 281, 178, 245, 350, 332, 507, 0], "tmd": [0, 0, 0, 0, 0, -1, 1, 1, 0, 0, 0, 0, 1, 1, 0, 0, 1, 0, 2, 1, 1], "wmn": 93, "wmt": 4257, "wmd": 4, "wmv": 1897, "wdn": 26, "wdt": 42, "wdd": 67, "wdv": 30, "tlv": "Maharashtra"}