{"loc": "Osage", "iso": "US", "l1": "United States", "l2": "Oklahoma", "lvl": 3, "pop": 46963, "key": 13142, "isd": true, "ppd": 35.608000000000004, "med": 38.3, "p65": 15.413, "p70": 9.732000000000001, "hos": 2.77, "exp": 78.86, "adr": 2.0, "amn": 146434.0, "amv": 1263117.0, "amd": 2662.0, "amt": 1163822.0, "tmn": [0, 0, 0, 0, 0, 0, 1873, 0, 0, 0, 0, 0, 0, 1320, 0, 0, 0, 0, 0, 0, 1064], "tmv": [2661, 3390, 3489, 0, 0, 0, 2411, 3257, 3418, 2659, 2485, 1614, 1945, 2278, 2491, 2890, 2710, 2395, 1993, 2154, 3467], "tmd": [0, 0, 0, 0, 0, 0, 43, 0, 0, 0, 0, 0, 0, 171, 0, 0, 0, 0, 0, 0, -21], "wmn": 1065, "wmt": 3125, "wmd": -21, "wmv": 18105, "wdn": -19, "wdt": -10, "wdd": -112, "wdv": 3, "tlv": "Oklahoma"}