{"loc": "Osage", "iso": "US", "l1": "United States", "l2": "Oklahoma", "lvl": 3, "pop": 46963, "key": 13142, "isd": true, "ppd": 35.608000000000004, "med": 38.3, "p65": 15.413, "p70": 9.732000000000001, "hos": 2.77, "exp": 78.86, "adr": 1.0, "amn": 92903.0, "amv": 160515.0, "amd": 937.0, "amt": 852136.0, "tmn": [361, 723, 596, 660, 468, 915, 276, 276, 574, 596, 638, 361, 596, 212, 191, 298, 404, 319, 596, 255, 106], "tmv": [2448, 3374, 4677, 5132, 5139, 4690, 3336, 1695, 3330, 4023, 4903, 6734, 6595, 3662, 2393, 4746, 4917, 6132, 6772, 6806, 0], "tmd": [0, 0, 0, 0, 0, 0, 0, 0, 22, 0, 0, 22, 0, 0, 0, 22, 0, 0, 0, 43, 22], "wmn": 2172, "wmt": 19548, "wmd": 86, "wmv": 31769, "wdn": -33, "wdt": -29, "wdd": 100, "wdv": 3, "tlv": "Oklahoma"}