{"loc": "Oscoda", "iso": "US", "l1": "United States", "l2": "Michigan", "lvl": 3, "pop": 8241, "key": 13148, "isd": true, "ppd": 35.608000000000004, "med": 38.3, "p65": 15.413, "p70": 9.732000000000001, "hos": 2.77, "exp": 78.86, "adr": 4.0, "amn": 72928.0, "amv": 752032.0, "amd": 2912.0, "amt": 1299704.0, "tmn": [121, 485, 1698, 0, 0, 1213, 606, 849, -364, 970, 364, 0, 606, 0, 121, 485, 242, 121, 0, 606, 970], "tmv": [7615, 10699, 12037, 10893, 10729, 6600, 5484, 7781, 9092, 10242, 10071, 9169, 6395, 4975, 6773, 8259, 8496, 10027, 6458, 3608, 3001], "tmd": [0, 122, 0, 0, 0, 0, 0, 0, 122, 0, 0, 0, 0, 0, 0, 0, 0, 0, 0, 0, 0], "wmn": 2549, "wmt": 28259, "wmd": 0, "wmv": 46626, "wdn": 5, "wdt": -13, "wdd": -100, "wdv": -19, "tlv": "Michigan"}