{"loc": "Osceola", "iso": "US", "l1": "United States", "l2": "Florida", "lvl": 3, "pop": 375751, "key": 13145, "isd": true, "ppd": 35.608000000000004, "med": 38.3, "p65": 15.413, "p70": 9.732000000000001, "hos": 2.77, "exp": 78.86, "adr": 1.0, "amn": 106517.0, "amv": 490759.0, "amd": 1296.0, "amt": 1092051.0, "tmn": [188, 101, 236, 207, 260, 252, 268, 223, 165, 319, 332, 284, 263, 258, 226, 146, 292, 220, 431, 369, 316], "tmv": [4118, 6135, 5026, 6980, 8171, 7842, 9493, 9226, 6156, 5181, 6849, 8594, 10257, 10611, 9961, 7133, 5431, 8106, 10192, 12065, 12389], "tmd": [0, 8, 0, 3, 0, 6, 0, 0, 0, 0, 0, 16, 6, 0, 0, 3, 6, 3, 6, 0, 0], "wmn": 2004, "wmt": 18701, "wmd": 16, "wmv": 65281, "wdn": 9, "wdt": -115, "wdd": -25, "wdv": 15, "tlv": "Florida"}