{"loc": "Oscoda", "iso": "US", "l1": "United States", "l2": "Michigan", "lvl": 3, "pop": 8241, "key": 13148, "isd": true, "ppd": 35.608000000000004, "med": 38.3, "p65": 15.413, "p70": 9.732000000000001, "hos": 2.77, "exp": 78.86, "adr": 4.0, "amn": 95013.0, "amv": 1176126.0, "amd": 3762.0, "amt": 1599784.0, "tmn": [242, 0, 0, 0, 485, 0, 0, 606, 0, 0, 364, 0, 1577, 0, 606, 0, 0, 1334, 0, 1456, 0], "tmv": [4249, 2950, 0, 0, 0, 2913, 2024, 2876, 2739, 2336, 1790, 1886, 2554, 2257, 2903, 2781, 2047, 1978, 1647, 2163, 0], "tmd": [0, 0, 0, 0, 0, 0, 0, 0, 0, 0, 0, 0, 0, 0, 0, 0, 0, 0, 0, 0, 0], "wmn": 3398, "wmt": 26832, "wmd": 0, "wmv": 13523, "wdn": 33, "wdt": 16, "wdd": 0, "wdv": -18, "tlv": "Michigan"}