{"loc": "Otero", "iso": "US", "l1": "United States", "l2": "Colorado", "lvl": 3, "pop": 18278, "key": 13152, "isd": true, "ppd": 35.608000000000004, "med": 38.3, "p65": 15.413, "p70": 9.732000000000001, "hos": 2.77, "exp": 78.86, "adr": 3.0, "amn": 114345.0, "amv": 1008740.0, "amd": 3720.0, "amt": 1583980.0, "tmn": [0, 109, 54, 54, 164, 54, 0, 54, 54, 0, 0, 0, 0, 109, 0, 0, 54, 0, 0, 109, 0], "tmv": [3276, 3244, 2575, 1851, 1965, 1967, 2474, 1554, 2803, 3655, 3299, 2241, 4154, 4949, 1994, 3524, 1923, 0, 0, 1326, 2107], "tmd": [0, 0, 0, 0, 55, 0, 0, 0, 0, 0, 0, 0, 0, 0, -54, 0, 0, 0, 0, 0, 0], "wmn": 165, "wmt": 14223, "wmd": -54, "wmv": 10877, "wdn": -25, "wdt": -9, "wdd": 0, "wdv": -52, "tlv": "Colorado"}