{"loc": "Otero", "iso": "US", "l1": "United States", "l2": "Colorado", "lvl": 3, "pop": 18278, "key": 13152, "isd": true, "ppd": 35.608000000000004, "med": 38.3, "p65": 15.413, "p70": 9.732000000000001, "hos": 2.77, "exp": 78.86, "adr": 3.0, "amn": 110680.0, "amv": 830268.0, "amd": 3611.0, "amt": 1428518.0, "tmn": [0, 54, 328, 328, 711, 54, 164, 109, 437, 492, 328, 328, 109, 54, 54, 109, 273, 273, 54, 164, 218], "tmv": [6395, 4975, 6773, 8259, 8496, 10027, 6458, 3608, 3001, 5456, 7305, 8515, 7794, 7192, 5713, 4653, 4699, 5814, 5591, 7265, 8234], "tmd": [0, 0, 0, 55, 0, 55, 0, 0, 0, 0, 0, 0, 0, 0, 0, 55, 0, 0, 0, 0, 0], "wmn": 1149, "wmt": 34619, "wmd": 55, "wmv": 41972, "wdn": -38, "wdt": 8, "wdd": 0, "wdv": -2, "tlv": "Colorado"}