{"loc": "Oswego", "iso": "US", "l1": "United States", "l2": "New York", "lvl": 3, "pop": 117124, "key": 13151, "isd": true, "ppd": 35.608000000000004, "med": 38.3, "p65": 15.413, "p70": 9.732000000000001, "hos": 2.77, "exp": 78.86, "adr": 1.0, "amn": 63864.0, "amv": 841634.0, "amd": 768.0, "amt": 2784113.0, "tmn": [221, 179, 162, 136, 145, 110, 136, 179, 162, 76, 230, 93, 93, 85, 51, 153, 179, 85, 128, 51, 110], "tmv": [8259, 8496, 10027, 6458, 3608, 3001, 5456, 7305, 8515, 7794, 7192, 5713, 4653, 4699, 5814, 5591, 7265, 6352, 4511, 3409, 5326], "tmd": [0, 0, 0, 0, 0, 0, 0, 0, 0, 0, 0, 0, 0, 0, 0, 0, 0, 0, 0, 0, 0], "wmn": 760, "wmt": 57633, "wmd": 0, "wmv": 38272, "wdn": -18, "wdt": -6, "wdd": 0, "wdv": -17, "tlv": "New York"}