{"loc": "Otero", "iso": "US", "l1": "United States", "l2": "Colorado", "lvl": 3, "pop": 18278, "key": 13152, "isd": true, "ppd": 35.608000000000004, "med": 38.3, "p65": 15.413, "p70": 9.732000000000001, "hos": 2.77, "exp": 78.86, "adr": 3.0, "amn": 115166.0, "amv": 1054363.0, "amd": 3666.0, "amt": 1651768.0, "tmn": [0, 0, 109, 0, 0, 0, 0, 109, 54, 0, 0, 0, 164, 0, 164, 0, 109, 0, 0, 109, 0], "tmv": [1655, 1721, 1666, 1928, 1520, 1539, 740, 1856, 2005, 1821, 2051, 2364, 1193, 1200, 2288, 2155, 2600, 2160, 2477, 1419, 1374], "tmd": [0, 0, 0, 0, 0, 0, 0, 0, 0, 0, 0, 0, 0, 0, 0, 0, 0, 0, 0, 0, 0], "wmn": 383, "wmt": 20793, "wmd": 0, "wmv": 14477, "wdn": 17, "wdt": 20, "wdd": 0, "wdv": 16, "tlv": "Colorado"}