{"loc": "Ottawa", "iso": "US", "l1": "United States", "l2": "Oklahoma", "lvl": 3, "pop": 31127, "key": 13168, "isd": true, "ppd": 35.608000000000004, "med": 38.3, "p65": 15.413, "p70": 9.732000000000001, "hos": 2.77, "exp": 78.86, "adr": 1.0, "amn": 114691.0, "amv": 160515.0, "amd": 1285.0, "amt": 852264.0, "tmn": [706, 514, 578, 128, 771, 192, 128, 257, 257, 417, 192, 514, 128, 128, 289, 224, 224, 385, 514, 128, 160], "tmv": [3374, 4677, 5132, 5139, 4690, 3336, 1695, 3330, 4023, 4903, 6734, 6595, 3662, 2393, 4746, 4917, 6132, 6772, 6806, 0, 0], "tmd": [0, 0, 0, 0, 33, 0, 0, 0, 0, 65, 33, 0, 0, 0, 0, 33, 0, 33, 0, 0, 0], "wmn": 1928, "wmt": 15990, "wmd": 65, "wmv": 29376, "wdn": 2, "wdt": -33, "wdd": -33, "wdv": -7, "tlv": "Oklahoma"}