{"loc": "Ottawa", "iso": "US", "l1": "United States", "l2": "Ohio", "lvl": 3, "pop": 40525, "key": 13167, "isd": true, "ppd": 35.608000000000004, "med": 38.3, "p65": 15.413, "p70": 9.732000000000001, "hos": 2.77, "exp": 78.86, "adr": 2.0, "amn": 144701.0, "amv": 1469622.0, "amd": 2566.0, "amt": 1588639.0, "tmn": [641, 666, 0, 666, 296, 345, 641, 468, 518, 1085, 542, 764, 419, 172, 740, 764, 715, 468, 567, 468, 419], "tmv": [5133, 3959, 70, 3467, 2554, 1688, 4748, 5430, 6005, 6047, 6744, 4092, 2038, 5038, 5187, 5041, 4530, 2968, 283, 0, 0], "tmd": [0, 0, 25, 0, 0, 0, 0, 0, 0, 0, 0, 0, 0, 0, 0, 0, 0, 50, 0, 0, 0], "wmn": 4146, "wmt": 21697, "wmd": 50, "wmv": 18013, "wdn": 4, "wdt": -37, "wdd": 0, "wdv": -49, "tlv": "Ohio"}