{"loc": "Ottawa", "iso": "US", "l1": "United States", "l2": "Michigan", "lvl": 3, "pop": 291830, "key": 13166, "isd": true, "ppd": 35.608000000000004, "med": 38.3, "p65": 15.413, "p70": 9.732000000000001, "hos": 2.77, "exp": 78.86, "adr": 2.0, "amn": 77432.0, "amv": 274237.0, "amd": 1223.0, "amt": 1063595.0, "tmn": [229, 106, 133, 119, 89, 0, 140, 174, 143, 99, 119, 89, 0, 109, 113, 171, 143, 119, 109, 0, 191], "tmv": [0, 3221, 4419, 5606, 5173, 5466, 3298, 2593, 4349, 5491, 6616, 7139, 7375, 5050, 5255, 5793, 6168, 7391, 8814, 7404, 0], "tmd": [0, 0, 11, 0, 0, 0, 0, 0, 0, 11, 0, 7, 0, 0, 4, 4, 7, 4, 0, 0, 0], "wmn": 850, "wmt": 28366, "wmd": 18, "wmv": 40829, "wdn": 15, "wdt": 15, "wdd": 0, "wdv": 6, "tlv": "Michigan"}