{"loc": "Otter Tail", "iso": "US", "l1": "United States", "l2": "Minnesota", "lvl": 3, "pop": 58746, "key": 13169, "isd": true, "ppd": 35.608000000000004, "med": 38.3, "p65": 15.413, "p70": 9.732000000000001, "hos": 2.77, "exp": 78.86, "adr": 1.0, "amn": 109846.0, "amv": 1141226.0, "amd": 1532.0, "amt": 1860851.0, "tmn": [306, 408, 0, 0, 204, 868, 187, 289, 323, 0, 0, 425, 527, 255, 408, 459, 0, 0, 0, 408, 748], "tmv": [3106, 3068, 3187, 2953, 1851, 1966, 2813, 2807, 3250, 3257, 2889, 2103, 1988, 3241, 2538, 4249, 2950, 0, 0, 0, 0], "tmd": [0, 0, 0, 0, 0, 0, 0, 0, 18, 0, 0, 0, 0, 0, 0, 0, 0, 0, 0, 0, 18], "wmn": 2026, "wmt": 20340, "wmd": 18, "wmv": 9740, "wdn": 11, "wdt": -48, "wdd": 0, "wdv": -50, "tlv": "Minnesota"}