{"loc": "Ottawa", "iso": "US", "l1": "United States", "l2": "Michigan", "lvl": 3, "pop": 291830, "key": 13166, "isd": true, "ppd": 35.608000000000004, "med": 38.3, "p65": 15.413, "p70": 9.732000000000001, "hos": 2.77, "exp": 78.86, "adr": 1.0, "amn": 113991.0, "amv": 1054363.0, "amd": 1521.0, "amt": 1462532.0, "tmn": [0, 0, 92, 0, 0, 0, 85, 0, 0, 126, 0, 0, 0, 157, 0, 0, 209, 0, 0, 0, 250], "tmv": [1655, 1721, 1666, 1928, 1520, 1539, 740, 1856, 2005, 1821, 2051, 2364, 1193, 1200, 2288, 2155, 2600, 2160, 2477, 1419, 1374], "tmd": [0, 0, 0, 0, 0, 0, 0, 0, 0, 0, 0, 0, 0, 4, 0, 0, 4, 0, 0, 0, 0], "wmn": 460, "wmt": 9260, "wmd": 4, "wmv": 14477, "wdn": 61, "wdt": 16, "wdd": 0, "wdv": 16, "tlv": "Michigan"}