{"loc": "Ottawa", "iso": "US", "l1": "United States", "l2": "Michigan", "lvl": 3, "pop": 291830, "key": 13166, "isd": true, "ppd": 35.608000000000004, "med": 38.3, "p65": 15.413, "p70": 9.732000000000001, "hos": 2.77, "exp": 78.86, "adr": 1.0, "amn": 112716.0, "amv": 968912.0, "amd": 1508.0, "amt": 1416230.0, "tmn": [54, 58, 78, 0, 82, 37, 44, 34, 34, 37, 0, 41, 27, 27, 17, 27, 0, 0, 17, 6, 44], "tmv": [2452, 4248, 3485, 4157, 3682, 3252, 2518, 2835, 2495, 4865, 3672, 4016, 3766, 3121, 6234, 3276, 3244, 2575, 1851, 1965, 0], "tmd": [0, 0, 11, 0, 0, 11, 0, 0, 0, 0, 0, 0, 7, 4, 4, 0, 0, 0, 0, 14, 4], "wmn": 114, "wmt": 11146, "wmd": 21, "wmv": 19149, "wdn": -44, "wdt": -13, "wdd": 100, "wdv": -23, "tlv": "Michigan"}