{"loc": "Ottawa", "iso": "US", "l1": "United States", "l2": "Michigan", "lvl": 3, "pop": 291830, "key": 13166, "isd": true, "ppd": 35.608000000000004, "med": 38.3, "p65": 15.413, "p70": 9.732000000000001, "hos": 2.77, "exp": 78.86, "adr": 1.0, "amn": 182928.0, "amv": 1476857.0, "amd": 2087.0, "amt": 1942379.0, "tmn": [0, 0, 0, 0, 3101, 0, 2621, 0, 2840, 0, 0, 1936, 0, 2062, 0, 1284, 0, 0, 2021, 0, 1216], "tmv": [70, 3476, 2565, 1693, 4764, 5451, 6033, 6077, 6801, 4120, 2054, 5104, 5248, 5184, 4986, 5175, 2683, 957, 367, 0, 0], "tmd": [0, 0, 0, 0, 18, 0, 35, 0, 4, 0, 0, 21, 0, 55, 0, 11, 0, 0, 7, 0, 31], "wmn": 4524, "wmt": 33466, "wmd": 48, "wmv": 14171, "wdn": -34, "wdt": -36, "wdd": -39, "wdv": -59, "tlv": "Michigan"}