{"loc": "Ouachita", "iso": "US", "l1": "United States", "l2": "Louisiana", "lvl": 3, "pop": 153279, "key": 13171, "isd": true, "ppd": 35.608000000000004, "med": 38.3, "p65": 15.413, "p70": 9.732000000000001, "hos": 2.77, "exp": 78.86, "adr": 2.0, "amn": 203707.0, "amv": 1236688.0, "amd": 3771.0, "amt": 2044766.0, "tmn": [2400, 554, 411, 352, 397, 0, 0, 711, 502, 593, 326, 326, 0, 0, 554, 593, 339, 300, 169, 0, 0], "tmv": [1671, 0, 0, 2784, 2570, 2833, 3777, 2988, 2423, 2905, 2661, 3390, 3489, 0, 0, 0, 2411, 3257, 3418, 2659, 0], "tmd": [27, 0, 14, 33, 7, 0, 0, 14, 7, 0, 0, 14, 0, 0, 14, 7, 0, 14, 0, 0, 0], "wmn": 1958, "wmt": 29042, "wmd": 33, "wmv": 11747, "wdn": -20, "wdt": -12, "wdd": 0, "wdv": -34, "tlv": "Louisiana"}