{"loc": "Ouachita", "iso": "US", "l1": "United States", "l2": "Arkansas", "lvl": 3, "pop": 23382, "key": 13170, "isd": true, "ppd": 35.608000000000004, "med": 38.3, "p65": 15.413, "p70": 9.732000000000001, "hos": 2.77, "exp": 78.86, "adr": 2.0, "amn": 94945.0, "amv": 233408.0, "amd": 2181.0, "amt": 895484.0, "tmn": [513, 555, 299, 555, 171, 42, 85, 171, 0, 128, 42, 0, 0, 384, 85, 256, 85, 85, 2694, 85, 42], "tmv": [4746, 4917, 6132, 6772, 6806, 0, 0, 3221, 4419, 5606, 5173, 5466, 3298, 2593, 4349, 5491, 6616, 7139, 7375, 5050, 0], "tmd": [0, 43, 0, 0, 43, 43, 0, 0, 0, 0, 0, 0, 0, 0, 0, 0, 43, 0, 0, 0, 0], "wmn": 3336, "wmt": 30671, "wmd": 43, "wmv": 36022, "wdn": 359, "wdt": 344, "wdd": 0, "wdv": 21, "tlv": "Arkansas"}