{"loc": "Outagamie", "iso": "US", "l1": "United States", "l2": "Wisconsin", "lvl": 3, "pop": 187885, "key": 13187, "isd": true, "ppd": 35.608000000000004, "med": 38.3, "p65": 15.413, "p70": 9.732000000000001, "hos": 2.77, "exp": 78.86, "adr": 1.0, "amn": 116912.0, "amv": 290534.0, "amd": 1112.0, "amt": 1226462.0, "tmn": [154, 106, 175, 202, 69, 207, 324, 202, 260, 186, 106, 95, 207, 255, 244, 117, 117, 69, 175, 180, 324], "tmv": [5606, 5173, 5466, 3298, 2593, 4349, 5491, 6616, 7139, 7375, 5050, 5255, 5793, 6168, 7391, 8814, 7404, 5275, 4864, 6157, 0], "tmd": [11, 0, 0, 0, 6, 6, 11, 0, 11, 0, 0, 6, 6, 0, 0, 0, 0, 0, 0, 0, 0], "wmn": 1230, "wmt": 22749, "wmd": 0, "wmv": 39909, "wdn": -6, "wdt": -28, "wdd": -100, "wdv": -8, "tlv": "Wisconsin"}