{"loc": "Overton", "iso": "US", "l1": "United States", "l2": "Tennessee", "lvl": 3, "pop": 22241, "key": 13189, "isd": true, "ppd": 35.608000000000004, "med": 38.3, "p65": 15.413, "p70": 9.732000000000001, "hos": 2.77, "exp": 78.86, "adr": 2.0, "amn": 129670.0, "amv": 298070.0, "amd": 2608.0, "amt": 1016873.0, "tmn": [224, 179, 89, 89, 224, 89, 134, 269, 0, 0, 0, 134, 179, 314, 134, 89, 134, 224, 89, 134, 179], "tmv": [5173, 5466, 3298, 2593, 4349, 5491, 6616, 7139, 7375, 5050, 5255, 5793, 6168, 7391, 8814, 7404, 5275, 4864, 6157, 7535, 0], "tmd": [0, 0, 0, 0, 0, 0, 0, 0, 0, 0, 0, 0, 0, 45, 0, 0, 0, 0, 0, 0, 0], "wmn": 990, "wmt": 12860, "wmd": 0, "wmv": 40053, "wdn": 10, "wdt": -498, "wdd": -100, "wdv": -9, "tlv": "Tennessee"}