{"loc": "Outagamie", "iso": "US", "l1": "United States", "l2": "Wisconsin", "lvl": 3, "pop": 187885, "key": 13187, "isd": true, "ppd": 35.608000000000004, "med": 38.3, "p65": 15.413, "p70": 9.732000000000001, "hos": 2.77, "exp": 78.86, "adr": 1.0, "amn": 127120.0, "amv": 966947.0, "amd": 1283.0, "amt": 1538357.0, "tmn": [58, 37, 42, 0, 0, 63, 26, 26, 15, 0, 0, 0, 42, -5, -5, 0, -5, 0, 0, -5, 15], "tmv": [1543, 2452, 4248, 3485, 4157, 3682, 3252, 2518, 2835, 2495, 4865, 3672, 4016, 3766, 3121, 6234, 3276, 3244, 2575, 1851, 0], "tmd": [6, 6, 6, 0, 0, 6, 11, 0, 6, 0, 0, 0, 0, 6, 6, 0, 0, 0, 0, 6, 0], "wmn": 0, "wmt": 10891, "wmd": 11, "wmv": 20305, "wdn": -100, "wdt": -10, "wdd": 0, "wdv": -16, "tlv": "Wisconsin"}