{"loc": "Overton", "iso": "US", "l1": "United States", "l2": "Tennessee", "lvl": 3, "pop": 22241, "key": 13189, "isd": true, "ppd": 35.608000000000004, "med": 38.3, "p65": 15.413, "p70": 9.732000000000001, "hos": 2.77, "exp": 78.86, "adr": 2.0, "amn": 146936.0, "amv": 1086287.0, "amd": 2833.0, "amt": 1278033.0, "tmn": [134, 89, 0, 0, 404, 89, 89, 449, 224, 0, 0, 674, 449, 359, 584, 359, 0, 0, 1978, 539, 449], "tmv": [2155, 2600, 2160, 2477, 1419, 1374, 2201, 2622, 2492, 2548, 2348, 1615, 1875, 1986, 1986, 2786, 3007, 2017, 2605, 1830, 0], "tmd": [0, 0, 0, 0, 0, 0, 0, 0, 0, 0, 0, 0, 45, 0, 0, 0, 0, 0, 0, 0, 0], "wmn": 3912, "wmt": 20797, "wmd": 0, "wmv": 14234, "wdn": 81, "wdt": 23, "wdd": -100, "wdv": -8, "tlv": "Tennessee"}