{"loc": "Pacific", "iso": "US", "l1": "United States", "l2": "Washington", "lvl": 3, "pop": 22471, "key": 13199, "isd": true, "ppd": 35.608000000000004, "med": 38.3, "p65": 15.413, "p70": 9.732000000000001, "hos": 2.77, "exp": 78.86, "adr": 2.0, "amn": 84420.0, "amv": 1393875.0, "amd": 1558.0, "amt": 1307786.0, "tmn": [267, 0, 445, 0, 0, 445, 89, 222, 44, 133, 0, 0, 267, 133, 0, 0, 0, 0, 0, 489, 89], "tmv": [4933, 4463, 5576, 3317, 1660, 4353, 4663, 4819, 4832, 5563, 3334, 1728, 4724, 4234, 2965, 50, 2434, 1138, 149, 0, 0], "tmd": [0, 0, 45, 0, 0, 0, 0, 0, 0, 0, 0, 0, 0, 0, 0, 0, 0, 0, 0, 0, 45], "wmn": 579, "wmt": 0, "wmd": 45, "wmv": 6738, "wdn": -28, "wdt": -100, "wdd": 0, "wdv": -77, "tlv": "Washington"}