{"loc": "Owen", "iso": "US", "l1": "United States", "l2": "Indiana", "lvl": 3, "pop": 20799, "key": 13190, "isd": true, "ppd": 35.608000000000004, "med": 38.3, "p65": 15.413, "p70": 9.732000000000001, "hos": 2.77, "exp": 78.86, "adr": 3.0, "amn": 109621.0, "amv": 1059187.0, "amd": 2837.0, "amt": 1680117.0, "tmn": [240, 0, 0, 769, 96, 144, 336, 48, 0, 0, 576, 192, 144, 432, 432, 0, 0, 673, 288, 288, 336], "tmv": [1666, 1928, 1520, 1539, 740, 1856, 2005, 1821, 2051, 2364, 1193, 1200, 2288, 2155, 2600, 2160, 2477, 1419, 1374, 2201, 2622], "tmd": [0, 0, 0, 0, 0, 49, 0, 0, 0, 0, 0, 0, 0, 0, 0, 0, 0, 0, 0, 0, 0], "wmn": 2020, "wmt": 19190, "wmd": 0, "wmv": 14857, "wdn": 45, "wdt": 25, "wdd": 0, "wdv": 14, "tlv": "Indiana"}