{"loc": "Page", "iso": "US", "l1": "United States", "l2": "Iowa", "lvl": 3, "pop": 15107, "key": 13200, "isd": true, "ppd": 35.608000000000004, "med": 38.3, "p65": 15.413, "p70": 9.732000000000001, "hos": 2.77, "exp": 78.86, "adr": 1.0, "amn": 129145.0, "amv": 1026653.0, "amd": 1456.0, "amt": 477368.0, "tmn": [0, 0, 0, 0, 0, 0, 0, 0, 264, 0, 0, 0, 0, 0, 0, 132, 0, 0, 0, 0, 0], "tmv": [2241, 4154, 4949, 1994, 3524, 1923, 0, 0, 1326, 2107, 1883, 1818, 1779, 1363, 1036, 1655, 1721, 1666, 1928, 1520, 1539], "tmd": [0, 0, 0, 0, 0, 0, 0, 0, 0, 0, 0, 0, 0, 0, 0, 0, 0, 0, 0, 0, 0], "wmn": 133, "wmt": 1302, "wmd": 0, "wmv": 11069, "wdn": -50, "wdt": 21, "wdd": 0, "wdv": 8, "tlv": "Iowa"}