{"loc": "Page", "iso": "US", "l1": "United States", "l2": "Iowa", "lvl": 3, "pop": 15107, "key": 13200, "isd": true, "ppd": 35.608000000000004, "med": 38.3, "p65": 15.413, "p70": 9.732000000000001, "hos": 2.77, "exp": 78.86, "adr": 1.0, "amn": 108758.0, "amv": 167606.0, "amd": 1125.0, "amt": 409922.0, "tmn": [66, 1125, 264, 132, 595, 198, 330, 264, 198, 132, 0, 132, 0, 132, 595, 2316, 2250, 66, 1257, 0, 0], "tmv": [4677, 5132, 5139, 4690, 3336, 1695, 3330, 4023, 4903, 6734, 6595, 3662, 2393, 4746, 4917, 6132, 6772, 6806, 0, 0, 0], "tmd": [0, 0, 67, 67, 0, 0, 0, 0, 0, 0, 0, 0, 0, 0, 0, 0, 0, 0, 0, 0, 0], "wmn": 6488, "wmt": 6341, "wmd": 0, "wmv": 24629, "wdn": 654, "wdt": 52, "wdd": 0, "wdv": -25, "tlv": "Iowa"}