{"loc": "Palakkad", "iso": "IN", "l1": "India", "l2": "Kerala", "lvl": 3, "pop": 2810892, "key": 13206, "isd": true, "ppd": 450.41900000000004, "med": 28.2, "p65": 5.989, "p70": 3.4139999999999997, "hos": 0.53, "exp": 69.66, "adr": 0.0, "amn": 41362.0, "amv": 125987.0, "amd": 84.0, "amt": 483828.0, "tmn": [398, 540, 614, 537, 647, 477, 736, 683, 857, 808, 889, 688, 615, 1106, 907, 1049, 1055, 1144, 1024, 817, 1052], "tmv": [0, 2252, 0, 0, 0, 2420, 1705, 1575, 1605, 1977, 1179, 424, 1355, 1209, 1580, 1936, 1874, 1669, 587, 2024, 2002], "tmd": [0, 0, 1, 0, 0, 0, 0, 1, 0, 0, 6, 0, 0, 0, 0, 0, 2, 0, 0, 5, 4], "wmn": 7052, "wmt": 27308, "wmd": 10, "wmv": 11676, "wdn": 25, "wdt": 3, "wdd": 59, "wdv": 25, "tlv": "Kerala"}