{"loc": "Palo Pinto", "iso": "US", "l1": "United States", "l2": "Texas", "lvl": 3, "pop": 29189, "key": 13213, "isd": true, "ppd": 35.608000000000004, "med": 38.3, "p65": 15.413, "p70": 9.732000000000001, "hos": 2.77, "exp": 78.86, "adr": 2.0, "amn": 110144.0, "amv": 1074040.0, "amd": 2706.0, "amt": 962367.0, "tmn": [68, 0, 0, 582, 308, 205, 205, 308, 0, 0, 650, 34, 513, 959, 616, 0, 0, 1267, 925, 616, 171], "tmv": [2051, 2364, 1193, 1200, 2288, 2155, 2600, 2160, 2477, 1419, 1374, 2201, 2622, 2492, 2548, 2348, 1615, 1875, 1986, 1986, 0], "tmd": [0, 0, 0, 0, 0, 0, 0, 0, 0, 0, 35, 0, 0, 0, 0, 0, 0, 0, 0, 0, 0], "wmn": 3598, "wmt": 18205, "wmd": 0, "wmv": 12361, "wdn": 46, "wdt": 2, "wdd": -100, "wdv": -16, "tlv": "Texas"}