{"loc": "Pamlico", "iso": "US", "l1": "United States", "l2": "North Carolina", "lvl": 3, "pop": 12726, "key": 13215, "isd": true, "ppd": 35.608000000000004, "med": 38.3, "p65": 15.413, "p70": 9.732000000000001, "hos": 2.77, "exp": 78.86, "adr": 1.0, "amn": 137199.0, "amv": 1354464.0, "amd": 2043.0, "amt": 1662089.0, "tmn": [0, 0, 628, 78, 392, 78, 157, 0, 0, 157, 78, 0, 0, 0, 0, 0, 0, 0, 157, 392, 0], "tmv": [2361, 1265, 4095, 4257, 4381, 4544, 5255, 2753, 1460, 3910, 4355, 4594, 4119, 5128, 2996, 1521, 3915, 2663, 347, 0, 0], "tmd": [0, 0, 0, 0, 0, 0, 0, 0, 0, 0, 0, 0, 0, 0, 0, 0, 0, 0, 0, 0, 0], "wmn": 551, "wmt": 23415, "wmd": 0, "wmv": 11446, "wdn": 133, "wdt": 37, "wdd": 0, "wdv": -57, "tlv": "North Carolina"}