{"loc": "Panchkula", "iso": "IN", "l1": "India", "l2": "Haryana", "lvl": 3, "pop": 558890, "key": 13217, "isd": true, "ppd": 450.41900000000004, "med": 28.2, "p65": 5.989, "p70": 3.4139999999999997, "hos": 0.53, "exp": 69.66, "adr": 1.0, "amn": 24953.0, "amv": 63099.0, "amd": 276.0, "amt": 227702.0, "tmn": [107, 82, 297, 152, 166, 139, 159, 169, 207, 234, 271, 302, 153, 182, 166, 284, 327, 146, 357, 221, 302], "tmv": [1506, 1591, 1973, 1840, 334, 2484, 1700, 1669, 1709, 1887, 1565, 188, 422, 1406, 1495, 2660, 3090, 2119, 2264, 2902, 2874], "tmd": [0, 0, 0, 0, 2, 0, 0, 0, 0, 4, 4, 0, 0, 0, 0, 0, 0, 0, 0, 0, 0], "wmn": 1808, "wmt": 6700, "wmd": 0, "wmv": 17409, "wdn": 19, "wdt": 30, "wdd": -100, "wdv": 97, "tlv": "Haryana"}