{"loc": "Paraguay", "iso": "PY", "l1": "Paraguay", "l2": "0", "lvl": 1, "pop": 7132530, "key": 13226, "isd": true, "ppd": 17.144000000000002, "med": 26.5, "p65": 6.377999999999999, "p70": 3.833, "hos": 1.3, "exp": 74.25, "adr": 3.0, "amn": 62568.0, "amv": 126534.0, "amd": 2018.0, "amt": 224394.0, "tmn": [237, 240, 185, 171, 168, 159, 207, 201, 205, 176, 154, 153, 146, 158, 162, 161, 164, 147, 79, 80, 98], "tmv": [2145, 208, 127, 3989, 4718, 3486, 3687, 3444, 209, 118, 11, 2, 343, 1948, 1124, 2589, 2969, 90, 24, 0, 0], "tmd": [19, 18, 16, 16, 16, 15, 15, 13, 12, 11, 9, 8, 7, 8, 8, 8, 9, 8, 9, 8, 8], "wmn": 894, "wmt": 845, "wmd": 53, "wmv": 6798, "wdn": -25, "wdt": -85, "wdd": -18, "wdv": 12, "tlv": "Paraguay"}