{"loc": "Panna", "iso": "IN", "l1": "India", "l2": "Madhya Pradesh", "lvl": 3, "pop": 1016028, "key": 13220, "isd": true, "ppd": 450.41900000000004, "med": 28.2, "p65": 5.989, "p70": 3.4139999999999997, "hos": 0.53, "exp": 69.66, "adr": 1.0, "amn": 6400.0, "amv": 129247.0, "amd": 34.0, "amt": 100545.0, "tmn": [194, 125, 191, 184, 241, 189, 194, 185, 177, 245, 145, 189, 140, 145, 136, 137, 124, 110, 93, 91, 90], "tmv": [0, 0, 0, 2420, 1705, 1575, 1605, 1977, 1179, 424, 1355, 1209, 1580, 1936, 1874, 1669, 587, 2024, 2002, 1581, 1678], "tmd": [0, 2, 0, 3, 1, 0, 1, 1, 2, 1, 1, 0, 0, 0, 1, 0, 2, 2, 1, 2, 2], "wmn": 786, "wmt": 5337, "wmd": 10, "wmv": 11419, "wdn": -36, "wdt": 4, "wdd": 100, "wdv": 18, "tlv": "Madhya Pradesh"}