{"loc": "Paraguay", "iso": "PY", "l1": "Paraguay", "l2": "0", "lvl": 1, "pop": 7132530, "key": 13226, "isd": true, "ppd": 17.144000000000002, "med": 26.5, "p65": 6.377999999999999, "p70": 3.833, "hos": 1.3, "exp": 74.25, "adr": 3.0, "amn": 64362.0, "amv": 574226.0, "amd": 2246.0, "amt": 248952.0, "tmn": [17, 17, 19, 15, 15, 18, 20, 12, 3, 8, 6, 16, 10, 12, 14, 11, 6, 0, 0, 18, 11], "tmv": [2037, 1490, 116, 7, 1271, 1643, 2456, 6558, 7350, 82, 2, 3132, 3158, 3371, 260, 613, 882, 0, 0, 0, 0], "tmd": [3, 3, 4, 3, 4, 3, 3, 3, 4, 4, 4, 3, 4, 3, 6, 7, 4, 0, 0, 0, 19], "wmn": 63, "wmt": 0, "wmd": 33, "wmv": 1758, "wdn": -10, "wdt": -100, "wdd": 55, "wdv": -93, "tlv": "Paraguay"}