{"loc": "Panola", "iso": "US", "l1": "United States", "l2": "Mississippi", "lvl": 3, "pop": 34192, "key": 13221, "isd": true, "ppd": 35.608000000000004, "med": 38.3, "p65": 15.413, "p70": 9.732000000000001, "hos": 2.77, "exp": 78.86, "adr": 2.0, "amn": 178346.0, "amv": 1170335.0, "amd": 3627.0, "amt": 802208.0, "tmn": [614, 1082, 2222, 1491, 0, 0, 2076, 263, 643, 731, 731, 0, 0, 1550, 1111, 1111, 584, 438, 0, 0, 789], "tmv": [1988, 3241, 2538, 4249, 2950, 0, 0, 0, 2913, 2024, 2876, 2739, 2336, 1790, 1886, 2554, 2257, 2903, 2781, 2047, 0], "tmd": [0, 30, 0, 0, 0, 0, 0, 0, 0, 0, 59, 0, 0, 59, 88, 0, 30, 30, 0, 0, 0], "wmn": 4037, "wmt": 12824, "wmd": 147, "wmv": 14431, "wdn": 3, "wdt": -14, "wdd": 25, "wdv": -2, "tlv": "Mississippi"}