{"loc": "Paraguay", "iso": "PY", "l1": "Paraguay", "l2": "0", "lvl": 1, "pop": 7132530, "key": 13226, "isd": true, "ppd": 17.144000000000002, "med": 26.5, "p65": 6.377999999999999, "p70": 3.833, "hos": 1.3, "exp": 74.25, "adr": 4.0, "amn": 64454.0, "amv": 617063.0, "amd": 2263.0, "amt": 254612.0, "tmn": [14, 11, 6, 5, 5, 7, 11, 9, 0, 10, 7, 11, 7, 0, 18, 0, 7, 5, 6, 0, 7], "tmv": [260, 613, 882, 0, 0, 0, 0, 0, 0, 0, 0, 0, 0, 0, 0, 0, 0, 0, 0, 0, 0], "tmd": [6, 23, 1, 1, 2, 1, 2, 2, 0, 10, 1, 2, 1, 0, 1, 0, 1, 1, 1, 0, 1], "wmn": 47, "wmt": 1230, "wmd": 4, "wmv": 0, "wdn": 0, "wdt": -44, "wdd": -74, "wdv": 0, "tlv": "Paraguay"}