{"loc": "Panola", "iso": "US", "l1": "United States", "l2": "Texas", "lvl": 3, "pop": 23194, "key": 13222, "isd": true, "ppd": 35.608000000000004, "med": 38.3, "p65": 15.413, "p70": 9.732000000000001, "hos": 2.77, "exp": 78.86, "adr": 4.0, "amn": 62904.0, "amv": 170827.0, "amd": 2544.0, "amt": 648738.0, "tmn": [948, 301, 43, 431, 172, 560, 344, 388, 431, 0, 603, 258, 172, 344, 172, 172, 388, 43, 258, 388, 215], "tmv": [5132, 5139, 4690, 3336, 1695, 3330, 4023, 4903, 6734, 6595, 3662, 2393, 4746, 4917, 6132, 6772, 6806, 0, 0, 3221, 0], "tmd": [0, 0, 0, 0, 0, 44, 0, 44, 87, 44, 0, 44, 0, 0, 44, 0, 0, 0, 0, 0, 44], "wmn": 1639, "wmt": 10501, "wmd": 87, "wmv": 22933, "wdn": -25, "wdt": -54, "wdd": -60, "wdv": -32, "tlv": "Texas"}