{"loc": "Park", "iso": "US", "l1": "United States", "l2": "Colorado", "lvl": 3, "pop": 18845, "key": 13230, "isd": true, "ppd": 35.608000000000004, "med": 38.3, "p65": 15.413, "p70": 9.732000000000001, "hos": 2.77, "exp": 78.86, "adr": 1.0, "amn": 73494.0, "amv": 1250395.0, "amd": 425.0, "amt": 2052943.0, "tmn": [0, 795, 477, 1114, 636, 318, 0, 0, 1432, 530, 424, 424, 159, 0, 0, 1008, 53, 849, 1114, 636, 0], "tmv": [3777, 2988, 2423, 2905, 2661, 3390, 3489, 0, 0, 0, 2411, 3257, 3418, 2659, 2485, 1614, 1945, 2278, 2491, 2890, 0], "tmd": [0, 0, 0, 0, 0, 0, 0, 0, 0, 0, 54, 0, 0, 0, 0, 0, 0, 0, 0, 0, 0], "wmn": 3662, "wmt": 36843, "wmd": 0, "wmv": 13708, "wdn": 23, "wdt": -5, "wdd": -100, "wdv": 17, "tlv": "Colorado"}