{"loc": "Park", "iso": "US", "l1": "United States", "l2": "Colorado", "lvl": 3, "pop": 18845, "key": 13230, "isd": true, "ppd": 35.608000000000004, "med": 38.3, "p65": 15.413, "p70": 9.732000000000001, "hos": 2.77, "exp": 78.86, "adr": 1.0, "amn": 78854.0, "amv": 1283911.0, "amd": 531.0, "amt": 2093049.0, "tmn": [530, 424, 424, 159, 0, 0, 1008, 53, 849, 1114, 636, 0, 0, 955, 689, 955, 477, 689, 0, 0, 1591], "tmv": [2626, 2552, 2575, 2955, 1399, 770, 2354, 2306, 2307, 2345, 3781, 2315, 1328, 4158, 4126, 4122, 3797, 3784, 1119, 91, 0], "tmd": [0, 54, 0, 0, 0, 0, 0, 0, 0, 0, 0, 0, 0, 0, 54, 0, 54, 0, 0, 0, 0], "wmn": 4405, "wmt": 40106, "wmd": 107, "wmv": 17042, "wdn": 22, "wdt": 9, "wdd": 0, "wdv": -8, "tlv": "Colorado"}