{"loc": "Park", "iso": "US", "l1": "United States", "l2": "Montana", "lvl": 3, "pop": 16606, "key": 13231, "isd": true, "ppd": 35.608000000000004, "med": 38.3, "p65": 15.413, "p70": 9.732000000000001, "hos": 2.77, "exp": 78.86, "adr": 1.0, "amn": 98398.0, "amv": 1121684.0, "amd": 1385.0, "amt": 1516879.0, "tmn": [120, 481, 602, -60, 0, 0, 361, 662, 421, 722, 602, 0, 0, 421, 843, 120, 240, 301, 0, 0, 240], "tmv": [1875, 1986, 1986, 2786, 3007, 2017, 2605, 1830, 2139, 3106, 3068, 3187, 2953, 1851, 1966, 2813, 2807, 3250, 3257, 2889, 2103], "tmd": [0, 0, 0, 0, 0, 0, 0, 0, 0, 61, 0, 0, 0, 0, 61, 0, 0, 0, 0, 0, 0], "wmn": 1747, "wmt": 29807, "wmd": 61, "wmv": 19089, "wdn": -38, "wdt": 5, "wdd": 0, "wdv": 5, "tlv": "Montana"}