{"loc": "Park", "iso": "US", "l1": "United States", "l2": "Colorado", "lvl": 3, "pop": 18845, "key": 13230, "isd": true, "ppd": 35.608000000000004, "med": 38.3, "p65": 15.413, "p70": 9.732000000000001, "hos": 2.77, "exp": 78.86, "adr": 1.0, "amn": 45529.0, "amv": 1029249.0, "amd": 265.0, "amt": 1618142.0, "tmn": [53, 0, 0, 0, 0, 53, 106, 106, 106, 106, 159, 106, -53, 53, 53, 159, 0, 0, 53, 159, 159], "tmv": [1994, 3524, 1923, 0, 0, 1326, 2107, 1883, 1818, 1779, 1363, 1036, 1655, 1721, 1666, 1928, 1520, 1539, 740, 1856, 0], "tmd": [0, 0, 0, 0, 0, 0, 0, 0, 0, 0, 0, 0, 0, 0, 0, 0, 0, 0, 0, 0, 0], "wmn": 584, "wmt": 16162, "wmd": 0, "wmv": 9252, "wdn": 0, "wdt": -10, "wdd": 0, "wdv": -18, "tlv": "Colorado"}