{"loc": "Park", "iso": "US", "l1": "United States", "l2": "Montana", "lvl": 3, "pop": 16606, "key": 13231, "isd": true, "ppd": 35.608000000000004, "med": 38.3, "p65": 15.413, "p70": 9.732000000000001, "hos": 2.77, "exp": 78.86, "adr": 1.0, "amn": 77141.0, "amv": 720439.0, "amd": 1144.0, "amt": 1217374.0, "tmn": [361, 0, 120, 361, 120, 0, 421, 301, 60, 0, 0, 240, 180, 782, 60, 180, 481, 180, 0, 0, 301], "tmv": [12013, 14052, 10864, 8027, 7863, 7615, 10699, 12037, 10893, 10729, 6600, 5484, 7781, 9092, 10242, 10071, 9169, 6395, 4975, 6773, 8259], "tmd": [61, 0, 0, 0, 0, 0, 0, 0, 0, 61, 0, 0, 61, 0, 0, 0, 0, 0, 0, 0, 0], "wmn": 1205, "wmt": 21449, "wmd": 0, "wmv": 55887, "wdn": -23, "wdt": 5, "wdd": -100, "wdv": -11, "tlv": "Montana"}