{"loc": "Parke", "iso": "US", "l1": "United States", "l2": "Indiana", "lvl": 3, "pop": 16937, "key": 13233, "isd": true, "ppd": 35.608000000000004, "med": 38.3, "p65": 15.413, "p70": 9.732000000000001, "hos": 2.77, "exp": 78.86, "adr": 1.0, "amn": 82777.0, "amv": 279512.0, "amd": 945.0, "amt": 1226231.0, "tmn": [118, 0, 59, 59, 118, 59, 59, 295, 0, 118, 118, 236, 59, 0, 59, 354, 59, 59, 0, 0, 0], "tmv": [3221, 4419, 5606, 5173, 5466, 3298, 2593, 4349, 5491, 6616, 7139, 7375, 5050, 5255, 5793, 6168, 7391, 8814, 7404, 5275, 0], "tmd": [0, 0, 0, 0, 0, 0, 0, 0, 0, 0, 0, 60, 0, 0, 0, 0, 0, 0, 0, 0, 0], "wmn": 532, "wmt": 29581, "wmd": 0, "wmv": 40849, "wdn": -36, "wdt": -17, "wdd": -100, "wdv": -1, "tlv": "Indiana"}