{"loc": "Pasco", "iso": "US", "l1": "United States", "l2": "Florida", "lvl": 3, "pop": 553947, "key": 13238, "isd": true, "ppd": 35.608000000000004, "med": 38.3, "p65": 15.413, "p70": 9.732000000000001, "hos": 2.77, "exp": 78.86, "adr": 2.0, "amn": 66409.0, "amv": 490759.0, "amd": 1258.0, "amt": 1092051.0, "tmn": [160, 104, 162, 167, 140, 175, 202, 158, 66, 214, 164, 265, 240, 229, 151, 131, 213, 227, 216, 241, 256], "tmv": [4118, 6135, 5026, 6980, 8171, 7842, 9493, 9226, 6156, 5181, 6849, 8594, 10257, 10611, 9961, 7133, 5431, 8106, 10192, 12065, 12389], "tmd": [2, -1, 0, 10, 6, 2, 0, 2, 0, -1, 2, 2, 10, 0, 0, 0, 10, 0, 2, 8, 0], "wmn": 1439, "wmt": 18701, "wmd": 19, "wmv": 65281, "wdn": 7, "wdt": -115, "wdd": 43, "wdv": 15, "tlv": "Florida"}