{"loc": "Pathankot", "iso": "IN", "l1": "India", "l2": "Punjab", "lvl": 3, "pop": 626154, "key": 13244, "isd": true, "ppd": 450.41900000000004, "med": 28.2, "p65": 5.989, "p70": 3.4139999999999997, "hos": 0.53, "exp": 69.66, "adr": 3.0, "amn": 9381.0, "amv": 5988.0, "amd": 260.0, "amt": 156234.0, "tmn": [1, 7, -1, 6, 3, 1, 1, 1, 0, 0, 1, 1, 1, 3, 3, 6, 3, 4, 0, 0, 9], "tmv": [24, 295, 4, 236, 414, 414, 177, 10, 138, 136, 225, 369, 331, 259, 26, 323, 255, 293, 353, 335, 214], "tmd": [0, 0, 0, 0, 0, 0, 0, 0, 0, 0, 0, 0, 0, 0, 0, 0, 0, 0, 0, 0, 0], "wmn": 28, "wmt": 4385, "wmd": 0, "wmv": 1804, "wdn": 183, "wdt": 16, "wdd": 0, "wdv": 23, "tlv": "Punjab"}