{"loc": "Passaic", "iso": "US", "l1": "United States", "l2": "New Jersey", "lvl": 3, "pop": 501826, "key": 13241, "isd": true, "ppd": 35.608000000000004, "med": 38.3, "p65": 15.413, "p70": 9.732000000000001, "hos": 2.77, "exp": 78.86, "adr": 2.0, "amn": 158744.0, "amv": 1187231.0, "amd": 3966.0, "amt": 1760651.0, "tmn": [257, 290, 203, 153, 103, 261, 229, 306, 261, 171, 241, 139, 253, 215, 263, 259, 135, 87, 153, 103, 193], "tmv": [2024, 2876, 2739, 2336, 1790, 1886, 2554, 2257, 2903, 2781, 2047, 1978, 1647, 2163, 995, 2262, 2445, 2251, 1671, 1480, 0], "tmd": [0, 2, 2, 0, 6, 0, 4, 2, 2, 2, 2, 0, 8, 0, 2, 2, 2, 0, 2, 0, 6], "wmn": 1196, "wmt": 20829, "wmd": 14, "wmv": 11106, "wdn": -25, "wdt": 70, "wdd": -12, "wdv": -30, "tlv": "New Jersey"}