{"loc": "Patna", "iso": "IN", "l1": "India", "l2": "Bihar", "lvl": 3, "pop": 5772804, "key": 13247, "isd": true, "ppd": 450.41900000000004, "med": 28.2, "p65": 5.989, "p70": 3.4139999999999997, "hos": 0.53, "exp": 69.66, "adr": 1.0, "amn": 22790.0, "amv": 129247.0, "amd": 177.0, "amt": 222201.0, "tmn": [490, 432, 323, 473, 321, 385, 380, 500, 530, 484, 352, 472, 425, 648, 418, 440, 291, 305, 299, 171, 262], "tmv": [0, 0, 0, 2420, 1705, 1575, 1605, 1977, 1179, 424, 1355, 1209, 1580, 1936, 1874, 1669, 587, 2024, 2002, 1581, 1678], "tmd": [3, 5, 4, 3, 4, 5, 5, 5, 4, 6, 5, 6, 3, 6, 4, 4, 3, 4, 4, 3, 3], "wmn": 2190, "wmt": 5962, "wmd": 23, "wmv": 11419, "wdn": -36, "wdt": 14, "wdd": -29, "wdv": 18, "tlv": "Bihar"}