{"loc": "Passaic", "iso": "US", "l1": "United States", "l2": "New Jersey", "lvl": 3, "pop": 501826, "key": 13241, "isd": true, "ppd": 35.608000000000004, "med": 38.3, "p65": 15.413, "p70": 9.732000000000001, "hos": 2.77, "exp": 78.86, "adr": 3.0, "amn": 154199.0, "amv": 1136653.0, "amd": 3922.0, "amt": 1715641.0, "tmn": [191, 241, 263, 372, 121, 137, 123, 207, 235, 263, 215, 199, 179, 251, 237, 211, 87, 207, 201, 119, 35], "tmv": [2139, 3106, 3068, 3187, 2953, 1851, 1966, 2813, 2807, 3250, 3257, 2889, 2103, 1988, 3241, 2538, 4249, 2950, 0, 0, 0], "tmd": [2, 0, 0, 0, 0, 0, 0, 0, 2, 0, 8, 0, 0, 2, 0, 0, 6, 2, 0, 0, 4], "wmn": 1100, "wmt": 4417, "wmd": 12, "wmv": 12982, "wdn": -29, "wdt": -73, "wdd": 0, "wdv": -32, "tlv": "New Jersey"}