{"loc": "Passaic", "iso": "US", "l1": "United States", "l2": "New Jersey", "lvl": 3, "pop": 501826, "key": 13241, "isd": true, "ppd": 35.608000000000004, "med": 38.3, "p65": 15.413, "p70": 9.732000000000001, "hos": 2.77, "exp": 78.86, "adr": 3.0, "amn": 150530.0, "amv": 1091533.0, "amd": 3898.0, "amt": 1692884.0, "tmn": [87, 137, 81, 85, 131, 147, 131, 127, 121, 103, 67, 167, 143, 119, 139, 185, 139, 77, 205, 191, 241], "tmv": [2600, 2160, 2477, 1419, 1374, 2201, 2622, 2492, 2548, 2348, 1615, 1875, 1986, 1986, 2786, 3007, 2017, 2605, 1830, 2139, 3106], "tmd": [0, 0, 0, -1, 0, 2, 0, 0, 2, 0, 2, 0, 0, 0, 0, 2, 2, 0, 4, 2, 0], "wmn": 1180, "wmt": 10837, "wmd": 10, "wmv": 17494, "wdn": 39, "wdt": 8, "wdd": 150, "wdv": 18, "tlv": "New Jersey"}