{"loc": "Passaic", "iso": "US", "l1": "United States", "l2": "New Jersey", "lvl": 3, "pop": 501826, "key": 13241, "isd": true, "ppd": 35.608000000000004, "med": 38.3, "p65": 15.413, "p70": 9.732000000000001, "hos": 2.77, "exp": 78.86, "adr": 2.0, "amn": 161620.0, "amv": 1242734.0, "amd": 4001.0, "amt": 1794009.0, "tmn": [183, 99, 165, 161, 85, 149, 211, 171, 159, 163, 193, 83, 149, 161, 143, 113, 149, 89, 87, 107, 45], "tmv": [2784, 2570, 2833, 3777, 2988, 2423, 2905, 2661, 3390, 3489, 0, 0, 0, 2411, 3257, 3418, 2659, 2485, 1614, 1945, 0], "tmd": [4, 2, 2, 0, -1, 4, 0, 0, 2, 2, 0, 0, 4, 6, 0, 2, 0, 0, 4, 2, 4], "wmn": 738, "wmt": 7276, "wmd": 12, "wmv": 15382, "wdn": -32, "wdt": -13, "wdd": -14, "wdv": 29, "tlv": "New Jersey"}