{"loc": "Pasquotank", "iso": "US", "l1": "United States", "l2": "North Carolina", "lvl": 3, "pop": 39824, "key": 13240, "isd": true, "ppd": 35.608000000000004, "med": 38.3, "p65": 15.413, "p70": 9.732000000000001, "hos": 2.77, "exp": 78.86, "adr": 3.0, "amn": 76813.0, "amv": 220982.0, "amd": 1934.0, "amt": 984262.0, "tmn": [426, 477, 150, 225, 527, 652, 477, 451, 75, 25, 200, 677, 351, 301, 50, 150, 175, 301, 200, 125, 301], "tmv": [6595, 3662, 2393, 4746, 4917, 6132, 6772, 6806, 0, 0, 3221, 4419, 5606, 5173, 5466, 3298, 2593, 4349, 5491, 6616, 7139], "tmd": [0, 0, 0, 0, 0, 0, 0, 0, 0, 0, 0, 0, 0, 0, 0, 0, 76, 0, 0, 0, 0], "wmn": 1306, "wmt": 32203, "wmd": 76, "wmv": 34956, "wdn": -37, "wdt": 8, "wdd": 0, "wdv": 39, "tlv": "North Carolina"}