{"loc": "Passaic", "iso": "US", "l1": "United States", "l2": "New Jersey", "lvl": 3, "pop": 501826, "key": 13241, "isd": true, "ppd": 35.608000000000004, "med": 38.3, "p65": 15.413, "p70": 9.732000000000001, "hos": 2.77, "exp": 78.86, "adr": 2.0, "amn": 162048.0, "amv": 1250395.0, "amd": 4001.0, "amt": 1796236.0, "tmn": [161, 85, 149, 211, 171, 159, 163, 193, 83, 149, 161, 143, 113, 149, 89, 87, 107, 45, 137, 245, 45], "tmv": [3777, 2988, 2423, 2905, 2661, 3390, 3489, 0, 0, 0, 2411, 3257, 3418, 2659, 2485, 1614, 1945, 2278, 2491, 2890, 0], "tmd": [0, -1, 4, 0, 0, 2, 2, 0, 0, 4, 6, 0, 2, 0, 0, 4, 2, 4, 0, 0, 0], "wmn": 760, "wmt": 5929, "wmd": 10, "wmv": 13708, "wdn": -24, "wdt": -35, "wdd": -17, "wdv": 17, "tlv": "New Jersey"}