{"loc": "Pecos", "iso": "US", "l1": "United States", "l2": "Texas", "lvl": 3, "pop": 15823, "key": 13259, "isd": true, "ppd": 35.608000000000004, "med": 38.3, "p65": 15.413, "p70": 9.732000000000001, "hos": 2.77, "exp": 78.86, "adr": 2.0, "amn": 106996.0, "amv": 1039887.0, "amd": 2212.0, "amt": 920445.0, "tmn": [-126, -63, 0, 0, 0, 0, 126, -63, 126, -379, 0, 0, 63, 126, 126, -63, 126, 0, 0, -63, 126], "tmv": [2107, 1883, 1818, 1779, 1363, 1036, 1655, 1721, 1666, 1928, 1520, 1539, 740, 1856, 2005, 1821, 2051, 2364, 1193, 1200, 0], "tmd": [0, 0, 0, 0, 0, 0, 0, 0, 0, 0, 0, 0, 0, 0, 0, 0, 0, 0, 0, 0, 0], "wmn": 253, "wmt": 13935, "wmd": 0, "wmv": 10638, "wdn": -300, "wdt": 42, "wdd": 0, "wdv": -3, "tlv": "Texas"}