{"loc": "Pearl River", "iso": "US", "l1": "United States", "l2": "Mississippi", "lvl": 3, "pop": 55535, "key": 13258, "isd": true, "ppd": 35.608000000000004, "med": 38.3, "p65": 15.413, "p70": 9.732000000000001, "hos": 2.77, "exp": 78.86, "adr": 3.0, "amn": 87710.0, "amv": 1027393.0, "amd": 2683.0, "amt": 679563.0, "tmn": [90, 54, 0, 0, 0, 252, 126, 90, 198, 0, 0, 558, 72, 414, 468, 252, 0, 0, 828, 252, 432], "tmv": [4949, 1994, 3524, 1923, 0, 0, 1326, 2107, 1883, 1818, 1779, 1363, 1036, 1655, 1721, 1666, 1928, 1520, 1539, 740, 0], "tmd": [0, 0, 0, 0, 0, 0, 0, 0, 0, 0, 0, 0, 0, 0, 0, 19, 0, 0, 0, 0, 0], "wmn": 2233, "wmt": 5465, "wmd": 19, "wmv": 9117, "wdn": 68, "wdt": 63, "wdd": 0, "wdv": -22, "tlv": "Mississippi"}