{"loc": "Payette", "iso": "US", "l1": "United States", "l2": "Idaho", "lvl": 3, "pop": 23951, "key": 13255, "isd": true, "ppd": 35.608000000000004, "med": 38.3, "p65": 15.413, "p70": 9.732000000000001, "hos": 2.77, "exp": 78.86, "adr": 1.0, "amn": 168845.0, "amv": 1255502.0, "amd": 2422.0, "amt": 561770.0, "tmn": [960, 1043, 1252, 1252, 918, 83, 0, 1127, 1503, 1377, 1043, 835, 876, 709, 1002, 1461, 876, 1085, 918, 41, 501], "tmv": [2423, 2905, 2661, 3390, 3489, 0, 0, 0, 2411, 3257, 3418, 2659, 2485, 1614, 1945, 2278, 2491, 2890, 2710, 2395, 0], "tmd": [0, 42, 0, 0, 42, 0, 0, 0, 0, 0, 42, 0, 0, 0, 0, 42, 0, 0, 0, 0, 0], "wmn": 5888, "wmt": 6823, "wmd": 42, "wmv": 14714, "wdn": -21, "wdt": 9, "wdd": 0, "wdv": -7, "tlv": "Idaho"}