{"loc": "Pearl River", "iso": "US", "l1": "United States", "l2": "Mississippi", "lvl": 3, "pop": 55535, "key": 13258, "isd": true, "ppd": 35.608000000000004, "med": 38.3, "p65": 15.413, "p70": 9.732000000000001, "hos": 2.77, "exp": 78.86, "adr": 3.0, "amn": 91834.0, "amv": 1039887.0, "amd": 2719.0, "amt": 686693.0, "tmn": [90, 198, 0, 0, 558, 72, 414, 468, 252, 0, 0, 828, 252, 432, 324, 468, 0, 0, 1692, 918, 720], "tmv": [2107, 1883, 1818, 1779, 1363, 1036, 1655, 1721, 1666, 1928, 1520, 1539, 740, 1856, 2005, 1821, 2051, 2364, 1193, 1200, 0], "tmd": [0, 0, 0, 0, 0, 0, 0, 0, 19, 0, 0, 0, 0, 0, 0, 0, 0, 0, 19, 0, 19], "wmn": 4124, "wmt": 7131, "wmd": 37, "wmv": 10638, "wdn": 85, "wdt": 30, "wdd": 100, "wdv": -3, "tlv": "Mississippi"}