{"loc": "Pearl River", "iso": "US", "l1": "United States", "l2": "Mississippi", "lvl": 3, "pop": 55535, "key": 13258, "isd": true, "ppd": 35.608000000000004, "med": 38.3, "p65": 15.413, "p70": 9.732000000000001, "hos": 2.77, "exp": 78.86, "adr": 3.0, "amn": 121545.0, "amv": 1100743.0, "amd": 3043.0, "amt": 732172.0, "tmn": [2520, 378, 702, 1008, 1026, 0, 0, 3439, 810, 1764, 2719, 2286, 0, 0, 3763, 1602, 1710, 2304, 1944, 0, 0], "tmv": [1419, 1374, 2201, 2622, 2492, 2548, 2348, 1615, 1875, 1986, 1986, 2786, 3007, 2017, 2605, 1830, 2139, 3106, 3068, 3187, 2953], "tmd": [19, 19, 19, 0, 19, 0, 0, 37, 0, 37, 0, 0, 0, 0, 91, 19, 0, 19, 37, 0, 0], "wmn": 11327, "wmt": 19876, "wmd": 163, "wmv": 18892, "wdn": 3, "wdt": 37, "wdd": 125, "wdv": 24, "tlv": "Mississippi"}