{"loc": "Payne", "iso": "US", "l1": "United States", "l2": "Oklahoma", "lvl": 3, "pop": 81784, "key": 13256, "isd": true, "ppd": 35.608000000000004, "med": 38.3, "p65": 15.413, "p70": 9.732000000000001, "hos": 2.77, "exp": 78.86, "adr": 1.0, "amn": 142779.0, "amv": 1219607.0, "amd": 1186.0, "amt": 1157220.0, "tmn": [2347, 0, 0, 0, 0, 0, 0, 1601, 0, 0, 0, 0, 0, 0, 1467, 0, 0, 0, 0, 0, 0], "tmv": [2163, 995, 2262, 2445, 2251, 1671, 0, 0, 2784, 2570, 2833, 3777, 2988, 2423, 2905, 2661, 3390, 3489, 0, 0, 0], "tmd": [98, 0, 0, 0, 0, 0, 0, 25, 0, 0, 0, 0, 0, 0, 37, 0, 0, 0, 0, 0, 0], "wmn": 1468, "wmt": 3651, "wmd": 37, "wmv": 12448, "wdn": -8, "wdt": -62, "wdd": 50, "wdv": -28, "tlv": "Oklahoma"}