{"loc": "Pennsylvania", "iso": "US", "l1": "United States", "l2": "Pennsylvania", "lvl": 2, "pop": 12801989, "key": 13268, "isd": true, "ppd": 35.608000000000004, "med": 38.3, "p65": 15.413, "p70": 9.732000000000001, "hos": 2.77, "exp": 78.86, "adr": 2.0, "amn": 95441.0, "amv": 1027393.0, "amd": 2172.0, "amt": 1160091.0, "tmn": [11, 30, 11, 13, 7, 7, 6, 10, 30, 15, 15, 11, 19, 21, 19, 24, 26, 25, 20, 54, 37], "tmv": [4154, 4949, 1994, 3524, 1923, 0, 0, 1326, 2107, 1883, 1818, 1779, 1363, 1036, 1655, 1721, 1666, 1928, 1520, 1539, 740], "tmd": [1, 1, 1, 1, 1, 0, 1, 1, 1, 1, 1, 1, 1, 1, 2, 1, 1, 1, 1, 1, 1], "wmn": 209, "wmt": 7778, "wmd": 4, "wmv": 10773, "wdn": 68, "wdt": -26, "wdd": -10, "wdv": -5, "tlv": "Pennsylvania"}