{"loc": "Pend Oreille", "iso": "US", "l1": "United States", "l2": "Washington", "lvl": 3, "pop": 13724, "key": 13262, "isd": true, "ppd": 35.608000000000004, "med": 38.3, "p65": 15.413, "p70": 9.732000000000001, "hos": 2.77, "exp": 78.86, "adr": 1.0, "amn": 100189.0, "amv": 1204735.0, "amd": 1384.0, "amt": 1292525.0, "tmn": [655, 510, 1603, 0, 0, 1967, 364, 72, 1165, 1384, 0, 0, 1894, 728, 364, 801, 1092, 0, 0, 1603, 1092], "tmv": [2554, 2257, 2903, 2781, 2047, 1978, 1647, 2163, 995, 2262, 2445, 2251, 1671, 0, 0, 2784, 2570, 2833, 3777, 2988, 0], "tmd": [0, 73, 73, 0, 0, 73, 0, 0, 146, 73, 0, 0, 0, 146, 0, 0, 0, 0, 0, 0, 0], "wmn": 4955, "wmt": 0, "wmd": 0, "wmv": 14955, "wdn": -6, "wdt": 0, "wdd": -100, "wdv": 27, "tlv": "Washington"}