{"loc": "Pender", "iso": "US", "l1": "United States", "l2": "North Carolina", "lvl": 3, "pop": 63060, "key": 13263, "isd": true, "ppd": 35.608000000000004, "med": 38.3, "p65": 15.413, "p70": 9.732000000000001, "hos": 2.77, "exp": 78.86, "adr": 1.0, "amn": 73723.0, "amv": 228357.0, "amd": 872.0, "amt": 984262.0, "tmn": [333, 174, 95, 396, 364, 475, 380, 126, 142, 301, 412, 348, 333, 142, 206, 222, 444, 301, 412, 253, 0], "tmv": [3662, 2393, 4746, 4917, 6132, 6772, 6806, 0, 0, 3221, 4419, 5606, 5173, 5466, 3298, 2593, 4349, 5491, 6616, 7139, 7375], "tmd": [0, 0, 0, 0, 0, 0, 0, 0, 0, 0, 32, 0, 0, 32, 0, 0, 0, 0, 0, 0, 0], "wmn": 1840, "wmt": 27822, "wmd": 0, "wmv": 36864, "wdn": 2, "wdt": -6, "wdd": -100, "wdv": 54, "tlv": "North Carolina"}