{"loc": "Pembina", "iso": "US", "l1": "United States", "l2": "North Dakota", "lvl": 3, "pop": 6801, "key": 13260, "isd": true, "ppd": 35.608000000000004, "med": 38.3, "p65": 15.413, "p70": 9.732000000000001, "hos": 2.77, "exp": 78.86, "adr": 1.0, "amn": 133216.0, "amv": 1136653.0, "amd": 1617.0, "amt": 2209575.0, "tmn": [147, 147, 441, 294, 294, 0, 294, 147, 147, 294, 441, 147, 147, 1617, 294, 441, 588, 1617, 735, 0, 441], "tmv": [2139, 3106, 3068, 3187, 2953, 1851, 1966, 2813, 2807, 3250, 3257, 2889, 2103, 1988, 3241, 2538, 4249, 2950, 0, 0, 0], "tmd": [0, 0, 0, 0, 0, 0, 0, 0, 0, 0, 0, 0, 0, 0, 0, 0, 0, 0, 0, 0, 0], "wmn": 4118, "wmt": 29349, "wmd": 0, "wmv": 12982, "wdn": 40, "wdt": 23, "wdd": 0, "wdv": -32, "tlv": "North Dakota"}