{"loc": "Pennsylvania", "iso": "US", "l1": "United States", "l2": "Pennsylvania", "lvl": 2, "pop": 12801989, "key": 13268, "isd": true, "ppd": 35.608000000000004, "med": 38.3, "p65": 15.413, "p70": 9.732000000000001, "hos": 2.77, "exp": 78.86, "adr": 2.0, "amn": 108025.0, "amv": 1170335.0, "amd": 2255.0, "amt": 1310895.0, "tmn": [253, 260, 358, 268, 314, 223, 175, 302, 342, 327, 390, 362, 286, 320, 291, 375, 451, 406, 404, 316, 269], "tmv": [1988, 3241, 2538, 4249, 2950, 0, 0, 0, 2913, 2024, 2876, 2739, 2336, 1790, 1886, 2554, 2257, 2903, 2781, 2047, 0], "tmd": [2, 0, 8, 3, 3, 2, 1, 1, 3, 5, 3, 3, 0, 1, 7, 4, 6, 4, 3, 2, 1], "wmn": 2517, "wmt": 26285, "wmd": 24, "wmv": 14431, "wdn": 8, "wdt": 20, "wdd": 72, "wdv": -2, "tlv": "Pennsylvania"}