{"loc": "Pendleton", "iso": "US", "l1": "United States", "l2": "Kentucky", "lvl": 3, "pop": 14590, "key": 13264, "isd": true, "ppd": 35.608000000000004, "med": 38.3, "p65": 15.413, "p70": 9.732000000000001, "hos": 2.77, "exp": 78.86, "adr": 0.0, "amn": 66415.0, "amv": 298070.0, "amd": 69.0, "amt": 896343.0, "tmn": [137, 137, 0, 68, 411, 0, 205, 479, 68, 205, 479, 274, 137, 342, 68, 68, 0, 137, 274, 479, 68], "tmv": [5173, 5466, 3298, 2593, 4349, 5491, 6616, 7139, 7375, 5050, 5255, 5793, 6168, 7391, 8814, 7404, 5275, 4864, 6157, 7535, 0], "tmd": [0, 0, 0, 0, 0, 0, 0, 0, 0, 0, 0, 0, 0, 0, 0, 0, 0, 0, 0, 0, 0], "wmn": 1097, "wmt": 7761, "wmd": 0, "wmv": 40053, "wdn": -45, "wdt": -56, "wdd": 0, "wdv": -9, "tlv": "Kentucky"}