{"loc": "Penobscot", "iso": "US", "l1": "United States", "l2": "Maine", "lvl": 3, "pop": 152148, "key": 13269, "isd": true, "ppd": 35.608000000000004, "med": 38.3, "p65": 15.413, "p70": 9.732000000000001, "hos": 2.77, "exp": 78.86, "adr": 2.0, "amn": 42761.0, "amv": 1051569.0, "amd": 697.0, "amt": 1798743.0, "tmn": [32, 26, 19, 19, 39, 0, 0, 78, 39, 92, 26, 46, 0, 0, 85, 39, 124, 92, 111, 0, 0], "tmv": [1036, 1655, 1721, 1666, 1928, 1520, 1539, 740, 1856, 2005, 1821, 2051, 2364, 1193, 1200, 2288, 2155, 2600, 2160, 2477, 0], "tmd": [0, 7, 0, 0, 0, 0, 0, 0, 7, 14, 0, 7, 0, 0, 0, 7, 0, 0, 0, 0, 0], "wmn": 454, "wmt": 15733, "wmd": 7, "wmv": 12884, "wdn": 60, "wdt": 53, "wdd": -75, "wdv": 7, "tlv": "Maine"}