{"loc": "Pender", "iso": "US", "l1": "United States", "l2": "North Carolina", "lvl": 3, "pop": 63060, "key": 13263, "isd": true, "ppd": 35.608000000000004, "med": 38.3, "p65": 15.413, "p70": 9.732000000000001, "hos": 2.77, "exp": 78.86, "adr": 1.0, "amn": 69696.0, "amv": 153709.0, "amd": 809.0, "amt": 922121.0, "tmn": [650, 618, 253, -190, 206, 507, 0, 1094, 428, 269, 285, 539, 507, 428, 428, 333, 174, 95, 396, 364, 475], "tmv": [3978, 2687, 2448, 3374, 4677, 5132, 5139, 4690, 3336, 1695, 3330, 4023, 4903, 6734, 6595, 3662, 2393, 4746, 4917, 6132, 6772], "tmd": [0, 0, 0, 16, 32, 0, 0, 80, 0, 16, 0, 0, 32, 16, 0, 0, 0, 0, 0, 0, 0], "wmn": 2268, "wmt": 35707, "wmd": 0, "wmv": 35221, "wdn": -36, "wdt": -10, "wdd": -100, "wdv": 23, "tlv": "North Carolina"}