{"loc": "Pennsylvania", "iso": "US", "l1": "United States", "l2": "Pennsylvania", "lvl": 2, "pop": 12801989, "key": 13268, "isd": true, "ppd": 35.608000000000004, "med": 38.3, "p65": 15.413, "p70": 9.732000000000001, "hos": 2.77, "exp": 78.86, "adr": 2.0, "amn": 106628.0, "amv": 1160346.0, "amd": 2247.0, "amt": 1293253.0, "tmn": [274, 256, 190, 262, 253, 260, 358, 268, 314, 223, 175, 302, 342, 327, 390, 362, 286, 320, 291, 375, 451], "tmv": [3250, 3257, 2889, 2103, 1988, 3241, 2538, 4249, 2950, 0, 0, 0, 2913, 2024, 2876, 2739, 2336, 1790, 1886, 2554, 0], "tmd": [2, 2, 1, 1, 2, 0, 8, 3, 3, 2, 1, 1, 3, 5, 3, 3, 0, 1, 7, 4, 6], "wmn": 2480, "wmt": 23285, "wmd": 22, "wmv": 14183, "wdn": 27, "wdt": 13, "wdd": 56, "wdv": 17, "tlv": "Pennsylvania"}