{"loc": "Pembina", "iso": "US", "l1": "United States", "l2": "North Dakota", "lvl": 3, "pop": 6801, "key": 13260, "isd": true, "ppd": 35.608000000000004, "med": 38.3, "p65": 15.413, "p70": 9.732000000000001, "hos": 2.77, "exp": 78.86, "adr": 1.0, "amn": 173798.0, "amv": 1255502.0, "amd": 1764.0, "amt": 2428779.0, "tmn": [1176, 294, 147, 882, 147, 147, 0, 1176, 147, 735, 441, 588, 588, 294, 588, 441, 1029, 441, 1323, 147, 735], "tmv": [2423, 2905, 2661, 3390, 3489, 0, 0, 0, 2411, 3257, 3418, 2659, 2485, 1614, 1945, 2278, 2491, 2890, 2710, 2395, 0], "tmd": [0, 0, 0, 0, 0, 0, 0, 0, 0, 0, 0, 0, 0, 0, 148, 0, 0, 0, 0, 0, 0], "wmn": 4706, "wmt": 29182, "wmd": 148, "wmv": 14714, "wdn": 19, "wdt": -6, "wdd": 0, "wdv": -7, "tlv": "North Dakota"}