{"loc": "Pemiscot", "iso": "US", "l1": "United States", "l2": "Missouri", "lvl": 3, "pop": 15805, "key": 13261, "isd": true, "ppd": 35.608000000000004, "med": 38.3, "p65": 15.413, "p70": 9.732000000000001, "hos": 2.77, "exp": 78.86, "adr": 2.0, "amn": 99083.0, "amv": 647679.0, "amd": 1898.0, "amt": 838024.0, "tmn": [189, -63, 0, 0, 0, 0, 63, 0, 126, 63, 126, 0, 0, 0, 126, 506, 316, -632, 189, 0, 189], "tmv": [8106, 10192, 12065, 12389, 10214, 6477, 4262, 8755, 10329, 12013, 14052, 10864, 8027, 7863, 7615, 10699, 12037, 10893, 10729, 6600, 5484], "tmd": [0, 0, 0, 0, 0, 0, 0, 0, 0, 0, 0, 0, 0, 0, 0, 64, 0, 0, 0, 0, 0], "wmn": 696, "wmt": 15894, "wmd": 64, "wmv": 64060, "wdn": 120, "wdt": 7, "wdd": 0, "wdv": -11, "tlv": "Missouri"}