{"loc": "Pendleton", "iso": "US", "l1": "United States", "l2": "West Virginia", "lvl": 3, "pop": 6969, "key": 13265, "isd": true, "ppd": 35.608000000000004, "med": 38.3, "p65": 15.413, "p70": 9.732000000000001, "hos": 2.77, "exp": 78.86, "adr": 1.0, "amn": 99871.0, "amv": 705407.0, "amd": 1291.0, "amt": 1514583.0, "tmn": [0, 573, 143, 143, 0, 143, 0, 143, 286, 860, 0, 0, 573, 286, 143, 0, 143, 143, 0, 0, 143], "tmv": [10329, 12013, 14052, 10864, 8027, 7863, 7615, 10699, 12037, 10893, 10729, 6600, 5484, 7781, 9092, 10242, 10071, 9169, 6395, 4975, 0], "tmd": [144, 0, 0, 0, 0, 0, 0, 144, 0, 0, 0, 0, 0, 0, 0, 0, 0, 0, 0, 0, 0], "wmn": 574, "wmt": 33241, "wmd": 0, "wmv": 49947, "wdn": -73, "wdt": -5, "wdd": -100, "wdv": -22, "tlv": "West Virginia"}