{"loc": "Penuelas", "iso": "PR", "l1": "United States", "l2": "Puerto Rico", "lvl": 3, "pop": 19249, "key": 13270, "isd": true, "ppd": 35.608000000000004, "med": 38.3, "p65": 15.413, "p70": 9.732000000000001, "hos": 2.77, "exp": 78.86, "adr": 0.0, "amn": 33093.0, "amv": 1100743.0, "amd": 0.0, "amt": 130151.0, "tmn": [0, 51, 0, 415, 0, 51, 0, 155, 103, 311, 207, 155, 51, 51, 0, 0, 727, 311, 311, 51, 0], "tmv": [1374, 2201, 2622, 2492, 2548, 2348, 1615, 1875, 1986, 1986, 2786, 3007, 2017, 2605, 1830, 2139, 3106, 3068, 3187, 2953, 0], "tmd": [0, 0, 0, 0, 0, 0, 0, 0, 0, 0, 0, 0, 0, 0, 0, 0, 0, 0, 0, 0, 0], "wmn": 1403, "wmt": 0, "wmd": 0, "wmv": 16287, "wdn": 35, "wdt": 0, "wdd": 0, "wdv": 0, "tlv": "Puerto Rico"}