{"loc": "Penza Oblast", "iso": "RU", "l1": "Russia", "l2": "Penza Oblast", "lvl": 2, "pop": 1331655, "key": 13271, "isd": true, "ppd": 8.823, "med": 39.6, "p65": 14.177999999999999, "p70": 9.392999999999999, "hos": 8.05, "exp": 72.58, "adr": 4.0, "amn": 53575.0, "amv": 623676.0, "amd": 2086.0, "amt": 1312801.0, "tmn": [174, 176, 174, 175, 177, 178, 176, 175, 179, 180, 177, 180, 182, 179, 183, 180, 184, 187, 190, 189, 186], "tmv": [4761, 659, 3362, 2686, 2133, 0, 0, 1123, 1630, 2941, 0, 0, 1208, 660, 2239, 526, 2130, 1937, 2525, 2390, 0], "tmd": [14, 16, 16, 13, 14, 15, 16, 15, 14, 16, 14, 16, 17, 14, 17, 19, 18, 16, 16, 18, 19], "wmn": 1305, "wmt": 0, "wmd": 120, "wmv": 11750, "wdn": 4, "wdt": 0, "wdd": 17, "wdv": 55, "tlv": "Russia"}