{"loc": "Peoria", "iso": "US", "l1": "United States", "l2": "Illinois", "lvl": 3, "pop": 179179, "key": 13272, "isd": true, "ppd": 35.608000000000004, "med": 38.3, "p65": 15.413, "p70": 9.732000000000001, "hos": 2.77, "exp": 78.86, "adr": 1.0, "amn": 144950.0, "amv": 1176126.0, "amd": 2020.0, "amt": 2430104.0, "tmn": [245, 412, 0, 0, 0, 892, 178, 306, 334, 0, 0, 719, 340, 401, 362, 357, 0, 0, 731, 173, 401], "tmv": [2538, 4249, 2950, 0, 0, 0, 2913, 2024, 2876, 2739, 2336, 1790, 1886, 2554, 2257, 2903, 2781, 2047, 1978, 1647, 2163], "tmd": [0, 17, 0, 0, 0, 0, 6, 6, 0, 0, 0, 6, 0, 6, 0, 12, 0, 0, 6, 0, 0], "wmn": 2026, "wmt": 54807, "wmd": 17, "wmv": 15780, "wdn": -4, "wdt": 12, "wdd": 0, "wdv": -3, "tlv": "Illinois"}