{"loc": "Peoria", "iso": "US", "l1": "United States", "l2": "Illinois", "lvl": 3, "pop": 179179, "key": 13272, "isd": true, "ppd": 35.608000000000004, "med": 38.3, "p65": 15.413, "p70": 9.732000000000001, "hos": 2.77, "exp": 78.86, "adr": 1.0, "amn": 128888.0, "amv": 809177.0, "amd": 1730.0, "amt": 1854936.0, "tmn": [848, 412, 295, 491, 485, 837, 602, 574, 440, 279, 362, 329, 323, 217, 586, 195, 184, 189, 161, 195, 223], "tmv": [10242, 10071, 9169, 6395, 4975, 6773, 8259, 8496, 10027, 6458, 3608, 3001, 5456, 7305, 8515, 7794, 7192, 5713, 4653, 4699, 5814], "tmd": [6, 0, 6, 6, 12, 6, 0, 6, 0, 0, 23, 6, 6, 6, 6, 0, 0, 28, 0, 6, 23], "wmn": 1736, "wmt": 39318, "wmd": 62, "wmv": 44384, "wdn": -31, "wdt": -7, "wdd": 38, "wdv": 0, "tlv": "Illinois"}