{"loc": "Peoria", "iso": "US", "l1": "United States", "l2": "Illinois", "lvl": 3, "pop": 179179, "key": 13272, "isd": true, "ppd": 35.608000000000004, "med": 38.3, "p65": 15.413, "p70": 9.732000000000001, "hos": 2.77, "exp": 78.86, "adr": 2.0, "amn": 93828.0, "amv": 197386.0, "amd": 1451.0, "amt": 1405050.0, "tmn": [452, 541, 200, 284, 256, 251, 312, 279, 318, 206, 156, 178, 128, 223, 173, 195, 173, 94, 83, 133, 223], "tmv": [4023, 4903, 6734, 6595, 3662, 2393, 4746, 4917, 6132, 6772, 6806, 0, 0, 3221, 4419, 5606, 5173, 5466, 3298, 2593, 0], "tmd": [0, 0, 17, 0, 6, 0, 12, 0, 0, 28, 0, 6, 0, 0, 6, 6, 0, 6, 6, 0, 0], "wmn": 1078, "wmt": 38174, "wmd": 23, "wmv": 26559, "wdn": -28, "wdt": -3, "wdd": -33, "wdv": -5, "tlv": "Illinois"}