{"loc": "Perry", "iso": "US", "l1": "United States", "l2": "Indiana", "lvl": 3, "pop": 19169, "key": 13284, "isd": true, "ppd": 35.608000000000004, "med": 38.3, "p65": 15.413, "p70": 9.732000000000001, "hos": 2.77, "exp": 78.86, "adr": 2.0, "amn": 116908.0, "amv": 1121684.0, "amd": 2191.0, "amt": 1800457.0, "tmn": [678, 730, 313, 991, 0, 0, 1512, 521, 1356, 626, 1095, 0, 0, 1356, 365, 991, 260, 573, 0, 0, 2191], "tmv": [1875, 1986, 1986, 2786, 3007, 2017, 2605, 1830, 2139, 3106, 3068, 3187, 2953, 1851, 1966, 2813, 2807, 3250, 3257, 2889, 2103], "tmd": [53, 0, 0, 0, 0, 0, 0, 0, 0, 0, 0, 0, 0, 53, 0, 0, 0, 53, 0, 0, 0], "wmn": 4383, "wmt": 46204, "wmd": 53, "wmv": 19089, "wdn": -12, "wdt": 24, "wdd": 0, "wdv": 5, "tlv": "Indiana"}