{"loc": "Perry", "iso": "US", "l1": "United States", "l2": "Pennsylvania", "lvl": 3, "pop": 46272, "key": 13289, "isd": true, "ppd": 35.608000000000004, "med": 38.3, "p65": 15.413, "p70": 9.732000000000001, "hos": 2.77, "exp": 78.86, "adr": 3.0, "amn": 84954.0, "amv": 0.0, "amd": 2183.0, "amt": 1194674.0, "tmn": [0, 21, 0, 0, 0, 0, 0, 21, 43, 0, 172, 43, 86, 108, 172, 86, 216, 0, 108, 216, 172], "tmv": [0, 0, 0, 0, 0, 0, 0, 0, 0, 0, 0, 0, 0, 0, 0, 0, 0, 0, 0, 0, 0], "tmd": [0, 0, 0, 0, 0, 0, 0, 0, 0, 0, 0, 0, 0, 0, 0, 0, 0, 0, 0, 0, 0], "wmn": 973, "wmt": 11668, "wmd": 0, "wmv": 0, "wdn": 105, "wdt": 11, "wdd": 0, "wdv": 0, "tlv": "Pennsylvania"}