{"loc": "Perry", "iso": "US", "l1": "United States", "l2": "Ohio", "lvl": 3, "pop": 36134, "key": 13288, "isd": true, "ppd": 35.608000000000004, "med": 38.3, "p65": 15.413, "p70": 9.732000000000001, "hos": 2.77, "exp": 78.86, "adr": 2.0, "amn": 78347.0, "amv": 490759.0, "amd": 1356.0, "amt": 946300.0, "tmn": [83, 55, 83, 166, 138, 110, 138, 110, 110, 27, 83, 55, 359, 83, 110, 27, 138, 304, 0, 110, 55], "tmv": [4118, 6135, 5026, 6980, 8171, 7842, 9493, 9226, 6156, 5181, 6849, 8594, 10257, 10611, 9961, 7133, 5431, 8106, 10192, 12065, 12389], "tmd": [0, 0, 0, 0, 0, 0, 0, 0, 0, 0, 0, 0, 0, 0, 0, 0, 0, 0, 0, 0, 0], "wmn": 748, "wmt": 17862, "wmd": 0, "wmv": 65281, "wdn": -10, "wdt": -5, "wdd": 0, "wdv": 15, "tlv": "Ohio"}