{"loc": "Perry", "iso": "US", "l1": "United States", "l2": "Indiana", "lvl": 3, "pop": 19169, "key": 13284, "isd": true, "ppd": 35.608000000000004, "med": 38.3, "p65": 15.413, "p70": 9.732000000000001, "hos": 2.77, "exp": 78.86, "adr": 2.0, "amn": 139340.0, "amv": 1283911.0, "amd": 2713.0, "amt": 2149062.0, "tmn": [0, 156, 313, 469, 0, 0, 156, 0, 52, 260, 52, 0, 0, 156, 52, 208, 313, 104, 0, 0, 52], "tmv": [2626, 2552, 2575, 2955, 1399, 770, 2354, 2306, 2307, 2345, 3781, 2315, 1328, 4158, 4126, 4122, 3797, 3784, 1119, 91, 0], "tmd": [0, 0, 0, 0, 0, 0, 0, 0, 0, 0, 0, 0, 0, 0, 0, 0, 0, 0, 0, 0, 0], "wmn": 731, "wmt": 30164, "wmd": 0, "wmv": 17042, "wdn": 40, "wdt": -4, "wdd": 0, "wdv": -8, "tlv": "Indiana"}