{"loc": "Perry", "iso": "US", "l1": "United States", "l2": "Illinois", "lvl": 3, "pop": 20916, "key": 13283, "isd": true, "ppd": 35.608000000000004, "med": 38.3, "p65": 15.413, "p70": 9.732000000000001, "hos": 2.77, "exp": 78.86, "adr": 2.0, "amn": 148833.0, "amv": 466304.0, "amd": 2821.0, "amt": 1603010.0, "tmn": [143, 95, 47, 0, 47, 47, 47, 47, 143, 95, 0, -47, 47, 191, 95, 47, 47, 95, 95, 47, 0], "tmv": [8875, 13887, 4118, 6135, 5026, 6980, 8171, 7842, 9493, 9226, 6156, 5181, 6849, 8594, 10257, 10611, 9961, 7133, 5431, 8106, 10192], "tmd": [0, 0, 0, 0, 0, 0, 0, 0, 0, 0, 0, 0, 0, 0, 0, 0, 0, 0, 0, 0, 0], "wmn": 431, "wmt": 40053, "wmd": 0, "wmv": 61695, "wdn": -10, "wdt": 0, "wdd": 0, "wdv": 16, "tlv": "Illinois"}