{"loc": "Person", "iso": "US", "l1": "United States", "l2": "North Carolina", "lvl": 3, "pop": 39490, "key": 13292, "isd": true, "ppd": 35.608000000000004, "med": 38.3, "p65": 15.413, "p70": 9.732000000000001, "hos": 2.77, "exp": 78.86, "adr": 2.0, "amn": 92859.0, "amv": 1054363.0, "amd": 1849.0, "amt": 1239114.0, "tmn": [101, 75, 151, 0, 0, 253, 75, 75, 177, 101, 0, 0, 455, 101, 126, 379, 177, 0, 0, 658, 151], "tmv": [1655, 1721, 1666, 1928, 1520, 1539, 740, 1856, 2005, 1821, 2051, 2364, 1193, 1200, 2288, 2155, 2600, 2160, 2477, 1419, 1374], "tmd": [0, 0, 0, 0, 0, 0, 0, 0, 0, 0, 0, 0, 0, 0, 51, 0, 0, 0, 0, 0, 0], "wmn": 1495, "wmt": 15691, "wmd": 51, "wmv": 14477, "wdn": 64, "wdt": 33, "wdd": 0, "wdv": 16, "tlv": "North Carolina"}