{"loc": "Person", "iso": "US", "l1": "United States", "l2": "North Carolina", "lvl": 3, "pop": 39490, "key": 13292, "isd": true, "ppd": 35.608000000000004, "med": 38.3, "p65": 15.413, "p70": 9.732000000000001, "hos": 2.77, "exp": 78.86, "adr": 2.0, "amn": 122056.0, "amv": 1187231.0, "amd": 2127.0, "amt": 1487817.0, "tmn": [734, 557, 303, 0, 0, 2430, 607, 1190, 506, 1240, 0, 0, 2127, 709, 759, 709, 531, 0, 0, 1494, 303], "tmv": [2913, 2024, 2876, 2739, 2336, 1790, 1886, 2554, 2257, 2903, 2781, 2047, 1978, 1647, 2163, 995, 2262, 2445, 2251, 1671, 1480], "tmd": [0, 0, 0, 0, 0, 0, 0, 26, 0, 0, 0, 0, 0, 0, 0, 0, 0, 0, 0, 152, 0], "wmn": 3799, "wmt": 35289, "wmd": 152, "wmv": 13270, "wdn": -34, "wdt": -9, "wdd": 500, "wdv": -18, "tlv": "North Carolina"}