{"loc": "Phelps", "iso": "US", "l1": "United States", "l2": "Nebraska", "lvl": 3, "pop": 9034, "key": 13300, "isd": true, "ppd": 35.608000000000004, "med": 38.3, "p65": 15.413, "p70": 9.732000000000001, "hos": 2.77, "exp": 78.86, "adr": 1.0, "amn": 186850.0, "amv": 1476857.0, "amd": 1107.0, "amt": 2231354.0, "tmn": [0, 0, 0, 0, 3984, 442, 1328, 553, 774, 0, 0, 553, 664, 1217, 442, 1549, 0, 0, 885, 1217, 1106], "tmv": [70, 3476, 2565, 1693, 4764, 5451, 6033, 6077, 6801, 4120, 2054, 5104, 5248, 5184, 4986, 5175, 2683, 957, 367, 0, 0], "tmd": [0, 0, 0, 0, 0, 0, 0, 0, 0, 0, 0, 0, 0, 0, 0, 0, 0, 0, 0, 0, 0], "wmn": 5203, "wmt": 31922, "wmd": 0, "wmv": 14171, "wdn": 38, "wdt": 0, "wdd": 0, "wdv": -59, "tlv": "Nebraska"}