{"loc": "Philadelphia", "iso": "US", "l1": "United States", "l2": "Pennsylvania", "lvl": 3, "pop": 1584064, "key": 13301, "isd": true, "ppd": 35.608000000000004, "med": 38.3, "p65": 15.413, "p70": 9.732000000000001, "hos": 2.77, "exp": 78.86, "adr": 3.0, "amn": 72161.0, "amv": 153709.0, "amd": 1900.0, "amt": 765497.0, "tmn": [659, 433, 226, 339, 297, 0, 0, 657, 328, 192, 197, 214, 0, 0, 569, 361, 186, 226, 271, 0, 0], "tmv": [2687, 2448, 3374, 4677, 5132, 5139, 4690, 3336, 1695, 3330, 4023, 4903, 6734, 6595, 3662, 2393, 4746, 4917, 6132, 6772, 0], "tmd": [7, 16, 8, 10, 12, 0, 0, 6, 9, 7, 2, 21, 0, 0, 11, 6, 9, 7, 9, 0, 0], "wmn": 1615, "wmt": 26592, "wmd": 41, "wmv": 28625, "wdn": 2, "wdt": -93, "wdd": -4, "wdv": -7, "tlv": "Pennsylvania"}