{"loc": "Piatt", "iso": "US", "l1": "United States", "l2": "Illinois", "lvl": 3, "pop": 16344, "key": 13307, "isd": true, "ppd": 35.608000000000004, "med": 38.3, "p65": 15.413, "p70": 9.732000000000001, "hos": 2.77, "exp": 78.86, "adr": 1.0, "amn": 163118.0, "amv": 1476857.0, "amd": 918.0, "amt": 3274127.0, "tmn": [0, 0, 0, 0, 2753, 1590, 1284, 1529, 1651, 0, 0, 2753, 1529, 1774, 1835, 1590, 0, 0, 3120, 2325, 1713], "tmv": [70, 3476, 2565, 1693, 4764, 5451, 6033, 6077, 6801, 4120, 2054, 5104, 5248, 5184, 4986, 5175, 2683, 957, 367, 0, 0], "tmd": [0, 0, 0, 0, 0, 0, 0, 0, 0, 0, 0, 0, 0, 0, 62, 0, 0, 0, 0, 0, 0], "wmn": 10585, "wmt": 98752, "wmd": 62, "wmv": 14171, "wdn": 15, "wdt": 12, "wdd": 0, "wdv": -59, "tlv": "Illinois"}