{"loc": "Piatt", "iso": "US", "l1": "United States", "l2": "Illinois", "lvl": 3, "pop": 16344, "key": 13307, "isd": true, "ppd": 35.608000000000004, "med": 38.3, "p65": 15.413, "p70": 9.732000000000001, "hos": 2.77, "exp": 78.86, "adr": 1.0, "amn": 83456.0, "amv": 306945.0, "amd": 857.0, "amt": 1498487.0, "tmn": [61, 61, 305, 305, 367, 183, 61, 305, 61, 122, 305, 183, 61, 183, 61, 122, 122, 428, 183, 122, 305], "tmv": [5466, 3298, 2593, 4349, 5491, 6616, 7139, 7375, 5050, 5255, 5793, 6168, 7391, 8814, 7404, 5275, 4864, 6157, 7535, 8875, 0], "tmd": [0, 0, 0, 0, 0, 0, 0, 0, 0, 0, 0, 0, 0, 0, 0, 0, 0, 0, 0, 0, 0], "wmn": 1347, "wmt": 39120, "wmd": 0, "wmv": 40113, "wdn": 10, "wdt": 17, "wdd": 0, "wdv": -13, "tlv": "Illinois"}