{"loc": "Phillips", "iso": "US", "l1": "United States", "l2": "Arkansas", "lvl": 3, "pop": 17782, "key": 13303, "isd": true, "ppd": 35.608000000000004, "med": 38.3, "p65": 15.413, "p70": 9.732000000000001, "hos": 2.77, "exp": 78.86, "adr": 2.0, "amn": 96558.0, "amv": 274237.0, "amd": 1968.0, "amt": 906766.0, "tmn": [168, 0, 0, 168, 0, 56, 0, 56, 506, 224, 224, 281, 281, 0, 0, 281, 224, 112, 168, 112, 0], "tmv": [0, 3221, 4419, 5606, 5173, 5466, 3298, 2593, 4349, 5491, 6616, 7139, 7375, 5050, 5255, 5793, 6168, 7391, 8814, 7404, 0], "tmd": [0, 0, 0, 0, 0, 57, 0, 0, 0, 0, 0, 57, -56, 0, 0, 0, 57, 0, 0, 0, 0], "wmn": 900, "wmt": 12574, "wmd": 57, "wmv": 40829, "wdn": -43, "wdt": -59, "wdd": 0, "wdv": 6, "tlv": "Arkansas"}