{"loc": "Philadelphia", "iso": "US", "l1": "United States", "l2": "Pennsylvania", "lvl": 3, "pop": 1584064, "key": 13301, "isd": true, "ppd": 35.608000000000004, "med": 38.3, "p65": 15.413, "p70": 9.732000000000001, "hos": 2.77, "exp": 78.86, "adr": 2.0, "amn": 109763.0, "amv": 1187231.0, "amd": 2463.0, "amt": 1340586.0, "tmn": [98, 64, 205, 0, 0, 525, 115, 264, 219, 234, 0, 0, 412, 235, 254, 235, 244, 0, 0, 352, 265], "tmv": [2913, 2024, 2876, 2739, 2336, 1790, 1886, 2554, 2257, 2903, 2781, 2047, 1978, 1647, 2163, 995, 2262, 2445, 2251, 1671, 1480], "tmd": [3, 1, 3, 0, 0, 2, 5, 4, 4, 2, 0, 0, 3, 4, 3, 2, 2, 0, 0, 6, 0], "wmn": 1353, "wmt": 27182, "wmd": 12, "wmv": 13270, "wdn": -1, "wdt": 3, "wdd": -17, "wdv": -18, "tlv": "Pennsylvania"}