{"loc": "Piatt", "iso": "US", "l1": "United States", "l2": "Illinois", "lvl": 3, "pop": 16344, "key": 13307, "isd": true, "ppd": 35.608000000000004, "med": 38.3, "p65": 15.413, "p70": 9.732000000000001, "hos": 2.77, "exp": 78.86, "adr": 1.0, "amn": 104258.0, "amv": 1100743.0, "amd": 857.0, "amt": 2215364.0, "tmn": [550, 61, 305, 367, 0, 0, 550, 244, 428, 611, 489, 0, 0, 1162, 734, 673, 428, 489, 0, 0, 1040], "tmv": [1374, 2201, 2622, 2492, 2548, 2348, 1615, 1875, 1986, 1986, 2786, 3007, 2017, 2605, 1830, 2139, 3106, 3068, 3187, 2953, 0], "tmd": [0, 0, 0, 0, 0, 0, 0, 0, 0, 0, 0, 0, 0, 0, 0, 0, 0, 0, 0, 0, 0], "wmn": 3366, "wmt": 36532, "wmd": 0, "wmv": 16287, "wdn": 15, "wdt": 10, "wdd": 0, "wdv": 0, "tlv": "Illinois"}