{"loc": "Pickens", "iso": "US", "l1": "United States", "l2": "South Carolina", "lvl": 3, "pop": 126884, "key": 13312, "isd": true, "ppd": 35.608000000000004, "med": 38.3, "p65": 15.413, "p70": 9.732000000000001, "hos": 2.77, "exp": 78.86, "adr": 2.0, "amn": 125548.0, "amv": 170827.0, "amd": 2002.0, "amt": 923038.0, "tmn": [764, 1103, 614, 551, 236, 567, 512, 1103, 591, 614, 394, 228, 504, 614, 496, 709, 338, 283, 181, 331, 1458], "tmv": [5132, 5139, 4690, 3336, 1695, 3330, 4023, 4903, 6734, 6595, 3662, 2393, 4746, 4917, 6132, 6772, 6806, 0, 0, 3221, 0], "tmd": [8, 8, 0, 71, 0, 24, 48, 16, 24, 0, 24, 0, 32, 8, 8, 8, 40, 8, 0, 0, 0], "wmn": 3799, "wmt": 37966, "wmd": 64, "wmv": 22933, "wdn": -6, "wdt": -15, "wdd": -38, "wdv": -32, "tlv": "South Carolina"}