{"loc": "Pierce", "iso": "US", "l1": "United States", "l2": "Georgia", "lvl": 3, "pop": 19465, "key": 13315, "isd": true, "ppd": 35.608000000000004, "med": 38.3, "p65": 15.413, "p70": 9.732000000000001, "hos": 2.77, "exp": 78.86, "adr": 2.0, "amn": 220652.0, "amv": 1341580.0, "amd": 5343.0, "amt": 1194898.0, "tmn": [359, 205, 205, 51, 0, 0, 410, 51, 0, 308, 359, 0, 0, 0, 719, 102, 0, 256, 0, 0, 51], "tmv": [4456, 4611, 4549, 5061, 2356, 1255, 4023, 4168, 4272, 4405, 5092, 2672, 1421, 3738, 4100, 4188, 3596, 4102, 1618, 109, 0], "tmd": [0, 52, 0, -51, 0, 0, 0, 0, 52, 0, 0, 0, 0, 0, 0, 52, 0, 0, 0, 0, 0], "wmn": 1131, "wmt": 12579, "wmd": 52, "wmv": 17716, "wdn": 57, "wdt": -21, "wdd": 0, "wdv": -31, "tlv": "Georgia"}