{"loc": "Pierce", "iso": "US", "l1": "United States", "l2": "Georgia", "lvl": 3, "pop": 19465, "key": 13315, "isd": true, "ppd": 35.608000000000004, "med": 38.3, "p65": 15.413, "p70": 9.732000000000001, "hos": 2.77, "exp": 78.86, "adr": 2.0, "amn": 217570.0, "amv": 1255502.0, "amd": 5240.0, "amt": 1150576.0, "tmn": [1078, 616, 565, 102, 0, 0, 0, 924, 205, 462, 154, 0, 0, 513, 205, 102, 154, 154, 0, 0, 102], "tmv": [2423, 2905, 2661, 3390, 3489, 0, 0, 0, 2411, 3257, 3418, 2659, 2485, 1614, 1945, 2278, 2491, 2890, 2710, 2395, 0], "tmd": [206, 52, 103, 52, 0, 0, 0, 52, -51, 0, 0, 0, 0, 0, 52, 0, 0, 52, 0, 0, 0], "wmn": 720, "wmt": 14429, "wmd": 103, "wmv": 14714, "wdn": -68, "wdt": -27, "wdd": 0, "wdv": -7, "tlv": "Georgia"}