{"loc": "Pierce", "iso": "US", "l1": "United States", "l2": "Georgia", "lvl": 3, "pop": 19465, "key": 13315, "isd": true, "ppd": 35.608000000000004, "med": 38.3, "p65": 15.413, "p70": 9.732000000000001, "hos": 2.77, "exp": 78.86, "adr": 2.0, "amn": 207192.0, "amv": 1170335.0, "amd": 4315.0, "amt": 1049190.0, "tmn": [1335, 1387, 1387, 1849, 0, 0, 0, 3544, 1541, 1387, 1232, 0, 0, 1900, 719, 667, 821, 513, 0, 0, 1027], "tmv": [1988, 3241, 2538, 4249, 2950, 0, 0, 0, 2913, 2024, 2876, 2739, 2336, 1790, 1886, 2554, 2257, 2903, 2781, 2047, 0], "tmd": [0, 0, 0, 0, 0, 0, 0, 52, 52, 0, 155, 0, 0, 103, -102, 103, 155, 0, 0, 0, 103], "wmn": 3751, "wmt": 22583, "wmd": 257, "wmv": 14431, "wdn": -61, "wdt": -13, "wdd": -29, "wdv": -2, "tlv": "Georgia"}