{"loc": "Pickens", "iso": "US", "l1": "United States", "l2": "Alabama", "lvl": 3, "pop": 19930, "key": 13310, "isd": true, "ppd": 35.608000000000004, "med": 38.3, "p65": 15.413, "p70": 9.732000000000001, "hos": 2.77, "exp": 78.86, "adr": 2.0, "amn": 145760.0, "amv": 1146163.0, "amd": 3211.0, "amt": 562193.0, "tmn": [501, 602, 702, 0, 0, 1605, 852, 501, 752, 250, 1505, 200, 1254, 953, 852, 250, 351, 50, 802, 602, 451], "tmv": [3187, 2953, 1851, 1966, 2813, 2807, 3250, 3257, 2889, 2103, 1988, 3241, 2538, 4249, 2950, 0, 0, 0, 2913, 2024, 0], "tmd": [0, 0, 0, 0, 0, 0, 0, 0, 0, 0, 0, 0, 0, 0, 0, 0, 0, 0, 0, 51, 0], "wmn": 3362, "wmt": 0, "wmd": 51, "wmv": 7888, "wdn": -38, "wdt": 0, "wdd": 0, "wdv": -61, "tlv": "Alabama"}