{"loc": "Pickens", "iso": "US", "l1": "United States", "l2": "Alabama", "lvl": 3, "pop": 19930, "key": 13310, "isd": true, "ppd": 35.608000000000004, "med": 38.3, "p65": 15.413, "p70": 9.732000000000001, "hos": 2.77, "exp": 78.86, "adr": 3.0, "amn": 166031.0, "amv": 1341580.0, "amd": 4265.0, "amt": 1259231.0, "tmn": [401, 1956, 1404, 50, 250, 150, 0, 351, 200, 301, 150, 200, 100, 0, 200, 200, 250, 351, 702, 0, 0], "tmv": [4456, 4611, 4549, 5061, 2356, 1255, 4023, 4168, 4272, 4405, 5092, 2672, 1421, 3738, 4100, 4188, 3596, 4102, 1618, 109, 0], "tmd": [0, 0, 0, 0, 0, 0, 0, 0, 0, 0, 0, 51, 0, 0, 0, 0, 0, 0, 0, 0, 0], "wmn": 1706, "wmt": 13522, "wmd": 0, "wmv": 17716, "wdn": 31, "wdt": 17, "wdd": -100, "wdv": -31, "tlv": "Alabama"}