{"loc": "Pickens", "iso": "US", "l1": "United States", "l2": "Alabama", "lvl": 3, "pop": 19930, "key": 13310, "isd": true, "ppd": 35.608000000000004, "med": 38.3, "p65": 15.413, "p70": 9.732000000000001, "hos": 2.77, "exp": 78.86, "adr": 3.0, "amn": 163372.0, "amv": 1283911.0, "amd": 4215.0, "amt": 1235879.0, "tmn": [200, 250, 50, 150, 50, 50, 0, 50, 752, 0, 301, 50, 100, 401, 1956, 1404, 50, 250, 150, 0, 351], "tmv": [2552, 2575, 2955, 1399, 770, 2354, 2306, 2307, 2345, 3781, 2315, 1328, 4158, 4126, 4122, 3797, 3784, 1119, 91, 0, 0], "tmd": [51, 51, 101, 51, 0, 0, 0, 0, 0, 0, 101, 0, 0, 0, 0, 0, 0, 0, 0, 0, 0], "wmn": 4165, "wmt": 12293, "wmd": 0, "wmv": 12915, "wdn": 152, "wdt": 1, "wdd": -100, "wdv": -37, "tlv": "Alabama"}