{"loc": "Pike", "iso": "US", "l1": "United States", "l2": "Pennsylvania", "lvl": 3, "pop": 55809, "key": 13329, "isd": true, "ppd": 35.608000000000004, "med": 38.3, "p65": 15.413, "p70": 9.732000000000001, "hos": 2.77, "exp": 78.86, "adr": 2.0, "amn": 46462.0, "amv": 244457.0, "amd": 860.0, "amt": 825635.0, "tmn": [501, 322, 35, 179, 161, 179, 268, 268, 394, 35, 17, 232, 197, 286, 340, 322, 89, 143, 143, 591, 447], "tmv": [6132, 6772, 6806, 0, 0, 3221, 4419, 5606, 5173, 5466, 3298, 2593, 4349, 5491, 6616, 7139, 7375, 5050, 5255, 5793, 0], "tmd": [0, 18, 0, 0, 0, 0, 0, 0, 0, 0, 0, 18, 0, 0, 0, 0, 18, 0, 0, 0, 0], "wmn": 2079, "wmt": 25371, "wmd": 18, "wmv": 37231, "wdn": 45, "wdt": 28, "wdd": 0, "wdv": 16, "tlv": "Pennsylvania"}