{"loc": "Pike", "iso": "US", "l1": "United States", "l2": "Ohio", "lvl": 3, "pop": 27772, "key": 13328, "isd": true, "ppd": 35.608000000000004, "med": 38.3, "p65": 15.413, "p70": 9.732000000000001, "hos": 2.77, "exp": 78.86, "adr": 1.0, "amn": 87426.0, "amv": 962520.0, "amd": 1260.0, "amt": 1153810.0, "tmn": [0, 36, 36, 36, 72, 36, 0, 72, 36, 36, 0, 36, -36, 0, 0, 0, 0, 36, 0, 0, 0], "tmv": [0, 0, 1543, 2452, 4248, 3485, 4157, 3682, 3252, 2518, 2835, 2495, 4865, 3672, 4016, 3766, 3121, 6234, 3276, 3244, 0], "tmd": [0, 0, 0, 0, 0, 0, 0, 0, 0, 0, 0, 0, 0, 0, 0, 0, 0, 0, 0, 0, 0], "wmn": 37, "wmt": 9451, "wmd": 0, "wmv": 23661, "wdn": -75, "wdt": -10, "wdd": 0, "wdv": 1, "tlv": "Ohio"}