{"loc": "Pike", "iso": "US", "l1": "United States", "l2": "Georgia", "lvl": 3, "pop": 18962, "key": 13322, "isd": true, "ppd": 35.608000000000004, "med": 38.3, "p65": 15.413, "p70": 9.732000000000001, "hos": 2.77, "exp": 78.86, "adr": 2.0, "amn": 198713.0, "amv": 1227352.0, "amd": 3428.0, "amt": 1127858.0, "tmn": [738, 0, 0, 632, 369, 421, 474, 527, 0, 0, 369, 369, 105, 896, 316, 0, 0, 0, 580, 316, 210], "tmv": [2262, 2445, 2251, 1671, 0, 0, 2784, 2570, 2833, 3777, 2988, 2423, 2905, 2661, 3390, 3489, 0, 0, 0, 2411, 0], "tmd": [53, 0, 0, 106, 53, 53, 0, 0, 0, 0, 53, 53, 0, 0, 0, 0, 0, 0, 0, 0, 0], "wmn": 1424, "wmt": 19990, "wmd": 0, "wmv": 9292, "wdn": -37, "wdt": -14, "wdd": -100, "wdv": -54, "tlv": "Georgia"}