{"loc": "Pike", "iso": "US", "l1": "United States", "l2": "Pennsylvania", "lvl": 3, "pop": 55809, "key": 13329, "isd": true, "ppd": 35.608000000000004, "med": 38.3, "p65": 15.413, "p70": 9.732000000000001, "hos": 2.77, "exp": 78.86, "adr": 1.0, "amn": 68179.0, "amv": 752032.0, "amd": 968.0, "amt": 1029522.0, "tmn": [340, 376, 447, 125, 89, 501, 412, 340, 268, 322, 125, 161, 232, 358, 465, 376, 358, 125, 35, 304, 197], "tmv": [10699, 12037, 10893, 10729, 6600, 5484, 7781, 9092, 10242, 10071, 9169, 6395, 4975, 6773, 8259, 8496, 10027, 6458, 3608, 3001, 0], "tmd": [0, 0, 0, 0, 0, 0, 0, 18, 0, 0, 0, 0, 18, 0, 0, 0, 0, 0, 0, 0, 0], "wmn": 1864, "wmt": 22827, "wmd": 0, "wmv": 39852, "wdn": 3, "wdt": -8, "wdd": -100, "wdv": -30, "tlv": "Pennsylvania"}