{"loc": "Pike", "iso": "US", "l1": "United States", "l2": "Georgia", "lvl": 3, "pop": 18962, "key": 13322, "isd": true, "ppd": 35.608000000000004, "med": 38.3, "p65": 15.413, "p70": 9.732000000000001, "hos": 2.77, "exp": 78.86, "adr": 2.0, "amn": 137485.0, "amv": 0.0, "amd": 2320.0, "amt": 915644.0, "tmn": [421, 105, 0, 0, 474, 685, 738, 632, 421, 0, 0, 896, 1318, 527, 685, 1002, 0, 0, 1212, 1265, 1160], "tmv": [0, 0, 0, 0, 0, 0, 0, 0, 0, 0, 0, 0, 0, 0, 0, 0, 0, 0, 0, 0, 0], "tmd": [0, 0, 0, 0, 0, 0, 0, 0, 0, 0, 0, 0, 0, 0, 0, 0, 0, 0, 0, 0, 0], "wmn": 5327, "wmt": 13116, "wmd": 0, "wmv": 0, "wdn": 40, "wdt": 3, "wdd": 0, "wdv": 0, "tlv": "Georgia"}