{"loc": "Pitkin", "iso": "US", "l1": "United States", "l2": "Colorado", "lvl": 3, "pop": 17767, "key": 13338, "isd": true, "ppd": 35.608000000000004, "med": 38.3, "p65": 15.413, "p70": 9.732000000000001, "hos": 2.77, "exp": 78.86, "adr": 0.0, "amn": 147577.0, "amv": 991062.0, "amd": 225.0, "amt": 1569758.0, "tmn": [56, 0, 0, 0, 112, -56, 0, 56, 0, 0, 0, 0, 56, 56, 56, 168, 0, 0, 112, 112, 337], "tmv": [2495, 4865, 3672, 4016, 3766, 3121, 6234, 3276, 3244, 2575, 1851, 1965, 1967, 2474, 1554, 2803, 3655, 3299, 2241, 4154, 0], "tmd": [0, 0, 0, 0, 0, 0, 0, 0, 0, 0, 0, 0, 0, 0, 0, 0, 0, 0, 0, 0, 0], "wmn": 788, "wmt": 15712, "wmd": 0, "wmv": 17709, "wdn": 367, "wdt": -2, "wdd": 0, "wdv": 2, "tlv": "Colorado"}