{"loc": "Pima", "iso": "US", "l1": "United States", "l2": "Arizona", "lvl": 3, "pop": 1047279, "key": 13331, "isd": true, "ppd": 35.608000000000004, "med": 38.3, "p65": 15.413, "p70": 9.732000000000001, "hos": 2.77, "exp": 78.86, "adr": 2.0, "amn": 126020.0, "amv": 1165506.0, "amd": 2446.0, "amt": 1690764.0, "tmn": [343, 120, 302, 46, 436, 291, 292, 250, 314, 177, 173, 144, 301, 322, 266, 255, 230, 256, 192, 340, 225], "tmv": [3257, 2889, 2103, 1988, 3241, 2538, 4249, 2950, 0, 0, 0, 2913, 2024, 2876, 2739, 2336, 1790, 1886, 2554, 2257, 2903], "tmd": [4, 0, 0, 1, 10, 2, 10, 7, 0, 0, 6, 1, 2, 1, 4, 1, 0, 19, 1, 1, 0], "wmn": 1769, "wmt": 32480, "wmd": 25, "wmv": 16467, "wdn": 5, "wdt": 7, "wdd": 53, "wdv": 53, "tlv": "Arizona"}