{"loc": "Piscataquis", "iso": "US", "l1": "United States", "l2": "Maine", "lvl": 3, "pop": 16785, "key": 13336, "isd": true, "ppd": 35.608000000000004, "med": 38.3, "p65": 15.413, "p70": 9.732000000000001, "hos": 2.77, "exp": 78.86, "adr": 1.0, "amn": 93893.0, "amv": 1393875.0, "amd": 775.0, "amt": 2332018.0, "tmn": [178, 595, 0, 297, 0, 0, 1251, 119, 2621, 1489, 476, 0, 0, 834, 2859, 238, 0, 0, 0, 0, 834], "tmv": [4933, 4463, 5576, 3317, 1660, 4353, 4663, 4819, 4832, 5563, 3334, 1728, 4724, 4234, 2965, 50, 2434, 1138, 149, 0, 0], "tmd": [0, 0, 0, 0, 0, 0, 0, 0, 60, 0, 0, 0, 0, 0, 0, 0, 0, 0, 0, 0, 0], "wmn": 3933, "wmt": 37250, "wmd": 0, "wmv": 6738, "wdn": -29, "wdt": -27, "wdd": -100, "wdv": -77, "tlv": "Maine"}