{"loc": "Pinal", "iso": "US", "l1": "United States", "l2": "Arizona", "lvl": 3, "pop": 462789, "key": 13332, "isd": true, "ppd": 35.608000000000004, "med": 38.3, "p65": 15.413, "p70": 9.732000000000001, "hos": 2.77, "exp": 78.86, "adr": 2.0, "amn": 98185.0, "amv": 186027.0, "amd": 1603.0, "amt": 507482.0, "tmn": [289, 1024, 477, 451, 427, 486, 90, 263, 592, 103, 367, 110, 296, 200, 162, 10, 473, 211, 324, 360, 10], "tmv": [3336, 1695, 3330, 4023, 4903, 6734, 6595, 3662, 2393, 4746, 4917, 6132, 6772, 6806, 0, 0, 3221, 4419, 5606, 5173, 0], "tmd": [0, 33, 20, 26, 24, 7, 0, 0, 31, 31, 13, 11, 18, 0, 0, 0, 11, 37, 22, 3, 0], "wmn": 1554, "wmt": 9020, "wmd": 72, "wmv": 18422, "wdn": -20, "wdt": -18, "wdd": -30, "wdv": -48, "tlv": "Arizona"}