{"loc": "Pima", "iso": "US", "l1": "United States", "l2": "Arizona", "lvl": 3, "pop": 1047279, "key": 13331, "isd": true, "ppd": 35.608000000000004, "med": 38.3, "p65": 15.413, "p70": 9.732000000000001, "hos": 2.77, "exp": 78.86, "adr": 2.0, "amn": 130005.0, "amv": 1197969.0, "amd": 2540.0, "amt": 1762170.0, "tmn": [230, 256, 192, 340, 225, 239, 306, 228, 161, 153, 244, 358, 338, 166, 217, 49, 332, 292, 318, 348, 229], "tmv": [1790, 1886, 2554, 2257, 2903, 2781, 2047, 1978, 1647, 2163, 995, 2262, 2445, 2251, 1671, 0, 0, 2784, 2570, 2833, 0], "tmd": [0, 19, 1, 1, 0, 8, 0, 0, 19, 13, 4, 1, 7, 0, 0, 19, 4, 2, 5, 16, 0], "wmn": 1789, "wmt": 30213, "wmd": 44, "wmv": 9860, "wdn": 8, "wdt": 0, "wdd": 5, "wdv": -28, "tlv": "Arizona"}