{"loc": "Pleasants", "iso": "US", "l1": "United States", "l2": "West Virginia", "lvl": 3, "pop": 7460, "key": 13348, "isd": true, "ppd": 35.608000000000004, "med": 38.3, "p65": 15.413, "p70": 9.732000000000001, "hos": 2.77, "exp": 78.86, "adr": 2.0, "amn": 106971.0, "amv": 191493.0, "amd": 2279.0, "amt": 1196958.0, "tmn": [402, 0, 134, 134, 134, 0, 134, 1072, 134, 0, 0, 268, 134, 134, 0, 0, 134, 134, 0, 268, 268], "tmv": [1695, 3330, 4023, 4903, 6734, 6595, 3662, 2393, 4746, 4917, 6132, 6772, 6806, 0, 0, 3221, 4419, 5606, 5173, 5466, 0], "tmd": [0, 0, 0, 0, 269, 0, 0, 0, 0, 0, 0, 0, 0, 0, 0, 0, 0, 0, 0, 0, 0], "wmn": 805, "wmt": 30170, "wmd": 0, "wmv": 23888, "wdn": -54, "wdt": -19, "wdd": 0, "wdv": -25, "tlv": "West Virginia"}