{"loc": "Placer", "iso": "US", "l1": "United States", "l2": "California", "lvl": 3, "pop": 398329, "key": 13343, "isd": true, "ppd": 35.608000000000004, "med": 38.3, "p65": 15.413, "p70": 9.732000000000001, "hos": 2.77, "exp": 78.86, "adr": 1.0, "amn": 64166.0, "amv": 1054363.0, "amd": 771.0, "amt": 1877298.0, "tmn": [311, 0, 0, 0, 0, 343, 115, 311, 0, 117, 0, 0, 564, 502, 0, 479, 0, 0, 0, 798, 238], "tmv": [1655, 1721, 1666, 1928, 1520, 1539, 740, 1856, 2005, 1821, 2051, 2364, 1193, 1200, 2288, 2155, 2600, 2160, 2477, 1419, 1374], "tmd": [3, 0, 0, 0, 0, 0, 0, 0, 0, 0, 0, 0, 0, 8, 0, 0, 0, 0, 0, 0, 0], "wmn": 1517, "wmt": 29583, "wmd": 0, "wmv": 14477, "wdn": 1, "wdt": 9, "wdd": -100, "wdv": 16, "tlv": "California"}