{"loc": "Plaquemines", "iso": "US", "l1": "United States", "l2": "Louisiana", "lvl": 3, "pop": 23197, "key": 13344, "isd": true, "ppd": 35.608000000000004, "med": 38.3, "p65": 15.413, "p70": 9.732000000000001, "hos": 2.77, "exp": 78.86, "adr": 1.0, "amn": 164202.0, "amv": 1242734.0, "amd": 1724.0, "amt": 2055785.0, "tmn": [172, 474, 0, 0, 344, 86, 129, 0, 43, 0, 0, 215, 258, 86, 258, 86, 0, 0, 129, 129, 0], "tmv": [2784, 2570, 2833, 3777, 2988, 2423, 2905, 2661, 3390, 3489, 0, 0, 0, 2411, 3257, 3418, 2659, 2485, 1614, 1945, 0], "tmd": [0, 0, 0, 0, 0, 0, 0, 44, 44, 0, 0, 0, 0, 0, 0, 0, 0, 0, 0, 87, 0], "wmn": 604, "wmt": 25813, "wmd": 87, "wmv": 15382, "wdn": 0, "wdt": -16, "wdd": 0, "wdv": 29, "tlv": "Louisiana"}