{"loc": "Plaquemines", "iso": "US", "l1": "United States", "l2": "Louisiana", "lvl": 3, "pop": 23197, "key": 13344, "isd": true, "ppd": 35.608000000000004, "med": 38.3, "p65": 15.413, "p70": 9.732000000000001, "hos": 2.77, "exp": 78.86, "adr": 1.0, "amn": 164676.0, "amv": 1263117.0, "amd": 1724.0, "amt": 2086720.0, "tmn": [0, 43, 0, 0, 215, 258, 86, 258, 86, 0, 0, 129, 129, 0, 0, 172, 0, 0, 129, 86, 86], "tmv": [2661, 3390, 3489, 0, 0, 0, 2411, 3257, 3418, 2659, 2485, 1614, 1945, 2278, 2491, 2890, 2710, 2395, 1993, 2154, 3467], "tmd": [44, 44, 0, 0, 0, 0, 0, 0, 0, 0, 0, 0, 87, 0, 0, 0, 0, 0, 0, 0, 0], "wmn": 475, "wmt": 30936, "wmd": 0, "wmv": 18105, "wdn": -21, "wdt": 20, "wdd": -100, "wdv": 3, "tlv": "Louisiana"}