{"loc": "Pittsylvania", "iso": "US", "l1": "United States", "l2": "Virginia", "lvl": 3, "pop": 60354, "key": 13341, "isd": true, "ppd": 35.608000000000004, "med": 38.3, "p65": 15.413, "p70": 9.732000000000001, "hos": 2.77, "exp": 78.86, "adr": 1.0, "amn": 104119.0, "amv": 1104562.0, "amd": 1441.0, "amt": 984322.0, "tmn": [281, 397, 0, 0, 447, 281, 430, 281, 314, 0, 0, 762, 778, 281, 381, 629, 0, 0, 1259, 845, 497], "tmv": [2622, 2492, 2548, 2348, 1615, 1875, 1986, 1986, 2786, 3007, 2017, 2605, 1830, 2139, 3106, 3068, 3187, 2953, 1851, 1966, 0], "tmd": [0, 0, 0, 0, 0, 0, 0, 0, 0, 0, 0, 0, 0, 0, 0, 0, 0, 0, 17, 0, 0], "wmn": 3613, "wmt": 16479, "wmd": 17, "wmv": 16136, "wdn": 49, "wdt": 13, "wdd": 0, "wdv": -1, "tlv": "Virginia"}