{"loc": "Polk", "iso": "US", "l1": "United States", "l2": "Georgia", "lvl": 3, "pop": 42613, "key": 13359, "isd": true, "ppd": 35.608000000000004, "med": 38.3, "p65": 15.413, "p70": 9.732000000000001, "hos": 2.77, "exp": 78.86, "adr": 2.0, "amn": 129022.0, "amv": 556863.0, "amd": 2089.0, "amt": 749290.0, "tmn": [258, 23, 234, 117, 93, 187, 93, 234, 117, 117, 187, 117, 70, 164, 234, 46, 187, 117, 117, 93, 46], "tmv": [9226, 6156, 5181, 6849, 8594, 10257, 10611, 9961, 7133, 5431, 8106, 10192, 12065, 12389, 10214, 6477, 4262, 8755, 10329, 12013, 14052], "tmd": [0, 24, 0, 0, 47, 0, 0, 0, 0, 24, 0, 0, 0, 0, 0, 0, 24, 0, 0, 0, 0], "wmn": 845, "wmt": 11216, "wmd": 24, "wmv": 66105, "wdn": -16, "wdt": -1, "wdd": 0, "wdv": 1, "tlv": "Georgia"}