{"loc": "Poinsett", "iso": "US", "l1": "United States", "l2": "Arkansas", "lvl": 3, "pop": 23528, "key": 13354, "isd": true, "ppd": 35.608000000000004, "med": 38.3, "p65": 15.413, "p70": 9.732000000000001, "hos": 2.77, "exp": 78.86, "adr": 2.0, "amn": 193769.0, "amv": 1160346.0, "amd": 3995.0, "amt": 1253874.0, "tmn": [1317, 1020, 340, 297, 2422, 1275, 850, 850, 1445, 680, 425, 595, 1020, 1997, 1020, 807, 935, 340, 765, 722, 595], "tmv": [3250, 3257, 2889, 2103, 1988, 3241, 2538, 4249, 2950, 0, 0, 0, 2913, 2024, 2876, 2739, 2336, 1790, 1886, 2554, 0], "tmd": [0, 0, 43, 0, 43, 0, 0, 0, 0, 0, 0, 0, 43, 0, 0, 0, 43, 0, 0, 0, 0], "wmn": 5186, "wmt": 23396, "wmd": 43, "wmv": 14183, "wdn": -26, "wdt": 6, "wdd": 0, "wdv": 17, "tlv": "Arkansas"}