{"loc": "Poinsett", "iso": "US", "l1": "United States", "l2": "Arkansas", "lvl": 3, "pop": 23528, "key": 13354, "isd": true, "ppd": 35.608000000000004, "med": 38.3, "p65": 15.413, "p70": 9.732000000000001, "hos": 2.77, "exp": 78.86, "adr": 2.0, "amn": 131078.0, "amv": 258018.0, "amd": 3230.0, "amt": 904003.0, "tmn": [127, 170, 85, 0, 0, 85, 0, 85, 0, 42, 170, 42, 170, 85, 467, 42, 85, 42, 42, 0, 85], "tmv": [6806, 0, 0, 3221, 4419, 5606, 5173, 5466, 3298, 2593, 4349, 5491, 6616, 7139, 7375, 5050, 5255, 5793, 6168, 7391, 0], "tmd": [0, 0, 43, 0, 0, 0, 0, 0, 0, 0, 0, 43, 0, 0, -170, 43, 0, 0, 43, 0, 0], "wmn": 766, "wmt": 28568, "wmd": -85, "wmv": 37036, "wdn": 29, "wdt": 108, "wdd": -300, "wdv": 6, "tlv": "Arkansas"}