{"loc": "Plymouth", "iso": "US", "l1": "United States", "l2": "Massachusetts", "lvl": 3, "pop": 521202, "key": 13351, "isd": true, "ppd": 35.608000000000004, "med": 38.3, "p65": 15.413, "p70": 9.732000000000001, "hos": 2.77, "exp": 78.86, "adr": 3.0, "amn": 103605.0, "amv": 1144139.0, "amd": 2832.0, "amt": 3877727.0, "tmn": [232, 0, 0, 464, 234, 285, 282, 276, 0, 0, 629, 335, 218, 245, 255, 0, 0, 0, 610, 174, 397], "tmv": [3068, 3187, 2953, 1851, 1966, 2813, 2807, 3250, 3257, 2889, 2103, 1988, 3241, 2538, 4249, 2950, 0, 0, 0, 2913, 0], "tmd": [4, 0, 0, 0, 2, 0, 4, 0, 0, 0, 2, 2, 4, 2, 2, 0, 0, 0, 2, 2, 2], "wmn": 1438, "wmt": 70995, "wmd": 8, "wmv": 10114, "wdn": -16, "wdt": 8, "wdd": -20, "wdv": -48, "tlv": "Massachusetts"}