{"loc": "Plymouth", "iso": "US", "l1": "United States", "l2": "Massachusetts", "lvl": 3, "pop": 521202, "key": 13351, "isd": true, "ppd": 35.608000000000004, "med": 38.3, "p65": 15.413, "p70": 9.732000000000001, "hos": 2.77, "exp": 78.86, "adr": 2.0, "amn": 133626.0, "amv": 1469622.0, "amd": 3089.0, "amt": 5001736.0, "tmn": [731, 466, 0, 865, 0, 0, 1061, 763, 763, 767, 884, 0, 0, 1822, 832, 778, 942, 828, 0, 0, 1901], "tmv": [5133, 3959, 70, 3467, 2554, 1688, 4748, 5430, 6005, 6047, 6744, 4092, 2038, 5038, 5187, 5041, 4530, 2968, 283, 0, 0], "tmd": [0, 4, 0, 6, 0, 0, 6, 6, 6, 6, 6, 0, 0, 6, 10, 8, 6, 4, 0, 0, 16], "wmn": 5284, "wmt": 95858, "wmd": 43, "wmv": 18013, "wdn": 6, "wdt": 23, "wdd": 47, "wdv": -49, "tlv": "Massachusetts"}