{"loc": "Plymouth", "iso": "US", "l1": "United States", "l2": "Massachusetts", "lvl": 3, "pop": 521202, "key": 13351, "isd": true, "ppd": 35.608000000000004, "med": 38.3, "p65": 15.413, "p70": 9.732000000000001, "hos": 2.77, "exp": 78.86, "adr": 3.0, "amn": 95489.0, "amv": 1039887.0, "amd": 2788.0, "amt": 3553051.0, "tmn": [5, 5, 26, 0, 0, 32, 24, 28, 40, 24, 0, 0, 84, 59, 72, 78, 53, 0, 0, 176, 115], "tmv": [1326, 2107, 1883, 1818, 1779, 1363, 1036, 1655, 1721, 1666, 1928, 1520, 1539, 740, 1856, 2005, 1821, 2051, 2364, 1193, 1200], "tmd": [0, -1, 0, 0, 0, 0, 0, 0, 0, 0, 0, 0, 0, 6, 0, 2, 4, 0, 0, 2, 0], "wmn": 497, "wmt": 32063, "wmd": 8, "wmv": 12494, "wdn": 109, "wdt": 24, "wdd": 33, "wdv": 16, "tlv": "Massachusetts"}