{"loc": "Plymouth", "iso": "US", "l1": "United States", "l2": "Iowa", "lvl": 3, "pop": 25177, "key": 13350, "isd": true, "ppd": 35.608000000000004, "med": 38.3, "p65": 15.413, "p70": 9.732000000000001, "hos": 2.77, "exp": 78.86, "adr": 2.0, "amn": 157684.0, "amv": 624865.0, "amd": 3138.0, "amt": 444486.0, "tmn": [0, 317, 436, 397, 556, 595, 158, 79, 635, 397, 158, 278, 317, 158, 79, 79, 317, 397, 317, 79, 39], "tmv": [9961, 7133, 5431, 8106, 10192, 12065, 12389, 10214, 6477, 4262, 8755, 10329, 12013, 14052, 10864, 8027, 7863, 7615, 10699, 12037, 10893], "tmd": [0, 0, 0, 0, 0, 0, 0, 0, 0, 0, 0, 0, 0, 0, 0, 0, 0, 0, 0, 0, 0], "wmn": 1311, "wmt": 3528, "wmd": 0, "wmv": 68002, "wdn": -35, "wdt": -26, "wdd": 0, "wdv": 3, "tlv": "Iowa"}