{"loc": "Polk", "iso": "US", "l1": "United States", "l2": "Oregon", "lvl": 3, "pop": 86085, "key": 13365, "isd": true, "ppd": 35.608000000000004, "med": 38.3, "p65": 15.413, "p70": 9.732000000000001, "hos": 2.77, "exp": 78.86, "adr": 1.0, "amn": 93257.0, "amv": 1354464.0, "amd": 1080.0, "amt": 1873931.0, "tmn": [0, 0, 464, 545, 429, 325, 278, 0, 0, 371, 464, 313, 0, 360, 0, 0, 464, 476, 336, 313, 278], "tmv": [2361, 1265, 4095, 4257, 4381, 4544, 5255, 2753, 1460, 3910, 4355, 4594, 4119, 5128, 2996, 1521, 3915, 2663, 347, 0, 0], "tmd": [0, 0, 0, 0, 24, 24, 12, 0, 0, 12, 0, 0, 0, 0, 0, 0, 0, 35, 12, 0, 12], "wmn": 1871, "wmt": 35136, "wmd": 59, "wmv": 11446, "wdn": 24, "wdt": 11, "wdd": 400, "wdv": -57, "tlv": "Oregon"}