{"loc": "Polk", "iso": "US", "l1": "United States", "l2": "Missouri", "lvl": 3, "pop": 32149, "key": 13362, "isd": true, "ppd": 35.608000000000004, "med": 38.3, "p65": 15.413, "p70": 9.732000000000001, "hos": 2.77, "exp": 78.86, "adr": 1.0, "amn": 67249.0, "amv": 228357.0, "amd": 964.0, "amt": 730321.0, "tmn": [62, 342, 124, 279, 217, 31, 31, 62, 31, 0, 93, -62, 93, 155, 0, 186, 93, 62, 124, 155, 31], "tmv": [3662, 2393, 4746, 4917, 6132, 6772, 6806, 0, 0, 3221, 4419, 5606, 5173, 5466, 3298, 2593, 4349, 5491, 6616, 7139, 7375], "tmd": [0, 0, 0, 32, 32, 0, 0, 0, 0, 0, 32, 32, 0, 0, 0, 0, 0, 0, 0, 0, 32], "wmn": 654, "wmt": 14079, "wmd": 32, "wmv": 36864, "wdn": 75, "wdt": 35, "wdd": -50, "wdv": 54, "tlv": "Missouri"}