{"loc": "Polk", "iso": "US", "l1": "United States", "l2": "Minnesota", "lvl": 3, "pop": 31364, "key": 13361, "isd": true, "ppd": 35.608000000000004, "med": 38.3, "p65": 15.413, "p70": 9.732000000000001, "hos": 2.77, "exp": 78.86, "adr": 1.0, "amn": 174659.0, "amv": 1303449.0, "amd": 2614.0, "amt": 2172020.0, "tmn": [0, 286, 924, 733, 669, 669, 0, 0, 701, 1594, 1147, 637, 956, 0, 0, 2008, 1434, 860, 605, 1211, 0], "tmv": [780, 2376, 2334, 2342, 2403, 3887, 2378, 1359, 4316, 4363, 4502, 4400, 4864, 2267, 1210, 3657, 3104, 3335, 2510, 342, 0], "tmd": [0, 0, 0, 0, 32, 32, 0, 0, 32, 0, 32, 0, 0, 0, 0, 0, 0, 0, 0, 32, 0], "wmn": 6122, "wmt": 33838, "wmd": 32, "wmv": 14161, "wdn": 22, "wdt": -5, "wdd": -50, "wdv": -46, "tlv": "Minnesota"}