{"loc": "Polk", "iso": "US", "l1": "United States", "l2": "Oregon", "lvl": 3, "pop": 86085, "key": 13365, "isd": true, "ppd": 35.608000000000004, "med": 38.3, "p65": 15.413, "p70": 9.732000000000001, "hos": 2.77, "exp": 78.86, "adr": 1.0, "amn": 54156.0, "amv": 1074040.0, "amd": 697.0, "amt": 1398896.0, "tmn": [0, 0, 209, 278, 139, 278, 243, 0, 0, 243, 464, 336, 580, 209, 0, 0, 290, 487, 604, 511, 313], "tmv": [2051, 2364, 1193, 1200, 2288, 2155, 2600, 2160, 2477, 1419, 1374, 2201, 2622, 2492, 2548, 2348, 1615, 1875, 1986, 1986, 0], "tmd": [0, 0, 0, 12, 0, 0, 0, 0, 0, 0, 0, 0, 0, 0, 0, 0, 12, 0, 0, 24, 0], "wmn": 2208, "wmt": 30409, "wmd": 35, "wmv": 12361, "wdn": 20, "wdt": 55, "wdd": 0, "wdv": -16, "tlv": "Oregon"}