{"loc": "Polk", "iso": "US", "l1": "United States", "l2": "Oregon", "lvl": 3, "pop": 86085, "key": 13365, "isd": true, "ppd": 35.608000000000004, "med": 38.3, "p65": 15.413, "p70": 9.732000000000001, "hos": 2.77, "exp": 78.86, "adr": 1.0, "amn": 49451.0, "amv": 1039887.0, "amd": 662.0, "amt": 1340117.0, "tmn": [104, 23, 46, 0, 0, 58, 104, 92, 104, 174, 0, 0, 116, 406, 151, 104, 58, 0, 0, 209, 278], "tmv": [1326, 2107, 1883, 1818, 1779, 1363, 1036, 1655, 1721, 1666, 1928, 1520, 1539, 740, 1856, 2005, 1821, 2051, 2364, 1193, 1200], "tmd": [0, 0, 0, 0, 0, 0, 0, 0, 0, 0, 0, 0, 0, 0, 0, 0, 0, 0, 0, 0, 12], "wmn": 802, "wmt": 18118, "wmd": 12, "wmv": 12494, "wdn": -10, "wdt": 23, "wdd": 0, "wdv": 16, "tlv": "Oregon"}