{"loc": "Polk", "iso": "US", "l1": "United States", "l2": "North Carolina", "lvl": 3, "pop": 20724, "key": 13364, "isd": true, "ppd": 35.608000000000004, "med": 38.3, "p65": 15.413, "p70": 9.732000000000001, "hos": 2.77, "exp": 78.86, "adr": 2.0, "amn": 62391.0, "amv": 160515.0, "amd": 1206.0, "amt": 930490.0, "tmn": [579, 965, 337, 482, 0, 772, 144, 48, 1206, 386, 337, 386, 241, 289, 96, 723, 289, 289, 193, 289, 193], "tmv": [2448, 3374, 4677, 5132, 5139, 4690, 3336, 1695, 3330, 4023, 4903, 6734, 6595, 3662, 2393, 4746, 4917, 6132, 6772, 6806, 0], "tmd": [0, 0, 145, 0, 0, 0, 0, 0, 0, 0, 0, 49, 0, 0, 0, 49, 145, 0, 49, 0, 0], "wmn": 2075, "wmt": 33805, "wmd": 242, "wmv": 31769, "wdn": -28, "wdt": -15, "wdd": 400, "wdv": 3, "tlv": "North Carolina"}