{"loc": "Polk", "iso": "US", "l1": "United States", "l2": "Iowa", "lvl": 3, "pop": 490161, "key": 13360, "isd": true, "ppd": 35.608000000000004, "med": 38.3, "p65": 15.413, "p70": 9.732000000000001, "hos": 2.77, "exp": 78.86, "adr": 1.0, "amn": 154423.0, "amv": 1263117.0, "amd": 1508.0, "amt": 543653.0, "tmn": [0, 0, 0, 0, 0, 2401, 0, 0, 0, 0, 0, 0, 1956, 0, 0, 0, 0, 0, 0, 2111, 0], "tmv": [3390, 3489, 0, 0, 0, 2411, 3257, 3418, 2659, 2485, 1614, 1945, 2278, 2491, 2890, 2710, 2395, 1993, 2154, 3467, 0], "tmd": [0, 0, 0, 0, 0, 15, 0, 0, 0, 0, 0, 0, 27, 0, 0, 0, 0, 0, 0, 21, 0], "wmn": 2112, "wmt": 4143, "wmd": 21, "wmv": 15613, "wdn": 8, "wdt": 11, "wdd": -23, "wdv": -8, "tlv": "Iowa"}