{"loc": "Polk", "iso": "US", "l1": "United States", "l2": "Oregon", "lvl": 3, "pop": 86085, "key": 13365, "isd": true, "ppd": 35.608000000000004, "med": 38.3, "p65": 15.413, "p70": 9.732000000000001, "hos": 2.77, "exp": 78.86, "adr": 1.0, "amn": 34245.0, "amv": 170827.0, "amd": 488.0, "amt": 813685.0, "tmn": [313, 290, 0, 383, 267, 302, 81, 162, 209, 174, 81, 209, 185, 197, 151, 197, 34, 34, 69, 174, 151], "tmv": [5132, 5139, 4690, 3336, 1695, 3330, 4023, 4903, 6734, 6595, 3662, 2393, 4746, 4917, 6132, 6772, 6806, 0, 0, 3221, 0], "tmd": [0, 0, 0, 0, 0, 0, 0, 0, 12, 0, 0, 0, 0, 0, 0, 0, 0, 0, 0, 0, 0], "wmn": 814, "wmt": 16012, "wmd": 0, "wmv": 22933, "wdn": -33, "wdt": -48, "wdd": -100, "wdv": -32, "tlv": "Oregon"}