{"loc": "Ponce", "iso": "PR", "l1": "United States", "l2": "Puerto Rico", "lvl": 3, "pop": 131881, "key": 13370, "isd": true, "ppd": 35.608000000000004, "med": 38.3, "p65": 15.413, "p70": 9.732000000000001, "hos": 2.77, "exp": 78.86, "adr": 0.0, "amn": 17410.0, "amv": 186027.0, "amd": 0.0, "amt": 126830.0, "tmn": [98, 60, 37, 37, 22, 68, 83, 53, 53, 15, 30, 53, 75, 60, 75, 90, 15, 37, 30, 37, 409], "tmv": [3336, 1695, 3330, 4023, 4903, 6734, 6595, 3662, 2393, 4746, 4917, 6132, 6772, 6806, 0, 0, 3221, 4419, 5606, 5173, 0], "tmd": [0, 0, 0, 0, 0, 0, 0, 0, 0, 0, 0, 0, 0, 0, 0, 0, 0, 0, 0, 0, 0], "wmn": 698, "wmt": 462, "wmd": 0, "wmv": 18422, "wdn": 104, "wdt": -17, "wdd": 0, "wdv": -48, "tlv": "Puerto Rico"}