{"loc": "Pontotoc", "iso": "US", "l1": "United States", "l2": "Oklahoma", "lvl": 3, "pop": 38284, "key": 13373, "isd": true, "ppd": 35.608000000000004, "med": 38.3, "p65": 15.413, "p70": 9.732000000000001, "hos": 2.77, "exp": 78.86, "adr": 1.0, "amn": 158682.0, "amv": 1146163.0, "amd": 2168.0, "amt": 1120136.0, "tmn": [0, 0, 0, 0, 2220, 0, 0, 0, 0, 0, 0, 6712, 0, 0, 0, 0, 0, 0, 4048, 0, 0], "tmv": [3187, 2953, 1851, 1966, 2813, 2807, 3250, 3257, 2889, 2103, 1988, 3241, 2538, 4249, 2950, 0, 0, 0, 2913, 2024, 0], "tmd": [0, 0, 0, 0, 53, 0, 0, 0, 0, 0, 0, 0, 0, 0, 0, 0, 0, 0, 0, 0, 0], "wmn": 4049, "wmt": 16132, "wmd": 0, "wmv": 7888, "wdn": -40, "wdt": 3, "wdd": 0, "wdv": -61, "tlv": "Oklahoma"}