{"loc": "Pope", "iso": "US", "l1": "United States", "l2": "Arkansas", "lvl": 3, "pop": 64072, "key": 13374, "isd": true, "ppd": 35.608000000000004, "med": 38.3, "p65": 15.413, "p70": 9.732000000000001, "hos": 2.77, "exp": 78.86, "adr": 1.0, "amn": 122113.0, "amv": 343093.0, "amd": 1592.0, "amt": 924998.0, "tmn": [358, 156, 218, 15, 140, 171, 62, 93, 46, 78, 15, 109, 93, 0, 171, 46, 31, 31, 124, 46, 78], "tmv": [6616, 7139, 7375, 5050, 5255, 5793, 6168, 7391, 8814, 7404, 5275, 4864, 6157, 7535, 8875, 13887, 4118, 6135, 5026, 6980, 0], "tmd": [0, 16, -62, 0, 0, 0, 0, 0, 0, 16, 0, 0, 16, 0, 0, 0, 0, 0, 0, 16, 16], "wmn": 531, "wmt": 13016, "wmd": 32, "wmv": 45024, "wdn": 21, "wdt": 19, "wdd": 0, "wdv": -5, "tlv": "Arkansas"}