{"loc": "Pondera", "iso": "US", "l1": "United States", "l2": "Montana", "lvl": 3, "pop": 5911, "key": 13371, "isd": true, "ppd": 35.608000000000004, "med": 38.3, "p65": 15.413, "p70": 9.732000000000001, "hos": 2.77, "exp": 78.86, "adr": 1.0, "amn": 104212.0, "amv": 1157792.0, "amd": 677.0, "amt": 1609525.0, "tmn": [338, 169, 0, 0, 845, 338, 0, 169, 169, 0, 0, 0, 338, 1184, 845, 1691, 0, 0, 845, 2199, 1522], "tmv": [2807, 3250, 3257, 2889, 2103, 1988, 3241, 2538, 4249, 2950, 0, 0, 0, 2913, 2024, 2876, 2739, 2336, 1790, 1886, 0], "tmd": [0, 0, 0, 0, 0, 0, 0, 0, 0, 0, 0, 0, 0, 0, 0, 0, 0, 0, 0, 0, 170], "wmn": 7106, "wmt": 44177, "wmd": 170, "wmv": 13653, "wdn": 282, "wdt": 38, "wdd": 0, "wdv": 8, "tlv": "Montana"}