{"loc": "Pope", "iso": "US", "l1": "United States", "l2": "Arkansas", "lvl": 3, "pop": 64072, "key": 13374, "isd": true, "ppd": 35.608000000000004, "med": 38.3, "p65": 15.413, "p70": 9.732000000000001, "hos": 2.77, "exp": 78.86, "adr": 1.0, "amn": 159118.0, "amv": 1104562.0, "amd": 1967.0, "amt": 1177628.0, "tmn": [749, 998, 1045, 874, 374, 1217, 2387, 624, 1076, 795, 1108, 530, 702, 2075, 998, 702, 952, 655, 780, 1123, 1076], "tmv": [2622, 2492, 2548, 2348, 1615, 1875, 1986, 1986, 2786, 3007, 2017, 2605, 1830, 2139, 3106, 3068, 3187, 2953, 1851, 1966, 0], "tmd": [0, 0, 0, 16, 0, 0, 0, 0, 32, 16, 16, 0, 0, 0, 0, 16, 0, 0, 32, 16, 16], "wmn": 6290, "wmt": 24196, "wmd": 79, "wmv": 16136, "wdn": -9, "wdt": 3, "wdd": 25, "wdv": -1, "tlv": "Arkansas"}