{"loc": "Pondera", "iso": "US", "l1": "United States", "l2": "Montana", "lvl": 3, "pop": 5911, "key": 13371, "isd": true, "ppd": 35.608000000000004, "med": 38.3, "p65": 15.413, "p70": 9.732000000000001, "hos": 2.77, "exp": 78.86, "adr": 1.0, "amn": 90002.0, "amv": 0.0, "amd": 508.0, "amt": 1445455.0, "tmn": [0, 0, 0, 0, 169, 169, 169, 676, 0, 0, 0, 0, 338, 0, 169, 0, 0, 0, 845, 0, 1184], "tmv": [0, 0, 0, 0, 0, 0, 0, 0, 0, 0, 0, 0, 0, 0, 0, 0, 0, 0, 0, 0, 0], "tmd": [0, 0, 0, 0, 0, 0, 0, 0, 0, 0, 0, 0, 0, 0, 0, 0, 0, 0, 0, 0, 0], "wmn": 2200, "wmt": 16112, "wmd": 0, "wmv": 0, "wdn": 117, "wdt": -10, "wdd": 0, "wdv": 0, "tlv": "Montana"}