{"loc": "Pottawattamie", "iso": "US", "l1": "United States", "l2": "Iowa", "lvl": 3, "pop": 93206, "key": 13388, "isd": true, "ppd": 35.608000000000004, "med": 38.3, "p65": 15.413, "p70": 9.732000000000001, "hos": 2.77, "exp": 78.86, "adr": 2.0, "amn": 120733.0, "amv": 1016621.0, "amd": 1899.0, "amt": 476067.0, "tmn": [0, 10, 0, 10, 42, 0, 10, 32, 21, 10, 32, 0, 0, 10, -10, 0, 42, 0, 0, 0, 0], "tmv": [1967, 2474, 1554, 2803, 3655, 3299, 2241, 4154, 4949, 1994, 3524, 1923, 0, 0, 1326, 2107, 1883, 1818, 1779, 1363, 1036], "tmd": [0, 0, 0, 11, 0, 0, 0, 11, 11, 0, 0, 0, 0, 0, 0, 0, 0, 0, 0, 0, 0], "wmn": 33, "wmt": 933, "wmd": 0, "wmv": 11315, "wdn": -70, "wdt": -38, "wdd": -100, "wdv": -32, "tlv": "Iowa"}