{"loc": "Potter", "iso": "US", "l1": "United States", "l2": "Pennsylvania", "lvl": 3, "pop": 16526, "key": 13389, "isd": true, "ppd": 35.608000000000004, "med": 38.3, "p65": 15.413, "p70": 9.732000000000001, "hos": 2.77, "exp": 78.86, "adr": 2.0, "amn": 126951.0, "amv": 1341580.0, "amd": 3086.0, "amt": 1502577.0, "tmn": [484, 665, 968, 665, 181, 665, 363, 907, 1452, 1149, 786, 242, 181, 484, 423, 1089, 968, 968, 363, 121, 0], "tmv": [4456, 4611, 4549, 5061, 2356, 1255, 4023, 4168, 4272, 4405, 5092, 2672, 1421, 3738, 4100, 4188, 3596, 4102, 1618, 109, 0], "tmd": [0, 0, 122, 0, 0, 0, 0, 0, 122, 0, 0, 0, 0, 0, 0, 122, 0, 0, 0, 0, 0], "wmn": 3934, "wmt": 22591, "wmd": 122, "wmv": 17716, "wdn": -24, "wdt": 2, "wdd": 0, "wdv": -31, "tlv": "Pennsylvania"}