{"loc": "Porter", "iso": "US", "l1": "United States", "l2": "Indiana", "lvl": 3, "pop": 170389, "key": 13382, "isd": true, "ppd": 35.608000000000004, "med": 38.3, "p65": 15.413, "p70": 9.732000000000001, "hos": 2.77, "exp": 78.86, "adr": 2.0, "amn": 93956.0, "amv": 238664.0, "amd": 1596.0, "amt": 1202138.0, "tmn": [187, 105, 176, 146, 117, 123, 99, 140, 140, 264, 111, 105, 70, 170, 170, 123, 123, 111, 105, 70, 129], "tmv": [4917, 6132, 6772, 6806, 0, 0, 3221, 4419, 5606, 5173, 5466, 3298, 2593, 4349, 5491, 6616, 7139, 7375, 5050, 5255, 0], "tmd": [0, 18, 6, 12, 0, 6, 0, 6, 6, 6, 12, 0, 18, 6, 0, 6, 0, 6, 0, 0, 12], "wmn": 834, "wmt": 35065, "wmd": 24, "wmv": 36929, "wdn": -17, "wdt": 2, "wdd": -56, "wdv": 19, "tlv": "Indiana"}