{"loc": "Portugal", "iso": "PT", "l1": "Portugal", "l2": "0", "lvl": 1, "pop": 10196707, "key": 13384, "isd": true, "ppd": 112.37100000000001, "med": 46.2, "p65": 21.502, "p70": 14.924000000000001, "hos": 3.39, "exp": 82.05, "adr": 2.0, "amn": 106627.0, "amv": 1589895.0, "amd": 1779.0, "amt": 1926958.0, "tmn": [71, 82, 69, 48, 32, 70, 81, 76, 75, 60, 45, 28, 81, 90, 84, 91, 86, 59, 30, 81, 94], "tmv": [0, 0, 0, 0, 0, 0, 0, 0, 0, 0, 0, 0, 0, 0, 0, 0, 0, 0, 0, 0, 0], "tmd": [2, 1, 1, 1, 1, 1, 1, 1, 1, 1, 1, 1, 1, 1, 1, 1, 1, 1, 1, 1, 1], "wmn": 529, "wmt": 12516, "wmd": 4, "wmv": 0, "wdn": 15, "wdt": -57, "wdd": -20, "wdv": 0, "tlv": "Portugal"}