{"loc": "Powhatan", "iso": "US", "l1": "United States", "l2": "Virginia", "lvl": 3, "pop": 29652, "key": 13397, "isd": true, "ppd": 35.608000000000004, "med": 38.3, "p65": 15.413, "p70": 9.732000000000001, "hos": 2.77, "exp": 78.86, "adr": 1.0, "amn": 59659.0, "amv": 435440.0, "amd": 371.0, "amt": 754774.0, "tmn": [134, 168, 303, 303, 202, 168, 67, 134, 33, 202, 134, 168, 67, 101, 269, 202, 67, 168, 236, 134, 67], "tmv": [4864, 6157, 7535, 8875, 13887, 4118, 6135, 5026, 6980, 8171, 7842, 9493, 9226, 6156, 5181, 6849, 8594, 10257, 10611, 9961, 0], "tmd": [0, 0, 0, 0, 0, 0, 0, 0, 0, 0, 0, 0, 0, 0, 0, 0, 0, 0, 0, 34, 0], "wmn": 1147, "wmt": 15092, "wmd": 34, "wmv": 51456, "wdn": 36, "wdt": -7, "wdd": 0, "wdv": -3, "tlv": "Virginia"}