{"loc": "Power", "iso": "US", "l1": "United States", "l2": "Idaho", "lvl": 3, "pop": 7681, "key": 13395, "isd": true, "ppd": 35.608000000000004, "med": 38.3, "p65": 15.413, "p70": 9.732000000000001, "hos": 2.77, "exp": 78.86, "adr": 1.0, "amn": 87749.0, "amv": 1046931.0, "amd": 1172.0, "amt": 462114.0, "tmn": [0, 0, 130, 0, 0, 0, 0, 0, 911, 130, 260, 0, 130, 0, 0, 0, 0, 0, 0, 260, 0], "tmv": [1779, 1363, 1036, 1655, 1721, 1666, 1928, 1520, 1539, 740, 1856, 2005, 1821, 2051, 2364, 1193, 1200, 2288, 2155, 2600, 0], "tmd": [0, 0, 0, 0, 0, 0, 0, 0, 0, 0, 0, 0, 0, 0, 0, 0, 0, 0, 0, 0, 0], "wmn": 261, "wmt": 3989, "wmd": 0, "wmv": 11803, "wdn": -82, "wdt": 11, "wdd": 0, "wdv": 2, "tlv": "Idaho"}