{"loc": "Powder River", "iso": "US", "l1": "United States", "l2": "Montana", "lvl": 3, "pop": 1682, "key": 13392, "isd": true, "ppd": 35.608000000000004, "med": 38.3, "p65": 15.413, "p70": 9.732000000000001, "hos": 2.77, "exp": 78.86, "adr": 3.0, "amn": 161712.0, "amv": 1255502.0, "amd": 5351.0, "amt": 1869562.0, "tmn": [1189, 7134, 2378, 1189, 0, 0, 0, 594, 2972, 4756, 594, 0, 0, 594, 2378, 0, 594, 0, 0, 0, 594], "tmv": [2423, 2905, 2661, 3390, 3489, 0, 0, 0, 2411, 3257, 3418, 2659, 2485, 1614, 1945, 2278, 2491, 2890, 2710, 2395, 0], "tmd": [0, 0, 0, 0, 0, 0, 0, 0, 0, 0, 0, 0, 0, 0, 0, 0, 0, 0, 0, 0, 0], "wmn": 3568, "wmt": 46270, "wmd": 0, "wmv": 14714, "wdn": -62, "wdt": 11, "wdd": 0, "wdv": -7, "tlv": "Montana"}