{"loc": "Powder River", "iso": "US", "l1": "United States", "l2": "Montana", "lvl": 3, "pop": 1682, "key": 13392, "isd": true, "ppd": 35.608000000000004, "med": 38.3, "p65": 15.413, "p70": 9.732000000000001, "hos": 2.77, "exp": 78.86, "adr": 4.0, "amn": 132580.0, "amv": 1197969.0, "amd": 5351.0, "amt": 1735175.0, "tmn": [0, 594, 0, 2378, 0, 0, 0, 1783, 0, 2378, 594, 594, 0, 0, 594, 2378, 4161, 0, 7134, 0, 0], "tmv": [1790, 1886, 2554, 2257, 2903, 2781, 2047, 1978, 1647, 2163, 995, 2262, 2445, 2251, 1671, 0, 0, 2784, 2570, 2833, 0], "tmd": [0, 0, 0, 0, 0, 0, 0, 0, 0, 0, 0, 0, 0, 0, 0, 595, 0, 0, 0, 0, 0], "wmn": 14269, "wmt": 47034, "wmd": 595, "wmv": 9860, "wdn": 167, "wdt": -21, "wdd": 0, "wdv": -28, "tlv": "Montana"}