{"loc": "Powhatan", "iso": "US", "l1": "United States", "l2": "Virginia", "lvl": 3, "pop": 29652, "key": 13397, "isd": true, "ppd": 35.608000000000004, "med": 38.3, "p65": 15.413, "p70": 9.732000000000001, "hos": 2.77, "exp": 78.86, "adr": 1.0, "amn": 56151.0, "amv": 258018.0, "amd": 337.0, "amt": 702573.0, "tmn": [337, 640, 505, 134, 269, 202, 202, 236, 67, 168, 134, 0, 67, 67, 33, 168, 202, 0, 168, 202, 134], "tmv": [6806, 0, 0, 3221, 4419, 5606, 5173, 5466, 3298, 2593, 4349, 5491, 6616, 7139, 7375, 5050, 5255, 5793, 6168, 7391, 0], "tmd": [0, 0, 0, 0, 0, 0, 0, 0, 0, 0, 34, 0, 0, 0, 0, 0, 0, 34, 34, 0, 0], "wmn": 911, "wmt": 13805, "wmd": 68, "wmv": 37036, "wdn": 23, "wdt": -22, "wdd": 100, "wdv": 6, "tlv": "Virginia"}