{"loc": "Powell", "iso": "US", "l1": "United States", "l2": "Montana", "lvl": 3, "pop": 6890, "key": 13394, "isd": true, "ppd": 35.608000000000004, "med": 38.3, "p65": 15.413, "p70": 9.732000000000001, "hos": 2.77, "exp": 78.86, "adr": 2.0, "amn": 211611.0, "amv": 1469622.0, "amd": 3628.0, "amt": 2101544.0, "tmn": [435, 580, 0, 0, 0, 0, 0, 145, 290, 725, 290, 0, 0, 435, 725, 0, 145, 0, 0, 0, 145], "tmv": [5133, 3959, 70, 3467, 2554, 1688, 4748, 5430, 6005, 6047, 6744, 4092, 2038, 5038, 5187, 5041, 4530, 2968, 283, 0, 0], "tmd": [0, 0, 0, 0, 0, 0, 0, 146, 146, 0, 0, 0, 0, 0, 0, 0, 0, 146, 0, 0, 146], "wmn": 1016, "wmt": 25557, "wmd": 291, "wmv": 18013, "wdn": -46, "wdt": -10, "wdd": 0, "wdv": -49, "tlv": "Montana"}