{"loc": "Powhatan", "iso": "US", "l1": "United States", "l2": "Virginia", "lvl": 3, "pop": 29652, "key": 13397, "isd": true, "ppd": 35.608000000000004, "med": 38.3, "p65": 15.413, "p70": 9.732000000000001, "hos": 2.77, "exp": 78.86, "adr": 1.0, "amn": 80534.0, "amv": 1146163.0, "amd": 641.0, "amt": 1027294.0, "tmn": [0, 0, 674, 370, 337, 370, 505, 0, 0, 1348, 573, 607, 370, 708, 0, 0, 1180, 168, 674, 505, 741], "tmv": [3187, 2953, 1851, 1966, 2813, 2807, 3250, 3257, 2889, 2103, 1988, 3241, 2538, 4249, 2950, 0, 0, 0, 2913, 2024, 0], "tmd": [0, 0, 0, 0, 0, 0, 0, 0, 0, 0, 0, 0, 0, 0, 0, 0, 0, 34, 0, 34, 0], "wmn": 3272, "wmt": 18697, "wmd": 68, "wmv": 7888, "wdn": -9, "wdt": 1, "wdd": 0, "wdv": -61, "tlv": "Virginia"}