{"loc": "Prayagraj", "iso": "IN", "l1": "India", "l2": "Uttar Pradesh", "lvl": 3, "pop": 5959798, "key": 13404, "isd": true, "ppd": 450.41900000000004, "med": 28.2, "p65": 5.989, "p70": 3.4139999999999997, "hos": 0.53, "exp": 69.66, "adr": 1.0, "amn": 12301.0, "amv": 114312.0, "amd": 122.0, "amt": 176693.0, "tmn": [316, 294, 331, 285, 264, 365, 306, 341, 328, 246, 233, 187, 254, 211, 165, 206, 213, 162, 143, 93, 86], "tmv": [1978, 1966, 1945, 891, 2374, 0, 0, 2252, 0, 0, 0, 2420, 1705, 1575, 1605, 1977, 1179, 424, 1355, 1209, 0], "tmd": [2, 1, 1, 3, 2, 3, 2, 4, 3, 3, 2, 2, 3, 4, 4, 3, 2, 3, 5, 2, 1], "wmn": 1074, "wmt": 7164, "wmd": 16, "wmv": 7752, "wdn": -41, "wdt": 19, "wdd": -8, "wdv": -3, "tlv": "Uttar Pradesh"}