{"loc": "Presque Isle", "iso": "US", "l1": "United States", "l2": "Michigan", "lvl": 3, "pop": 12592, "key": 13408, "isd": true, "ppd": 35.608000000000004, "med": 38.3, "p65": 15.413, "p70": 9.732000000000001, "hos": 2.77, "exp": 78.86, "adr": 3.0, "amn": 95855.0, "amv": 1179384.0, "amd": 2780.0, "amt": 1599784.0, "tmn": [0, 0, 0, 873, 158, 0, 635, 0, 0, 555, 0, 714, 0, 714, 0, 0, 952, 0, 1588, 0, 794], "tmv": [2950, 0, 0, 0, 2913, 2024, 2876, 2739, 2336, 1790, 1886, 2554, 2257, 2903, 2781, 2047, 1978, 1647, 2163, 995, 2262], "tmd": [0, 0, 0, 0, 0, 0, 0, 0, 0, 0, 0, 0, 0, 0, 0, 0, 0, 0, 0, 0, 0], "wmn": 3336, "wmt": 26832, "wmd": 0, "wmv": 13878, "wdn": 68, "wdt": 16, "wdd": 0, "wdv": -16, "tlv": "Michigan"}