{"loc": "Primorsky Krai", "iso": "RU", "l1": "Russia", "l2": "Primorsky Krai", "lvl": 2, "pop": 1913037, "key": 13411, "isd": true, "ppd": 8.823, "med": 39.6, "p65": 14.177999999999999, "p70": 9.392999999999999, "hos": 8.05, "exp": 72.58, "adr": 2.0, "amn": 30138.0, "amv": 470374.0, "amd": 508.0, "amt": 1172759.0, "tmn": [137, 136, 134, 135, 137, 136, 135, 135, 134, 133, 134, 136, 138, 136, 135, 134, 133, 131, 132, 133, 134], "tmv": [8834, 1333, 1235, 1621, 6149, 4072, 5920, 6237, 6205, 2216, 985, 5047, 8020, 2304, 3290, 5434, 2462, 847, 6655, 4588, 4342], "tmd": [4, 3, 3, 3, 3, 3, 3, 3, 2, 3, 4, 3, 4, 2, 2, 4, 3, 2, 3, 4, 2], "wmn": 936, "wmt": 0, "wmd": 16, "wmv": 27622, "wdn": -1, "wdt": 0, "wdd": -3, "wdv": -11, "tlv": "Russia"}