{"loc": "Prince George's", "iso": "US", "l1": "United States", "l2": "Maryland", "lvl": 3, "pop": 909327, "key": 13414, "isd": true, "ppd": 35.608000000000004, "med": 38.3, "p65": 15.413, "p70": 9.732000000000001, "hos": 2.77, "exp": 78.86, "adr": 2.0, "amn": 85449.0, "amv": 435440.0, "amd": 1522.0, "amt": 1440607.0, "tmn": [130, 146, 161, 153, 207, 159, 112, 125, 195, 140, 192, 191, 191, 122, 116, 179, 219, 223, 238, 223, 140], "tmv": [4864, 6157, 7535, 8875, 13887, 4118, 6135, 5026, 6980, 8171, 7842, 9493, 9226, 6156, 5181, 6849, 8594, 10257, 10611, 9961, 0], "tmd": [4, 3, 6, 0, 2, 0, 0, 3, 3, 6, 7, 4, 4, 0, 4, 2, 2, 3, 4, 0, 2], "wmn": 1342, "wmt": 35516, "wmd": 13, "wmv": 51456, "wdn": 16, "wdt": 16, "wdd": -48, "wdv": -3, "tlv": "Maryland"}