{"loc": "Prince of Wales-Hyder", "iso": "US", "l1": "United States", "l2": "Alaska", "lvl": 3, "pop": 6203, "key": 13417, "isd": true, "ppd": 35.608000000000004, "med": 38.3, "p65": 15.413, "p70": 9.732000000000001, "hos": 2.77, "exp": 78.86, "adr": 2.0, "amn": 34177.0, "amv": 1046931.0, "amd": 645.0, "amt": 3411958.0, "tmn": [0, 0, 0, 161, 0, 0, 0, 0, 0, 0, 161, 0, 161, 0, 0, 0, 0, 1450, 0, 2095, 0], "tmv": [1779, 1363, 1036, 1655, 1721, 1666, 1928, 1520, 1539, 740, 1856, 2005, 1821, 2051, 2364, 1193, 1200, 2288, 2155, 2600, 0], "tmd": [0, 0, 0, 0, 0, 0, 0, 0, 0, 0, 162, 0, 0, 0, 0, 0, 0, 0, 0, 0, 0], "wmn": 3547, "wmt": 46961, "wmd": 0, "wmv": 11803, "wdn": 1000, "wdt": 5, "wdd": -100, "wdv": 2, "tlv": "Alaska"}