{"loc": "Price", "iso": "US", "l1": "United States", "l2": "Wisconsin", "lvl": 3, "pop": 13351, "key": 13410, "isd": true, "ppd": 35.608000000000004, "med": 38.3, "p65": 15.413, "p70": 9.732000000000001, "hos": 2.77, "exp": 78.86, "adr": 1.0, "amn": 128979.0, "amv": 1219607.0, "amd": 674.0, "amt": 1897785.0, "tmn": [449, 449, 299, 0, 0, 1348, 224, 524, 898, 749, 0, 0, 1498, 374, 749, 1123, 1198, 0, 0, 2247, 674], "tmv": [2163, 995, 2262, 2445, 2251, 1671, 0, 0, 2784, 2570, 2833, 3777, 2988, 2423, 2905, 2661, 3390, 3489, 0, 0, 0], "tmd": [0, 0, 0, 0, 0, 0, 0, 0, 0, 0, 0, 0, 75, 0, 0, 0, 0, 0, 0, 0, 0], "wmn": 5993, "wmt": 34043, "wmd": 0, "wmv": 12448, "wdn": 48, "wdt": -5, "wdd": -100, "wdv": -28, "tlv": "Wisconsin"}