{"loc": "Prowers", "iso": "US", "l1": "United States", "l2": "Colorado", "lvl": 3, "pop": 12172, "key": 13419, "isd": true, "ppd": 35.608000000000004, "med": 38.3, "p65": 15.413, "p70": 9.732000000000001, "hos": 2.77, "exp": 78.86, "adr": 2.0, "amn": 108035.0, "amv": 0.0, "amd": 1890.0, "amt": 1675723.0, "tmn": [-82, 82, 0, 0, 246, 164, 82, 246, 164, 0, 0, 82, 246, 410, 82, 164, 0, 0, 410, 0, 164], "tmv": [0, 0, 0, 0, 0, 0, 0, 0, 0, 0, 0, 0, 0, 0, 0, 0, 0, 0, 0, 0, 0], "tmd": [0, 0, 0, 0, 0, 0, 0, 0, 0, 0, 0, 0, 0, 0, 0, 83, 0, 0, 0, 0, 0], "wmn": 822, "wmt": 22087, "wmd": 83, "wmv": 0, "wdn": -29, "wdt": 6, "wdd": 0, "wdv": 0, "tlv": "Colorado"}