{"loc": "Pulaski", "iso": "US", "l1": "United States", "l2": "Arkansas", "lvl": 3, "pop": 391911, "key": 13428, "isd": true, "ppd": 35.608000000000004, "med": 38.3, "p65": 15.413, "p70": 9.732000000000001, "hos": 2.77, "exp": 78.86, "adr": 2.0, "amn": 93309.0, "amv": 167606.0, "amd": 1444.0, "amt": 859377.0, "tmn": [729, 645, 627, 553, 523, 727, 816, 887, 495, 451, 357, 303, 566, 438, 431, 209, 262, 181, 158, 45, 104], "tmv": [4677, 5132, 5139, 4690, 3336, 1695, 3330, 4023, 4903, 6734, 6595, 3662, 2393, 4746, 4917, 6132, 6772, 6806, 0, 0, 0], "tmd": [11, 11, 8, 13, 6, 18, 18, 13, 6, 6, 6, 13, 16, 13, 8, 3, 13, 0, 0, 3, 13], "wmn": 1394, "wmt": 13645, "wmd": 39, "wmv": 24629, "wdn": -60, "wdt": -43, "wdd": -44, "wdv": -25, "tlv": "Arkansas"}