{"loc": "Pskov Oblast", "iso": "RU", "l1": "Russia", "l2": "Pskov Oblast", "lvl": 2, "pop": 636546, "key": 13420, "isd": true, "ppd": 8.823, "med": 39.6, "p65": 14.177999999999999, "p70": 9.392999999999999, "hos": 8.05, "exp": 72.58, "adr": 1.0, "amn": 50999.0, "amv": 43183.0, "amd": 283.0, "amt": 771173.0, "tmn": [174, 163, 91, 92, 109, 180, 142, 180, 174, 183, 84, 98, 113, 117, 150, 147, 155, 139, 144, 141, 152], "tmv": [0, 0, 0, 0, 0, 0, 0, 0, 0, 0, 0, 0, 0, 0, 0, 0, 74, 1641, 3572, 1994, 0], "tmd": [2, 4, 4, 4, 4, 4, 4, 0, 0, 5, 0, 0, 0, 0, 0, 2, 4, 4, 4, 5, 4], "wmn": 1033, "wmt": 10343, "wmd": 19, "wmv": 7284, "wdn": 8, "wdt": -23, "wdd": 300, "wdv": 0, "tlv": "Russia"}