{"loc": "Puducherry", "iso": "IN", "l1": "India", "l2": "Puducherry", "lvl": 2, "pop": 1413542, "key": 13421, "isd": true, "ppd": 450.41900000000004, "med": 28.2, "p65": 5.989, "p70": 3.4139999999999997, "hos": 0.53, "exp": 69.66, "adr": 1.0, "amn": 44780.0, "amv": 114312.0, "amd": 612.0, "amt": 583661.0, "tmn": [336, 292, 375, 505, 469, 399, 451, 437, 698, 560, 635, 713, 528, 722, 889, 793, 845, 975, 962, 565, 805], "tmv": [2401, 1978, 1966, 1945, 891, 2374, 0, 0, 2252, 0, 0, 0, 2420, 1705, 1575, 1605, 1977, 1179, 424, 1355, 1209], "tmd": [2, 1, 3, 3, 3, 4, 3, 4, 3, 2, 7, 8, 8, 10, 8, 9, 9, 9, 12, 11, 13], "wmn": 5838, "wmt": 31742, "wmd": 67, "wmv": 9328, "wdn": 36, "wdt": 21, "wdd": 74, "wdv": 46, "tlv": "Puducherry"}