{"loc": "Puerto Rico", "iso": "PR", "l1": "United States", "l2": "Puerto Rico", "lvl": 2, "pop": 3193694, "key": 13426, "isd": true, "ppd": 35.608000000000004, "med": 38.3, "p65": 15.413, "p70": 9.732000000000001, "hos": 2.77, "exp": 78.86, "adr": 2.0, "amn": 31583.0, "amv": 244457.0, "amd": 643.0, "amt": 127388.0, "tmn": [90, 121, 92, 71, 150, 34, 24, 36, 66, 77, 54, 68, 13, 31, 75, 57, 79, 89, 47, 9, 31], "tmv": [6132, 6772, 6806, 0, 0, 3221, 4419, 5606, 5173, 5466, 3298, 2593, 4349, 5491, 6616, 7139, 7375, 5050, 5255, 5793, 0], "tmd": [2, 3, 2, 1, 2, 2, 4, 3, 4, 7, 2, 1, 7, 3, 3, 3, 2, 1, 1, 3, 2], "wmn": 391, "wmt": 391, "wmd": 12, "wmv": 37231, "wdn": 12, "wdt": 12, "wdd": -51, "wdv": 16, "tlv": "Puerto Rico"}