{"loc": "Pulaski", "iso": "US", "l1": "United States", "l2": "Arkansas", "lvl": 3, "pop": 391911, "key": 13428, "isd": true, "ppd": 35.608000000000004, "med": 38.3, "p65": 15.413, "p70": 9.732000000000001, "hos": 2.77, "exp": 78.86, "adr": 2.0, "amn": 95991.0, "amv": 258018.0, "amd": 1488.0, "amt": 904003.0, "tmn": [181, 158, 45, 104, 20, 40, 122, 165, 79, 252, 214, 178, 173, 165, 673, 66, 125, 86, 61, 199, 56], "tmv": [6806, 0, 0, 3221, 4419, 5606, 5173, 5466, 3298, 2593, 4349, 5491, 6616, 7139, 7375, 5050, 5255, 5793, 6168, 7391, 0], "tmd": [0, 0, 3, 13, 6, 6, 3, 3, 11, 6, 0, 6, 6, 3, -53, 3, 3, 3, 3, 6, 11], "wmn": 1269, "wmt": 28568, "wmd": -28, "wmv": 37036, "wdn": 3, "wdt": 108, "wdd": -192, "wdv": 6, "tlv": "Arkansas"}