{"loc": "Puducherry", "iso": "IN", "l1": "India", "l2": "Puducherry", "lvl": 2, "pop": 1413542, "key": 13421, "isd": true, "ppd": 450.41900000000004, "med": 28.2, "p65": 5.989, "p70": 3.4139999999999997, "hos": 0.53, "exp": 69.66, "adr": 1.0, "amn": 89770.0, "amv": 671863.0, "amd": 1305.0, "amt": 420320.0, "tmn": [90, 55, 38, 71, 82, 64, 66, 65, 55, 26, 62, 65, 41, 45, 58, 22, 29, 58, 51, 45, 61], "tmv": [13497, 6350, 5401, 6959, 3957, 7204, 7546, 3262, 2634, 9407, 3239, 4672, 4878, 4912, 5652, 3732, 3568, 5107, 3911, 2642, 0], "tmd": [1, 2, 1, 0, 2, 0, 0, 2, 2, 0, 1, 1, 0, 0, 0, 1, 1, 1, 1, 0, 1], "wmn": 327, "wmt": 6932, "wmd": 4, "wmv": 24616, "wdn": -10, "wdt": -9, "wdd": -17, "wdv": -25, "tlv": "India"}