{"loc": "Pskov Oblast", "iso": "RU", "l1": "Russia", "l2": "Pskov Oblast", "lvl": 2, "pop": 636546, "key": 13420, "isd": true, "ppd": 8.823, "med": 39.6, "p65": 14.177999999999999, "p70": 9.392999999999999, "hos": 8.05, "exp": 72.58, "adr": 2.0, "amn": 81699.0, "amv": 644914.0, "amd": 1293.0, "amt": 1340589.0, "tmn": [183, 193, 199, 204, 207, 218, 234, 232, 241, 243, 249, 257, 263, 271, 285, 300, 309, 312, 318, 328, 342], "tmv": [0, 1123, 1630, 2941, 0, 0, 1208, 660, 2239, 526, 2130, 1937, 2525, 2390, 928, 629, 1742, 4764, 11620, 1553, 0], "tmd": [7, 8, 4, 7, 7, 8, 7, 10, 0, 0, 7, 7, 8, 7, 10, 8, 4, 10, 10, 8, 11], "wmn": 2198, "wmt": 0, "wmd": 59, "wmv": 21239, "wdn": 25, "wdt": 0, "wdd": 61, "wdv": 71, "tlv": "Russia"}