{"loc": "Puerto Rico", "iso": "PR", "l1": "United States", "l2": "Puerto Rico", "lvl": 2, "pop": 3193694, "key": 13426, "isd": true, "ppd": 35.608000000000004, "med": 38.3, "p65": 15.413, "p70": 9.732000000000001, "hos": 2.77, "exp": 78.86, "adr": 2.0, "amn": 57924.0, "amv": 1263117.0, "amd": 1011.0, "amt": 933870.0, "tmn": [37, 12, 82, 7, 46, 23, 71, 33, 41, 12, 26, 26, 38, 45, 36, 43, 22, 10, 21, 39, 47], "tmv": [3390, 3489, 0, 0, 0, 2411, 3257, 3418, 2659, 2485, 1614, 1945, 2278, 2491, 2890, 2710, 2395, 1993, 2154, 3467, 0], "tmd": [2, 1, 1, 1, 1, 2, 1, 2, 1, 0, 0, 1, 2, 1, 2, 1, 1, 0, 1, 2, 1], "wmn": 222, "wmt": 8915, "wmd": 5, "wmv": 15613, "wdn": -1, "wdt": -1, "wdd": -7, "wdv": -8, "tlv": "Puerto Rico"}