{"loc": "Pulaski", "iso": "US", "l1": "United States", "l2": "Georgia", "lvl": 3, "pop": 11137, "key": 13429, "isd": true, "ppd": 35.608000000000004, "med": 38.3, "p65": 15.413, "p70": 9.732000000000001, "hos": 2.77, "exp": 78.86, "adr": 4.0, "amn": 130735.0, "amv": 1176126.0, "amd": 4849.0, "amt": 1063199.0, "tmn": [3052, 0, 0, 0, 3052, 987, 718, 718, 0, 0, 2065, 1526, 179, 808, 89, 0, 0, 718, 1077, 538, 179], "tmv": [4249, 2950, 0, 0, 0, 2913, 2024, 2876, 2739, 2336, 1790, 1886, 2554, 2257, 2903, 2781, 2047, 1978, 1647, 2163, 0], "tmd": [0, 0, 0, 0, 0, 0, 0, 0, 0, 0, 0, 0, 90, 0, 0, 0, 0, 0, 0, 90, 90], "wmn": 2604, "wmt": 20512, "wmd": 180, "wmv": 13523, "wdn": -51, "wdt": -14, "wdd": 100, "wdv": -18, "tlv": "Georgia"}