{"loc": "Pueblo", "iso": "US", "l1": "United States", "l2": "Colorado", "lvl": 3, "pop": 168424, "key": 13425, "isd": true, "ppd": 35.608000000000004, "med": 38.3, "p65": 15.413, "p70": 9.732000000000001, "hos": 2.77, "exp": 78.86, "adr": 2.0, "amn": 115779.0, "amv": 965095.0, "amd": 2476.0, "amt": 1548923.0, "tmn": [41, 100, 225, 106, 94, 71, 53, 41, 136, 136, 457, 166, 219, 17, -130, 53, 172, 130, 219, 65, 29], "tmv": [0, 1543, 2452, 4248, 3485, 4157, 3682, 3252, 2518, 2835, 2495, 4865, 3672, 4016, 3766, 3121, 6234, 3276, 3244, 2575, 0], "tmd": [6, 0, 12, 6, 0, 0, 12, 36, 0, 6, 0, 12, 0, 0, 6, 0, 0, 0, 6, 0, 6], "wmn": 541, "wmt": 16498, "wmd": 18, "wmv": 22220, "wdn": -54, "wdt": -16, "wdd": -67, "wdv": -6, "tlv": "Colorado"}