{"loc": "Pulaski", "iso": "US", "l1": "United States", "l2": "Indiana", "lvl": 3, "pop": 12353, "key": 13431, "isd": true, "ppd": 35.608000000000004, "med": 38.3, "p65": 15.413, "p70": 9.732000000000001, "hos": 2.77, "exp": 78.86, "adr": 4.0, "amn": 88238.0, "amv": 324951.0, "amd": 3562.0, "amt": 1251527.0, "tmn": [242, 0, 485, 161, 80, -80, 0, 0, 161, 80, 485, 161, 80, 161, 0, 80, 323, 0, 161, 161, 242], "tmv": [3298, 2593, 4349, 5491, 6616, 7139, 7375, 5050, 5255, 5793, 6168, 7391, 8814, 7404, 5275, 4864, 6157, 7535, 8875, 13887, 4118], "tmd": [0, 81, 0, 81, 0, 0, 0, 0, 0, 0, 0, 0, 0, 0, 0, 0, 0, 0, 0, 0, 0], "wmn": 972, "wmt": 27211, "wmd": 0, "wmv": 50714, "wdn": -14, "wdt": -17, "wdd": 0, "wdv": 11, "tlv": "Indiana"}