{"loc": "Pulaski", "iso": "US", "l1": "United States", "l2": "Illinois", "lvl": 3, "pop": 5335, "key": 13430, "isd": true, "ppd": 35.608000000000004, "med": 38.3, "p65": 15.413, "p70": 9.732000000000001, "hos": 2.77, "exp": 78.86, "adr": 1.0, "amn": 125773.0, "amv": 258018.0, "amd": 1125.0, "amt": 1459368.0, "tmn": [0, 562, 0, 0, 187, 0, 0, 187, 0, -187, 562, 0, 0, 0, 0, -187, 187, 0, 187, 0, 0], "tmv": [6806, 0, 0, 3221, 4419, 5606, 5173, 5466, 3298, 2593, 4349, 5491, 6616, 7139, 7375, 5050, 5255, 5793, 6168, 7391, 0], "tmd": [188, 0, 0, 0, 0, 0, 0, 0, 0, 0, 0, 0, 0, 0, 188, 0, 0, 0, 0, 0, 0], "wmn": 188, "wmt": 33389, "wmd": 188, "wmv": 37036, "wdn": -67, "wdt": -19, "wdd": 0, "wdv": 6, "tlv": "Illinois"}