{"loc": "Punjab", "iso": "IN", "l1": "India", "l2": "Punjab", "lvl": 2, "pop": 30141373, "key": 13438, "isd": true, "ppd": 450.41900000000004, "med": 28.2, "p65": 5.989, "p70": 3.4139999999999997, "hos": 0.53, "exp": 69.66, "adr": 3.0, "amn": 19848.0, "amv": 289634.0, "amd": 538.0, "amt": 318856.0, "tmn": [9, 8, 7, 8, 9, 6, 5, 5, 4, 6, 7, 7, 5, 4, 4, 3, 3, 3, 3, 3, 3], "tmv": [2310, 2458, 4348, 1256, 4046, 674, 6252, 2230, 2790, 2230, 2726, 7913, 0, 0, 956, 2981, 4514, 2639, 2900, 3153, 0], "tmd": [1, 1, 1, 1, 1, 1, 1, 1, 1, 1, 1, 1, 1, 1, 1, 1, 1, 1, 1, 1, 1], "wmn": 26, "wmt": 7958, "wmd": 2, "wmv": 17148, "wdn": -35, "wdt": -13, "wdd": -36, "wdv": -4, "tlv": "India"}