{"loc": "Punch", "iso": "IN", "l1": "India", "l2": "Jammu and Kashmir", "lvl": 3, "pop": 476820, "key": 13436, "isd": true, "ppd": 450.41900000000004, "med": 28.2, "p65": 5.989, "p70": 3.4139999999999997, "hos": 0.53, "exp": 69.66, "adr": 1.0, "amn": 5728.0, "amv": 96199.0, "amd": 63.0, "amt": 511609.0, "tmn": [2, 2, 12, 8, 8, 6, 6, 4, 16, 0, 12, 39, 18, 12, 18, 6, 8, 77, 25, 27, 62], "tmv": [2119, 2264, 2902, 2874, 2261, 2996, 2710, 2550, 2125, 2901, 1917, 2401, 1978, 1966, 1945, 891, 2374, 0, 0, 2252, 0], "tmd": [0, 0, 0, 0, 0, 0, 0, 0, 0, 0, 3, 3, 0, 0, 3, 0, 0, 0, 0, 0, 3], "wmn": 227, "wmt": 20387, "wmd": 5, "wmv": 7464, "wdn": 116, "wdt": 4, "wdd": 0, "wdv": -53, "tlv": "Jammu and Kashmir"}