{"loc": "Pulaski", "iso": "US", "l1": "United States", "l2": "Missouri", "lvl": 3, "pop": 52607, "key": 13433, "isd": true, "ppd": 35.608000000000004, "med": 38.3, "p65": 15.413, "p70": 9.732000000000001, "hos": 2.77, "exp": 78.86, "adr": 1.0, "amn": 84551.0, "amv": 1081852.0, "amd": 1141.0, "amt": 1029996.0, "tmn": [570, 589, 437, 513, 399, 228, 190, 323, 665, 532, 266, 190, 152, 95, 247, 361, 228, 494, 95, 171, 57], "tmv": [1200, 2288, 2155, 2600, 2160, 2477, 1419, 1374, 2201, 2622, 2492, 2548, 2348, 1615, 1875, 1986, 1986, 2786, 3007, 2017, 0], "tmd": [0, 0, 0, 20, 0, 0, 0, 20, 0, 20, 0, 0, 0, 0, 20, 0, 0, 0, 0, 0, 0], "wmn": 1654, "wmt": 18253, "wmd": 20, "wmv": 13660, "wdn": -26, "wdt": -2, "wdd": -50, "wdv": -10, "tlv": "Missouri"}