{"loc": "Putnam", "iso": "US", "l1": "United States", "l2": "Florida", "lvl": 3, "pop": 74521, "key": 13447, "isd": true, "ppd": 35.608000000000004, "med": 38.3, "p65": 15.413, "p70": 9.732000000000001, "hos": 2.77, "exp": 78.86, "adr": 2.0, "amn": 79307.0, "amv": 279512.0, "amd": 1758.0, "amt": 1042610.0, "tmn": [174, 67, 107, 241, 53, 53, 107, 268, 120, 107, 80, 107, 13, 201, 134, 80, 80, 161, 67, 53, 120], "tmv": [3221, 4419, 5606, 5173, 5466, 3298, 2593, 4349, 5491, 6616, 7139, 7375, 5050, 5255, 5793, 6168, 7391, 8814, 7404, 5275, 0], "tmd": [14, 0, 14, -13, 41, 0, 14, 0, 0, 41, 0, 0, 14, 0, 0, 14, 0, 27, 0, 0, 14], "wmn": 698, "wmt": 22875, "wmd": 54, "wmv": 40849, "wdn": -22, "wdt": -23, "wdd": 0, "wdv": -1, "tlv": "Florida"}