{"loc": "Putnam", "iso": "US", "l1": "United States", "l2": "Florida", "lvl": 3, "pop": 74521, "key": 13447, "isd": true, "ppd": 35.608000000000004, "med": 38.3, "p65": 15.413, "p70": 9.732000000000001, "hos": 2.77, "exp": 78.86, "adr": 2.0, "amn": 78206.0, "amv": 207226.0, "amd": 1691.0, "amt": 1005396.0, "tmn": [201, 174, 134, 174, 241, 93, 174, 348, 120, 93, 134, 174, 67, 107, 241, 53, 53, 107, 268, 120, 107], "tmv": [6734, 6595, 3662, 2393, 4746, 4917, 6132, 6772, 6806, 0, 0, 3221, 4419, 5606, 5173, 5466, 3298, 2593, 4349, 5491, 0], "tmd": [0, 27, 0, 14, 27, 0, 14, 41, 0, 54, 14, 14, 0, 14, -13, 41, 0, 14, 0, 0, 41], "wmn": 953, "wmt": 30225, "wmd": 81, "wmv": 26374, "wdn": -9, "wdt": 8, "wdd": -40, "wdv": -2, "tlv": "Florida"}