{"loc": "Quay", "iso": "US", "l1": "United States", "l2": "New Mexico", "lvl": 3, "pop": 8253, "key": 13459, "isd": true, "ppd": 35.608000000000004, "med": 38.3, "p65": 15.413, "p70": 9.732000000000001, "hos": 2.77, "exp": 78.86, "adr": 2.0, "amn": 101418.0, "amv": 1165506.0, "amd": 1575.0, "amt": 2084197.0, "tmn": [0, 0, 1332, 969, 727, 727, 727, 0, 0, 0, 1938, 484, 1332, 484, 0, 0, 1454, 605, 484, 1332, 969], "tmv": [3257, 2889, 2103, 1988, 3241, 2538, 4249, 2950, 0, 0, 0, 2913, 2024, 2876, 2739, 2336, 1790, 1886, 2554, 2257, 2903], "tmd": [0, 0, 0, 0, 0, 0, 0, 0, 0, 0, 0, 0, 0, 0, 0, 0, 0, 0, 0, 122, 0], "wmn": 4847, "wmt": 46799, "wmd": 122, "wmv": 16467, "wdn": 14, "wdt": 15, "wdd": 0, "wdv": 53, "tlv": "New Mexico"}