{"loc": "Putnam", "iso": "US", "l1": "United States", "l2": "New York", "lvl": 3, "pop": 98320, "key": 13452, "isd": true, "ppd": 35.608000000000004, "med": 38.3, "p65": 15.413, "p70": 9.732000000000001, "hos": 2.77, "exp": 78.86, "adr": 1.0, "amn": 127929.0, "amv": 1263117.0, "amd": 997.0, "amt": 3851190.0, "tmn": [315, 376, 305, 50, 315, 152, 386, 305, 274, 203, 152, 193, 91, 213, 233, 172, 203, 122, 91, 71, 213], "tmv": [2661, 3390, 3489, 0, 0, 0, 2411, 3257, 3418, 2659, 2485, 1614, 1945, 2278, 2491, 2890, 2710, 2395, 1993, 2154, 3467], "tmd": [0, 0, 0, 0, 0, 0, 0, 0, 0, 0, 0, 0, 0, 11, 11, 0, 0, 0, 0, 0, 0], "wmn": 1109, "wmt": 61296, "wmd": 11, "wmv": 18105, "wdn": -23, "wdt": -5, "wdd": 0, "wdv": 3, "tlv": "New York"}