{"loc": "Putnam", "iso": "US", "l1": "United States", "l2": "Ohio", "lvl": 3, "pop": 33861, "key": 13453, "isd": true, "ppd": 35.608000000000004, "med": 38.3, "p65": 15.413, "p70": 9.732000000000001, "hos": 2.77, "exp": 78.86, "adr": 2.0, "amn": 173740.0, "amv": 1354464.0, "amd": 3485.0, "amt": 1518412.0, "tmn": [797, 265, 118, 561, 826, 590, 561, 177, 324, 442, 1151, 1388, 620, 826, 649, 413, 502, 1004, 797, 1388, 590], "tmv": [2361, 1265, 4095, 4257, 4381, 4544, 5255, 2753, 1460, 3910, 4355, 4594, 4119, 5128, 2996, 1521, 3915, 2663, 347, 0, 0], "tmd": [0, 0, 0, 0, 0, 0, 0, 0, 0, 0, 0, 0, 0, 0, 0, 0, 0, 0, 0, 0, 60], "wmn": 5346, "wmt": 17781, "wmd": 60, "wmv": 11446, "wdn": 8, "wdt": 2, "wdd": 0, "wdv": -57, "tlv": "Ohio"}