{"loc": "Putnam", "iso": "US", "l1": "United States", "l2": "Indiana", "lvl": 3, "pop": 37576, "key": 13450, "isd": true, "ppd": 35.608000000000004, "med": 38.3, "p65": 15.413, "p70": 9.732000000000001, "hos": 2.77, "exp": 78.86, "adr": 2.0, "amn": 90084.0, "amv": 306945.0, "amd": 1597.0, "amt": 1246419.0, "tmn": [79, 266, 106, 159, 212, 239, 319, 79, 212, 0, 159, 26, 186, 532, 186, 106, 106, 292, 186, 159, 186], "tmv": [5466, 3298, 2593, 4349, 5491, 6616, 7139, 7375, 5050, 5255, 5793, 6168, 7391, 8814, 7404, 5275, 4864, 6157, 7535, 8875, 0], "tmd": [0, 54, -26, 0, 0, 0, 0, 0, 0, 0, 0, 27, 0, 0, 0, 0, 0, 0, 0, 0, 0], "wmn": 1225, "wmt": 32670, "wmd": 0, "wmv": 40113, "wdn": 2, "wdt": 21, "wdd": -100, "wdv": -13, "tlv": "Indiana"}