{"loc": "Putnam", "iso": "US", "l1": "United States", "l2": "West Virginia", "lvl": 3, "pop": 56450, "key": 13455, "isd": true, "ppd": 35.608000000000004, "med": 38.3, "p65": 15.413, "p70": 9.732000000000001, "hos": 2.77, "exp": 78.86, "adr": 2.0, "amn": 73782.0, "amv": 194792.0, "amd": 1311.0, "amt": 1201699.0, "tmn": [336, 265, 336, 265, 230, 159, 265, 336, 265, 301, 212, 159, 230, 248, 248, 248, 212, 141, 141, 248, 336], "tmv": [3330, 4023, 4903, 6734, 6595, 3662, 2393, 4746, 4917, 6132, 6772, 6806, 0, 0, 3221, 4419, 5606, 5173, 5466, 3298, 0], "tmd": [18, 36, 36, 0, 0, 0, 0, 18, 0, 0, 0, 0, 0, 0, 0, 0, 0, 0, 0, 0, 0], "wmn": 1577, "wmt": 31062, "wmd": 0, "wmv": 27187, "wdn": -10, "wdt": -15, "wdd": -100, "wdv": -7, "tlv": "West Virginia"}