{"loc": "Quay", "iso": "US", "l1": "United States", "l2": "New Mexico", "lvl": 3, "pop": 8253, "key": 13459, "isd": true, "ppd": 35.608000000000004, "med": 38.3, "p65": 15.413, "p70": 9.732000000000001, "hos": 2.77, "exp": 78.86, "adr": 2.0, "amn": 117897.0, "amv": 1212726.0, "amd": 2060.0, "amt": 2207814.0, "tmn": [0, 0, 2059, 969, 1090, 848, 1817, 0, 0, 1575, 1211, 848, 1454, 605, 0, 0, 848, 121, 1454, 727, 848], "tmv": [2781, 2047, 1978, 1647, 2163, 995, 2262, 2445, 2251, 1671, 0, 0, 2784, 2570, 2833, 3777, 2988, 2423, 2905, 2661, 0], "tmd": [0, 0, 0, 0, 0, 122, 0, 0, 0, 0, 0, 0, 0, 0, 0, 0, 122, 0, 0, 243, 0], "wmn": 3999, "wmt": 35895, "wmd": 364, "wmv": 17591, "wdn": -30, "wdt": -26, "wdd": 0, "wdv": 50, "tlv": "New Mexico"}