{"loc": "Queens", "iso": "US", "l1": "United States", "l2": "New York", "lvl": 3, "pop": 2253858, "key": 13463, "isd": true, "ppd": 35.608000000000004, "med": 38.3, "p65": 15.413, "p70": 9.732000000000001, "hos": 2.77, "exp": 78.86, "adr": 4.0, "amn": 97294.0, "amv": 274237.0, "amd": 3966.0, "amt": 2040506.0, "tmn": [507, 367, 870, 578, 561, 375, 429, 495, 414, 528, 504, 530, 511, 452, 494, 387, 490, 500, 546, 508, 389], "tmv": [0, 3221, 4419, 5606, 5173, 5466, 3298, 2593, 4349, 5491, 6616, 7139, 7375, 5050, 5255, 5793, 6168, 7391, 8814, 7404, 0], "tmd": [8, 10, 10, 14, 12, 12, 7, 4, 12, 11, 12, 9, 10, 9, 9, 12, 12, 9, 12, 11, 6], "wmn": 3317, "wmt": 72688, "wmd": 69, "wmv": 40829, "wdn": -3, "wdt": -16, "wdd": 9, "wdv": 6, "tlv": "New York"}