{"loc": "Quitman", "iso": "US", "l1": "United States", "l2": "Mississippi", "lvl": 3, "pop": 6792, "key": 13469, "isd": true, "ppd": 35.608000000000004, "med": 38.3, "p65": 15.413, "p70": 9.732000000000001, "hos": 2.77, "exp": 78.86, "adr": 3.0, "amn": 146643.0, "amv": 1146163.0, "amd": 3681.0, "amt": 789084.0, "tmn": [0, 0, 1177, 441, 0, 147, 736, 0, 0, 3386, 588, 294, 588, 588, 0, 0, 1030, 0, 294, 588, 294], "tmv": [3187, 2953, 1851, 1966, 2813, 2807, 3250, 3257, 2889, 2103, 1988, 3241, 2538, 4249, 2950, 0, 0, 0, 2913, 2024, 0], "tmd": [0, 0, 0, 0, 0, 0, 0, 0, 0, 0, 148, 0, 0, 0, 0, 0, 0, 0, 148, 442, 0], "wmn": 2209, "wmt": 15206, "wmd": 589, "wmv": 7888, "wdn": -59, "wdt": -25, "wdd": 300, "wdv": -61, "tlv": "Mississippi"}