{"loc": "Raigarh", "iso": "IN", "l1": "India", "l2": "Chhattisgarh", "lvl": 3, "pop": 1493627, "key": 13476, "isd": true, "ppd": 450.41900000000004, "med": 28.2, "p65": 5.989, "p70": 3.4139999999999997, "hos": 0.53, "exp": 69.66, "adr": 1.0, "amn": 31260.0, "amv": 114312.0, "amd": 374.0, "amt": 252238.0, "tmn": [297, 475, 364, 480, 299, 641, 668, 572, 623, 765, 674, 509, 726, 667, 726, 800, 588, 719, 552, 791, 816], "tmv": [2401, 1978, 1966, 1945, 891, 2374, 0, 0, 2252, 0, 0, 0, 2420, 1705, 1575, 1605, 1977, 1179, 424, 1355, 1209], "tmd": [0, 4, 5, 0, 11, 0, 9, 7, 5, 5, 9, 4, 8, 10, 13, 6, 6, 10, 17, 14, 5], "wmn": 4996, "wmt": 13530, "wmd": 67, "wmv": 9328, "wdn": 10, "wdt": 9, "wdd": 52, "wdv": 46, "tlv": "Chhattisgarh"}