{"loc": "Raipur", "iso": "IN", "l1": "India", "l2": "Chhattisgarh", "lvl": 3, "pop": 4062160, "key": 13479, "isd": true, "ppd": 450.41900000000004, "med": 28.2, "p65": 5.989, "p70": 3.4139999999999997, "hos": 0.53, "exp": 69.66, "adr": 1.0, "amn": 13667.0, "amv": 10321.0, "amd": 199.0, "amt": 163133.0, "tmn": [10, 17, 14, 16, 17, 20, 13, 11, 20, 14, 29, 15, 21, 18, 9, 14, 16, 20, 14, 14, 16], "tmv": [26, 323, 255, 293, 353, 335, 61, 0, 0, 246, 238, 478, 437, 281, 178, 245, 350, 332, 507, 499, 351], "tmd": [1, 1, 0, 1, 1, 1, 1, 0, 1, 1, 1, 1, 0, 1, 1, 1, 0, 1, 1, 0, 0], "wmn": 107, "wmt": 5162, "wmd": 2, "wmv": 2467, "wdn": -19, "wdt": 8, "wdd": -25, "wdv": 47, "tlv": "Chhattisgarh"}