{"loc": "Raipur", "iso": "IN", "l1": "India", "l2": "Chhattisgarh", "lvl": 3, "pop": 4062160, "key": 13479, "isd": true, "ppd": 450.41900000000004, "med": 28.2, "p65": 5.989, "p70": 3.4139999999999997, "hos": 0.53, "exp": 69.66, "adr": 1.0, "amn": 18814.0, "amv": 63099.0, "amd": 246.0, "amt": 203442.0, "tmn": [70, 76, 94, 104, 79, 85, 124, 141, 135, 169, 195, 91, 108, 179, 317, 326, 345, 563, 298, 418, 694], "tmv": [1506, 1591, 1973, 1840, 334, 2484, 1700, 1669, 1709, 1887, 1565, 188, 422, 1406, 1495, 2660, 3090, 2119, 2264, 2902, 2874], "tmd": [1, 1, 1, 2, 1, 1, 3, 3, 1, 3, 0, 2, 2, 4, 3, 3, 4, 3, 4, 6, 7], "wmn": 2966, "wmt": 9144, "wmd": 26, "wmv": 17409, "wdn": 190, "wdt": 26, "wdd": 114, "wdv": 97, "tlv": "Chhattisgarh"}