{"loc": "Raigad", "iso": "IN", "l1": "India", "l2": "Maharashtra", "lvl": 3, "pop": 2635394, "key": 13475, "isd": true, "ppd": 450.41900000000004, "med": 28.2, "p65": 5.989, "p70": 3.4139999999999997, "hos": 0.53, "exp": 69.66, "adr": 2.0, "amn": 31235.0, "amv": 52938.0, "amd": 641.0, "amt": 163700.0, "tmn": [86, 101, 82, 93, 139, 116, 144, 163, 166, 171, 130, 207, 236, 219, 238, 236, 179, 161, 223, 291, 345], "tmv": [1101, 122, 2202, 1534, 1506, 1591, 1973, 1840, 334, 2484, 1700, 1669, 1709, 1887, 1565, 188, 422, 1406, 1495, 2660, 3090], "tmd": [2, 0, 1, 0, 2, 2, 2, 1, 1, 1, 2, 1, 1, 1, 4, 1, 1, 1, 3, 2, 12], "wmn": 1676, "wmt": 9122, "wmd": 20, "wmv": 10830, "wdn": 30, "wdt": 18, "wdd": 333, "wdv": -7, "tlv": "Maharashtra"}