{"loc": "Radford", "iso": "US", "l1": "United States", "l2": "Virginia", "lvl": 3, "pop": 18249, "key": 13472, "isd": true, "ppd": 35.608000000000004, "med": 38.3, "p65": 15.413, "p70": 9.732000000000001, "hos": 2.77, "exp": 78.86, "adr": 1.0, "amn": 167242.0, "amv": 1393875.0, "amd": 1973.0, "amt": 1224676.0, "tmn": [328, 164, 438, 0, 0, 438, 164, 273, 164, 109, 0, 0, 712, -109, 547, 273, 273, 0, 0, 821, 164], "tmv": [4933, 4463, 5576, 3317, 1660, 4353, 4663, 4819, 4832, 5563, 3334, 1728, 4724, 4234, 2965, 50, 2434, 1138, 149, 0, 0], "tmd": [0, 0, 0, 0, 0, 0, 0, 0, 0, 0, 0, 0, 0, 0, 0, 55, 0, 0, 0, 0, 0], "wmn": 2083, "wmt": 12090, "wmd": 55, "wmv": 6738, "wdn": 81, "wdt": -28, "wdd": 0, "wdv": -77, "tlv": "Virginia"}