{"loc": "Rajnandgaon", "iso": "IN", "l1": "India", "l2": "Chhattisgarh", "lvl": 3, "pop": 1537520, "key": 13484, "isd": true, "ppd": 450.41900000000004, "med": 28.2, "p65": 5.989, "p70": 3.4139999999999997, "hos": 0.53, "exp": 69.66, "adr": 1.0, "amn": 13039.0, "amv": 14129.0, "amd": 122.0, "amt": 169024.0, "tmn": [5, 5, 13, 9, 9, 7, 9, 3, 11, 5, 5, 5, 7, 2, 0, 9, 9, 9, 10, 13, 21], "tmv": [0, 0, 246, 238, 478, 437, 281, 178, 245, 350, 332, 507, 499, 351, 42, 400, 555, 721, 1006, 1081, 0], "tmd": [1, 0, 0, 0, 0, 1, 1, 0, 0, 0, 0, 0, 0, 1, 1, 1, 0, 0, 0, 0, 0], "wmn": 74, "wmt": 5891, "wmd": 2, "wmv": 3809, "wdn": 74, "wdt": 14, "wdd": 100, "wdv": 54, "tlv": "Chhattisgarh"}