{"loc": "Raisen", "iso": "IN", "l1": "India", "l2": "Madhya Pradesh", "lvl": 3, "pop": 1331699, "key": 13480, "isd": true, "ppd": 450.41900000000004, "med": 28.2, "p65": 5.989, "p70": 3.4139999999999997, "hos": 0.53, "exp": 69.66, "adr": 2.0, "amn": 6231.0, "amv": 130178.0, "amd": 107.0, "amt": 101346.0, "tmn": [126, 123, 119, 117, 115, 111, 111, 138, 135, 129, 123, 119, 111, 108, 111, 113, 112, 104, 96, 87, 73], "tmv": [0, 0, 2420, 1705, 1575, 1605, 1977, 1179, 424, 1355, 1209, 1580, 1936, 1874, 1669, 587, 2024, 2002, 1581, 1678, 930], "tmd": [1, 0, 3, 4, 7, 5, 3, 6, 1, 2, 5, 2, 5, 4, 4, 1, 4, 5, 5, 2, 6], "wmn": 701, "wmt": 5373, "wmd": 25, "wmv": 10476, "wdn": -19, "wdt": 3, "wdd": 10, "wdv": 10, "tlv": "Madhya Pradesh"}