{"loc": "Rajnandgaon", "iso": "IN", "l1": "India", "l2": "Chhattisgarh", "lvl": 3, "pop": 1537520, "key": 13484, "isd": true, "ppd": 450.41900000000004, "med": 28.2, "p65": 5.989, "p70": 3.4139999999999997, "hos": 0.53, "exp": 69.66, "adr": 1.0, "amn": 12937.0, "amv": 8033.0, "amd": 120.0, "amt": 159152.0, "tmn": [1, 3, 7, 5, 4, 3, 5, 3, 5, 4, 1, 2, 5, 5, 13, 9, 9, 7, 9, 3, 11], "tmv": [136, 225, 369, 331, 259, 26, 323, 255, 293, 353, 335, 61, 0, 0, 246, 238, 478, 437, 281, 178, 0], "tmd": [0, 0, 0, 0, 0, 0, 0, 1, 1, 0, 0, 0, 1, 0, 0, 0, 0, 1, 1, 0, 0], "wmn": 64, "wmt": 4856, "wmd": 2, "wmv": 1862, "wdn": 120, "wdt": -4, "wdd": -33, "wdv": 43, "tlv": "Chhattisgarh"}