{"loc": "Rajsamand", "iso": "IN", "l1": "India", "l2": "Rajasthan", "lvl": 3, "pop": 1158283, "key": 13486, "isd": true, "ppd": 450.41900000000004, "med": 28.2, "p65": 5.989, "p70": 3.4139999999999997, "hos": 0.53, "exp": 69.66, "adr": 1.0, "amn": 10356.0, "amv": 114312.0, "amd": 69.0, "amt": 111989.0, "tmn": [213, 128, 168, 133, 208, 216, 235, 264, 135, 240, 95, 518, 302, 220, 303, 334, 246, 165, 251, 353, 182], "tmv": [1978, 1966, 1945, 891, 2374, 0, 0, 2252, 0, 0, 0, 2420, 1705, 1575, 1605, 1977, 1179, 424, 1355, 1209, 0], "tmd": [0, 1, 0, 1, 1, 1, 1, 0, 1, 1, 0, 2, 1, 1, 2, 0, 1, 2, 0, 2, 3], "wmn": 1838, "wmt": 7126, "wmd": 9, "wmv": 7752, "wdn": 3, "wdt": 9, "wdd": 67, "wdv": -3, "tlv": "Rajasthan"}