{"loc": "Rajkot", "iso": "IN", "l1": "India", "l2": "Gujarat", "lvl": 3, "pop": 3157676, "key": 13483, "isd": true, "ppd": 450.41900000000004, "med": 28.2, "p65": 5.989, "p70": 3.4139999999999997, "hos": 0.53, "exp": 69.66, "adr": 1.0, "amn": 7221.0, "amv": 5988.0, "amd": 63.0, "amt": 176493.0, "tmn": [14, 15, 20, 15, 12, 13, 14, 12, 9, 12, 8, 9, 10, 13, 13, 10, 12, 14, 14, 12, 12], "tmv": [295, 4, 236, 414, 414, 177, 10, 138, 136, 225, 369, 331, 259, 26, 323, 255, 293, 353, 335, 214, 0], "tmd": [0, 0, 0, 0, 0, 0, 0, 0, 0, 1, 1, 0, 0, 0, 0, 0, 0, 0, 0, 0, 0], "wmn": 91, "wmt": 3323, "wmd": 0, "wmv": 1777, "wdn": 16, "wdt": -14, "wdd": -100, "wdv": 19, "tlv": "Gujarat"}