{"loc": "Rajnandgaon", "iso": "IN", "l1": "India", "l2": "Chhattisgarh", "lvl": 3, "pop": 1537520, "key": 13484, "isd": true, "ppd": 450.41900000000004, "med": 28.2, "p65": 5.989, "p70": 3.4139999999999997, "hos": 0.53, "exp": 69.66, "adr": 1.0, "amn": 28645.0, "amv": 100275.0, "amd": 197.0, "amt": 235025.0, "tmn": [580, 611, 567, 680, 747, 636, 493, 736, 839, 815, 857, 695, 592, 476, 396, 536, 575, 666, 632, 608, 429], "tmv": [2902, 2874, 2261, 2996, 2710, 2550, 2125, 2901, 1917, 2401, 1978, 1966, 1945, 891, 2374, 0, 0, 2252, 4076, 0, 0], "tmd": [2, 2, 1, 0, 3, 14, 4, 3, 8, 4, 2, 2, 0, 0, 4, 1, 1, 0, 8, 9, 6], "wmn": 3846, "wmt": 12084, "wmd": 27, "wmv": 8704, "wdn": -23, "wdt": 3, "wdd": 64, "wdv": -38, "tlv": "Chhattisgarh"}