{"loc": "Rajnandgaon", "iso": "IN", "l1": "India", "l2": "Chhattisgarh", "lvl": 3, "pop": 1537520, "key": 13484, "isd": true, "ppd": 450.41900000000004, "med": 28.2, "p65": 5.989, "p70": 3.4139999999999997, "hos": 0.53, "exp": 69.66, "adr": 1.0, "amn": 13119.0, "amv": 20448.0, "amd": 123.0, "amt": 175056.0, "tmn": [3, 11, 5, 5, 5, 7, 2, 0, 9, 9, 9, 10, 13, 21, 6, 11, 9, 8, 13, 11, 19], "tmv": [178, 245, 350, 332, 507, 499, 351, 42, 400, 555, 721, 1006, 1081, 1032, 48, 1463, 984, 954, 347, 1488, 0], "tmd": [0, 0, 0, 0, 0, 0, 1, 1, 1, 0, 0, 0, 0, 0, 1, 0, 0, 0, 0, 0, 1], "wmn": 80, "wmt": 6033, "wmd": 2, "wmv": 5288, "wdn": 9, "wdt": 2, "wdd": 0, "wdv": 9, "tlv": "Chhattisgarh"}