{"loc": "Ramanathapuram", "iso": "IN", "l1": "India", "l2": "Tamil Nadu", "lvl": 3, "pop": 1337560, "key": 13490, "isd": true, "ppd": 450.41900000000004, "med": 28.2, "p65": 5.989, "p70": 3.4139999999999997, "hos": 0.53, "exp": 69.66, "adr": 1.0, "amn": 9769.0, "amv": 135080.0, "amd": 114.0, "amt": 328930.0, "tmn": [157, 184, 153, 132, 147, 69, 197, 136, 174, 187, 103, 161, 168, 250, 221, 230, 298, 162, 257, 144, 280], "tmv": [1605, 1977, 1179, 424, 1355, 1209, 1580, 1936, 1874, 1669, 587, 2024, 2002, 1581, 1678, 930, 1375, 511, 1134, 995, 883], "tmd": [0, 3, 0, 0, 0, 0, 0, 0, 0, 0, 1, 0, 0, 0, 0, 1, 0, 1, 2, 0, 1], "wmn": 1595, "wmt": 14607, "wmd": 4, "wmv": 7511, "wdn": 35, "wdt": 6, "wdd": 400, "wdv": -36, "tlv": "Tamil Nadu"}