{"loc": "Randolph", "iso": "US", "l1": "United States", "l2": "Arkansas", "lvl": 3, "pop": 17958, "key": 13499, "isd": true, "ppd": 35.608000000000004, "med": 38.3, "p65": 15.413, "p70": 9.732000000000001, "hos": 2.77, "exp": 78.86, "adr": 2.0, "amn": 166611.0, "amv": 1170335.0, "amd": 2784.0, "amt": 1267247.0, "tmn": [2060, 1280, 1559, 1280, 723, 445, 445, 111, 1614, 1392, 946, 946, 278, 167, 1169, 1280, 835, 668, 723, 445, 278], "tmv": [1988, 3241, 2538, 4249, 2950, 0, 0, 0, 2913, 2024, 2876, 2739, 2336, 1790, 1886, 2554, 2257, 2903, 2781, 2047, 0], "tmd": [0, 0, 0, 0, 0, 0, 0, 0, 0, 0, 0, 0, 0, 0, 0, 0, 0, 0, 0, 0, 0], "wmn": 5402, "wmt": 21575, "wmd": 0, "wmv": 14431, "wdn": -1, "wdt": 1, "wdd": 0, "wdv": -2, "tlv": "Arkansas"}