{"loc": "Randall", "iso": "US", "l1": "United States", "l2": "Texas", "lvl": 3, "pop": 137713, "key": 13497, "isd": true, "ppd": 35.608000000000004, "med": 38.3, "p65": 15.413, "p70": 9.732000000000001, "hos": 2.77, "exp": 78.86, "adr": 2.0, "amn": 120671.0, "amv": 624865.0, "amd": 2004.0, "amt": 764692.0, "tmn": [0, 0, 43, 0, 283, 50, 167, 0, 0, 116, 79, 123, 116, 43, 0, 0, 43, 79, 58, 65, 101], "tmv": [9961, 7133, 5431, 8106, 10192, 12065, 12389, 10214, 6477, 4262, 8755, 10329, 12013, 14052, 10864, 8027, 7863, 7615, 10699, 12037, 10893], "tmd": [8, 0, 0, 0, 8, 8, 0, 8, 0, 0, 0, 0, 0, 0, 0, 0, 0, 0, 0, 0, 0], "wmn": 349, "wmt": 9442, "wmd": 0, "wmv": 68002, "wdn": -27, "wdt": -44, "wdd": -100, "wdv": 3, "tlv": "Texas"}