{"loc": "Ranchi", "iso": "IN", "l1": "India", "l2": "Jharkhand", "lvl": 3, "pop": 2912022, "key": 13496, "isd": true, "ppd": 450.41900000000004, "med": 28.2, "p65": 5.989, "p70": 3.4139999999999997, "hos": 0.53, "exp": 69.66, "adr": 1.0, "amn": 11304.0, "amv": 7765.0, "amd": 83.0, "amt": 140322.0, "tmn": [10, 7, 6, 10, 6, 11, 8, 8, 7, 4, 15, 8, 8, 4, 8, 8, 7, 6, 7, 8, 9], "tmv": [177, 10, 138, 136, 225, 369, 331, 259, 26, 323, 255, 293, 353, 335, 214, 15, 315, 201, 306, 554, 382], "tmd": [1, 0, 1, 0, 1, 0, 0, 0, 1, 0, 0, 2, 0, 0, 0, 0, 1, 0, 0, 0, 0], "wmn": 57, "wmt": 2097, "wmd": 1, "wmv": 1991, "wdn": 0, "wdt": 17, "wdd": -75, "wdv": 8, "tlv": "Jharkhand"}