{"loc": "Ramsey", "iso": "US", "l1": "United States", "l2": "Minnesota", "lvl": 3, "pop": 550321, "key": 13494, "isd": true, "ppd": 35.608000000000004, "med": 38.3, "p65": 15.413, "p70": 9.732000000000001, "hos": 2.77, "exp": 78.86, "adr": 2.0, "amn": 97525.0, "amv": 1054363.0, "amd": 1657.0, "amt": 1730591.0, "tmn": [19, 56, 0, 0, 29, 109, 72, 76, 76, 0, 0, 94, 223, 127, 70, 125, 0, 0, 114, 316, 150], "tmv": [1721, 1666, 1928, 1520, 1539, 740, 1856, 2005, 1821, 2051, 2364, 1193, 1200, 2288, 2155, 2600, 2160, 2477, 1419, 1374, 0], "tmd": [2, 0, 0, 0, 0, 0, 0, 0, 0, 0, 0, 0, 2, 0, 0, 0, 0, 0, 2, 0, -1], "wmn": 778, "wmt": 15742, "wmd": 0, "wmv": 12189, "wdn": 30, "wdt": 24, "wdd": -100, "wdv": -6, "tlv": "Minnesota"}