{"loc": "Randall", "iso": "US", "l1": "United States", "l2": "Texas", "lvl": 3, "pop": 137713, "key": 13497, "isd": true, "ppd": 35.608000000000004, "med": 38.3, "p65": 15.413, "p70": 9.732000000000001, "hos": 2.77, "exp": 78.86, "adr": 2.0, "amn": 122545.0, "amv": 861822.0, "amd": 2070.0, "amt": 829919.0, "tmn": [0, 0, 72, 188, 137, 101, 36, 0, 0, 72, 108, 94, 72, 58, 0, 0, 108, 261, 36, 36, 50], "tmv": [6458, 3608, 3001, 5456, 7305, 8515, 7794, 7192, 5713, 4653, 4699, 5814, 5591, 7265, 6352, 4511, 3409, 5326, 6395, 6671, 7120], "tmd": [0, 0, 0, 0, 0, 8, 15, 0, 0, 8, 0, 0, 0, 8, 0, 0, 0, 0, 8, 0, 0], "wmn": 494, "wmt": 10491, "wmd": 8, "wmv": 39789, "wdn": 21, "wdt": -1, "wdd": -50, "wdv": -3, "tlv": "Texas"}