{"loc": "Ramban", "iso": "IN", "l1": "India", "l2": "Jammu and Kashmir", "lvl": 3, "pop": 283313, "key": 13491, "isd": true, "ppd": 450.41900000000004, "med": 28.2, "p65": 5.989, "p70": 3.4139999999999997, "hos": 0.53, "exp": 69.66, "adr": 1.0, "amn": 9008.0, "amv": 108165.0, "amd": 85.0, "amt": 530817.0, "tmn": [0, 14, 10, 3, 7, 24, 10, 38, 14, 84, 45, 112, 56, 137, 77, 63, 176, 14, 141, 250, 60], "tmv": [2710, 2550, 2125, 2901, 1917, 2401, 1978, 1966, 1945, 891, 2374, 0, 0, 2252, 0, 0, 0, 2420, 1705, 1575, 1605], "tmd": [0, 0, 0, 0, 0, 0, 0, 0, 0, 0, 0, 0, 0, 0, 0, 0, 0, 0, 0, 0, 4], "wmn": 784, "wmt": 22231, "wmd": 4, "wmv": 7307, "wdn": 60, "wdt": 12, "wdd": 0, "wdv": -23, "tlv": "Jammu and Kashmir"}