{"loc": "Ramsey", "iso": "US", "l1": "United States", "l2": "Minnesota", "lvl": 3, "pop": 550321, "key": 13494, "isd": true, "ppd": 35.608000000000004, "med": 38.3, "p65": 15.413, "p70": 9.732000000000001, "hos": 2.77, "exp": 78.86, "adr": 2.0, "amn": 89735.0, "amv": 705407.0, "amd": 1563.0, "amt": 1496721.0, "tmn": [316, 334, 379, 357, 270, 134, 285, 348, 330, 407, 278, 248, 178, 252, 339, 356, 328, 268, 198, 174, 278], "tmv": [10329, 12013, 14052, 10864, 8027, 7863, 7615, 10699, 12037, 10893, 10729, 6600, 5484, 7781, 9092, 10242, 10071, 9169, 6395, 4975, 0], "tmd": [4, 0, 2, 2, 0, 0, 6, 2, 0, 4, 6, 0, 4, 0, 2, 0, 0, 0, 0, 0, 2], "wmn": 1945, "wmt": 34817, "wmd": 4, "wmv": 49947, "wdn": -5, "wdt": -3, "wdd": -75, "wdv": -22, "tlv": "Minnesota"}