{"loc": "Ranchi", "iso": "IN", "l1": "India", "l2": "Jharkhand", "lvl": 3, "pop": 2912022, "key": 13496, "isd": true, "ppd": 450.41900000000004, "med": 28.2, "p65": 5.989, "p70": 3.4139999999999997, "hos": 0.53, "exp": 69.66, "adr": 1.0, "amn": 11417.0, "amv": 11319.0, "amd": 84.0, "amt": 144107.0, "tmn": [8, 4, 8, 8, 7, 6, 7, 8, 9, 7, 7, 9, 11, 6, 16, 11, 11, 7, 7, 9, 7], "tmv": [353, 335, 61, 0, 0, 246, 238, 478, 437, 281, 178, 245, 350, 332, 507, 499, 351, 42, 400, 555, 0], "tmd": [0, 0, 0, 0, 1, 0, 0, 0, 0, 0, 1, 1, 0, 1, 0, 0, 0, 1, 0, 0, 0], "wmn": 72, "wmt": 2037, "wmd": 1, "wmv": 2359, "wdn": 19, "wdt": -22, "wdd": -67, "wdv": 2, "tlv": "Jharkhand"}