{"loc": "Rankin", "iso": "US", "l1": "United States", "l2": "Mississippi", "lvl": 3, "pop": 155271, "key": 13507, "isd": true, "ppd": 35.608000000000004, "med": 38.3, "p65": 15.413, "p70": 9.732000000000001, "hos": 2.77, "exp": 78.86, "adr": 2.0, "amn": 93012.0, "amv": 1023593.0, "amd": 1836.0, "amt": 674327.0, "tmn": [0, 180, 135, 180, 128, 103, 0, 0, 0, 276, 296, 173, 212, 0, 0, 392, 115, 276, 231, 373, 0], "tmv": [3655, 3299, 2241, 4154, 4949, 1994, 3524, 1923, 0, 0, 1326, 2107, 1883, 1818, 1779, 1363, 1036, 1655, 1721, 1666, 1928], "tmd": [0, 0, 0, 0, 0, 0, 0, 0, 0, 0, 13, 0, 0, 0, 0, 0, 0, 7, 0, 0, 0], "wmn": 1392, "wmt": 3389, "wmd": 7, "wmv": 11152, "wdn": 45, "wdt": 1, "wdd": -50, "wdv": 23, "tlv": "Mississippi"}