{"loc": "Randolph", "iso": "US", "l1": "United States", "l2": "North Carolina", "lvl": 3, "pop": 143667, "key": 13504, "isd": true, "ppd": 35.608000000000004, "med": 38.3, "p65": 15.413, "p70": 9.732000000000001, "hos": 2.77, "exp": 78.86, "adr": 2.0, "amn": 106816.0, "amv": 991062.0, "amd": 1615.0, "amt": 1187623.0, "tmn": [34, 0, 0, 180, 20, 20, 41, 20, 0, 0, 146, 20, 41, 6, 6, 0, 0, 76, -13, 6, 27], "tmv": [2495, 4865, 3672, 4016, 3766, 3121, 6234, 3276, 3244, 2575, 1851, 1965, 1967, 2474, 1554, 2803, 3655, 3299, 2241, 4154, 0], "tmd": [0, 0, 0, 0, 0, 0, 0, 0, 0, 0, 0, 0, 0, 0, 0, 0, 0, 0, 0, 7, 0], "wmn": 105, "wmt": 8595, "wmd": 7, "wmv": 17709, "wdn": -56, "wdt": -7, "wdd": 0, "wdv": 2, "tlv": "North Carolina"}