{"loc": "Rapides", "iso": "US", "l1": "United States", "l2": "Louisiana", "lvl": 3, "pop": 129648, "key": 13509, "isd": true, "ppd": 35.608000000000004, "med": 38.3, "p65": 15.413, "p70": 9.732000000000001, "hos": 2.77, "exp": 78.86, "adr": 3.0, "amn": 86457.0, "amv": 197386.0, "amd": 2245.0, "amt": 1176197.0, "tmn": [208, 208, 0, 331, 154, 285, 77, 578, 53, 0, 138, 0, 0, 107, 146, 69, 0, 262, 7, 208, 53], "tmv": [4023, 4903, 6734, 6595, 3662, 2393, 4746, 4917, 6132, 6772, 6806, 0, 0, 3221, 4419, 5606, 5173, 5466, 3298, 2593, 0], "tmd": [0, 24, 0, 8, 0, 16, 54, 8, 8, 0, 8, 16, 0, 24, 0, 24, 0, 8, 0, 0, 0], "wmn": 749, "wmt": 21685, "wmd": 31, "wmv": 26559, "wdn": -15, "wdt": -23, "wdd": -50, "wdv": -5, "tlv": "Louisiana"}