{"loc": "Randolph", "iso": "US", "l1": "United States", "l2": "West Virginia", "lvl": 3, "pop": 28695, "key": 13505, "isd": true, "ppd": 35.608000000000004, "med": 38.3, "p65": 15.413, "p70": 9.732000000000001, "hos": 2.77, "exp": 78.86, "adr": 1.0, "amn": 152291.0, "amv": 1170335.0, "amd": 976.0, "amt": 2094753.0, "tmn": [1359, 1498, 1951, 1463, 1393, 1045, 731, 731, 1672, 2090, 2021, 1707, 766, 418, 2021, 871, 2369, 2265, 1080, 731, 487], "tmv": [1988, 3241, 2538, 4249, 2950, 0, 0, 0, 2913, 2024, 2876, 2739, 2336, 1790, 1886, 2554, 2257, 2903, 2781, 2047, 0], "tmd": [35, 70, 35, 0, 0, 0, 0, 0, 0, 35, 0, 0, 0, 35, 0, 35, 0, 35, 0, 0, 0], "wmn": 9828, "wmt": 66862, "wmd": 70, "wmv": 14431, "wdn": 4, "wdt": 7, "wdd": 0, "wdv": -2, "tlv": "West Virginia"}