{"loc": "Rapides", "iso": "US", "l1": "United States", "l2": "Louisiana", "lvl": 3, "pop": 129648, "key": 13509, "isd": true, "ppd": 35.608000000000004, "med": 38.3, "p65": 15.413, "p70": 9.732000000000001, "hos": 2.77, "exp": 78.86, "adr": 3.0, "amn": 90877.0, "amv": 624865.0, "amd": 2383.0, "amt": 1348235.0, "tmn": [0, 46, 53, 53, 115, 0, 0, 0, 385, 84, 192, 61, 115, 0, 0, 131, 107, -7, 223, 146, 0], "tmv": [9961, 7133, 5431, 8106, 10192, 12065, 12389, 10214, 6477, 4262, 8755, 10329, 12013, 14052, 10864, 8027, 7863, 7615, 10699, 12037, 10893], "tmd": [0, 0, 8, 0, 0, 0, 0, 0, 0, 8, 0, 0, 0, 0, 0, 0, 8, 0, 8, 0, 0], "wmn": 602, "wmt": 17356, "wmd": 16, "wmv": 68002, "wdn": -28, "wdt": -33, "wdd": 100, "wdv": 3, "tlv": "Louisiana"}