{"loc": "Randolph", "iso": "US", "l1": "United States", "l2": "Indiana", "lvl": 3, "pop": 24665, "key": 13502, "isd": true, "ppd": 35.608000000000004, "med": 38.3, "p65": 15.413, "p70": 9.732000000000001, "hos": 2.77, "exp": 78.86, "adr": 3.0, "amn": 150699.0, "amv": 1354464.0, "amd": 4298.0, "amt": 2238892.0, "tmn": [405, 202, 121, 202, 283, 486, 486, 486, 364, 40, 243, 527, 405, 445, 770, 243, 364, 324, 283, 770, 324], "tmv": [2361, 1265, 4095, 4257, 4381, 4544, 5255, 2753, 1460, 3910, 4355, 4594, 4119, 5128, 2996, 1521, 3915, 2663, 347, 0, 0], "tmd": [0, 0, 0, 41, 41, 0, 0, 0, 0, 41, 41, 0, 0, 41, 0, 0, 0, 41, 0, 0, 0], "wmn": 3082, "wmt": 33319, "wmd": 41, "wmv": 11446, "wdn": 23, "wdt": -1, "wdd": -67, "wdv": -57, "tlv": "Indiana"}