{"loc": "Randolph", "iso": "US", "l1": "United States", "l2": "Georgia", "lvl": 3, "pop": 6778, "key": 13500, "isd": true, "ppd": 35.608000000000004, "med": 38.3, "p65": 15.413, "p70": 9.732000000000001, "hos": 2.77, "exp": 78.86, "adr": 4.0, "amn": 140454.0, "amv": 1176126.0, "amd": 5606.0, "amt": 1060489.0, "tmn": [737, 295, 0, 0, 0, 1770, 1180, 737, 442, 0, 0, 1622, 295, 590, 442, 442, 0, 0, 885, 147, 295], "tmv": [2538, 4249, 2950, 0, 0, 0, 2913, 2024, 2876, 2739, 2336, 1790, 1886, 2554, 2257, 2903, 2781, 2047, 1978, 1647, 2163], "tmd": [148, 0, 0, 0, 0, 0, 0, 0, 0, 0, 0, 0, 0, 0, 148, 0, 0, 0, 148, 0, 0], "wmn": 2214, "wmt": 21008, "wmd": 296, "wmv": 15780, "wdn": -40, "wdt": -46, "wdd": 0, "wdv": -3, "tlv": "Georgia"}