{"loc": "Rapides", "iso": "US", "l1": "United States", "l2": "Louisiana", "lvl": 3, "pop": 129648, "key": 13509, "isd": true, "ppd": 35.608000000000004, "med": 38.3, "p65": 15.413, "p70": 9.732000000000001, "hos": 2.77, "exp": 78.86, "adr": 2.0, "amn": 162100.0, "amv": 1227352.0, "amd": 3502.0, "amt": 2034222.0, "tmn": [131, 0, 0, 632, 246, 285, 123, 246, 0, 0, 293, 285, 169, 177, 185, 0, 0, 192, 385, 69, 154], "tmv": [2262, 2445, 2251, 1671, 0, 0, 2784, 2570, 2833, 3777, 2988, 2423, 2905, 2661, 3390, 3489, 0, 0, 0, 2411, 0], "tmd": [8, 0, 0, 8, 16, 0, 8, 16, 0, 0, 0, 0, 24, 0, 8, 0, 0, 0, 8, 0, 8], "wmn": 988, "wmt": 29688, "wmd": 24, "wmv": 9292, "wdn": -16, "wdt": -14, "wdd": -40, "wdv": -54, "tlv": "Louisiana"}