{"loc": "Randolph", "iso": "US", "l1": "United States", "l2": "Indiana", "lvl": 3, "pop": 24665, "key": 13502, "isd": true, "ppd": 35.608000000000004, "med": 38.3, "p65": 15.413, "p70": 9.732000000000001, "hos": 2.77, "exp": 78.86, "adr": 3.0, "amn": 139226.0, "amv": 1242734.0, "amd": 4014.0, "amt": 2102446.0, "tmn": [689, 486, 0, 0, 1378, 486, 486, 445, 486, 0, 0, 1378, 121, 405, 689, 243, 0, 0, 810, 243, 364], "tmv": [2784, 2570, 2833, 3777, 2988, 2423, 2905, 2661, 3390, 3489, 0, 0, 0, 2411, 3257, 3418, 2659, 2485, 1614, 1945, 0], "tmd": [41, 0, 0, 0, 41, 0, 0, 0, 41, 0, 0, 41, 41, 41, 41, 0, 0, 0, 0, 0, 0], "wmn": 2352, "wmt": 31517, "wmd": 41, "wmv": 15382, "wdn": -17, "wdt": -8, "wdd": -75, "wdv": 29, "tlv": "Indiana"}