{"loc": "Randolph", "iso": "US", "l1": "United States", "l2": "Indiana", "lvl": 3, "pop": 24665, "key": 13502, "isd": true, "ppd": 35.608000000000004, "med": 38.3, "p65": 15.413, "p70": 9.732000000000001, "hos": 2.77, "exp": 78.86, "adr": 3.0, "amn": 127630.0, "amv": 1176126.0, "amd": 3608.0, "amt": 1969054.0, "tmn": [851, 0, 0, 0, 1824, 243, 527, 1864, 0, 0, 2148, 567, 1500, 283, 1094, 0, 0, 1621, 486, 891, 810], "tmv": [4249, 2950, 0, 0, 0, 2913, 2024, 2876, 2739, 2336, 1790, 1886, 2554, 2257, 2903, 2781, 2047, 1978, 1647, 2163, 0], "tmd": [0, 0, 0, 0, 41, 0, 0, 0, 0, 0, 82, 0, 0, 0, 0, 0, 0, 0, 41, 0, 41], "wmn": 4906, "wmt": 43885, "wmd": 82, "wmv": 13523, "wdn": -23, "wdt": -11, "wdd": 0, "wdv": -18, "tlv": "Indiana"}