{"loc": "Rapides", "iso": "US", "l1": "United States", "l2": "Louisiana", "lvl": 3, "pop": 129648, "key": 13509, "isd": true, "ppd": 35.608000000000004, "med": 38.3, "p65": 15.413, "p70": 9.732000000000001, "hos": 2.77, "exp": 78.86, "adr": 2.0, "amn": 163905.0, "amv": 1283911.0, "amd": 3556.0, "amt": 2101441.0, "tmn": [385, 69, 154, 46, 0, 0, 154, 161, 169, 192, 231, 0, 0, 269, 115, 154, 69, 23, 0, 0, 215], "tmv": [2626, 2552, 2575, 2955, 1399, 770, 2354, 2306, 2307, 2345, 3781, 2315, 1328, 4158, 4126, 4122, 3797, 3784, 1119, 91, 0], "tmd": [8, 0, 8, 8, 0, 0, 0, 8, 24, 8, 0, 0, 0, 0, 8, 0, 0, 0, 0, 0, 0], "wmn": 579, "wmt": 27243, "wmd": 8, "wmv": 17042, "wdn": -44, "wdt": -7, "wdd": -80, "wdv": -8, "tlv": "Louisiana"}