{"loc": "Randolph", "iso": "US", "l1": "United States", "l2": "Indiana", "lvl": 3, "pop": 24665, "key": 13502, "isd": true, "ppd": 35.608000000000004, "med": 38.3, "p65": 15.413, "p70": 9.732000000000001, "hos": 2.77, "exp": 78.86, "adr": 3.0, "amn": 96736.0, "amv": 705407.0, "amd": 3243.0, "amt": 1437351.0, "tmn": [162, 81, 81, 121, 121, 81, 81, 40, 81, 243, 162, 0, 81, 81, 283, 40, 243, 162, 81, 40, 202], "tmv": [10329, 12013, 14052, 10864, 8027, 7863, 7615, 10699, 12037, 10893, 10729, 6600, 5484, 7781, 9092, 10242, 10071, 9169, 6395, 4975, 0], "tmd": [0, 0, 0, 0, 0, 0, 41, 0, 0, 0, 0, 0, 0, 0, 0, 0, 0, 0, 0, 0, 0], "wmn": 1055, "wmt": 29456, "wmd": 0, "wmv": 49947, "wdn": 53, "wdt": -7, "wdd": 0, "wdv": -22, "tlv": "Indiana"}