{"loc": "Rayagada", "iso": "IN", "l1": "India", "l2": "Odisha", "lvl": 3, "pop": 961959, "key": 13516, "isd": true, "ppd": 450.41900000000004, "med": 28.2, "p65": 5.989, "p70": 3.4139999999999997, "hos": 0.53, "exp": 69.66, "adr": 1.0, "amn": 11414.0, "amv": 114312.0, "amd": 72.0, "amt": 222604.0, "tmn": [28, 39, 45, 59, 55, 62, 88, 109, 72, 120, 108, 121, 80, 77, 188, 156, 207, 160, 163, 241, 134], "tmv": [1978, 1966, 1945, 891, 2374, 0, 0, 2252, 0, 0, 0, 2420, 1705, 1575, 1605, 1977, 1179, 424, 1355, 1209, 0], "tmd": [0, 0, 0, 0, 0, 2, 0, 3, 0, 0, 3, 0, 3, 4, 3, 3, 2, 5, 0, 4, 3], "wmn": 1252, "wmt": 6946, "wmd": 15, "wmv": 7752, "wdn": 81, "wdt": 11, "wdd": 56, "wdv": -3, "tlv": "Odisha"}