{"loc": "Ray", "iso": "US", "l1": "United States", "l2": "Missouri", "lvl": 3, "pop": 23018, "key": 13515, "isd": true, "ppd": 35.608000000000004, "med": 38.3, "p65": 15.413, "p70": 9.732000000000001, "hos": 2.77, "exp": 78.86, "adr": 1.0, "amn": 85716.0, "amv": 635594.0, "amd": 1173.0, "amt": 836519.0, "tmn": [130, 86, 0, 0, 217, 43, 130, 43, 86, 130, 0, 86, 86, 0, 0, 173, 260, 130, -2259, 0, 130], "tmv": [5431, 8106, 10192, 12065, 12389, 10214, 6477, 4262, 8755, 10329, 12013, 14052, 10864, 8027, 7863, 7615, 10699, 12037, 10893, 10729, 0], "tmd": [0, 0, 0, 0, 0, 0, 0, 0, 0, 0, 0, 0, 0, 0, 0, 0, 0, 0, 0, 0, 0], "wmn": -1563, "wmt": 15696, "wmd": 0, "wmv": 59839, "wdn": -460, "wdt": 5, "wdd": 0, "wdv": -12, "tlv": "Missouri"}