{"loc": "Rensselaer", "iso": "US", "l1": "United States", "l2": "New York", "lvl": 3, "pop": 158714, "key": 13528, "isd": true, "ppd": 35.608000000000004, "med": 38.3, "p65": 15.413, "p70": 9.732000000000001, "hos": 2.77, "exp": 78.86, "adr": 1.0, "amn": 73636.0, "amv": 0.0, "amd": 914.0, "amt": 3205277.0, "tmn": [37, 56, 25, 0, 138, 94, 126, 94, 107, 107, 151, 69, 126, 75, 151, 170, 296, 132, 88, 144, 157], "tmv": [0, 0, 0, 0, 0, 0, 0, 0, 0, 0, 0, 0, 0, 0, 0, 0, 0, 0, 0, 0, 0], "tmd": [0, 0, 0, 7, 0, 0, 0, 0, 0, 0, 0, 0, 0, 0, 0, 0, 0, 0, 0, 0, 0], "wmn": 1141, "wmt": 38800, "wmd": 0, "wmv": 0, "wdn": 56, "wdt": 11, "wdd": 0, "wdv": 0, "tlv": "New York"}