{"loc": "Reno", "iso": "US", "l1": "United States", "l2": "Kansas", "lvl": 3, "pop": 61998, "key": 13527, "isd": true, "ppd": 35.608000000000004, "med": 38.3, "p65": 15.413, "p70": 9.732000000000001, "hos": 2.77, "exp": 78.86, "adr": 2.0, "amn": 133520.0, "amv": 197386.0, "amd": 2242.0, "amt": 428642.0, "tmn": [0, 532, 0, 0, 274, 0, 419, 0, 338, 0, 0, 322, 0, 322, 0, 225, 0, 0, 274, 0, 258], "tmv": [4023, 4903, 6734, 6595, 3662, 2393, 4746, 4917, 6132, 6772, 6806, 0, 0, 3221, 4419, 5606, 5173, 5466, 3298, 2593, 0], "tmd": [0, 97, 0, 0, 33, 0, 17, 0, 33, 0, 0, 0, 0, 17, 0, 17, 0, 0, 0, 0, 65], "wmn": 759, "wmt": 6684, "wmd": 81, "wmv": 26559, "wdn": -23, "wdt": 9, "wdd": 67, "wdv": -5, "tlv": "Kansas"}