{"loc": "Red Lake", "iso": "US", "l1": "United States", "l2": "Minnesota", "lvl": 3, "pop": 4055, "key": 13520, "isd": true, "ppd": 35.608000000000004, "med": 38.3, "p65": 15.413, "p70": 9.732000000000001, "hos": 2.77, "exp": 78.86, "adr": 1.0, "amn": 169914.0, "amv": 1354464.0, "amd": 2466.0, "amt": 2241370.0, "tmn": [0, 0, 2219, 1479, 986, 246, 1233, 0, 0, 1726, 3452, 1972, 1726, 1726, 0, 0, 493, 1972, 246, 1972, 246], "tmv": [2361, 1265, 4095, 4257, 4381, 4544, 5255, 2753, 1460, 3910, 4355, 4594, 4119, 5128, 2996, 1521, 3915, 2663, 347, 0, 0], "tmd": [0, 0, 0, 0, 247, 0, 0, 0, 0, 0, 0, 0, 0, 0, 0, 0, 0, 0, 0, 0, 0], "wmn": 4933, "wmt": 45514, "wmd": 0, "wmv": 11446, "wdn": -53, "wdt": 48, "wdd": 0, "wdv": -57, "tlv": "Minnesota"}