{"loc": "Refugio", "iso": "US", "l1": "United States", "l2": "Texas", "lvl": 3, "pop": 6948, "key": 13526, "isd": true, "ppd": 35.608000000000004, "med": 38.3, "p65": 15.413, "p70": 9.732000000000001, "hos": 2.77, "exp": 78.86, "adr": 3.0, "amn": 90098.0, "amv": 258018.0, "amd": 2591.0, "amt": 683547.0, "tmn": [719, 0, -719, 575, 0, 0, 143, 0, 0, -287, 719, 431, 287, 287, 863, 0, -143, 719, 143, 143, 287], "tmv": [6806, 0, 0, 3221, 4419, 5606, 5173, 5466, 3298, 2593, 4349, 5491, 6616, 7139, 7375, 5050, 5255, 5793, 6168, 7391, 0], "tmd": [0, 0, 0, 0, 0, 0, 0, 0, 0, 0, 0, 0, 0, 0, 0, 0, 0, 0, 144, 0, 0], "wmn": 2015, "wmt": 11429, "wmd": 144, "wmv": 37036, "wdn": 40, "wdt": -8, "wdd": 0, "wdv": 6, "tlv": "Texas"}