{"loc": "Rensselaer", "iso": "US", "l1": "United States", "l2": "New York", "lvl": 3, "pop": 158714, "key": 13528, "isd": true, "ppd": 35.608000000000004, "med": 38.3, "p65": 15.413, "p70": 9.732000000000001, "hos": 2.77, "exp": 78.86, "adr": 1.0, "amn": 119807.0, "amv": 1476857.0, "amd": 1279.0, "amt": 4300110.0, "tmn": [793, 504, 258, 453, 478, 472, 573, 825, 1121, 800, 762, 491, 579, 585, 787, 844, 768, 730, 270, 327, 636], "tmv": [70, 3476, 2565, 1693, 4764, 5451, 6033, 6077, 6801, 4120, 2054, 5104, 5248, 5184, 4986, 5175, 2683, 957, 367, 0, 0], "tmd": [13, 0, 0, 0, 0, 7, 0, 13, 13, 0, 0, 7, 7, 7, 7, 0, 0, 0, 0, 13, 0], "wmn": 4367, "wmt": 81981, "wmd": 19, "wmv": 14171, "wdn": -15, "wdt": 17, "wdd": -57, "wdv": -59, "tlv": "New York"}