{"loc": "Renville", "iso": "US", "l1": "United States", "l2": "Minnesota", "lvl": 3, "pop": 14548, "key": 13529, "isd": true, "ppd": 35.608000000000004, "med": 38.3, "p65": 15.413, "p70": 9.732000000000001, "hos": 2.77, "exp": 78.86, "adr": 3.0, "amn": 125790.0, "amv": 977712.0, "amd": 3162.0, "amt": 1666495.0, "tmn": [68, 0, 0, 0, 0, 68, -68, 68, 0, 0, 0, 0, 0, 0, 274, 0, 0, 68, 0, 68, 0], "tmv": [3682, 3252, 2518, 2835, 2495, 4865, 3672, 4016, 3766, 3121, 6234, 3276, 3244, 2575, 1851, 1965, 1967, 2474, 1554, 2803, 0], "tmd": [0, 0, 0, 0, 0, 0, 0, 0, 0, 0, 0, 0, 0, 0, 0, 0, 0, 0, 0, 0, 0], "wmn": 413, "wmt": 11181, "wmd": 0, "wmv": 12617, "wdn": 500, "wdt": -10, "wdd": 0, "wdv": -52, "tlv": "Minnesota"}