{"loc": "Reno", "iso": "US", "l1": "United States", "l2": "Kansas", "lvl": 3, "pop": 61998, "key": 13527, "isd": true, "ppd": 35.608000000000004, "med": 38.3, "p65": 15.413, "p70": 9.732000000000001, "hos": 2.77, "exp": 78.86, "adr": 2.0, "amn": 172957.0, "amv": 1204735.0, "amd": 2597.0, "amt": 603723.0, "tmn": [1532, 0, 1774, 0, 0, 887, 0, 1483, 0, 1016, 0, 0, 661, 0, 1274, 0, 1258, 0, 0, 951, 0], "tmv": [2554, 2257, 2903, 2781, 2047, 1978, 1647, 2163, 995, 2262, 2445, 2251, 1671, 0, 0, 2784, 2570, 2833, 3777, 2988, 0], "tmd": [49, 0, 33, 0, 0, 17, 0, 17, 0, 0, 0, 0, 33, 0, 33, 0, -16, 0, 0, 17, 0], "wmn": 3484, "wmt": 7713, "wmd": 33, "wmv": 14955, "wdn": 10, "wdt": -13, "wdd": -33, "wdv": 27, "tlv": "Kansas"}