{"loc": "Rewa", "iso": "IN", "l1": "India", "l2": "Madhya Pradesh", "lvl": 3, "pop": 2363744, "key": 13534, "isd": true, "ppd": 450.41900000000004, "med": 28.2, "p65": 5.989, "p70": 3.4139999999999997, "hos": 0.53, "exp": 69.66, "adr": 1.0, "amn": 6690.0, "amv": 136149.0, "amd": 36.0, "amt": 107177.0, "tmn": [147, 146, 143, 139, 144, 127, 130, 132, 125, 111, 106, 105, 98, 95, 95, 79, 71, 71, 74, 66, 62], "tmv": [1179, 424, 1355, 1209, 1580, 1936, 1874, 1669, 587, 2024, 2002, 1581, 1678, 930, 1375, 511, 1134, 995, 883, 1069, 0], "tmd": [1, 0, 0, 0, 1, 3, 0, 1, 1, 0, 1, 0, 1, 1, 1, 1, 1, 2, 1, 2, 2], "wmn": 522, "wmt": 5832, "wmd": 8, "wmv": 5972, "wdn": -33, "wdt": 9, "wdd": 70, "wdv": -43, "tlv": "Madhya Pradesh"}