{"loc": "Republic", "iso": "US", "l1": "United States", "l2": "Kansas", "lvl": 3, "pop": 4636, "key": 13532, "isd": true, "ppd": 35.608000000000004, "med": 38.3, "p65": 15.413, "p70": 9.732000000000001, "hos": 2.77, "exp": 78.86, "adr": 2.0, "amn": 141501.0, "amv": 180853.0, "amd": 2804.0, "amt": 425091.0, "tmn": [0, 0, 0, 0, 431, 0, 215, 0, 0, 431, 0, 862, 0, 0, 0, 0, 0, 0, 0, 0, 0], "tmv": [5139, 4690, 3336, 1695, 3330, 4023, 4903, 6734, 6595, 3662, 2393, 4746, 4917, 6132, 6772, 6806, 0, 0, 3221, 4419, 5606], "tmd": [0, 0, 0, 0, 216, 0, 216, 0, 0, 0, 0, 0, 0, 0, 0, 0, 0, 0, 0, 0, 216], "wmn": 0, "wmt": 7152, "wmd": 216, "wmv": 26827, "wdn": -100, "wdt": 1, "wdd": 0, "wdv": -24, "tlv": "Kansas"}