{"loc": "Rhode Island", "iso": "US", "l1": "United States", "l2": "Rhode Island", "lvl": 2, "pop": 1059361, "key": 13539, "isd": true, "ppd": 35.608000000000004, "med": 38.3, "p65": 15.413, "p70": 9.732000000000001, "hos": 2.77, "exp": 78.86, "adr": 2.0, "amn": 117729.0, "amv": 197386.0, "amd": 2348.0, "amt": 2758277.0, "tmn": [554, 566, 0, 0, 1145, 311, 433, 460, 415, 0, 0, 911, 269, 347, 395, 269, 0, 0, 788, 266, 430], "tmv": [4023, 4903, 6734, 6595, 3662, 2393, 4746, 4917, 6132, 6772, 6806, 0, 0, 3221, 4419, 5606, 5173, 5466, 3298, 2593, 0], "tmd": [11, 3, 0, 0, 23, 12, 11, 15, 16, 0, 0, 42, 10, 8, 15, 9, 0, 0, 85, 10, 11], "wmn": 2151, "wmt": 105427, "wmd": 128, "wmv": 26559, "wdn": -11, "wdt": -6, "wdd": 45, "wdv": -5, "tlv": "Rhode Island"}