{"loc": "Republic", "iso": "US", "l1": "United States", "l2": "Kansas", "lvl": 3, "pop": 4636, "key": 13532, "isd": true, "ppd": 35.608000000000004, "med": 38.3, "p65": 15.413, "p70": 9.732000000000001, "hos": 2.77, "exp": 78.86, "adr": 2.0, "amn": 187230.0, "amv": 1236688.0, "amd": 3020.0, "amt": 615217.0, "tmn": [1509, 0, 3666, 0, 647, 0, 0, 215, 0, 215, 0, 0, 0, 0, -215, 0, 431, 0, 647, 0, 0], "tmv": [1671, 0, 0, 2784, 2570, 2833, 3777, 2988, 2423, 2905, 2661, 3390, 3489, 0, 0, 0, 2411, 3257, 3418, 2659, 0], "tmd": [0, 0, 0, 0, 0, 0, 0, 0, 0, 0, 0, 0, 0, 0, 0, 0, 0, 0, 0, 0, 0], "wmn": 863, "wmt": 6568, "wmd": 0, "wmv": 11747, "wdn": 100, "wdt": -5, "wdd": 0, "wdv": -34, "tlv": "Kansas"}