{"loc": "Rhode Island", "iso": "US", "l1": "United States", "l2": "Rhode Island", "lvl": 2, "pop": 1059361, "key": 13539, "isd": true, "ppd": 35.608000000000004, "med": 38.3, "p65": 15.413, "p70": 9.732000000000001, "hos": 2.77, "exp": 78.86, "adr": 2.0, "amn": 169131.0, "amv": 1263117.0, "amd": 2717.0, "amt": 5350900.0, "tmn": [376, 0, 0, 0, 865, 273, 295, 297, 0, 0, 610, 215, 215, 279, 183, 0, 0, 437, 174, 246, 249], "tmv": [3390, 3489, 0, 0, 0, 2411, 3257, 3418, 2659, 2485, 1614, 1945, 2278, 2491, 2890, 2710, 2395, 1993, 2154, 3467, 0], "tmd": [2, 0, 0, 0, 2, 1, 3, 0, 0, 0, 1, 6, 2, 2, 1, 0, 0, 2, 2, 1, 1], "wmn": 1291, "wmt": 87999, "wmd": 7, "wmv": 15613, "wdn": -20, "wdt": -1, "wdd": -36, "wdv": -8, "tlv": "Rhode Island"}