{"loc": "Rewa", "iso": "IN", "l1": "India", "l2": "Madhya Pradesh", "lvl": 3, "pop": 2363744, "key": 13534, "isd": true, "ppd": 450.41900000000004, "med": 28.2, "p65": 5.989, "p70": 3.4139999999999997, "hos": 0.53, "exp": 69.66, "adr": 0.0, "amn": 6073.0, "amv": 129247.0, "amd": 28.0, "amt": 100545.0, "tmn": [138, 125, 144, 143, 147, 140, 147, 145, 147, 146, 143, 139, 144, 127, 130, 132, 125, 111, 106, 105, 98], "tmv": [0, 0, 0, 2420, 1705, 1575, 1605, 1977, 1179, 424, 1355, 1209, 1580, 1936, 1874, 1669, 587, 2024, 2002, 1581, 1678], "tmd": [0, 1, 1, 1, 1, 1, 0, 2, 1, 0, 0, 0, 1, 3, 0, 1, 1, 0, 1, 0, 1], "wmn": 810, "wmt": 5337, "wmd": 4, "wmv": 11419, "wdn": -19, "wdt": 4, "wdd": -27, "wdv": 18, "tlv": "Madhya Pradesh"}