{"loc": "Richland", "iso": "US", "l1": "United States", "l2": "Louisiana", "lvl": 3, "pop": 20122, "key": 13545, "isd": true, "ppd": 35.608000000000004, "med": 38.3, "p65": 15.413, "p70": 9.732000000000001, "hos": 2.77, "exp": 78.86, "adr": 2.0, "amn": 202962.0, "amv": 1176126.0, "amd": 3727.0, "amt": 1931928.0, "tmn": [1093, 2136, 0, 0, 0, 3975, 745, 1888, 1391, 0, 0, 0, 2037, 2037, 695, 745, 0, 0, 1391, 447, 944], "tmv": [2538, 4249, 2950, 0, 0, 0, 2913, 2024, 2876, 2739, 2336, 1790, 1886, 2554, 2257, 2903, 2781, 2047, 1978, 1647, 2163], "tmd": [50, 0, 0, 0, 0, 50, 50, 0, 0, 0, 0, 0, 0, 0, 50, 0, 0, 0, 50, 0, 50], "wmn": 4225, "wmt": 39862, "wmd": 150, "wmv": 15780, "wdn": -43, "wdt": 43, "wdd": 0, "wdv": -3, "tlv": "Louisiana"}