{"loc": "Richland", "iso": "US", "l1": "United States", "l2": "South Carolina", "lvl": 3, "pop": 415759, "key": 13549, "isd": true, "ppd": 35.608000000000004, "med": 38.3, "p65": 15.413, "p70": 9.732000000000001, "hos": 2.77, "exp": 78.86, "adr": 1.0, "amn": 139468.0, "amv": 1121684.0, "amd": 1527.0, "amt": 1470312.0, "tmn": [406, 610, 553, 858, 0, 0, 1919, 368, 800, 478, 887, 0, 0, 2155, 543, 483, 723, 1159, 0, 0, 2354], "tmv": [1875, 1986, 1986, 2786, 3007, 2017, 2605, 1830, 2139, 3106, 3068, 3187, 2953, 1851, 1966, 2813, 2807, 3250, 3257, 2889, 2103], "tmd": [0, 3, 0, 8, 0, 0, 25, 0, 5, 13, 3, 0, 0, 25, 3, 3, 10, 3, 0, 0, 17], "wmn": 5266, "wmt": 43166, "wmd": 34, "wmv": 19089, "wdn": 12, "wdt": 24, "wdd": -22, "wdv": 5, "tlv": "South Carolina"}