{"loc": "Richland", "iso": "US", "l1": "United States", "l2": "South Carolina", "lvl": 3, "pop": 415759, "key": 13549, "isd": true, "ppd": 35.608000000000004, "med": 38.3, "p65": 15.413, "p70": 9.732000000000001, "hos": 2.77, "exp": 78.86, "adr": 1.0, "amn": 114189.0, "amv": 968912.0, "amd": 1385.0, "amt": 1285421.0, "tmn": [16, -12, 84, 76, 26, 40, 55, 50, 57, 0, 9, 67, 21, -16, 48, 14, 0, 0, 170, 9, 19], "tmv": [2452, 4248, 3485, 4157, 3682, 3252, 2518, 2835, 2495, 4865, 3672, 4016, 3766, 3121, 6234, 3276, 3244, 2575, 1851, 1965, 0], "tmd": [0, 0, 3, 0, 0, 0, 5, 0, 3, 0, 0, 0, 0, -2, 3, 0, 0, 0, 0, 3, 0], "wmn": 263, "wmt": 8584, "wmd": 5, "wmv": 19149, "wdn": 38, "wdt": -11, "wdd": 0, "wdv": -23, "tlv": "South Carolina"}