{"loc": "Rice", "iso": "US", "l1": "United States", "l2": "Minnesota", "lvl": 3, "pop": 66972, "key": 13542, "isd": true, "ppd": 35.608000000000004, "med": 38.3, "p65": 15.413, "p70": 9.732000000000001, "hos": 2.77, "exp": 78.86, "adr": 1.0, "amn": 101177.0, "amv": 258018.0, "amd": 1359.0, "amt": 1251506.0, "tmn": [74, 89, 59, 44, 194, 119, 104, 44, 89, 44, 14, 164, 164, 104, 283, 149, 59, 44, 119, 104, 806], "tmv": [6806, 0, 0, 3221, 4419, 5606, 5173, 5466, 3298, 2593, 4349, 5491, 6616, 7139, 7375, 5050, 5255, 5793, 6168, 7391, 0], "tmd": [0, 0, 0, 0, 15, 15, 0, 15, 0, 0, 15, 0, 0, 0, 0, 0, 0, 0, 0, 0, 0], "wmn": 1568, "wmt": 29499, "wmd": 0, "wmv": 37036, "wdn": 150, "wdt": 2, "wdd": -100, "wdv": 6, "tlv": "Minnesota"}