{"loc": "Richland", "iso": "US", "l1": "United States", "l2": "South Carolina", "lvl": 3, "pop": 415759, "key": 13549, "isd": true, "ppd": 35.608000000000004, "med": 38.3, "p65": 15.413, "p70": 9.732000000000001, "hos": 2.77, "exp": 78.86, "adr": 1.0, "amn": 134203.0, "amv": 1100743.0, "amd": 1494.0, "amt": 1427146.0, "tmn": [572, 517, 651, 582, 0, 0, 1981, 406, 610, 553, 858, 0, 0, 1919, 368, 800, 478, 887, 0, 0, 2155], "tmv": [1374, 2201, 2622, 2492, 2548, 2348, 1615, 1875, 1986, 1986, 2786, 3007, 2017, 2605, 1830, 2139, 3106, 3068, 3187, 2953, 0], "tmd": [0, 5, 0, 5, 0, 0, 8, 0, 3, 0, 8, 0, 0, 25, 0, 5, 13, 3, 0, 0, 25], "wmn": 4691, "wmt": 34725, "wmd": 44, "wmv": 16287, "wdn": 8, "wdt": 15, "wdd": 29, "wdv": 0, "tlv": "South Carolina"}