{"loc": "Richland", "iso": "US", "l1": "United States", "l2": "Montana", "lvl": 3, "pop": 10803, "key": 13546, "isd": true, "ppd": 35.608000000000004, "med": 38.3, "p65": 15.413, "p70": 9.732000000000001, "hos": 2.77, "exp": 78.86, "adr": 1.0, "amn": 183930.0, "amv": 1476857.0, "amd": 2499.0, "amt": 2112660.0, "tmn": [0, 0, 0, 0, 0, 1110, 1295, 647, 462, 0, 0, 185, 370, 647, 370, 92, 0, 0, 185, 0, 92], "tmv": [70, 3476, 2565, 1693, 4764, 5451, 6033, 6077, 6801, 4120, 2054, 5104, 5248, 5184, 4986, 5175, 2683, 957, 367, 0, 0], "tmd": [0, 0, 0, 0, 0, 0, 0, 0, 0, 0, 0, 0, 0, 0, 0, 0, 0, 0, 0, 0, 278], "wmn": 741, "wmt": 24274, "wmd": 278, "wmv": 14171, "wdn": -68, "wdt": -14, "wdd": 0, "wdv": -59, "tlv": "Montana"}