{"loc": "Rice", "iso": "US", "l1": "United States", "l2": "Minnesota", "lvl": 3, "pop": 66972, "key": 13542, "isd": true, "ppd": 35.608000000000004, "med": 38.3, "p65": 15.413, "p70": 9.732000000000001, "hos": 2.77, "exp": 78.86, "adr": 1.0, "amn": 99609.0, "amv": 220982.0, "amd": 1359.0, "amt": 1222008.0, "tmn": [283, 59, 179, 194, 238, 223, 253, 74, 89, 59, 44, 194, 119, 104, 44, 89, 44, 14, 164, 164, 104], "tmv": [6595, 3662, 2393, 4746, 4917, 6132, 6772, 6806, 0, 0, 3221, 4419, 5606, 5173, 5466, 3298, 2593, 4349, 5491, 6616, 7139], "tmd": [0, 0, 15, 15, 0, 45, 0, 0, 0, 0, 0, 15, 15, 0, 15, 0, 0, 15, 0, 0, 0], "wmn": 628, "wmt": 28799, "wmd": 30, "wmv": 34956, "wdn": -9, "wdt": -2, "wdd": 0, "wdv": 39, "tlv": "Minnesota"}