{"loc": "Rice", "iso": "US", "l1": "United States", "l2": "Kansas", "lvl": 3, "pop": 9537, "key": 13541, "isd": true, "ppd": 35.608000000000004, "med": 38.3, "p65": 15.413, "p70": 9.732000000000001, "hos": 2.77, "exp": 78.86, "adr": 1.0, "amn": 112195.0, "amv": 684867.0, "amd": 1258.0, "amt": 467613.0, "tmn": [104, 0, 0, 0, 104, 0, 0, 0, 0, 0, 0, 104, 0, 0, -104, 0, 104, 0, 209, 0, 0], "tmv": [6477, 4262, 8755, 10329, 12013, 14052, 10864, 8027, 7863, 7615, 10699, 12037, 10893, 10729, 6600, 5484, 7781, 9092, 10242, 10071, 0], "tmd": [0, 0, 0, 0, 0, 0, 0, 0, 0, 0, 0, 0, 0, 0, 0, 0, 0, 0, 0, 0, 0], "wmn": 210, "wmt": 4581, "wmd": 0, "wmv": 49273, "wdn": 100, "wdt": -4, "wdd": 0, "wdv": -27, "tlv": "Kansas"}