{"loc": "Richland", "iso": "US", "l1": "United States", "l2": "South Carolina", "lvl": 3, "pop": 415759, "key": 13549, "isd": true, "ppd": 35.608000000000004, "med": 38.3, "p65": 15.413, "p70": 9.732000000000001, "hos": 2.77, "exp": 78.86, "adr": 1.0, "amn": 131160.0, "amv": 1091533.0, "amd": 1467.0, "amt": 1416276.0, "tmn": [469, 0, 0, 1481, 572, 517, 651, 582, 0, 0, 1981, 406, 610, 553, 858, 0, 0, 1919, 368, 800, 478], "tmv": [2600, 2160, 2477, 1419, 1374, 2201, 2622, 2492, 2548, 2348, 1615, 1875, 1986, 1986, 2786, 3007, 2017, 2605, 1830, 2139, 3106], "tmd": [0, 0, 0, 0, 0, 5, 0, 5, 0, 0, 8, 0, 3, 0, 8, 0, 0, 25, 0, 5, 13], "wmn": 4426, "wmt": 33885, "wmd": 49, "wmv": 17494, "wdn": 7, "wdt": 26, "wdd": 233, "wdv": 18, "tlv": "South Carolina"}