{"loc": "Richmond", "iso": "US", "l1": "United States", "l2": "North Carolina", "lvl": 3, "pop": 44829, "key": 13554, "isd": true, "ppd": 35.608000000000004, "med": 38.3, "p65": 15.413, "p70": 9.732000000000001, "hos": 2.77, "exp": 78.86, "adr": 2.0, "amn": 95987.0, "amv": 343093.0, "amd": 2052.0, "amt": 1019731.0, "tmn": [312, 200, 0, 401, 178, 178, 446, 89, 200, 0, 223, 44, 89, 223, 89, 22, 0, 312, 22, 89, 133], "tmv": [6616, 7139, 7375, 5050, 5255, 5793, 6168, 7391, 8814, 7404, 5275, 4864, 6157, 7535, 8875, 13887, 4118, 6135, 5026, 6980, 0], "tmd": [0, 0, 0, 0, 0, 0, 0, 0, 45, 0, 0, 0, 0, 23, 0, 0, 0, 0, 0, 0, 0], "wmn": 670, "wmt": 19640, "wmd": 0, "wmv": 45024, "wdn": -23, "wdt": -28, "wdd": -100, "wdv": -5, "tlv": "North Carolina"}