{"loc": "Richland", "iso": "US", "l1": "United States", "l2": "Wisconsin", "lvl": 3, "pop": 17252, "key": 13550, "isd": true, "ppd": 35.608000000000004, "med": 38.3, "p65": 15.413, "p70": 9.732000000000001, "hos": 2.77, "exp": 78.86, "adr": 1.0, "amn": 77093.0, "amv": 324951.0, "amd": 869.0, "amt": 1241992.0, "tmn": [289, 57, 173, 57, 57, 57, 0, 57, -115, 115, 57, 57, 173, 0, 0, 0, 57, 0, 115, -57, 0], "tmv": [3298, 2593, 4349, 5491, 6616, 7139, 7375, 5050, 5255, 5793, 6168, 7391, 8814, 7404, 5275, 4864, 6157, 7535, 8875, 13887, 4118], "tmd": [0, 0, 0, 0, 0, 0, 0, 0, 58, 0, 0, 0, 0, 0, 0, 0, 0, 0, 0, 0, 0], "wmn": 116, "wmt": 25904, "wmd": 0, "wmv": 50714, "wdn": -67, "wdt": -13, "wdd": -100, "wdv": 11, "tlv": "Wisconsin"}