{"loc": "Rincon", "iso": "PR", "l1": "United States", "l2": "Puerto Rico", "lvl": 3, "pop": 13656, "key": 13557, "isd": true, "ppd": 35.608000000000004, "med": 38.3, "p65": 15.413, "p70": 9.732000000000001, "hos": 2.77, "exp": 78.86, "adr": 0.0, "amn": 33831.0, "amv": 664553.0, "amd": 0.0, "amt": 130151.0, "tmn": [366, 73, 0, 73, 0, 73, 585, 73, 512, 1464, 512, 146, 292, 439, 732, 659, 732, 0, 366, 585, 292], "tmv": [12389, 10214, 6477, 4262, 8755, 10329, 12013, 14052, 10864, 8027, 7863, 7615, 10699, 12037, 10893, 10729, 6600, 5484, 7781, 9092, 0], "tmd": [0, 0, 0, 0, 0, 0, 0, 0, 0, 0, 0, 0, 0, 0, 0, 0, 0, 0, 0, 0, 0], "wmn": 3369, "wmt": 0, "wmd": 0, "wmv": 50581, "wdn": -2, "wdt": 0, "wdd": 0, "wdv": -29, "tlv": "Puerto Rico"}