{"loc": "Richmond", "iso": "US", "l1": "United States", "l2": "Georgia", "lvl": 3, "pop": 202518, "key": 13552, "isd": true, "ppd": 35.608000000000004, "med": 38.3, "p65": 15.413, "p70": 9.732000000000001, "hos": 2.77, "exp": 78.86, "adr": 2.0, "amn": 156914.0, "amv": 1146163.0, "amd": 2800.0, "amt": 1021823.0, "tmn": [0, 0, 1792, 869, 869, 1180, 962, 0, 0, 2676, 735, 1076, 1066, 1328, 0, 0, 0, 3170, 1076, 864, 1550], "tmv": [3187, 2953, 1851, 1966, 2813, 2807, 3250, 3257, 2889, 2103, 1988, 3241, 2538, 4249, 2950, 0, 0, 0, 2913, 2024, 0], "tmd": [0, 0, 0, 0, 10, 5, 5, 0, 0, 0, 0, 15, 5, 10, 0, 0, 0, 5, 0, 5, 50], "wmn": 6662, "wmt": 27507, "wmd": 60, "wmv": 7888, "wdn": -3, "wdt": -2, "wdd": 100, "wdv": -61, "tlv": "Georgia"}