{"loc": "Richmond", "iso": "US", "l1": "United States", "l2": "Georgia", "lvl": 3, "pop": 202518, "key": 13552, "isd": true, "ppd": 35.608000000000004, "med": 38.3, "p65": 15.413, "p70": 9.732000000000001, "hos": 2.77, "exp": 78.86, "adr": 2.0, "amn": 108524.0, "amv": 153709.0, "amd": 1896.0, "amt": 645454.0, "tmn": [572, 651, 587, 1150, 656, 523, 528, 928, 385, 439, 804, 661, 459, 148, 651, 340, 296, 701, 291, 696, 414], "tmv": [2687, 2448, 3374, 4677, 5132, 5139, 4690, 3336, 1695, 3330, 4023, 4903, 6734, 6595, 3662, 2393, 4746, 4917, 6132, 6772, 0], "tmd": [0, 30, 5, 20, 10, 55, 0, 15, 35, 20, 25, 5, 5, 0, 0, 15, 25, 0, 15, 35, 0], "wmn": 3393, "wmt": 17781, "wmd": 89, "wmv": 28625, "wdn": -11, "wdt": -11, "wdd": -14, "wdv": -7, "tlv": "Georgia"}