{"loc": "Richmond City", "iso": "US", "l1": "United States", "l2": "Virginia", "lvl": 3, "pop": 230436, "key": 13551, "isd": true, "ppd": 35.608000000000004, "med": 38.3, "p65": 15.413, "p70": 9.732000000000001, "hos": 2.77, "exp": 78.86, "adr": 1.0, "amn": 93592.0, "amv": 1160346.0, "amd": 1267.0, "amt": 1044803.0, "tmn": [464, 0, 0, 1245, 546, 407, 577, 650, 0, 0, 1332, 277, 607, 351, 429, 0, 0, 1106, 481, 503, 412], "tmv": [3250, 3257, 2889, 2103, 1988, 3241, 2538, 4249, 2950, 0, 0, 0, 2913, 2024, 2876, 2739, 2336, 1790, 1886, 2554, 0], "tmd": [9, 0, 0, 5, 0, 9, 0, 0, 0, 0, 5, 14, 0, 0, 0, 0, 0, 0, 5, 5, 0], "wmn": 2934, "wmt": 20074, "wmd": 9, "wmv": 14183, "wdn": -9, "wdt": 7, "wdd": -50, "wdv": 17, "tlv": "Virginia"}