{"loc": "Richmond", "iso": "US", "l1": "United States", "l2": "Virginia", "lvl": 3, "pop": 9023, "key": 13555, "isd": true, "ppd": 35.608000000000004, "med": 38.3, "p65": 15.413, "p70": 9.732000000000001, "hos": 2.77, "exp": 78.86, "adr": 1.0, "amn": 158262.0, "amv": 1038686.0, "amd": 1662.0, "amt": 924918.0, "tmn": [-1773, -7092, -4322, 0, 110, 110, 221, -664, -332, 110, 443, 0, 0, 0, 221, 221, 332, 554, 0, 0, 332], "tmv": [0, 1326, 2107, 1883, 1818, 1779, 1363, 1036, 1655, 1721, 1666, 1928, 1520, 1539, 740, 1856, 2005, 1821, 2051, 2364, 1193], "tmd": [0, 0, -332, 0, 0, 0, 0, 0, 0, 0, 0, 0, 0, 0, 0, 0, 0, 0, 0, 0, 0], "wmn": 1663, "wmt": 7651, "wmd": 0, "wmv": 12034, "wdn": -475, "wdt": 41, "wdd": 0, "wdv": 9, "tlv": "Virginia"}