{"loc": "Richmond City", "iso": "US", "l1": "United States", "l2": "Virginia", "lvl": 3, "pop": 230436, "key": 13551, "isd": true, "ppd": 35.608000000000004, "med": 38.3, "p65": 15.413, "p70": 9.732000000000001, "hos": 2.77, "exp": 78.86, "adr": 1.0, "amn": 101798.0, "amv": 1236688.0, "amd": 1445.0, "amt": 1129838.0, "tmn": [959, 243, 325, 260, 221, 0, 0, 633, 229, 446, 273, 216, 0, 0, 0, 833, 195, 208, 121, 0, 0], "tmv": [1671, 0, 0, 2784, 2570, 2833, 3777, 2988, 2423, 2905, 2661, 3390, 3489, 0, 0, 0, 2411, 3257, 3418, 2659, 0], "tmd": [9, 9, 18, 9, 5, 0, 0, 0, 14, 18, 9, 0, 0, 0, 0, 31, 9, 5, 5, 0, 0], "wmn": 1359, "wmt": 17613, "wmd": 48, "wmv": 11747, "wdn": -25, "wdt": -12, "wdd": 22, "wdv": -34, "tlv": "Virginia"}