{"loc": "Ripley", "iso": "US", "l1": "United States", "l2": "Missouri", "lvl": 3, "pop": 13288, "key": 13567, "isd": true, "ppd": 35.608000000000004, "med": 38.3, "p65": 15.413, "p70": 9.732000000000001, "hos": 2.77, "exp": 78.86, "adr": 1.0, "amn": 145921.0, "amv": 1263117.0, "amd": 1806.0, "amt": 1209088.0, "tmn": [150, 301, 150, 150, 0, 677, 526, 1204, 75, 225, 225, 376, 376, 0, 75, 75, 301, 0, 225, 752, 376], "tmv": [3390, 3489, 0, 0, 0, 2411, 3257, 3418, 2659, 2485, 1614, 1945, 2278, 2491, 2890, 2710, 2395, 1993, 2154, 3467, 0], "tmd": [76, 0, 0, 0, 0, 0, 76, 0, 0, 0, 0, 0, 0, 0, 0, 0, 0, 0, 0, 0, 0], "wmn": 1807, "wmt": 14690, "wmd": 0, "wmv": 15613, "wdn": -27, "wdt": 0, "wdd": 0, "wdv": -8, "tlv": "Missouri"}