{"loc": "Ritchie", "iso": "US", "l1": "United States", "l2": "West Virginia", "lvl": 3, "pop": 9554, "key": 13569, "isd": true, "ppd": 35.608000000000004, "med": 38.3, "p65": 15.413, "p70": 9.732000000000001, "hos": 2.77, "exp": 78.86, "adr": 2.0, "amn": 75884.0, "amv": 854702.0, "amd": 1151.0, "amt": 1616547.0, "tmn": [418, 837, 209, 0, 209, 314, 209, 0, 209, 104, 0, 418, 104, 0, 314, 209, 209, 0, 314, 314, 418], "tmv": [10027, 6458, 3608, 3001, 5456, 7305, 8515, 7794, 7192, 5713, 4653, 4699, 5814, 5591, 7265, 6352, 4511, 3409, 5326, 6395, 6671], "tmd": [0, 0, 0, 0, 0, 0, 0, 0, 0, 0, 0, 0, 0, 0, 0, 0, 0, 0, 0, 0, 0], "wmn": 1780, "wmt": 25575, "wmd": 0, "wmv": 39934, "wdn": 112, "wdt": -11, "wdd": 0, "wdv": -4, "tlv": "West Virginia"}