{"loc": "Rio Blanco", "iso": "US", "l1": "United States", "l2": "Colorado", "lvl": 3, "pop": 6324, "key": 13560, "isd": true, "ppd": 35.608000000000004, "med": 38.3, "p65": 15.413, "p70": 9.732000000000001, "hos": 2.77, "exp": 78.86, "adr": 1.0, "amn": 77641.0, "amv": 290534.0, "amd": 474.0, "amt": 1122809.0, "tmn": [0, 474, 0, 0, 790, 0, 316, 948, 0, 474, 316, 316, 790, 316, 0, 474, 0, 316, 632, 0, 0], "tmv": [5606, 5173, 5466, 3298, 2593, 4349, 5491, 6616, 7139, 7375, 5050, 5255, 5793, 6168, 7391, 8814, 7404, 5275, 4864, 6157, 0], "tmd": [0, 0, 0, 0, 0, 0, 0, 0, 0, 0, 0, 0, 0, 0, 0, 0, 0, 0, 0, 0, 0], "wmn": 1424, "wmt": 27043, "wmd": 0, "wmv": 39909, "wdn": -55, "wdt": -18, "wdd": 0, "wdv": -8, "tlv": "Colorado"}