{"loc": "Ripley", "iso": "US", "l1": "United States", "l2": "Indiana", "lvl": 3, "pop": 28324, "key": 13566, "isd": true, "ppd": 35.608000000000004, "med": 38.3, "p65": 15.413, "p70": 9.732000000000001, "hos": 2.77, "exp": 78.86, "adr": 2.0, "amn": 177200.0, "amv": 1255502.0, "amd": 3072.0, "amt": 2118898.0, "tmn": [458, 317, 529, 1447, 0, 0, 1376, 388, 600, 388, 282, 0, 0, 1129, 423, 635, 423, 247, 0, 0, 494], "tmv": [2423, 2905, 2661, 3390, 3489, 0, 0, 0, 2411, 3257, 3418, 2659, 2485, 1614, 1945, 2278, 2491, 2890, 2710, 2395, 0], "tmd": [0, 0, 71, 0, 0, 0, 0, 71, 0, 0, 36, 0, 0, 0, 36, 0, 0, 0, 0, 0, 36], "wmn": 2225, "wmt": 31356, "wmd": 71, "wmv": 14714, "wdn": -20, "wdt": -3, "wdd": -33, "wdv": -7, "tlv": "Indiana"}