{"loc": "Rio Grande", "iso": "US", "l1": "United States", "l2": "Colorado", "lvl": 3, "pop": 11267, "key": 13563, "isd": true, "ppd": 35.608000000000004, "med": 38.3, "p65": 15.413, "p70": 9.732000000000001, "hos": 2.77, "exp": 78.86, "adr": 2.0, "amn": 99405.0, "amv": 1165506.0, "amd": 1775.0, "amt": 1856639.0, "tmn": [0, 0, 355, 355, 798, 266, 355, 0, 0, 887, 177, 0, 621, 443, 0, 0, 1331, 976, 266, 798, 443], "tmv": [3257, 2889, 2103, 1988, 3241, 2538, 4249, 2950, 0, 0, 0, 2913, 2024, 2876, 2739, 2336, 1790, 1886, 2554, 2257, 2903], "tmd": [0, 0, 0, 0, 0, 0, 0, 0, 0, 0, 0, 0, 0, 0, 0, 0, 0, 0, 0, 0, 0], "wmn": 3817, "wmt": 41816, "wmd": 0, "wmv": 16467, "wdn": 79, "wdt": 16, "wdd": 0, "wdv": 53, "tlv": "Colorado"}