{"loc": "Ripley", "iso": "US", "l1": "United States", "l2": "Indiana", "lvl": 3, "pop": 28324, "key": 13566, "isd": true, "ppd": 35.608000000000004, "med": 38.3, "p65": 15.413, "p70": 9.732000000000001, "hos": 2.77, "exp": 78.86, "adr": 2.0, "amn": 161594.0, "amv": 1179384.0, "amd": 2719.0, "amt": 1976858.0, "tmn": [0, 0, 0, 2753, 847, 1412, 1271, 0, 0, 2859, 953, 988, 600, 1200, 0, 0, 2471, 282, 812, 635, 600], "tmv": [2950, 0, 0, 0, 2913, 2024, 2876, 2739, 2336, 1790, 1886, 2554, 2257, 2903, 2781, 2047, 1978, 1647, 2163, 995, 2262], "tmd": [0, 0, 0, 36, 0, 71, 0, 0, 0, 0, 0, 0, 36, 0, 0, 0, 0, 0, 71, 0, 0], "wmn": 4802, "wmt": 43920, "wmd": 71, "wmv": 13878, "wdn": -27, "wdt": -10, "wdd": 100, "wdv": -16, "tlv": "Indiana"}