{"loc": "Roanoke City", "iso": "US", "l1": "United States", "l2": "Virginia", "lvl": 3, "pop": 99143, "key": 13574, "isd": true, "ppd": 35.608000000000004, "med": 38.3, "p65": 15.413, "p70": 9.732000000000001, "hos": 2.77, "exp": 78.86, "adr": 2.0, "amn": 76516.0, "amv": 244457.0, "amd": 1584.0, "amt": 699696.0, "tmn": [635, -191, 171, 141, 201, 1492, -272, -2027, 221, 242, 141, 342, 252, 292, 110, 181, 201, 191, 10, 161, 171], "tmv": [6132, 6772, 6806, 0, 0, 3221, 4419, 5606, 5173, 5466, 3298, 2593, 4349, 5491, 6616, 7139, 7375, 5050, 5255, 5793, 0], "tmd": [11, -10, 0, 0, 0, 51, -20, -60, 11, 21, 11, 21, 11, 51, 11, 21, 51, 31, 21, 31, 0], "wmn": 1029, "wmt": 16614, "wmd": 162, "wmv": 37231, "wdn": -292, "wdt": -6, "wdd": 167, "wdv": 16, "tlv": "Virginia"}