{"loc": "Roanoke", "iso": "US", "l1": "United States", "l2": "Virginia", "lvl": 3, "pop": 94186, "key": 13575, "isd": true, "ppd": 35.608000000000004, "med": 38.3, "p65": 15.413, "p70": 9.732000000000001, "hos": 2.77, "exp": 78.86, "adr": 1.0, "amn": 77687.0, "amv": 228357.0, "amd": 1125.0, "amt": 691548.0, "tmn": [63, -233, 382, 541, -138, 753, 201, 159, 222, -881, 477, 2261, -212, 244, 116, 159, 138, 573, 254, 212, 148], "tmv": [3662, 2393, 4746, 4917, 6132, 6772, 6806, 0, 0, 3221, 4419, 5606, 5173, 5466, 3298, 2593, 4349, 5491, 6616, 7139, 7375], "tmd": [0, -10, 22, 22, 0, 11, 0, 0, 0, -31, 22, 54, 0, 0, 22, 11, 11, 22, 11, 32, 22], "wmn": 1604, "wmt": 17924, "wmd": 128, "wmv": 36864, "wdn": -29, "wdt": 8, "wdd": 200, "wdv": 54, "tlv": "Virginia"}