{"loc": "Riverside", "iso": "US", "l1": "United States", "l2": "California", "lvl": 3, "pop": 2470546, "key": 13570, "isd": true, "ppd": 35.608000000000004, "med": 38.3, "p65": 15.413, "p70": 9.732000000000001, "hos": 2.77, "exp": 78.86, "adr": 2.0, "amn": 120727.0, "amv": 705407.0, "amd": 1847.0, "amt": 1505461.0, "tmn": [51, 78, 0, 0, 220, 67, 43, 68, 55, 0, 0, 42, 121, 4, 56, 44, 0, 0, 48, 104, 1], "tmv": [10329, 12013, 14052, 10864, 8027, 7863, 7615, 10699, 12037, 10893, 10729, 6600, 5484, 7781, 9092, 10242, 10071, 9169, 6395, 4975, 0], "tmd": [5, 11, 0, 0, 5, 5, 5, 3, 3, 0, 0, 2, 8, 0, 4, 2, 0, 0, 0, 2, 1], "wmn": 256, "wmt": 35640, "wmd": 7, "wmv": 49947, "wdn": -13, "wdt": 4, "wdd": -48, "wdv": -22, "tlv": "California"}