{"loc": "Roanoke", "iso": "US", "l1": "United States", "l2": "Virginia", "lvl": 3, "pop": 94186, "key": 13575, "isd": true, "ppd": 35.608000000000004, "med": 38.3, "p65": 15.413, "p70": 9.732000000000001, "hos": 2.77, "exp": 78.86, "adr": 2.0, "amn": 78228.0, "amv": 238664.0, "amd": 1263.0, "amt": 696732.0, "tmn": [541, -138, 753, 201, 159, 222, -881, 477, 2261, -212, 244, 116, 159, 138, 573, 254, 212, 148, 127, 180, 233], "tmv": [4917, 6132, 6772, 6806, 0, 0, 3221, 4419, 5606, 5173, 5466, 3298, 2593, 4349, 5491, 6616, 7139, 7375, 5050, 5255, 0], "tmd": [22, 0, 11, 0, 0, 0, -31, 22, 54, 0, 0, 22, 11, 11, 22, 11, 32, 22, 32, 43, 64], "wmn": 1731, "wmt": 17243, "wmd": 223, "wmv": 36929, "wdn": -46, "wdt": 0, "wdd": 91, "wdv": 19, "tlv": "Virginia"}