{"loc": "Roane", "iso": "US", "l1": "United States", "l2": "Tennessee", "lvl": 3, "pop": 53382, "key": 13572, "isd": true, "ppd": 35.608000000000004, "med": 38.3, "p65": 15.413, "p70": 9.732000000000001, "hos": 2.77, "exp": 78.86, "adr": 2.0, "amn": 180960.0, "amv": 1216117.0, "amd": 2754.0, "amt": 1470797.0, "tmn": [0, 2210, 0, 1273, 711, 1086, 0, 0, 1236, 561, 468, 1049, 543, 0, 0, 1367, 299, 430, 280, 730, 0], "tmv": [2047, 1978, 1647, 2163, 995, 2262, 2445, 2251, 1671, 0, 0, 2784, 2570, 2833, 3777, 2988, 2423, 2905, 2661, 3390, 0], "tmd": [0, 38, 0, 19, 0, 57, 0, 0, 57, 0, 0, 38, 0, 0, 0, 38, 0, 0, 0, 38, 0], "wmn": 3110, "wmt": 17964, "wmd": 75, "wmv": 18148, "wdn": -19, "wdt": -7, "wdd": -20, "wdv": 50, "tlv": "Tennessee"}