{"loc": "Roanoke City", "iso": "US", "l1": "United States", "l2": "Virginia", "lvl": 3, "pop": 99143, "key": 13574, "isd": true, "ppd": 35.608000000000004, "med": 38.3, "p65": 15.413, "p70": 9.732000000000001, "hos": 2.77, "exp": 78.86, "adr": 2.0, "amn": 87742.0, "amv": 1023593.0, "amd": 2007.0, "amt": 917268.0, "tmn": [20, 10, 40, 50, 30, 20, 110, 40, 60, 40, 10, 70, 40, 70, 40, 80, 10, 70, 100, 80, 0], "tmv": [3655, 3299, 2241, 4154, 4949, 1994, 3524, 1923, 0, 0, 1326, 2107, 1883, 1818, 1779, 1363, 1036, 1655, 1721, 1666, 1928], "tmd": [0, 0, 11, 0, 11, 0, 0, 0, 0, 0, 0, 0, 0, 0, 0, 0, 0, 0, 0, 0, 0], "wmn": 384, "wmt": 7309, "wmd": 0, "wmv": 11152, "wdn": 15, "wdt": 18, "wdd": 0, "wdv": 23, "tlv": "Virginia"}