{"loc": "Robeson", "iso": "US", "l1": "United States", "l2": "North Carolina", "lvl": 3, "pop": 130625, "key": 13581, "isd": true, "ppd": 35.608000000000004, "med": 38.3, "p65": 15.413, "p70": 9.732000000000001, "hos": 2.77, "exp": 78.86, "adr": 1.0, "amn": 116111.0, "amv": 220982.0, "amd": 1577.0, "amt": 984262.0, "tmn": [214, 91, 222, 444, 413, 474, 574, 298, 160, 214, 229, 183, 237, 4417, 681, 68, 7, 658, 313, 528, 329], "tmv": [6595, 3662, 2393, 4746, 4917, 6132, 6772, 6806, 0, 0, 3221, 4419, 5606, 5173, 5466, 3298, 2593, 4349, 5491, 6616, 7139], "tmd": [8, 0, 8, 0, 0, 0, 0, 0, 0, 0, 0, 62, 23, 16, 0, 0, 0, 0, 23, 16, 16], "wmn": 2588, "wmt": 32203, "wmd": 54, "wmv": 34956, "wdn": -55, "wdt": 8, "wdd": -46, "wdv": 39, "tlv": "North Carolina"}