{"loc": "Rockingham", "iso": "US", "l1": "United States", "l2": "New Hampshire", "lvl": 3, "pop": 309769, "key": 13589, "isd": true, "ppd": 35.608000000000004, "med": 38.3, "p65": 15.413, "p70": 9.732000000000001, "hos": 2.77, "exp": 78.86, "adr": 1.0, "amn": 68438.0, "amv": 490759.0, "amd": 739.0, "amt": 1226873.0, "tmn": [190, 200, 332, 296, 280, 329, 245, 219, 154, 361, 393, 419, 355, 313, 277, 209, 313, 435, 316, 277, 416], "tmv": [4118, 6135, 5026, 6980, 8171, 7842, 9493, 9226, 6156, 5181, 6849, 8594, 10257, 10611, 9961, 7133, 5431, 8106, 10192, 12065, 12389], "tmd": [0, 0, 0, 0, 7, 10, 4, 0, 0, 0, 7, 0, 0, 4, 4, 0, 0, 4, 4, 0, 4], "wmn": 2247, "wmt": 40398, "wmd": 13, "wmv": 65281, "wdn": 1, "wdt": 42, "wdd": 33, "wdv": 15, "tlv": "New Hampshire"}