{"loc": "Rockdale", "iso": "US", "l1": "United States", "l2": "Georgia", "lvl": 3, "pop": 90896, "key": 13588, "isd": true, "ppd": 35.608000000000004, "med": 38.3, "p65": 15.413, "p70": 9.732000000000001, "hos": 2.77, "exp": 78.86, "adr": 2.0, "amn": 72313.0, "amv": 228357.0, "amd": 1551.0, "amt": 678317.0, "tmn": [275, 440, 253, 220, 462, 220, 308, 319, 209, 330, 286, 363, 286, 187, 143, 231, 253, 275, 462, 594, 396], "tmv": [3662, 2393, 4746, 4917, 6132, 6772, 6806, 0, 0, 3221, 4419, 5606, 5173, 5466, 3298, 2593, 4349, 5491, 6616, 7139, 7375], "tmd": [0, 0, 45, 12, 12, 23, 12, 23, 34, 45, 23, 23, 0, 0, 0, 0, 0, 12, 12, 0, 0], "wmn": 2355, "wmt": 15046, "wmd": 23, "wmv": 36864, "wdn": 19, "wdt": -16, "wdd": -85, "wdv": 54, "tlv": "Georgia"}