{"loc": "Robeson", "iso": "US", "l1": "United States", "l2": "North Carolina", "lvl": 3, "pop": 130625, "key": 13581, "isd": true, "ppd": 35.608000000000004, "med": 38.3, "p65": 15.413, "p70": 9.732000000000001, "hos": 2.77, "exp": 78.86, "adr": 1.0, "amn": 173856.0, "amv": 1146163.0, "amd": 2542.0, "amt": 1390755.0, "tmn": [0, 0, 3154, 635, 1201, 1546, 1094, 0, 0, 3299, 727, 1347, 1010, 926, 0, 0, 0, 3452, 482, 765, 796], "tmv": [3187, 2953, 1851, 1966, 2813, 2807, 3250, 3257, 2889, 2103, 1988, 3241, 2538, 4249, 2950, 0, 0, 0, 2913, 2024, 0], "tmd": [0, 0, 39, 0, 0, 8, 8, 0, 0, 39, -7, 16, 100, 8, 0, 0, 0, 8, 0, 0, 0], "wmn": 5497, "wmt": 33242, "wmd": 8, "wmv": 7888, "wdn": -25, "wdt": 5, "wdd": -95, "wdv": -61, "tlv": "North Carolina"}