{"loc": "Rockcastle", "iso": "US", "l1": "United States", "l2": "Kentucky", "lvl": 3, "pop": 16695, "key": 13587, "isd": true, "ppd": 35.608000000000004, "med": 38.3, "p65": 15.413, "p70": 9.732000000000001, "hos": 2.77, "exp": 78.86, "adr": 1.0, "amn": 80443.0, "amv": 220982.0, "amd": 839.0, "amt": 873960.0, "tmn": [239, 119, 359, 359, 299, 179, 179, 479, 0, 179, 179, 239, 239, 179, 359, 239, 598, 59, 359, 239, 179], "tmv": [6595, 3662, 2393, 4746, 4917, 6132, 6772, 6806, 0, 0, 3221, 4419, 5606, 5173, 5466, 3298, 2593, 4349, 5491, 6616, 7139], "tmd": [0, 0, 0, 0, 0, 0, 0, 0, 0, 0, 0, 0, 0, 0, 0, 0, 0, 0, 0, 60, 0], "wmn": 2037, "wmt": 21714, "wmd": 60, "wmv": 34956, "wdn": 36, "wdt": 97, "wdd": 0, "wdv": 39, "tlv": "Kentucky"}