{"loc": "Rockcastle", "iso": "US", "l1": "United States", "l2": "Kentucky", "lvl": 3, "pop": 16695, "key": 13587, "isd": true, "ppd": 35.608000000000004, "med": 38.3, "p65": 15.413, "p70": 9.732000000000001, "hos": 2.77, "exp": 78.86, "adr": 1.0, "amn": 98113.0, "amv": 949764.0, "amd": 1438.0, "amt": 1213002.0, "tmn": [59, 119, 0, 0, 59, 299, 179, 239, 119, 0, 0, 419, 59, 59, 59, 0, 179, 0, 0, 119, 0], "tmv": [4173, 4872, 3714, 0, 0, 1543, 2452, 4248, 3485, 4157, 3682, 3252, 2518, 2835, 2495, 4865, 3672, 4016, 3766, 3121, 0], "tmd": [0, 0, 0, 0, 0, 0, 0, 0, 0, 0, 0, 0, 0, 0, 0, 0, 0, 60, 0, 0, 0], "wmn": 360, "wmt": 7525, "wmd": 60, "wmv": 21938, "wdn": -60, "wdt": -15, "wdd": 0, "wdv": -9, "tlv": "Kentucky"}