{"loc": "Robeson", "iso": "US", "l1": "United States", "l2": "North Carolina", "lvl": 3, "pop": 130625, "key": 13581, "isd": true, "ppd": 35.608000000000004, "med": 38.3, "p65": 15.413, "p70": 9.732000000000001, "hos": 2.77, "exp": 78.86, "adr": 1.0, "amn": 122503.0, "amv": 647679.0, "amd": 1738.0, "amt": 1053087.0, "tmn": [107, 122, 0, 0, 0, 382, 0, 30, 206, 199, 0, 0, 306, 76, 222, 160, 107, 0, 0, 390, 114], "tmv": [8106, 10192, 12065, 12389, 10214, 6477, 4262, 8755, 10329, 12013, 14052, 10864, 8027, 7863, 7615, 10699, 12037, 10893, 10729, 6600, 5484], "tmd": [0, 16, 0, 0, 0, 0, 0, 0, 0, 0, 0, 0, 8, 0, 0, 0, 0, 0, 0, 0, 0], "wmn": 996, "wmt": 18925, "wmd": 0, "wmv": 64060, "wdn": 21, "wdt": 5, "wdd": -100, "wdv": -11, "tlv": "North Carolina"}