{"loc": "Rockingham", "iso": "US", "l1": "United States", "l2": "North Carolina", "lvl": 3, "pop": 91010, "key": 13590, "isd": true, "ppd": 35.608000000000004, "med": 38.3, "p65": 15.413, "p70": 9.732000000000001, "hos": 2.77, "exp": 78.86, "adr": 1.0, "amn": 72179.0, "amv": 153709.0, "amd": 604.0, "amt": 922121.0, "tmn": [593, 340, 175, 307, 439, 428, 0, 791, 505, 109, 274, 395, 406, 307, 318, 120, 340, 164, 296, 252, 208], "tmv": [3978, 2687, 2448, 3374, 4677, 5132, 5139, 4690, 3336, 1695, 3330, 4023, 4903, 6734, 6595, 3662, 2393, 4746, 4917, 6132, 6772], "tmd": [11, 0, 0, 33, 11, 0, 0, 33, 0, 0, 0, 33, 22, 0, 11, 11, 11, 33, 0, 0, 11], "wmn": 1704, "wmt": 35707, "wmd": 77, "wmv": 35221, "wdn": -39, "wdt": -10, "wdd": -12, "wdv": 23, "tlv": "North Carolina"}