{"loc": "Rolette", "iso": "US", "l1": "United States", "l2": "North Dakota", "lvl": 3, "pop": 14176, "key": 13598, "isd": true, "ppd": 35.608000000000004, "med": 38.3, "p65": 15.413, "p70": 9.732000000000001, "hos": 2.77, "exp": 78.86, "adr": 1.0, "amn": 164503.0, "amv": 1154115.0, "amd": 1975.0, "amt": 2238264.0, "tmn": [634, 282, 211, 211, 423, 0, 70, 70, 634, 705, 211, 493, 0, 70, 0, 352, 1340, 211, 1340, 282, 141], "tmv": [1966, 2813, 2807, 3250, 3257, 2889, 2103, 1988, 3241, 2538, 4249, 2950, 0, 0, 0, 2913, 2024, 2876, 2739, 2336, 0], "tmd": [0, 0, 0, 0, 0, 0, 0, 0, 0, 0, 0, 0, 0, 0, 0, 0, 0, 0, 0, 0, 0], "wmn": 3669, "wmt": 29519, "wmd": 0, "wmv": 12890, "wdn": 68, "wdt": 1, "wdd": 0, "wdv": -14, "tlv": "North Dakota"}