{"loc": "Rogers", "iso": "US", "l1": "United States", "l2": "Oklahoma", "lvl": 3, "pop": 92459, "key": 13595, "isd": true, "ppd": 35.608000000000004, "med": 38.3, "p65": 15.413, "p70": 9.732000000000001, "hos": 2.77, "exp": 78.86, "adr": 1.0, "amn": 108870.0, "amv": 324951.0, "amd": 1341.0, "amt": 909408.0, "tmn": [86, 108, -32, 140, 151, 64, 194, 108, 10, 140, 292, 151, 162, 75, 64, 64, 108, 173, 183, 237, 162], "tmv": [3298, 2593, 4349, 5491, 6616, 7139, 7375, 5050, 5255, 5793, 6168, 7391, 8814, 7404, 5275, 4864, 6157, 7535, 8875, 13887, 4118], "tmd": [11, 11, 0, 0, 0, 22, 22, 11, 0, 0, 0, 0, 0, 0, 0, 55, 0, 0, 0, 0, 0], "wmn": 996, "wmt": 5865, "wmd": 55, "wmv": 50714, "wdn": 6, "wdt": -65, "wdd": 400, "wdv": 11, "tlv": "Oklahoma"}