{"loc": "Rockwall", "iso": "US", "l1": "United States", "l2": "Texas", "lvl": 3, "pop": 104915, "key": 13593, "isd": true, "ppd": 35.608000000000004, "med": 38.3, "p65": 15.413, "p70": 9.732000000000001, "hos": 2.77, "exp": 78.86, "adr": 1.0, "amn": 123100.0, "amv": 1059187.0, "amd": 1516.0, "amt": 942147.0, "tmn": [95, 419, 0, 0, 200, 219, 419, 276, 333, 0, 0, 886, 152, 638, 343, 610, 0, 0, 1668, 505, 1296], "tmv": [1666, 1928, 1520, 1539, 740, 1856, 2005, 1821, 2051, 2364, 1193, 1200, 2288, 2155, 2600, 2160, 2477, 1419, 1374, 2201, 2622], "tmd": [10, 0, 0, 0, 0, 0, 0, 0, 0, 0, 0, 0, 0, 0, 0, 0, 0, 0, 0, 0, 0], "wmn": 4423, "wmt": 18960, "wmd": 0, "wmv": 14857, "wdn": 93, "wdt": 22, "wdd": 0, "wdv": 14, "tlv": "Texas"}