{"loc": "Rockwall", "iso": "US", "l1": "United States", "l2": "Texas", "lvl": 3, "pop": 104915, "key": 13593, "isd": true, "ppd": 35.608000000000004, "med": 38.3, "p65": 15.413, "p70": 9.732000000000001, "hos": 2.77, "exp": 78.86, "adr": 1.0, "amn": 108059.0, "amv": 664553.0, "amd": 1449.0, "amt": 777281.0, "tmn": [76, 0, 0, 238, 114, 76, 95, 104, 0, 0, 305, 76, 57, 104, 66, 0, 0, 305, 171, 76, 38], "tmv": [12389, 10214, 6477, 4262, 8755, 10329, 12013, 14052, 10864, 8027, 7863, 7615, 10699, 12037, 10893, 10729, 6600, 5484, 7781, 9092, 0], "tmd": [0, 0, 0, 0, 0, 20, 0, 0, 0, 0, 10, 0, 0, 0, 0, 0, 0, 0, 0, 0, 0], "wmn": 658, "wmt": 13749, "wmd": 0, "wmv": 50581, "wdn": 1, "wdt": 33, "wdd": -100, "wdv": -29, "tlv": "Texas"}