{"loc": "Roger Mills", "iso": "US", "l1": "United States", "l2": "Oklahoma", "lvl": 3, "pop": 3583, "key": 13594, "isd": true, "ppd": 35.608000000000004, "med": 38.3, "p65": 15.413, "p70": 9.732000000000001, "hos": 2.77, "exp": 78.86, "adr": 2.0, "amn": 106615.0, "amv": 220982.0, "amd": 1954.0, "amt": 886696.0, "tmn": [279, 0, 0, 0, 0, 0, -279, 0, 0, 279, 0, 0, 0, 279, 0, 0, 0, 0, 279, 0, 0], "tmv": [6595, 3662, 2393, 4746, 4917, 6132, 6772, 6806, 0, 0, 3221, 4419, 5606, 5173, 5466, 3298, 2593, 4349, 5491, 6616, 7139], "tmd": [0, 0, 0, 0, 280, 0, 0, 0, 0, 0, 0, 0, 0, 0, 0, 0, 0, 0, 0, 0, 0], "wmn": 280, "wmt": 23786, "wmd": 0, "wmv": 34956, "wdn": -50, "wdt": 111, "wdd": 0, "wdv": 39, "tlv": "Oklahoma"}