{"loc": "Rogers", "iso": "US", "l1": "United States", "l2": "Oklahoma", "lvl": 3, "pop": 92459, "key": 13595, "isd": true, "ppd": 35.608000000000004, "med": 38.3, "p65": 15.413, "p70": 9.732000000000001, "hos": 2.77, "exp": 78.86, "adr": 1.0, "amn": 107193.0, "amv": 238664.0, "amd": 1287.0, "amt": 895142.0, "tmn": [227, 346, 421, 259, 237, 97, 162, 173, 227, -10, 140, 86, 108, -32, 140, 151, 64, 194, 108, 10, 140], "tmv": [4917, 6132, 6772, 6806, 0, 0, 3221, 4419, 5606, 5173, 5466, 3298, 2593, 4349, 5491, 6616, 7139, 7375, 5050, 5255, 0], "tmd": [0, 0, 0, 0, 0, 0, 11, 22, 11, 0, 0, 11, 11, 0, 0, 0, 22, 22, 11, 0, 0], "wmn": 812, "wmt": 24415, "wmd": 55, "wmv": 36929, "wdn": 17, "wdt": 115, "wdd": 0, "wdv": 19, "tlv": "Oklahoma"}