{"loc": "Rostov Oblast", "iso": "RU", "l1": "Russia", "l2": "Rostov Oblast", "lvl": 2, "pop": 4220452, "key": 13609, "isd": true, "ppd": 8.823, "med": 39.6, "p65": 14.177999999999999, "p70": 9.392999999999999, "hos": 8.05, "exp": 72.58, "adr": 5.0, "amn": 24341.0, "amv": 325984.0, "amd": 1146.0, "amt": 1056604.0, "tmn": [41, 41, 42, 45, 47, 49, 50, 52, 53, 54, 58, 62, 63, 66, 67, 68, 70, 72, 75, 74, 75], "tmv": [5107, 417, 6346, 4336, 3392, 2343, 2283, 3803, 4793, 5806, 6485, 4305, 2607, 1389, 8802, 5092, 3493, 7231, 4856, 1625, 0], "tmd": [2, 2, 3, 2, 3, 1, 0, 1, 4, 1, 3, 4, 1, 1, 4, 5, 5, 5, 5, 5, 5], "wmn": 505, "wmt": 9887, "wmd": 32, "wmv": 31103, "wdn": 23, "wdt": -59, "wdd": 191, "wdv": 7, "tlv": "Russia"}