{"loc": "Roosevelt", "iso": "US", "l1": "United States", "l2": "Montana", "lvl": 3, "pop": 11004, "key": 13602, "isd": true, "ppd": 35.608000000000004, "med": 38.3, "p65": 15.413, "p70": 9.732000000000001, "hos": 2.77, "exp": 78.86, "adr": 3.0, "amn": 142039.0, "amv": 201735.0, "amd": 4726.0, "amt": 998812.0, "tmn": [636, 90, -90, 181, 181, 90, 454, 545, 272, 90, 90, 90, 181, 545, 363, 636, 181, 0, 181, 272, 272], "tmv": [4903, 6734, 6595, 3662, 2393, 4746, 4917, 6132, 6772, 6806, 0, 0, 3221, 4419, 5606, 5173, 5466, 3298, 2593, 4349, 0], "tmd": [-90, 0, 0, 0, 0, 0, 0, 0, 0, 0, 0, 0, 0, 0, 0, 0, 0, 0, 0, 0, 0], "wmn": 1909, "wmt": 27162, "wmd": 0, "wmv": 26489, "wdn": 5, "wdt": 3, "wdd": 0, "wdv": -3, "tlv": "Montana"}