{"loc": "Roosevelt", "iso": "US", "l1": "United States", "l2": "Montana", "lvl": 3, "pop": 11004, "key": 13602, "isd": true, "ppd": 35.608000000000004, "med": 38.3, "p65": 15.413, "p70": 9.732000000000001, "hos": 2.77, "exp": 78.86, "adr": 3.0, "amn": 200927.0, "amv": 1341580.0, "amd": 5453.0, "amt": 1982878.0, "tmn": [1908, 727, 2453, 636, 0, 0, 1272, 1454, 2362, 908, 1726, 0, 0, 2817, 1908, 545, 0, 3271, 0, 0, 3271], "tmv": [4456, 4611, 4549, 5061, 2356, 1255, 4023, 4168, 4272, 4405, 5092, 2672, 1421, 3738, 4100, 4188, 3596, 4102, 1618, 109, 0], "tmd": [0, 0, 91, 0, 0, 0, 0, 0, 0, 0, 0, 0, 0, 0, 0, 91, 0, 0, 0, 0, 0], "wmn": 8997, "wmt": 31511, "wmd": 91, "wmv": 17716, "wdn": -3, "wdt": -21, "wdd": 0, "wdv": -31, "tlv": "Montana"}