{"loc": "Roscommon", "iso": "US", "l1": "United States", "l2": "Michigan", "lvl": 3, "pop": 24019, "key": 13605, "isd": true, "ppd": 35.608000000000004, "med": 38.3, "p65": 15.413, "p70": 9.732000000000001, "hos": 2.77, "exp": 78.86, "adr": 3.0, "amn": 83767.0, "amv": 1136653.0, "amd": 2373.0, "amt": 1538434.0, "tmn": [166, 0, 291, 0, 0, 249, 0, 374, 0, 249, 0, 0, 541, 0, 249, 0, 416, 0, 0, 0, 832], "tmv": [2139, 3106, 3068, 3187, 2953, 1851, 1966, 2813, 2807, 3250, 3257, 2889, 2103, 1988, 3241, 2538, 4249, 2950, 0, 0, 0], "tmd": [0, 0, 0, 0, 0, 0, 0, 0, 0, 0, 0, 0, 0, 0, 0, 0, 0, 0, 0, 0, 84], "wmn": 1499, "wmt": 11697, "wmd": 84, "wmv": 12982, "wdn": 29, "wdt": -32, "wdd": 0, "wdv": -32, "tlv": "Michigan"}