{"loc": "Roosevelt", "iso": "US", "l1": "United States", "l2": "New Mexico", "lvl": 3, "pop": 18500, "key": 13603, "isd": true, "ppd": 35.608000000000004, "med": 38.3, "p65": 15.413, "p70": 9.732000000000001, "hos": 2.77, "exp": 78.86, "adr": 3.0, "amn": 126162.0, "amv": 1104562.0, "amd": 3297.0, "amt": 1934782.0, "tmn": [648, 378, 0, 0, 1135, 108, 648, 54, 918, 0, 0, 1243, 702, 540, 1135, 1243, 0, 0, 1621, 378, 648], "tmv": [2622, 2492, 2548, 2348, 1615, 1875, 1986, 1986, 2786, 3007, 2017, 2605, 1830, 2139, 3106, 3068, 3187, 2953, 1851, 1966, 0], "tmd": [0, 109, 0, 0, 0, 0, 0, 0, 0, 0, 0, 0, 0, 0, 0, 0, 0, 0, 0, 0, 0], "wmn": 5028, "wmt": 42694, "wmd": 0, "wmv": 16136, "wdn": 45, "wdt": 16, "wdd": 0, "wdv": -1, "tlv": "New Mexico"}