{"loc": "Routt", "iso": "US", "l1": "United States", "l2": "Colorado", "lvl": 3, "pop": 25638, "key": 13610, "isd": true, "ppd": 35.608000000000004, "med": 38.3, "p65": 15.413, "p70": 9.732000000000001, "hos": 2.77, "exp": 78.86, "adr": 1.0, "amn": 80974.0, "amv": 466304.0, "amd": 741.0, "amt": 1209570.0, "tmn": [585, 312, 117, 39, 117, 78, 39, 624, 351, 78, 156, 78, 273, 78, 312, 156, 312, 117, 78, 312, 273], "tmv": [8875, 13887, 4118, 6135, 5026, 6980, 8171, 7842, 9493, 9226, 6156, 5181, 6849, 8594, 10257, 10611, 9961, 7133, 5431, 8106, 10192], "tmd": [0, 0, 0, 0, 0, 0, 0, 0, 0, 0, 0, 0, 0, 0, 0, 0, 0, 0, 0, 0, 0], "wmn": 1561, "wmt": 30211, "wmd": 0, "wmv": 61695, "wdn": -5, "wdt": -4, "wdd": 0, "wdv": 16, "tlv": "Colorado"}