{"loc": "Routt", "iso": "US", "l1": "United States", "l2": "Colorado", "lvl": 3, "pop": 25638, "key": 13610, "isd": true, "ppd": 35.608000000000004, "med": 38.3, "p65": 15.413, "p70": 9.732000000000001, "hos": 2.77, "exp": 78.86, "adr": 1.0, "amn": 94742.0, "amv": 1051569.0, "amd": 819.0, "amt": 1643840.0, "tmn": [78, 78, 156, 78, 312, 429, 117, 39, 273, 117, 273, 39, 0, 0, 390, 156, 117, 195, 312, 0, 0], "tmv": [1363, 1036, 1655, 1721, 1666, 1928, 1520, 1539, 740, 1856, 2005, 1821, 2051, 2364, 1193, 1200, 2288, 2155, 2600, 2160, 2477], "tmd": [0, 0, 0, 0, 0, 0, 0, 0, 0, 0, 0, 0, 0, 0, 0, 0, 0, 0, 0, 0, 0], "wmn": 1171, "wmt": 19129, "wmd": 0, "wmv": 14077, "wdn": 58, "wdt": 11, "wdd": 0, "wdv": 14, "tlv": "Colorado"}