{"loc": "Routt", "iso": "US", "l1": "United States", "l2": "Colorado", "lvl": 3, "pop": 25638, "key": 13610, "isd": true, "ppd": 35.608000000000004, "med": 38.3, "p65": 15.413, "p70": 9.732000000000001, "hos": 2.77, "exp": 78.86, "adr": 1.0, "amn": 71729.0, "amv": 194792.0, "amd": 741.0, "amt": 1049463.0, "tmn": [507, 858, 702, 468, 468, 312, 117, 468, 312, 741, 273, 585, 78, 78, 273, 273, 195, 195, 273, 78, 273], "tmv": [3330, 4023, 4903, 6734, 6595, 3662, 2393, 4746, 4917, 6132, 6772, 6806, 0, 0, 3221, 4419, 5606, 5173, 5466, 3298, 0], "tmd": [0, 0, 0, 0, 0, 0, 0, 0, 0, 0, 0, 0, 0, 0, 0, 0, 0, 0, 0, 0, 0], "wmn": 1561, "wmt": 30253, "wmd": 0, "wmv": 27187, "wdn": -38, "wdt": -6, "wdd": 0, "wdv": -7, "tlv": "Colorado"}