{"loc": "Russia", "iso": "RU", "l1": "Russia", "l2": "Russia", "lvl": 1, "pop": 145934460, "key": 13624, "isd": true, "ppd": 8.823, "med": 39.6, "p65": 14.177999999999999, "p70": 9.392999999999999, "hos": 8.05, "exp": 72.58, "adr": 2.0, "amn": 39150.0, "amv": 325984.0, "amd": 964.0, "amt": 1056604.0, "tmn": [117, 112, 118, 136, 137, 146, 138, 145, 138, 141, 158, 156, 164, 169, 163, 157, 161, 166, 173, 168, 168], "tmv": [2306, 5107, 417, 6346, 4336, 3392, 2343, 2283, 3803, 4793, 5806, 6485, 4305, 2607, 1389, 8802, 5092, 3493, 7231, 4856, 1625], "tmd": [3, 4, 4, 4, 5, 5, 5, 5, 5, 5, 5, 5, 5, 5, 5, 5, 5, 5, 5, 6, 6], "wmn": 1160, "wmt": 12531, "wmd": 35, "wmv": 32492, "wdn": 8, "wdt": -46, "wdd": 9, "wdv": 8, "tlv": "Russia"}