{"loc": "Rutland", "iso": "US", "l1": "United States", "l2": "Vermont", "lvl": 3, "pop": 58191, "key": 13627, "isd": true, "ppd": 35.608000000000004, "med": 38.3, "p65": 15.413, "p70": 9.732000000000001, "hos": 2.77, "exp": 78.86, "adr": 1.0, "amn": 108333.0, "amv": 1469622.0, "amd": 636.0, "amt": 4319551.0, "tmn": [515, 738, 0, 0, 0, 0, 4399, 859, 1512, 1426, 584, 1254, 2044, 549, 1185, 1013, 1443, 1529, 635, 790, 549], "tmv": [5133, 3959, 70, 3467, 2554, 1688, 4748, 5430, 6005, 6047, 6744, 4092, 2038, 5038, 5187, 5041, 4530, 2968, 283, 0, 0], "tmd": [18, 0, 0, 0, 0, 0, 0, 0, 18, 0, 0, 0, 0, 0, 0, 35, 0, 18, 0, 35, 0], "wmn": 7149, "wmt": 104525, "wmd": 86, "wmv": 18013, "wdn": -13, "wdt": -38, "wdd": 400, "wdv": -49, "tlv": "Vermont"}