{"loc": "Rutherford", "iso": "US", "l1": "United States", "l2": "North Carolina", "lvl": 3, "pop": 67029, "key": 13625, "isd": true, "ppd": 35.608000000000004, "med": 38.3, "p65": 15.413, "p70": 9.732000000000001, "hos": 2.77, "exp": 78.86, "adr": 3.0, "amn": 105880.0, "amv": 635594.0, "amd": 3073.0, "amt": 1045410.0, "tmn": [44, 149, 104, 0, 0, 0, 492, 29, 59, 164, 164, 0, 0, 179, 119, 119, 193, 119, 0, 0, 372], "tmv": [5431, 8106, 10192, 12065, 12389, 10214, 6477, 4262, 8755, 10329, 12013, 14052, 10864, 8027, 7863, 7615, 10699, 12037, 10893, 10729, 0], "tmd": [0, 0, 0, 0, 0, 0, 0, 0, 0, 15, 0, 0, 0, 15, 0, -14, 0, 0, 0, 0, 15], "wmn": 925, "wmt": 18954, "wmd": 0, "wmv": 59839, "wdn": 55, "wdt": -9, "wdd": -100, "wdv": -12, "tlv": "North Carolina"}