{"loc": "Sabine", "iso": "US", "l1": "United States", "l2": "Louisiana", "lvl": 3, "pop": 23884, "key": 13635, "isd": true, "ppd": 35.608000000000004, "med": 38.3, "p65": 15.413, "p70": 9.732000000000001, "hos": 2.77, "exp": 78.86, "adr": 2.0, "amn": 122299.0, "amv": 664553.0, "amd": 2512.0, "amt": 1370596.0, "tmn": [0, 0, 669, 251, 0, 209, 0, 0, 0, 83, 293, -125, 293, 293, 0, 0, 125, -83, 41, 125, 376], "tmv": [12389, 10214, 6477, 4262, 8755, 10329, 12013, 14052, 10864, 8027, 7863, 7615, 10699, 12037, 10893, 10729, 6600, 5484, 7781, 9092, 0], "tmd": [0, 0, 0, 0, 0, 42, 0, 0, 0, 42, 0, 0, 0, 0, 0, 0, 0, 0, 0, 0, 0], "wmn": 587, "wmt": 24834, "wmd": 0, "wmv": 50581, "wdn": -30, "wdt": 27, "wdd": -100, "wdv": -29, "tlv": "Louisiana"}