{"loc": "Sabine", "iso": "US", "l1": "United States", "l2": "Louisiana", "lvl": 3, "pop": 23884, "key": 13635, "isd": true, "ppd": 35.608000000000004, "med": 38.3, "p65": 15.413, "p70": 9.732000000000001, "hos": 2.77, "exp": 78.86, "adr": 2.0, "amn": 125188.0, "amv": 966947.0, "amd": 2680.0, "amt": 1516585.0, "tmn": [-167, 586, 0, 0, 0, 83, -167, 125, 41, 0, 0, 0, 0, 0, -41, 83, 0, 0, 0, 41, 41], "tmv": [1543, 2452, 4248, 3485, 4157, 3682, 3252, 2518, 2835, 2495, 4865, 3672, 4016, 3766, 3121, 6234, 3276, 3244, 2575, 1851, 0], "tmd": [0, 0, 0, 0, 0, 0, 0, 0, 0, 0, 0, 0, 0, 0, 0, 84, 0, 0, 0, 0, 0], "wmn": 126, "wmt": 13776, "wmd": 84, "wmv": 20305, "wdn": -25, "wdt": -5, "wdd": 0, "wdv": -16, "tlv": "Louisiana"}