{"loc": "Sac", "iso": "US", "l1": "United States", "l2": "Iowa", "lvl": 3, "pop": 9721, "key": 13637, "isd": true, "ppd": 35.608000000000004, "med": 38.3, "p65": 15.413, "p70": 9.732000000000001, "hos": 2.77, "exp": 78.86, "adr": 1.0, "amn": 126633.0, "amv": 435440.0, "amd": 1852.0, "amt": 432892.0, "tmn": [102, 205, 102, 308, 102, 0, 411, 102, 0, 411, 308, 0, 0, 308, 411, 102, 308, 411, 0, -102, 0], "tmv": [4864, 6157, 7535, 8875, 13887, 4118, 6135, 5026, 6980, 8171, 7842, 9493, 9226, 6156, 5181, 6849, 8594, 10257, 10611, 9961, 0], "tmd": [0, 0, 0, 0, 0, 0, 0, 0, 0, 0, 0, 0, 0, 0, 0, 0, 0, 0, 0, 0, 0], "wmn": 1132, "wmt": 4378, "wmd": 0, "wmv": 51456, "wdn": 0, "wdt": 23, "wdd": 0, "wdv": -3, "tlv": "Iowa"}