{"loc": "Sabana Grande", "iso": "PR", "l1": "United States", "l2": "Puerto Rico", "lvl": 3, "pop": 21712, "key": 13633, "isd": true, "ppd": 35.608000000000004, "med": 38.3, "p65": 15.413, "p70": 9.732000000000001, "hos": 2.77, "exp": 78.86, "adr": 0.0, "amn": 27957.0, "amv": 1250395.0, "amd": 0.0, "amt": 928064.0, "tmn": [0, 46, 0, 46, 0, 46, 0, 0, 0, 0, 46, 0, 0, 0, 0, 0, 46, 0, 0, 46, 0], "tmv": [3777, 2988, 2423, 2905, 2661, 3390, 3489, 0, 0, 0, 2411, 3257, 3418, 2659, 2485, 1614, 1945, 2278, 2491, 2890, 0], "tmd": [0, 0, 0, 0, 0, 0, 0, 0, 0, 0, 0, 0, 0, 0, 0, 0, 0, 0, 0, 0, 0], "wmn": 93, "wmt": 9029, "wmd": 0, "wmv": 13708, "wdn": 100, "wdt": -2, "wdd": 0, "wdv": 17, "tlv": "Puerto Rico"}