{"loc": "Saguache", "iso": "US", "l1": "United States", "l2": "Colorado", "lvl": 3, "pop": 6824, "key": 13645, "isd": true, "ppd": 35.608000000000004, "med": 38.3, "p65": 15.413, "p70": 9.732000000000001, "hos": 2.77, "exp": 78.86, "adr": 1.0, "amn": 47333.0, "amv": 238664.0, "amd": 586.0, "amt": 1089418.0, "tmn": [293, 293, 293, 586, 146, 146, 293, 0, 146, 146, 0, 146, 732, 0, 0, 0, 146, 0, 146, 439, 0], "tmv": [4917, 6132, 6772, 6806, 0, 0, 3221, 4419, 5606, 5173, 5466, 3298, 2593, 4349, 5491, 6616, 7139, 7375, 5050, 5255, 0], "tmd": [0, 0, 0, 0, 0, 0, 0, 0, 0, 0, 0, 0, 0, 0, 0, 0, 0, 0, 0, 0, 0], "wmn": 733, "wmt": 33584, "wmd": 0, "wmv": 36929, "wdn": -38, "wdt": 5, "wdd": 0, "wdv": 19, "tlv": "Colorado"}