{"loc": "Sagadahoc", "iso": "US", "l1": "United States", "l2": "Maine", "lvl": 3, "pop": 35856, "key": 13642, "isd": true, "ppd": 35.608000000000004, "med": 38.3, "p65": 15.413, "p70": 9.732000000000001, "hos": 2.77, "exp": 78.86, "adr": 1.0, "amn": 24822.0, "amv": 238664.0, "amd": 139.0, "amt": 1237471.0, "tmn": [111, 27, 27, 27, 0, 83, 27, 139, 139, 83, 0, 55, 83, 83, 195, 83, 27, 55, 27, 0, 83], "tmv": [4917, 6132, 6772, 6806, 0, 0, 3221, 4419, 5606, 5173, 5466, 3298, 2593, 4349, 5491, 6616, 7139, 7375, 5050, 5255, 0], "tmd": [0, 0, 0, 0, 0, 0, 0, 0, 0, 0, 0, 0, 0, 56, 56, 0, 0, 0, 0, 0, 0], "wmn": 475, "wmt": 50600, "wmd": 56, "wmv": 36929, "wdn": -19, "wdt": 12, "wdd": 0, "wdv": 19, "tlv": "Maine"}