{"loc": "Sagar", "iso": "IN", "l1": "India", "l2": "Madhya Pradesh", "lvl": 3, "pop": 2378295, "key": 13643, "isd": true, "ppd": 450.41900000000004, "med": 28.2, "p65": 5.989, "p70": 3.4139999999999997, "hos": 0.53, "exp": 69.66, "adr": 2.0, "amn": 3927.0, "amv": 96199.0, "amd": 71.0, "amt": 86010.0, "tmn": [15, 18, 19, 18, 20, 20, 20, 19, 39, 69, 79, 91, 70, 116, 136, 72, 78, 75, 99, 101, 112], "tmv": [2119, 2264, 2902, 2874, 2261, 2996, 2710, 2550, 2125, 2901, 1917, 2401, 1978, 1966, 1945, 891, 2374, 0, 0, 2252, 0], "tmd": [0, 0, 1, 0, 0, 0, 1, 1, 0, 0, 0, 1, 1, 1, 1, 0, 0, 0, 1, 0, 1], "wmn": 677, "wmt": 4349, "wmd": 3, "wmv": 7464, "wdn": 39, "wdt": 22, "wdd": 0, "wdv": -53, "tlv": "Madhya Pradesh"}