{"loc": "Sacramento", "iso": "US", "l1": "United States", "l2": "California", "lvl": 3, "pop": 1552058, "key": 13640, "isd": true, "ppd": 35.608000000000004, "med": 38.3, "p65": 15.413, "p70": 9.732000000000001, "hos": 2.77, "exp": 78.86, "adr": 2.0, "amn": 58150.0, "amv": 153709.0, "amd": 884.0, "amt": 1149306.0, "tmn": [352, 452, 349, 263, 235, 173, 400, 43, 110, 190, 161, 198, 186, 185, 347, 249, 224, 71, 177, 215, 170], "tmv": [3978, 2687, 2448, 3374, 4677, 5132, 5139, 4690, 3336, 1695, 3330, 4023, 4903, 6734, 6595, 3662, 2393, 4746, 4917, 6132, 6772], "tmd": [0, 19, 6, 0, 15, 15, 0, 0, 15, 6, 7, 5, 10, 0, 0, 11, 11, 11, 6, 8, 0], "wmn": 1457, "wmt": 42835, "wmd": 46, "wmv": 35221, "wdn": 35, "wdt": -3, "wdd": 11, "wdv": 23, "tlv": "California"}