{"loc": "Saginaw", "iso": "US", "l1": "United States", "l2": "Michigan", "lvl": 3, "pop": 190539, "key": 13644, "isd": true, "ppd": 35.608000000000004, "med": 38.3, "p65": 15.413, "p70": 9.732000000000001, "hos": 2.77, "exp": 78.86, "adr": 3.0, "amn": 115388.0, "amv": 1072054.0, "amd": 3327.0, "amt": 1483388.0, "tmn": [241, 0, 0, 0, 272, 0, 0, 493, 0, 0, 0, 393, 0, 0, 440, 0, 0, 367, 0, 404, 0], "tmv": [1821, 2051, 2364, 1193, 1200, 2288, 2155, 2600, 2160, 2477, 1419, 1374, 2201, 2622, 2492, 2548, 2348, 1615, 1875, 1986, 0], "tmd": [6, 0, 0, 0, 11, 0, 0, 0, 0, 0, 0, 0, 0, 0, 0, 0, 0, 6, 0, 0, 0], "wmn": 1213, "wmt": 15488, "wmd": 6, "wmv": 12867, "wdn": 37, "wdt": 57, "wdd": 0, "wdv": -13, "tlv": "Michigan"}