{"loc": "Sahibganj", "iso": "IN", "l1": "India", "l2": "Jharkhand", "lvl": 3, "pop": 1150038, "key": 13648, "isd": true, "ppd": 450.41900000000004, "med": 28.2, "p65": 5.989, "p70": 3.4139999999999997, "hos": 0.53, "exp": 69.66, "adr": 1.0, "amn": 3853.0, "amv": 136149.0, "amd": 36.0, "amt": 207257.0, "tmn": [38, 48, 42, 21, 41, 59, 45, 49, 48, 29, 26, 29, 13, 17, 16, 20, 18, 32, 20, 16, 19], "tmv": [1179, 424, 1355, 1209, 1580, 1936, 1874, 1669, 587, 2024, 2002, 1581, 1678, 930, 1375, 511, 1134, 995, 883, 1069, 0], "tmd": [1, 0, 0, 0, 1, 0, 1, 0, 1, 3, 0, 0, 2, 1, 0, 0, 0, 0, 0, 1, 0], "wmn": 146, "wmt": 9303, "wmd": 1, "wmv": 5972, "wdn": -33, "wdt": -10, "wdd": -86, "wdv": -43, "tlv": "Jharkhand"}