{"loc": "Saharanpur", "iso": "IN", "l1": "India", "l2": "Uttar Pradesh", "lvl": 3, "pop": 3464228, "key": 13646, "isd": true, "ppd": 450.41900000000004, "med": 28.2, "p65": 5.989, "p70": 3.4139999999999997, "hos": 0.53, "exp": 69.66, "adr": 1.0, "amn": 9001.0, "amv": 138291.0, "amd": 93.0, "amt": 195135.0, "tmn": [314, 352, 149, 308, 198, 323, 428, 299, 277, 276, 96, 144, 86, 100, 126, 131, 106, 99, 60, 82, 56], "tmv": [424, 1355, 1209, 1580, 1936, 1874, 1669, 587, 2024, 2002, 1581, 1678, 930, 1375, 511, 1134, 995, 883, 1069, 0, 0], "tmd": [1, 2, 3, 2, 3, 2, 3, 3, 3, 3, 3, 2, 2, 2, 3, 4, 4, 3, 2, 4, 2], "wmn": 664, "wmt": 8373, "wmd": 18, "wmv": 4596, "wdn": -48, "wdt": 17, "wdd": 36, "wdv": -55, "tlv": "Uttar Pradesh"}