{"loc": "Sakha (Yakutiya) Republic", "iso": "RU", "l1": "Russia", "l2": "Sakha (Yakutiya) Republic", "lvl": 2, "pop": 964330, "key": 13658, "isd": true, "ppd": 8.823, "med": 39.6, "p65": 14.177999999999999, "p70": 9.392999999999999, "hos": 8.05, "exp": 72.58, "adr": 2.0, "amn": 48904.0, "amv": 507081.0, "amd": 1013.0, "amt": 1184373.0, "tmn": [130, 133, 150, 165, 160, 151, 149, 151, 153, 148, 144, 141, 144, 145, 151, 153, 148, 147, 145, 146, 148], "tmv": [5920, 6237, 6205, 2216, 985, 5047, 8020, 2304, 3290, 5434, 2462, 847, 6655, 4588, 4342, 16373, 12761, 1839, 2367, 3364, 0], "tmd": [6, 2, 8, 6, 7, 5, 4, 4, 5, 0, 4, 5, 3, 6, 7, 8, 8, 7, 7, 6, 6], "wmn": 1041, "wmt": 0, "wmd": 44, "wmv": 41050, "wdn": 1, "wdt": 0, "wdd": 100, "wdv": 60, "tlv": "Russia"}