{"loc": "Sakhalin Oblast", "iso": "RU", "l1": "Russia", "l2": "Sakhalin Oblast", "lvl": 2, "pop": 490181, "key": 13659, "isd": true, "ppd": 8.823, "med": 39.6, "p65": 14.177999999999999, "p70": 9.392999999999999, "hos": 8.05, "exp": 72.58, "adr": 0.0, "amn": 45485.0, "amv": 107588.0, "amd": 82.0, "amt": 857449.0, "tmn": [38, 18, 8, 24, 28, 38, 36, 22, 42, 14, 44, 28, 38, 42, 40, 30, 8, 20, 46, 77, 38], "tmv": [0, 0, 402, 1305, 1841, 938, 1778, 561, 647, 1778, 3925, 2101, 1880, 2388, 897, 1104, 2153, 2630, 1345, 2093, 1584], "tmd": [0, 0, 0, 0, 0, 0, 0, 0, 0, 3, 0, 0, 0, 0, 0, 0, 0, 0, 0, 0, 0], "wmn": 264, "wmt": 4940, "wmd": 0, "wmv": 11810, "wdn": 12, "wdt": -65, "wdd": -100, "wdv": -11, "tlv": "Russia"}