{"loc": "Saint Petersburg", "iso": "RU", "l1": "Russia", "l2": "Saint Petersburg", "lvl": 2, "pop": 5351935, "key": 13653, "isd": true, "ppd": 8.823, "med": 39.6, "p65": 14.177999999999999, "p70": 9.392999999999999, "hos": 8.05, "exp": 72.58, "adr": 4.0, "amn": 92646.0, "amv": 333669.0, "amd": 3328.0, "amt": 1071210.0, "tmn": [213, 223, 232, 242, 249, 256, 280, 301, 312, 323, 333, 341, 349, 356, 361, 364, 369, 375, 379, 361, 362], "tmv": [6346, 4336, 3392, 2343, 2283, 3803, 4793, 5806, 6485, 4305, 2607, 1389, 8802, 5092, 3493, 7231, 4856, 1625, 1623, 6061, 0], "tmd": [19, 19, 20, 20, 21, 23, 21, 22, 19, 21, 20, 19, 19, 20, 19, 20, 20, 20, 20, 21, 20], "wmn": 2575, "wmt": 18453, "wmd": 136, "wmv": 24893, "wdn": 11, "wdt": -23, "wdd": -1, "wdv": -28, "tlv": "Russia"}