{"loc": "Saint Petersburg", "iso": "RU", "l1": "Russia", "l2": "Saint Petersburg", "lvl": 2, "pop": 5351935, "key": 13653, "isd": true, "ppd": 8.823, "med": 39.6, "p65": 14.177999999999999, "p70": 9.392999999999999, "hos": 8.05, "exp": 72.58, "adr": 4.0, "amn": 94827.0, "amv": 375274.0, "amd": 3442.0, "amt": 1095904.0, "tmn": [280, 301, 312, 323, 333, 341, 349, 356, 361, 364, 369, 375, 379, 361, 362, 365, 363, 365, 362, 362, 361], "tmv": [4793, 5806, 6485, 4305, 2607, 1389, 8802, 5092, 3493, 7231, 4856, 1625, 1623, 6061, 7290, 4289, 13332, 973, 2135, 973, 12611], "tmd": [21, 22, 19, 21, 20, 19, 19, 20, 19, 20, 20, 20, 20, 21, 20, 21, 19, 20, 19, 20, 19], "wmn": 2544, "wmt": 16165, "wmd": 134, "wmv": 41606, "wdn": -1, "wdt": -33, "wdd": -2, "wdv": 39, "tlv": "Russia"}