{"loc": "Sakhalin Oblast", "iso": "RU", "l1": "Russia", "l2": "Sakhalin Oblast", "lvl": 2, "pop": 490181, "key": 13659, "isd": true, "ppd": 8.823, "med": 39.6, "p65": 14.177999999999999, "p70": 9.392999999999999, "hos": 8.05, "exp": 72.58, "adr": 1.0, "amn": 68432.0, "amv": 644914.0, "amd": 649.0, "amt": 1340589.0, "tmn": [155, 159, 150, 124, 142, 132, 110, 142, 144, 140, 108, 110, 122, 118, 112, 104, 116, 124, 150, 153, 116], "tmv": [0, 1123, 1630, 2941, 0, 0, 1208, 660, 2239, 526, 2130, 1937, 2525, 2390, 928, 629, 1742, 4764, 11620, 1553, 0], "tmd": [5, 5, 9, 7, 7, 5, 5, 5, 0, 7, 7, 7, 7, 7, 5, 0, 7, 7, 3, 3, 3], "wmn": 878, "wmt": 0, "wmd": 23, "wmv": 21239, "wdn": -1, "wdt": 0, "wdd": -35, "wdv": 71, "tlv": "Russia"}