{"loc": "Saint Petersburg", "iso": "RU", "l1": "Russia", "l2": "Saint Petersburg", "lvl": 2, "pop": 5351935, "key": 13653, "isd": true, "ppd": 8.823, "med": 39.6, "p65": 14.177999999999999, "p70": 9.392999999999999, "hos": 8.05, "exp": 72.58, "adr": 3.0, "amn": 79572.0, "amv": 159606.0, "amd": 2558.0, "amt": 909826.0, "tmn": [128, 130, 131, 133, 135, 133, 135, 137, 134, 131, 132, 132, 133, 134, 135, 136, 135, 133, 137, 138, 138], "tmv": [3732, 494, 1114, 1656, 3335, 3289, 2127, 685, 934, 272, 396, 3780, 3135, 815, 2057, 0, 0, 399, 5012, 1418, 3488], "tmd": [8, 6, 7, 8, 7, 6, 7, 7, 7, 7, 7, 7, 7, 6, 7, 7, 6, 7, 8, 6, 7], "wmn": 955, "wmt": 10953, "wmd": 46, "wmv": 12378, "wdn": 2, "wdt": 20, "wdd": 2, "wdv": 24, "tlv": "Russia"}