{"loc": "Sakhalin Oblast", "iso": "RU", "l1": "Russia", "l2": "Sakhalin Oblast", "lvl": 2, "pop": 490181, "key": 13659, "isd": true, "ppd": 8.823, "med": 39.6, "p65": 14.177999999999999, "p70": 9.392999999999999, "hos": 8.05, "exp": 72.58, "adr": 1.0, "amn": 71463.0, "amv": 717971.0, "amd": 739.0, "amt": 1418488.0, "tmn": [79, 118, 153, 132, 120, 106, 95, 40, 116, 148, 144, 161, 110, 114, 159, 144, 179, 181, 187, 199, 201], "tmv": [818, 2505, 1296, 3700, 0, 0, 0, 0, 0, 417, 4022, 5043, 0, 0, 0, 0, 0, 5392, 5802, 2754, 2140], "tmd": [7, 7, 7, 7, 7, 5, 0, 7, 7, 7, 5, 5, 5, 0, 7, 5, 7, 5, 5, 0, 0], "wmn": 1255, "wmt": 0, "wmd": 25, "wmv": 16091, "wdn": 50, "wdt": -100, "wdd": -20, "wdv": 70, "tlv": "Russia"}