{"loc": "Sakha (Yakutiya) Republic", "iso": "RU", "l1": "Russia", "l2": "Sakha (Yakutiya) Republic", "lvl": 2, "pop": 964330, "key": 13658, "isd": true, "ppd": 8.823, "med": 39.6, "p65": 14.177999999999999, "p70": 9.392999999999999, "hos": 8.05, "exp": 72.58, "adr": 2.0, "amn": 41717.0, "amv": 232454.0, "amd": 761.0, "amt": 989638.0, "tmn": [111, 110, 103, 105, 103, 104, 109, 106, 104, 103, 104, 103, 106, 102, 99, 96, 97, 95, 93, 94, 97], "tmv": [1728, 578, 356, 5643, 3205, 1429, 3427, 718, 695, 2344, 1683, 2123, 2380, 2151, 3200, 664, 236, 284, 2144, 4817, 0], "tmd": [4, 3, 3, 3, 2, 4, 5, 5, 3, 4, 3, 6, 2, 4, 5, 5, 4, 3, 4, 7, 6], "wmn": 675, "wmt": 14158, "wmd": 28, "wmv": 11348, "wdn": -8, "wdt": -13, "wdd": 35, "wdv": -6, "tlv": "Russia"}