{"loc": "Saint Petersburg", "iso": "RU", "l1": "Russia", "l2": "Saint Petersburg", "lvl": 2, "pop": 5351935, "key": 13653, "isd": true, "ppd": 8.823, "med": 39.6, "p65": 14.177999999999999, "p70": 9.392999999999999, "hos": 8.05, "exp": 72.58, "adr": 3.0, "amn": 73869.0, "amv": 79778.0, "amd": 2298.0, "amt": 828931.0, "tmn": [178, 176, 175, 174, 171, 173, 171, 172, 167, 164, 161, 151, 150, 150, 146, 139, 130, 130, 134, 133, 132], "tmv": [1194, 1309, 407, 0, 0, 0, 626, 1894, 826, 384, 0, 0, 0, 0, 0, 0, 0, 0, 402, 1305, 1841], "tmd": [9, 9, 7, 9, 8, 6, 7, 8, 7, 7, 7, 8, 7, 7, 7, 6, 7, 6, 7, 7, 6], "wmn": 948, "wmt": 14569, "wmd": 44, "wmv": 3550, "wdn": -15, "wdt": 308, "wdd": -10, "wdv": 14, "tlv": "Russia"}