{"loc": "Saline", "iso": "US", "l1": "United States", "l2": "Kansas", "lvl": 3, "pop": 54224, "key": 13666, "isd": true, "ppd": 35.608000000000004, "med": 38.3, "p65": 15.413, "p70": 9.732000000000001, "hos": 2.77, "exp": 78.86, "adr": 2.0, "amn": 145876.0, "amv": 1187231.0, "amd": 3098.0, "amt": 596011.0, "tmn": [0, 1604, 0, 0, 995, 0, 977, 0, 1161, 0, 0, 866, 0, 682, 0, 774, 0, 0, 571, 0, 922], "tmv": [2024, 2876, 2739, 2336, 1790, 1886, 2554, 2257, 2903, 2781, 2047, 1978, 1647, 2163, 995, 2262, 2445, 2251, 1671, 1480, 0], "tmd": [0, 37, 0, 0, 0, 0, 19, 0, 19, 0, 0, 0, 0, 19, 0, 19, 0, 0, 0, 0, 37], "wmn": 2269, "wmt": 8834, "wmd": 56, "wmv": 11106, "wdn": -16, "wdt": -19, "wdd": 50, "wdv": -30, "tlv": "Kansas"}