{"loc": "Salt Lake", "iso": "US", "l1": "United States", "l2": "Utah", "lvl": 3, "pop": 1160437, "key": 13669, "isd": true, "ppd": 35.608000000000004, "med": 38.3, "p65": 15.413, "p70": 9.732000000000001, "hos": 2.77, "exp": 78.86, "adr": 1.0, "amn": 129124.0, "amv": 830268.0, "amd": 751.0, "amt": 1053079.0, "tmn": [100, 189, 147, 110, 146, 92, 81, 78, 145, 116, 99, 129, 87, 71, 53, 131, 112, 84, 88, 68, 43], "tmv": [4975, 6773, 8259, 8496, 10027, 6458, 3608, 3001, 5456, 7305, 8515, 7794, 7192, 5713, 4653, 4699, 5814, 5591, 7265, 8234, 0], "tmd": [1, 0, 2, 2, 1, 0, 0, 6, 0, 0, 2, 0, 1, 0, 4, 7, 2, 0, 1, 0, 0], "wmn": 583, "wmt": 11256, "wmd": 13, "wmv": 36259, "wdn": -20, "wdt": -11, "wdd": 67, "wdv": -19, "tlv": "Utah"}