{"loc": "Saline", "iso": "US", "l1": "United States", "l2": "Arkansas", "lvl": 3, "pop": 122437, "key": 13664, "isd": true, "ppd": 35.608000000000004, "med": 38.3, "p65": 15.413, "p70": 9.732000000000001, "hos": 2.77, "exp": 78.86, "adr": 1.0, "amn": 101293.0, "amv": 965095.0, "amd": 1413.0, "amt": 1027570.0, "tmn": [73, 138, 122, 98, 81, 32, 24, 114, 89, 65, 294, 155, 32, 49, 155, 163, 122, 65, 106, 89, 32], "tmv": [0, 1543, 2452, 4248, 3485, 4157, 3682, 3252, 2518, 2835, 2495, 4865, 3672, 4016, 3766, 3121, 6234, 3276, 3244, 2575, 0], "tmd": [0, 9, 0, 0, 0, 0, 0, 0, 9, 0, 0, 0, 0, 0, 0, 0, 0, 0, 0, 0, 0], "wmn": 736, "wmt": 5820, "wmd": 0, "wmv": 22220, "wdn": -8, "wdt": 15, "wdd": -100, "wdv": -6, "tlv": "Arkansas"}