{"loc": "Saline", "iso": "US", "l1": "United States", "l2": "Missouri", "lvl": 3, "pop": 22761, "key": 13667, "isd": true, "ppd": 35.608000000000004, "med": 38.3, "p65": 15.413, "p70": 9.732000000000001, "hos": 2.77, "exp": 78.86, "adr": 1.0, "amn": 134177.0, "amv": 1044330.0, "amd": 1757.0, "amt": 981359.0, "tmn": [439, 175, 527, 43, 175, 351, 483, 87, 395, 307, 263, 131, 307, 87, 351, 659, 131, 175, 219, 395, 395], "tmv": [1883, 1818, 1779, 1363, 1036, 1655, 1721, 1666, 1928, 1520, 1539, 740, 1856, 2005, 1821, 2051, 2364, 1193, 1200, 2288, 2155], "tmd": [44, 0, 0, 0, 0, 0, 0, 0, 0, 0, 0, 0, 0, 0, 0, 0, 0, 0, 44, 0, 0], "wmn": 2329, "wmt": 14814, "wmd": 44, "wmv": 13076, "wdn": 47, "wdt": 11, "wdd": 0, "wdv": 16, "tlv": "Missouri"}