{"loc": "Saline", "iso": "US", "l1": "United States", "l2": "Missouri", "lvl": 3, "pop": 22761, "key": 13667, "isd": true, "ppd": 35.608000000000004, "med": 38.3, "p65": 15.413, "p70": 9.732000000000001, "hos": 2.77, "exp": 78.86, "adr": 1.0, "amn": 137823.0, "amv": 1054363.0, "amd": 1757.0, "amt": 996062.0, "tmn": [483, 87, 395, 307, 263, 131, 307, 87, 351, 659, 131, 175, 219, 395, 395, 790, 746, 527, 175, 351, 1054], "tmv": [1721, 1666, 1928, 1520, 1539, 740, 1856, 2005, 1821, 2051, 2364, 1193, 1200, 2288, 2155, 2600, 2160, 2477, 1419, 1374, 0], "tmd": [0, 0, 0, 0, 0, 0, 0, 0, 0, 0, 0, 0, 44, 0, 0, 0, 0, 0, 0, 0, 0], "wmn": 4043, "wmt": 16992, "wmd": 0, "wmv": 12189, "wdn": 100, "wdt": 15, "wdd": -100, "wdv": -6, "tlv": "Missouri"}