{"loc": "Salem", "iso": "US", "l1": "United States", "l2": "Virginia", "lvl": 3, "pop": 25301, "key": 13662, "isd": true, "ppd": 35.608000000000004, "med": 38.3, "p65": 15.413, "p70": 9.732000000000001, "hos": 2.77, "exp": 78.86, "adr": 2.0, "amn": 74266.0, "amv": 258018.0, "amd": 1660.0, "amt": 702573.0, "tmn": [118, 118, 118, -513, 355, 316, 632, 237, 316, 39, -632, -948, 237, 197, 276, 39, 118, -39, 158, 237, 79], "tmv": [6806, 0, 0, 3221, 4419, 5606, 5173, 5466, 3298, 2593, 4349, 5491, 6616, 7139, 7375, 5050, 5255, 5793, 6168, 7391, 0], "tmd": [0, 0, 0, 0, 0, 0, 80, 40, 0, 80, 0, 40, 40, 40, 0, 0, 0, 40, 0, 0, 0], "wmn": 870, "wmt": 13805, "wmd": 40, "wmv": 37036, "wdn": -257, "wdt": -22, "wdd": -83, "wdv": 6, "tlv": "Virginia"}