{"loc": "Saline", "iso": "US", "l1": "United States", "l2": "Kansas", "lvl": 3, "pop": 54224, "key": 13666, "isd": true, "ppd": 35.608000000000004, "med": 38.3, "p65": 15.413, "p70": 9.732000000000001, "hos": 2.77, "exp": 78.86, "adr": 2.0, "amn": 127102.0, "amv": 0.0, "amd": 2693.0, "amt": 527734.0, "tmn": [608, 461, 0, 0, 885, 0, 0, 1309, 1198, 0, 0, 0, 0, 0, 1659, 424, 0, 0, 627, 0, 1032], "tmv": [0, 0, 0, 0, 0, 0, 0, 0, 0, 0, 0, 0, 0, 0, 0, 0, 0, 0, 0, 0, 0], "tmd": [19, 0, 0, 0, 0, 0, 0, 0, 0, 0, 0, 0, 0, 0, 19, 0, 0, 0, 19, 0, 19], "wmn": 3744, "wmt": 8510, "wmd": 56, "wmv": 0, "wdn": 49, "wdt": -4, "wdd": 0, "wdv": 0, "tlv": "Kansas"}