{"loc": "Salt Lake", "iso": "US", "l1": "United States", "l2": "Utah", "lvl": 3, "pop": 1160437, "key": 13669, "isd": true, "ppd": 35.608000000000004, "med": 38.3, "p65": 15.413, "p70": 9.732000000000001, "hos": 2.77, "exp": 78.86, "adr": 1.0, "amn": 135615.0, "amv": 1029249.0, "amd": 802.0, "amt": 1142516.0, "tmn": [104, 0, 0, 0, 289, 117, 188, 168, 0, 0, 424, 119, 171, 156, 183, 0, 0, 451, 145, 216, 212], "tmv": [1994, 3524, 1923, 0, 0, 1326, 2107, 1883, 1818, 1779, 1363, 1036, 1655, 1721, 1666, 1928, 1520, 1539, 740, 1856, 0], "tmd": [1, 0, 0, 0, 1, 0, 2, 0, 0, 0, 0, 2, 1, 2, 1, 0, 0, 1, 1, 2, 1], "wmn": 1210, "wmt": 10524, "wmd": 6, "wmv": 9252, "wdn": 16, "wdt": 16, "wdd": 50, "wdv": -18, "tlv": "Utah"}