{"loc": "Samara Oblast", "iso": "RU", "l1": "Russia", "l2": "Samara Oblast", "lvl": 2, "pop": 3193514, "key": 13671, "isd": true, "ppd": 8.823, "med": 39.6, "p65": 14.177999999999999, "p70": 9.392999999999999, "hos": 8.05, "exp": 72.58, "adr": 3.0, "amn": 44675.0, "amv": 743383.0, "amd": 1499.0, "amt": 1451995.0, "tmn": [280, 286, 288, 291, 293, 296, 312, 342, 370, 400, 406, 424, 434, 439, 456, 470, 484, 499, 501, 504, 507], "tmv": [0, 0, 0, 0, 417, 4022, 5043, 0, 0, 0, 0, 0, 5392, 5802, 2754, 2140, 5510, 6429, 13473, 0, 0], "tmd": [8, 8, 6, 9, 9, 6, 6, 6, 6, 10, 10, 10, 11, 10, 9, 9, 8, 10, 10, 9, 9], "wmn": 3426, "wmt": 0, "wmd": 60, "wmv": 30309, "wdn": 22, "wdt": 0, "wdd": 0, "wdv": 171, "tlv": "Russia"}