{"loc": "Samba", "iso": "IN", "l1": "India", "l2": "Jammu and Kashmir", "lvl": 3, "pop": 318611, "key": 13673, "isd": true, "ppd": 450.41900000000004, "med": 28.2, "p65": 5.989, "p70": 3.4139999999999997, "hos": 0.53, "exp": 69.66, "adr": 1.0, "amn": 9554.0, "amv": 88857.0, "amd": 135.0, "amt": 493907.0, "tmn": [0, 3, 3, 9, 18, 9, 25, 12, 6, 15, 34, 25, 28, 34, 34, 12, 34, 59, 40, 72, 109], "tmv": [188, 422, 1406, 1495, 2660, 3090, 2119, 2264, 2902, 2874, 2261, 2996, 2710, 2550, 2125, 2901, 1917, 2401, 1978, 1966, 1945], "tmd": [0, 0, 0, 0, 0, 0, 0, 0, 0, 0, 0, 0, 0, 7, 0, 0, 0, 0, 0, 0, 0], "wmn": 365, "wmt": 19201, "wmd": 0, "wmv": 15238, "wdn": 132, "wdt": -10, "wdd": -100, "wdv": -18, "tlv": "Jammu and Kashmir"}