{"loc": "San Diego", "iso": "US", "l1": "United States", "l2": "California", "lvl": 3, "pop": 3338330, "key": 13682, "isd": true, "ppd": 35.608000000000004, "med": 38.3, "p65": 15.413, "p70": 9.732000000000001, "hos": 2.77, "exp": 78.86, "adr": 1.0, "amn": 89034.0, "amv": 1046931.0, "amd": 1138.0, "amt": 1861877.0, "tmn": [0, 248, 104, 0, 209, 176, 0, 0, 0, 575, 141, 205, 376, 0, 0, 617, 215, 230, 263, 386, 263], "tmv": [1779, 1363, 1036, 1655, 1721, 1666, 1928, 1520, 1539, 740, 1856, 2005, 1821, 2051, 2364, 1193, 1200, 2288, 2155, 2600, 0], "tmd": [0, 1, 0, 0, 1, 0, 0, 0, 0, 0, 1, 1, 2, 0, 0, 0, 2, 0, 0, 0, 0], "wmn": 1978, "wmt": 28471, "wmd": 2, "wmv": 11803, "wdn": 52, "wdt": 14, "wdd": -29, "wdv": 2, "tlv": "California"}