{"loc": "San Joaquin", "iso": "US", "l1": "United States", "l2": "California", "lvl": 3, "pop": 762148, "key": 13686, "isd": true, "ppd": 35.608000000000004, "med": 38.3, "p65": 15.413, "p70": 9.732000000000001, "hos": 2.77, "exp": 78.86, "adr": 2.0, "amn": 86978.0, "amv": 197386.0, "amd": 1367.0, "amt": 1206011.0, "tmn": [482, 473, 0, 0, 680, 338, 80, 330, 341, 0, 0, 0, 511, 393, 0, 304, 0, 0, 203, 320, 0], "tmv": [4023, 4903, 6734, 6595, 3662, 2393, 4746, 4917, 6132, 6772, 6806, 0, 0, 3221, 4419, 5606, 5173, 5466, 3298, 2593, 0], "tmd": [6, 20, 0, 0, 40, 8, 19, 29, 36, 0, 0, 0, 35, 0, 0, 11, 0, 0, 18, 4, 0], "wmn": 828, "wmt": 32073, "wmd": 32, "wmv": 26559, "wdn": -48, "wdt": -22, "wdd": -68, "wdv": -5, "tlv": "California"}