{"loc": "San Francisco", "iso": "US", "l1": "United States", "l2": "California", "lvl": 3, "pop": 881549, "key": 13683, "isd": true, "ppd": 35.608000000000004, "med": 38.3, "p65": 15.413, "p70": 9.732000000000001, "hos": 2.77, "exp": 78.86, "adr": 1.0, "amn": 58361.0, "amv": 1160346.0, "amd": 686.0, "amt": 2214477.0, "tmn": [203, 248, 269, 113, 561, 130, 157, 169, 142, 124, 105, 62, 99, 159, 129, 161, 180, 107, 95, 0, 80], "tmv": [3250, 3257, 2889, 2103, 1988, 3241, 2538, 4249, 2950, 0, 0, 0, 2913, 2024, 2876, 2739, 2336, 1790, 1886, 2554, 0], "tmd": [3, 0, 0, 2, 0, 4, 5, 0, 0, 0, 0, 0, 0, 0, 7, 6, 2, 0, 0, 0, 3], "wmn": 755, "wmt": 63262, "wmd": 16, "wmv": 14183, "wdn": -13, "wdt": 8, "wdd": 0, "wdv": 17, "tlv": "California"}