{"loc": "San Francisco", "iso": "US", "l1": "United States", "l2": "California", "lvl": 3, "pop": 881549, "key": 13683, "isd": true, "ppd": 35.608000000000004, "med": 38.3, "p65": 15.413, "p70": 9.732000000000001, "hos": 2.77, "exp": 78.86, "adr": 1.0, "amn": 50313.0, "amv": 1079834.0, "amd": 664.0, "amt": 1943544.0, "tmn": [716, 155, 157, 232, 304, 0, 149, 1007, 137, 232, 175, 440, 406, 302, 195, 184, 145, 188, 248, 478, 178], "tmv": [1193, 1200, 2288, 2155, 2600, 2160, 2477, 1419, 1374, 2201, 2622, 2492, 2548, 2348, 1615, 1875, 1986, 1986, 2786, 3007, 0], "tmd": [0, 0, 3, -2, 2, 2, 0, 0, 25, -22, 0, 3, 0, 0, 0, 0, 0, 0, 0, 4, 0], "wmn": 1619, "wmt": 41608, "wmd": 4, "wmv": 13258, "wdn": -40, "wdt": 4, "wdd": -25, "wdv": -12, "tlv": "California"}