{"loc": "San Francisco", "iso": "US", "l1": "United States", "l2": "California", "lvl": 3, "pop": 881549, "key": 13683, "isd": true, "ppd": 35.608000000000004, "med": 38.3, "p65": 15.413, "p70": 9.732000000000001, "hos": 2.77, "exp": 78.86, "adr": 1.0, "amn": 61558.0, "amv": 1240788.0, "amd": 732.0, "amt": 2496451.0, "tmn": [87, 102, 121, 0, 0, 385, 73, 31, 111, 74, 0, 0, 290, 66, 29, 132, 64, 0, 0, 214, 52], "tmv": [0, 2784, 2570, 2833, 3777, 2988, 2423, 2905, 2661, 3390, 3489, 0, 0, 0, 2411, 3257, 3418, 2659, 2485, 1614, 0], "tmd": [3, 6, 0, 0, 5, 0, 4, 0, 3, 0, 0, 0, 0, 0, 2, 2, 0, 0, -1, 0, 0], "wmn": 494, "wmt": 61833, "wmd": 2, "wmv": 15848, "wdn": -14, "wdt": 10, "wdd": -50, "wdv": 27, "tlv": "California"}