{"loc": "San Mateo", "iso": "US", "l1": "United States", "l2": "California", "lvl": 3, "pop": 766573, "key": 13697, "isd": true, "ppd": 35.608000000000004, "med": 38.3, "p65": 15.413, "p70": 9.732000000000001, "hos": 2.77, "exp": 78.86, "adr": 1.0, "amn": 52887.0, "amv": 500973.0, "amd": 721.0, "amt": 1389328.0, "tmn": [71, 80, 41, 46, 24, 84, 39, 46, 10, 66, 0, 83, 67, 84, 53, 67, 36, 50, 49, 104, 0], "tmv": [6135, 5026, 6980, 8171, 7842, 9493, 9226, 6156, 5181, 6849, 8594, 10257, 10611, 9961, 7133, 5431, 8106, 10192, 12065, 12389, 10214], "tmd": [0, 3, 0, 0, 10, 0, 0, 0, 2, 0, 0, 4, 0, 0, 0, 0, 0, 0, 8, 0, 0], "wmn": 363, "wmt": 48926, "wmd": 8, "wmv": 65534, "wdn": 1, "wdt": 110, "wdd": 50, "wdv": 14, "tlv": "California"}