{"loc": "San Miguel", "iso": "US", "l1": "United States", "l2": "New Mexico", "lvl": 3, "pop": 27277, "key": 13699, "isd": true, "ppd": 35.608000000000004, "med": 38.3, "p65": 15.413, "p70": 9.732000000000001, "hos": 2.77, "exp": 78.86, "adr": 1.0, "amn": 95135.0, "amv": 1259649.0, "amd": 953.0, "amt": 2305247.0, "tmn": [476, 623, 293, 0, 0, 0, 1173, 403, 476, 439, 0, 0, 879, 219, 146, 183, 109, 0, 0, 843, 219], "tmv": [2905, 2661, 3390, 3489, 0, 0, 0, 2411, 3257, 3418, 2659, 2485, 1614, 1945, 2278, 2491, 2890, 2710, 2395, 1993, 2154], "tmd": [0, 37, 0, 0, 0, 0, 0, 0, 37, 0, 0, 0, 0, 0, 0, 37, 0, 0, 0, 37, 74], "wmn": 1504, "wmt": 38714, "wmd": 147, "wmv": 16916, "wdn": -38, "wdt": -22, "wdd": 300, "wdv": -5, "tlv": "New Mexico"}