{"loc": "San Lorenzo", "iso": "PR", "l1": "United States", "l2": "Puerto Rico", "lvl": 3, "pop": 35989, "key": 13692, "isd": true, "ppd": 35.608000000000004, "med": 38.3, "p65": 15.413, "p70": 9.732000000000001, "hos": 2.77, "exp": 78.86, "adr": 0.0, "amn": 43569.0, "amv": 635594.0, "amd": 0.0, "amt": 130151.0, "tmn": [83, 111, 250, 361, 83, 27, 27, 55, 138, 361, 500, 333, 389, 222, 444, 83, 416, 694, 694, 361, 527], "tmv": [5431, 8106, 10192, 12065, 12389, 10214, 6477, 4262, 8755, 10329, 12013, 14052, 10864, 8027, 7863, 7615, 10699, 12037, 10893, 10729, 0], "tmd": [0, 0, 0, 0, 0, 0, 0, 0, 0, 0, 0, 0, 0, 0, 0, 0, 0, 0, 0, 0, 0], "wmn": 3224, "wmt": 0, "wmd": 0, "wmv": 59839, "wdn": 61, "wdt": 0, "wdd": 0, "wdv": -12, "tlv": "Puerto Rico"}