{"loc": "San Juan", "iso": "US", "l1": "United States", "l2": "Utah", "lvl": 3, "pop": 15308, "key": 13690, "isd": true, "ppd": 35.608000000000004, "med": 38.3, "p65": 15.413, "p70": 9.732000000000001, "hos": 2.77, "exp": 78.86, "adr": 2.0, "amn": 118304.0, "amv": 220982.0, "amd": 2352.0, "amt": 888254.0, "tmn": [65, 65, 65, 65, 326, 0, 195, 65, 0, 0, 261, 130, 130, 195, 65, 195, 0, 261, 326, 326, 65], "tmv": [6595, 3662, 2393, 4746, 4917, 6132, 6772, 6806, 0, 0, 3221, 4419, 5606, 5173, 5466, 3298, 2593, 4349, 5491, 6616, 7139], "tmd": [0, 0, 0, 0, 0, 0, 0, 0, 0, 0, 0, 0, 0, 0, 0, 0, 0, 0, 0, 0, 0], "wmn": 1242, "wmt": 18349, "wmd": 0, "wmv": 34956, "wdn": 58, "wdt": 5, "wdd": 0, "wdv": 39, "tlv": "Utah"}