{"loc": "Sangli", "iso": "IN", "l1": "India", "l2": "Maharashtra", "lvl": 3, "pop": 2820575, "key": 13708, "isd": true, "ppd": 450.41900000000004, "med": 28.2, "p65": 5.989, "p70": 3.4139999999999997, "hos": 0.53, "exp": 69.66, "adr": 3.0, "amn": 18191.0, "amv": 10321.0, "amd": 635.0, "amt": 131552.0, "tmn": [9, 5, 6, 6, 1, 3, 4, 7, 3, 4, 5, 6, 3, 5, 13, 3, 10, 8, 7, 6, 6], "tmv": [26, 323, 255, 293, 353, 335, 61, 0, 0, 246, 238, 478, 437, 281, 178, 245, 350, 332, 507, 499, 351], "tmd": [0, 0, 1, 0, 0, 1, 1, 0, 0, 1, 1, 0, 1, 0, 0, 0, 1, 0, 0, 0, 0], "wmn": 58, "wmt": 4443, "wmd": 1, "wmv": 2467, "wdn": 57, "wdt": 44, "wdd": -75, "wdv": 47, "tlv": "Maharashtra"}