{"loc": "Sangamon", "iso": "US", "l1": "United States", "l2": "Illinois", "lvl": 3, "pop": 194672, "key": 13707, "isd": true, "ppd": 35.608000000000004, "med": 38.3, "p65": 15.413, "p70": 9.732000000000001, "hos": 2.77, "exp": 78.86, "adr": 1.0, "amn": 98201.0, "amv": 973354.0, "amd": 1233.0, "amt": 2015151.0, "tmn": [30, 35, 30, 5, 15, 56, 20, 66, 15, 25, 10, 10, 61, 25, 10, 0, 0, 46, 5, 41, 25], "tmv": [4248, 3485, 4157, 3682, 3252, 2518, 2835, 2495, 4865, 3672, 4016, 3766, 3121, 6234, 3276, 3244, 2575, 1851, 1965, 1967, 2474], "tmd": [0, 0, 0, 0, 0, 0, 0, 0, 0, 0, 0, 0, 11, 0, 6, 0, 0, 0, 0, 0, 0], "wmn": 129, "wmt": 20871, "wmd": 6, "wmv": 17355, "wdn": -40, "wdt": -5, "wdd": -50, "wdv": -38, "tlv": "Illinois"}