{"loc": "Sandusky", "iso": "US", "l1": "United States", "l2": "Ohio", "lvl": 3, "pop": 58518, "key": 13706, "isd": true, "ppd": 35.608000000000004, "med": 38.3, "p65": 15.413, "p70": 9.732000000000001, "hos": 2.77, "exp": 78.86, "adr": 2.0, "amn": 80556.0, "amv": 191493.0, "amd": 1572.0, "amt": 838850.0, "tmn": [239, 187, 222, 205, 205, 187, 102, 290, 307, 187, 136, 170, 222, 136, 85, 85, 136, 290, 153, 34, 119], "tmv": [1695, 3330, 4023, 4903, 6734, 6595, 3662, 2393, 4746, 4917, 6132, 6772, 6806, 0, 0, 3221, 4419, 5606, 5173, 5466, 0], "tmd": [35, 0, 0, 0, 0, 0, 35, 0, 0, 0, 0, 0, 0, 0, 0, 0, -17, 18, 0, 0, 0], "wmn": 906, "wmt": 15924, "wmd": 0, "wmv": 23888, "wdn": -38, "wdt": -24, "wdd": 0, "wdv": -25, "tlv": "Ohio"}