{"loc": "Santa Clara", "iso": "US", "l1": "United States", "l2": "California", "lvl": 3, "pop": 1927852, "key": 13714, "isd": true, "ppd": 35.608000000000004, "med": 38.3, "p65": 15.413, "p70": 9.732000000000001, "hos": 2.77, "exp": 78.86, "adr": 2.0, "amn": 62922.0, "amv": 1027393.0, "amd": 1088.0, "amt": 1823097.0, "tmn": [16, 31, 25, 0, 59, 5, 28, 41, 0, 51, 79, 44, 50, 62, 69, 81, 0, 0, 209, 78, 75], "tmv": [4949, 1994, 3524, 1923, 0, 0, 1326, 2107, 1883, 1818, 1779, 1363, 1036, 1655, 1721, 1666, 1928, 1520, 1539, 740, 0], "tmd": [0, 0, 0, 0, 3, 0, 0, 0, 0, 0, 0, 3, 0, 0, 0, 0, 0, 0, 1, 0, 0], "wmn": 515, "wmt": 22629, "wmd": 0, "wmv": 9117, "wdn": 56, "wdt": -31, "wdd": -100, "wdv": -22, "tlv": "California"}