{"loc": "Santa Cruz", "iso": "US", "l1": "United States", "l2": "California", "lvl": 3, "pop": 273213, "key": 13716, "isd": true, "ppd": 35.608000000000004, "med": 38.3, "p65": 15.413, "p70": 9.732000000000001, "hos": 2.77, "exp": 78.86, "adr": 1.0, "amn": 58625.0, "amv": 749030.0, "amd": 758.0, "amt": 1531550.0, "tmn": [139, 124, 106, 215, 0, 62, 161, 186, 193, 146, 263, 0, 32, 215, 109, 142, 58, 54, 0, 0, 65], "tmv": [7863, 7615, 10699, 12037, 10893, 10729, 6600, 5484, 7781, 9092, 10242, 10071, 9169, 6395, 4975, 6773, 8259, 8496, 10027, 6458, 3608], "tmd": [0, 0, 0, 0, 4, 0, 0, 0, 0, 0, 4, 0, 0, 0, 0, 0, 0, 0, 8, 0, 0], "wmn": 432, "wmt": 35919, "wmd": 8, "wmv": 48600, "wdn": -58, "wdt": 4, "wdd": 100, "wdv": -17, "tlv": "California"}