{"loc": "Sanilac", "iso": "US", "l1": "United States", "l2": "Michigan", "lvl": 3, "pop": 41170, "key": 13710, "isd": true, "ppd": 35.608000000000004, "med": 38.3, "p65": 15.413, "p70": 9.732000000000001, "hos": 2.77, "exp": 78.86, "adr": 3.0, "amn": 120525.0, "amv": 1259649.0, "amd": 3279.0, "amt": 1728561.0, "tmn": [850, 0, 874, 0, 0, 801, 0, 947, 0, 971, 0, 0, 850, 0, 388, 0, 1044, 0, 0, 898, 0], "tmv": [2905, 2661, 3390, 3489, 0, 0, 0, 2411, 3257, 3418, 2659, 2485, 1614, 1945, 2278, 2491, 2890, 2710, 2395, 1993, 2154], "tmd": [0, 0, 0, 0, 0, 0, 0, 0, 0, 25, 0, 0, 0, 0, 49, 0, 25, 0, 0, -24, 0], "wmn": 2332, "wmt": 25632, "wmd": 49, "wmv": 16916, "wdn": -16, "wdt": -8, "wdd": 100, "wdv": -5, "tlv": "Michigan"}