{"loc": "Santa Rosa", "iso": "US", "l1": "United States", "l2": "Florida", "lvl": 3, "pop": 184313, "key": 13719, "isd": true, "ppd": 35.608000000000004, "med": 38.3, "p65": 15.413, "p70": 9.732000000000001, "hos": 2.77, "exp": 78.86, "adr": 1.0, "amn": 90151.0, "amv": 167606.0, "amd": 1335.0, "amt": 967038.0, "tmn": [895, 385, 770, 515, 146, 428, 585, 455, 721, 423, 298, 217, 336, 352, 493, 444, 282, 298, 103, 222, 320], "tmv": [4677, 5132, 5139, 4690, 3336, 1695, 3330, 4023, 4903, 6734, 6595, 3662, 2393, 4746, 4917, 6132, 6772, 6806, 0, 0, 0], "tmd": [0, 0, 11, 22, 0, 0, 11, 0, 28, 0, 0, 0, 66, 17, 0, 6, 17, 11, 0, 6, 11], "wmn": 2165, "wmt": 30652, "wmd": 49, "wmv": 24629, "wdn": -23, "wdt": -7, "wdd": -55, "wdv": -25, "tlv": "Florida"}