{"loc": "Santa Isabel", "iso": "PR", "l1": "United States", "l2": "Puerto Rico", "lvl": 3, "pop": 21209, "key": 13718, "isd": true, "ppd": 35.608000000000004, "med": 38.3, "p65": 15.413, "p70": 9.732000000000001, "hos": 2.77, "exp": 78.86, "adr": 0.0, "amn": 15182.0, "amv": 167606.0, "amd": 0.0, "amt": 126625.0, "tmn": [47, 94, 94, 47, 141, 0, 0, 94, 0, 47, 47, 47, 47, 0, 0, 141, 0, 141, 188, 94, 47], "tmv": [4677, 5132, 5139, 4690, 3336, 1695, 3330, 4023, 4903, 6734, 6595, 3662, 2393, 4746, 4917, 6132, 6772, 6806, 0, 0, 0], "tmd": [0, 0, 0, 0, 0, 0, 0, 0, 0, 0, 0, 0, 0, 0, 0, 0, 0, 0, 0, 0, 0], "wmn": 613, "wmt": 606, "wmd": 0, "wmv": 24629, "wdn": 117, "wdt": 6, "wdd": 0, "wdv": -25, "tlv": "Puerto Rico"}