{"loc": "Santa Cruz", "iso": "US", "l1": "United States", "l2": "California", "lvl": 3, "pop": 273213, "key": 13716, "isd": true, "ppd": 35.608000000000004, "med": 38.3, "p65": 15.413, "p70": 9.732000000000001, "hos": 2.77, "exp": 78.86, "adr": 1.0, "amn": 56231.0, "amv": 511713.0, "amd": 739.0, "amt": 1398993.0, "tmn": [131, 117, 98, 0, 0, 106, 54, 65, 21, 153, 0, 0, 175, 32, 0, 0, 0, 0, 0, 0, -362], "tmv": [6980, 8171, 7842, 9493, 9226, 6156, 5181, 6849, 8594, 10257, 10611, 9961, 7133, 5431, 8106, 10192, 12065, 12389, 10214, 6477, 4262], "tmd": [0, 0, 0, 0, 0, 0, 0, 0, 8, -3, 0, 0, 0, 0, 0, 0, 4, 0, 0, -3, 4], "wmn": -362, "wmt": 43505, "wmd": 4, "wmv": 63709, "wdn": -180, "wdt": 50, "wdd": 0, "wdv": 8, "tlv": "California"}