{"loc": "Sanilac", "iso": "US", "l1": "United States", "l2": "Michigan", "lvl": 3, "pop": 41170, "key": 13710, "isd": true, "ppd": 35.608000000000004, "med": 38.3, "p65": 15.413, "p70": 9.732000000000001, "hos": 2.77, "exp": 78.86, "adr": 2.0, "amn": 84698.0, "amv": 556863.0, "amd": 2113.0, "amt": 1190998.0, "tmn": [0, 1287, 1360, 1214, 1627, 1214, 631, 0, 1748, 1505, 1530, 971, 1165, 1797, 0, 1214, 1457, 1481, 1554, 1724, 1165], "tmv": [9226, 6156, 5181, 6849, 8594, 10257, 10611, 9961, 7133, 5431, 8106, 10192, 12065, 12389, 10214, 6477, 4262, 8755, 10329, 12013, 14052], "tmd": [0, 0, 25, 0, 49, 0, 0, 0, 0, 25, 25, 49, 0, 0, 0, 0, 25, 0, 0, 0, 0], "wmn": 8599, "wmt": 30198, "wmd": 25, "wmv": 66105, "wdn": -1, "wdt": 11, "wdd": -75, "wdv": 1, "tlv": "Michigan"}