{"loc": "Santa Clara", "iso": "US", "l1": "United States", "l2": "California", "lvl": 3, "pop": 1927852, "key": 13714, "isd": true, "ppd": 35.608000000000004, "med": 38.3, "p65": 15.413, "p70": 9.732000000000001, "hos": 2.77, "exp": 78.86, "adr": 1.0, "amn": 75928.0, "amv": 1263117.0, "amd": 987.0, "amt": 2562984.0, "tmn": [90, 0, 0, 243, 35, 61, 75, 113, 0, 0, 252, 63, 50, 86, 78, 0, 0, 0, 321, 19, 92], "tmv": [3390, 3489, 0, 0, 0, 2411, 3257, 3418, 2659, 2485, 1614, 1945, 2278, 2491, 2890, 2710, 2395, 1993, 2154, 3467, 0], "tmd": [0, 0, 5, 1, 0, 3, 3, 0, 0, 3, 0, 0, 2, -1, 1, 0, 0, 0, 3, 2, 0], "wmn": 512, "wmt": 53573, "wmd": 4, "wmv": 15613, "wdn": -10, "wdt": -14, "wdd": 0, "wdv": -8, "tlv": "California"}