{"loc": "Santa Cruz", "iso": "US", "l1": "United States", "l2": "California", "lvl": 3, "pop": 273213, "key": 13716, "isd": true, "ppd": 35.608000000000004, "med": 38.3, "p65": 15.413, "p70": 9.732000000000001, "hos": 2.77, "exp": 78.86, "adr": 1.0, "amn": 60118.0, "amv": 1025114.0, "amd": 761.0, "amt": 1808517.0, "tmn": [0, 0, 73, 0, 0, 0, 0, 62, 0, 40, 0, 0, 0, 124, 0, 0, 87, 0, 0, 0, 183], "tmv": [2241, 4154, 4949, 1994, 3524, 1923, 0, 0, 1326, 2107, 1883, 1818, 1779, 1363, 1036, 1655, 1721, 1666, 1928, 1520, 0], "tmd": [0, 0, 0, 0, 0, 0, 0, 0, -3, 0, 0, 0, 0, 0, 0, 0, 0, 0, 0, 0, 0], "wmn": 271, "wmt": 22308, "wmd": 0, "wmv": 9530, "wdn": 19, "wdt": 21, "wdd": -100, "wdv": -7, "tlv": "California"}