{"loc": "Sarasota", "iso": "US", "l1": "United States", "l2": "Florida", "lvl": 3, "pop": 433742, "key": 13725, "isd": true, "ppd": 35.608000000000004, "med": 38.3, "p65": 15.413, "p70": 9.732000000000001, "hos": 2.77, "exp": 78.86, "adr": 3.0, "amn": 61977.0, "amv": 207226.0, "amd": 1683.0, "amt": 1005396.0, "tmn": [258, 198, 140, 142, 295, 232, 177, 161, 78, 66, 138, 281, 82, 283, 235, 78, 195, 112, 212, 207, 179], "tmv": [6734, 6595, 3662, 2393, 4746, 4917, 6132, 6772, 6806, 0, 0, 3221, 4419, 5606, 5173, 5466, 3298, 2593, 4349, 5491, 0], "tmd": [-2, 0, 0, 49, 7, 5, 0, 0, 0, 0, 58, -2, 3, 7, 26, 0, 7, 17, -2, 14, 0], "wmn": 1222, "wmt": 30225, "wmd": 60, "wmv": 26374, "wdn": 12, "wdt": 8, "wdd": -7, "wdv": -2, "tlv": "Florida"}