{"loc": "Sawyer", "iso": "US", "l1": "United States", "l2": "Wisconsin", "lvl": 3, "pop": 16558, "key": 13738, "isd": true, "ppd": 35.608000000000004, "med": 38.3, "p65": 15.413, "p70": 9.732000000000001, "hos": 2.77, "exp": 78.86, "adr": 1.0, "amn": 153763.0, "amv": 1255502.0, "amd": 1993.0, "amt": 1948051.0, "tmn": [543, 422, 724, 1268, 0, 0, 1509, 422, 1328, 1026, 0, 2113, 0, 664, 603, 301, 845, 1389, 0, 0, 1509], "tmv": [2423, 2905, 2661, 3390, 3489, 0, 0, 0, 2411, 3257, 3418, 2659, 2485, 1614, 1945, 2278, 2491, 2890, 2710, 2395, 0], "tmd": [0, 0, 0, 0, 0, 0, 0, 0, 0, 0, 0, 0, 0, 0, 0, 0, 0, 0, 0, 0, 121], "wmn": 4651, "wmt": 26056, "wmd": 121, "wmv": 14714, "wdn": -16, "wdt": -29, "wdd": 0, "wdv": -7, "tlv": "Wisconsin"}