{"loc": "Saunders", "iso": "US", "l1": "United States", "l2": "Nebraska", "lvl": 3, "pop": 21578, "key": 13736, "isd": true, "ppd": 35.608000000000004, "med": 38.3, "p65": 15.413, "p70": 9.732000000000001, "hos": 2.77, "exp": 78.86, "adr": 0.0, "amn": 158170.0, "amv": 1354464.0, "amd": 741.0, "amt": 2116115.0, "tmn": [0, 0, 0, 0, 2548, 0, 0, 0, 0, 3290, 973, 509, 1112, 509, 0, 0, 1482, 231, 648, 741, 695], "tmv": [2361, 1265, 4095, 4257, 4381, 4544, 5255, 2753, 1460, 3910, 4355, 4594, 4119, 5128, 2996, 1521, 3915, 2663, 347, 0, 0], "tmd": [0, 0, 0, 0, 0, 0, 0, 0, 0, 0, 0, 0, 0, 0, 0, 0, 0, 0, 0, 0, 0], "wmn": 3801, "wmt": 33881, "wmd": 0, "wmv": 11446, "wdn": -41, "wdt": 14, "wdd": 0, "wdv": -57, "tlv": "Nebraska"}