{"loc": "Sauk", "iso": "US", "l1": "United States", "l2": "Wisconsin", "lvl": 3, "pop": 64442, "key": 13735, "isd": true, "ppd": 35.608000000000004, "med": 38.3, "p65": 15.413, "p70": 9.732000000000001, "hos": 2.77, "exp": 78.86, "adr": 1.0, "amn": 93309.0, "amv": 720439.0, "amd": 822.0, "amt": 1412686.0, "tmn": [155, 263, 62, 139, 46, 325, 232, 46, 15, 62, 232, 62, 170, 93, 186, 139, 62, 170, 15, 170, 170], "tmv": [12013, 14052, 10864, 8027, 7863, 7615, 10699, 12037, 10893, 10729, 6600, 5484, 7781, 9092, 10242, 10071, 9169, 6395, 4975, 6773, 8259], "tmd": [0, 0, 0, 0, 16, 0, 0, 0, 0, 0, 0, 0, 0, 0, 0, 16, 0, 0, 0, 0, 0], "wmn": 916, "wmt": 26261, "wmd": 16, "wmv": 55887, "wdn": 34, "wdt": 2, "wdd": 0, "wdv": -11, "tlv": "Wisconsin"}