{"loc": "Sauk", "iso": "US", "l1": "United States", "l2": "Wisconsin", "lvl": 3, "pop": 64442, "key": 13735, "isd": true, "ppd": 35.608000000000004, "med": 38.3, "p65": 15.413, "p70": 9.732000000000001, "hos": 2.77, "exp": 78.86, "adr": 1.0, "amn": 95264.0, "amv": 822034.0, "amd": 838.0, "amt": 1464480.0, "tmn": [62, 170, 15, 170, 170, 139, 155, 248, 155, 0, 124, 124, 186, 77, 139, 15, 0, 93, 124, 217, 155], "tmv": [9169, 6395, 4975, 6773, 8259, 8496, 10027, 6458, 3608, 3001, 5456, 7305, 8515, 7794, 7192, 5713, 4653, 4699, 5814, 5591, 7265], "tmd": [0, 0, 0, 0, 0, 0, 0, 0, 0, 0, 0, 0, 0, 16, 0, 0, 0, 0, 0, 0, 0], "wmn": 745, "wmt": 19043, "wmd": 0, "wmv": 40931, "wdn": -19, "wdt": -19, "wdd": -100, "wdv": -3, "tlv": "Wisconsin"}