{"loc": "Sauk", "iso": "US", "l1": "United States", "l2": "Wisconsin", "lvl": 3, "pop": 64442, "key": 13735, "isd": true, "ppd": 35.608000000000004, "med": 38.3, "p65": 15.413, "p70": 9.732000000000001, "hos": 2.77, "exp": 78.86, "adr": 1.0, "amn": 104109.0, "amv": 1107375.0, "amd": 916.0, "amt": 1675650.0, "tmn": [217, 0, 0, 403, 217, 217, 232, 294, 0, 0, 434, 62, 170, 263, 248, 0, 0, 729, 325, 387, 356], "tmv": [2492, 2548, 2348, 1615, 1875, 1986, 1986, 2786, 3007, 2017, 2605, 1830, 2139, 3106, 3068, 3187, 2953, 1851, 1966, 2813, 0], "tmd": [0, 0, 0, 0, 0, 0, 0, 0, 0, 0, 0, 0, 0, 0, 0, 0, 0, 0, 16, 0, 0], "wmn": 2049, "wmt": 24385, "wmd": 16, "wmv": 15842, "wdn": 67, "wdt": 15, "wdd": 0, "wdv": -9, "tlv": "Wisconsin"}