{"loc": "Scioto", "iso": "US", "l1": "United States", "l2": "Ohio", "lvl": 3, "pop": 75314, "key": 13749, "isd": true, "ppd": 35.608000000000004, "med": 38.3, "p65": 15.413, "p70": 9.732000000000001, "hos": 2.77, "exp": 78.86, "adr": 2.0, "amn": 82455.0, "amv": 466304.0, "amd": 1275.0, "amt": 939306.0, "tmn": [252, 92, 119, 119, 66, 159, 106, 132, 26, 66, 79, 79, 79, 146, 39, 66, 0, 92, 172, 79, 199], "tmv": [8875, 13887, 4118, 6135, 5026, 6980, 8171, 7842, 9493, 9226, 6156, 5181, 6849, 8594, 10257, 10611, 9961, 7133, 5431, 8106, 10192], "tmd": [0, 0, 0, 0, 0, 0, 0, 0, 0, 0, 0, 0, 0, 0, 0, 0, 0, 0, 0, 0, 0], "wmn": 651, "wmt": 18244, "wmd": 0, "wmv": 61695, "wdn": 7, "wdt": -3, "wdd": 0, "wdv": 16, "tlv": "Ohio"}