{"loc": "Schoharie", "iso": "US", "l1": "United States", "l2": "New York", "lvl": 3, "pop": 30999, "key": 13743, "isd": true, "ppd": 35.608000000000004, "med": 38.3, "p65": 15.413, "p70": 9.732000000000001, "hos": 2.77, "exp": 78.86, "adr": 1.0, "amn": 58583.0, "amv": 1086287.0, "amd": 613.0, "amt": 3253789.0, "tmn": [161, 96, 96, 193, 32, 0, 129, 129, 193, 129, 225, 129, 290, 193, 161, 258, 193, 96, 96, 64, 64], "tmv": [2155, 2600, 2160, 2477, 1419, 1374, 2201, 2622, 2492, 2548, 2348, 1615, 1875, 1986, 1986, 2786, 3007, 2017, 2605, 1830, 0], "tmd": [0, 0, 0, 0, 0, 0, 0, 0, 0, 0, 0, 0, 0, 0, 0, 0, 0, 0, 0, 0, 0], "wmn": 936, "wmt": 48513, "wmd": 0, "wmv": 14234, "wdn": -28, "wdt": 12, "wdd": 0, "wdv": -8, "tlv": "New York"}