{"loc": "Schleicher", "iso": "US", "l1": "United States", "l2": "Texas", "lvl": 3, "pop": 2793, "key": 13740, "isd": true, "ppd": 35.608000000000004, "med": 38.3, "p65": 15.413, "p70": 9.732000000000001, "hos": 2.77, "exp": 78.86, "adr": 2.0, "amn": 101683.0, "amv": 1091533.0, "amd": 2506.0, "amt": 981026.0, "tmn": [0, 716, 358, 0, 1074, 0, 358, 716, 716, 0, 358, -1432, 1432, 716, 0, 358, 0, 0, 1790, 1790, 716], "tmv": [2600, 2160, 2477, 1419, 1374, 2201, 2622, 2492, 2548, 2348, 1615, 1875, 1986, 1986, 2786, 3007, 2017, 2605, 1830, 2139, 3106], "tmd": [0, 0, 0, 0, 0, 0, 0, 0, 0, 0, 0, 0, 0, 0, 359, 0, 0, 0, 0, 0, 0], "wmn": 4655, "wmt": 21598, "wmd": 359, "wmv": 17494, "wdn": 86, "wdt": 25, "wdd": 0, "wdv": 18, "tlv": "Texas"}