{"loc": "Scioto", "iso": "US", "l1": "United States", "l2": "Ohio", "lvl": 3, "pop": 75314, "key": 13749, "isd": true, "ppd": 35.608000000000004, "med": 38.3, "p65": 15.413, "p70": 9.732000000000001, "hos": 2.77, "exp": 78.86, "adr": 2.0, "amn": 84141.0, "amv": 700431.0, "amd": 1341.0, "amt": 1048008.0, "tmn": [106, 53, 79, 66, 53, 53, 92, 39, 66, 119, 79, 39, 13, 66, 159, 92, 159, 0, 79, 13, 53], "tmv": [4262, 8755, 10329, 12013, 14052, 10864, 8027, 7863, 7615, 10699, 12037, 10893, 10729, 6600, 5484, 7781, 9092, 10242, 10071, 9169, 6395], "tmd": [0, 0, 0, 0, 0, 0, 0, 0, 0, 0, 0, 0, 0, 0, 0, 0, 0, 0, 0, 0, 0], "wmn": 558, "wmt": 59119, "wmd": 0, "wmv": 58238, "wdn": 31, "wdt": 215, "wdd": 0, "wdv": -12, "tlv": "Ohio"}