{"loc": "Schoharie", "iso": "US", "l1": "United States", "l2": "New York", "lvl": 3, "pop": 30999, "key": 13743, "isd": true, "ppd": 35.608000000000004, "med": 38.3, "p65": 15.413, "p70": 9.732000000000001, "hos": 2.77, "exp": 78.86, "adr": 1.0, "amn": 37840.0, "amv": 191493.0, "amd": 387.0, "amt": 1881589.0, "tmn": [322, 64, 64, 129, 161, 483, 96, 161, 258, 64, 193, 354, 225, 258, 129, 225, 354, 354, 193, 258, 161], "tmv": [1695, 3330, 4023, 4903, 6734, 6595, 3662, 2393, 4746, 4917, 6132, 6772, 6806, 0, 0, 3221, 4419, 5606, 5173, 5466, 0], "tmd": [0, 33, 0, 0, 0, 0, 0, 0, 0, 0, 33, 33, 0, 0, 0, 0, 0, 0, 0, 0, 33], "wmn": 1678, "wmt": 71255, "wmd": 33, "wmv": 23888, "wdn": 11, "wdt": -9, "wdd": -50, "wdv": -25, "tlv": "New York"}