{"loc": "Scott", "iso": "US", "l1": "United States", "l2": "Iowa", "lvl": 3, "pop": 172943, "key": 13756, "isd": true, "ppd": 35.608000000000004, "med": 38.3, "p65": 15.413, "p70": 9.732000000000001, "hos": 2.77, "exp": 78.86, "adr": 1.0, "amn": 106602.0, "amv": 511713.0, "amd": 1347.0, "amt": 438234.0, "tmn": [127, 219, 167, 144, 109, 202, 289, 398, 780, 300, 219, 86, 219, 265, 398, 624, 364, 323, 98, 231, 514], "tmv": [6980, 8171, 7842, 9493, 9226, 6156, 5181, 6849, 8594, 10257, 10611, 9961, 7133, 5431, 8106, 10192, 12065, 12389, 10214, 6477, 4262], "tmd": [12, 12, 0, 6, 0, 0, 0, 0, 6, 0, 6, 0, 0, 0, 0, 6, 0, 29, 0, 0, 6], "wmn": 2556, "wmt": 4808, "wmd": 41, "wmv": 63709, "wdn": 12, "wdt": 8, "wdd": 250, "wdv": 8, "tlv": "Iowa"}