{"loc": "Scotland", "iso": "GB", "l1": "United Kingdom", "l2": "Scotland", "lvl": 2, "pop": 5463300, "key": 13752, "isd": true, "ppd": 272.89799999999997, "med": 40.8, "p65": 18.517, "p70": 12.527000000000001, "hos": 2.54, "exp": 81.32, "adr": 3.0, "amn": 41975.0, "amv": 825192.0, "amd": 1403.0, "amt": 2435878.0, "tmn": [32, 25, 24, 37, 32, 34, 32, 26, 24, 25, 15, 51, 43, 41, 36, 30, 43, 63, 49, 39, 75], "tmv": [5015, 5824, 7300, 8794, 9046, 8357, 7593, 3871, 2947, 5666, 8003, 8963, 8821, 8954, 4239, 5109, 7148, 9378, 9388, 8602, 0], "tmd": [1, 0, 1, 1, 1, 0, 1, 0, 0, 0, 0, 0, 1, 0, 0, 0, 0, 0, 1, 1, 0], "wmn": 339, "wmt": 61484, "wmd": 1, "wmv": 43867, "wdn": 49, "wdt": -33, "wdd": 200, "wdv": -7, "tlv": "United Kingdom"}