{"loc": "Scotland", "iso": "US", "l1": "United States", "l2": "North Carolina", "lvl": 3, "pop": 34823, "key": 13751, "isd": true, "ppd": 35.608000000000004, "med": 38.3, "p65": 15.413, "p70": 9.732000000000001, "hos": 2.77, "exp": 78.86, "adr": 2.0, "amn": 123395.0, "amv": 0.0, "amd": 2671.0, "amt": 1261205.0, "tmn": [287, 258, 0, 0, 746, 459, 488, 545, 229, 0, 0, 832, 315, 631, 545, 603, 0, 0, 1493, 488, 631], "tmv": [0, 0, 0, 0, 0, 0, 0, 0, 0, 0, 0, 0, 0, 0, 0, 0, 0, 0, 0, 0, 0], "tmd": [0, 0, 0, 0, 0, 0, 0, 0, 0, 0, 0, 0, 0, 58, 0, 0, 0, 0, 0, 58, 0], "wmn": 3762, "wmt": 18851, "wmd": 58, "wmv": 0, "wdn": 47, "wdt": 18, "wdd": 0, "wdv": 0, "tlv": "North Carolina"}