{"loc": "Scott", "iso": "US", "l1": "United States", "l2": "Iowa", "lvl": 3, "pop": 172943, "key": 13756, "isd": true, "ppd": 35.608000000000004, "med": 38.3, "p65": 15.413, "p70": 9.732000000000001, "hos": 2.77, "exp": 78.86, "adr": 1.0, "amn": 117623.0, "amv": 1003454.0, "amd": 1440.0, "amt": 474990.0, "tmn": [40, 34, 17, 5, 0, 5, 11, 5, 0, 5, 11, 34, -11, 28, 17, 34, 11, 11, 17, 11, 5], "tmv": [3766, 3121, 6234, 3276, 3244, 2575, 1851, 1965, 1967, 2474, 1554, 2803, 3655, 3299, 2241, 4154, 4949, 1994, 3524, 1923, 0], "tmd": [0, 6, 0, 0, 6, 0, 0, 0, 0, 0, 0, 0, 6, 0, 0, 0, 0, 0, 0, 0, 0], "wmn": 110, "wmt": 1631, "wmd": 0, "wmv": 18788, "wdn": 46, "wdt": -12, "wdd": -100, "wdv": 6, "tlv": "Iowa"}