{"loc": "Scott", "iso": "US", "l1": "United States", "l2": "Illinois", "lvl": 3, "pop": 4951, "key": 13754, "isd": true, "ppd": 35.608000000000004, "med": 38.3, "p65": 15.413, "p70": 9.732000000000001, "hos": 2.77, "exp": 78.86, "adr": 1.0, "amn": 140780.0, "amv": 1179384.0, "amd": 1010.0, "amt": 2449729.0, "tmn": [0, 0, 0, 807, 201, 403, 403, 0, 0, 1211, 403, 201, 0, 201, 0, 0, 605, 201, 807, 0, 0], "tmv": [2950, 0, 0, 0, 2913, 2024, 2876, 2739, 2336, 1790, 1886, 2554, 2257, 2903, 2781, 2047, 1978, 1647, 2163, 995, 2262], "tmd": [0, 0, 0, 0, 0, 0, 0, 0, 0, 202, 202, 0, 0, 0, 0, 0, 0, 0, 0, 0, 0], "wmn": 1616, "wmt": 57941, "wmd": 0, "wmv": 13878, "wdn": -20, "wdt": 10, "wdd": -100, "wdv": -16, "tlv": "Illinois"}