{"loc": "Scott", "iso": "US", "l1": "United States", "l2": "Minnesota", "lvl": 3, "pop": 149013, "key": 13759, "isd": true, "ppd": 35.608000000000004, "med": 38.3, "p65": 15.413, "p70": 9.732000000000001, "hos": 2.77, "exp": 78.86, "adr": 1.0, "amn": 117909.0, "amv": 996012.0, "amd": 933.0, "amt": 1673598.0, "tmn": [-6, 26, 26, 20, 6, 26, 0, 13, 6, 6, 6, 6, 26, 13, 40, 0, -6, 13, 0, 0, 20], "tmv": [4865, 3672, 4016, 3766, 3121, 6234, 3276, 3244, 2575, 1851, 1965, 1967, 2474, 1554, 2803, 3655, 3299, 2241, 4154, 4949, 0], "tmd": [7, 7, 0, 0, 7, 0, 0, 0, 7, 7, 0, 7, 0, 0, 0, 0, 0, 0, 0, 0, 7], "wmn": 68, "wmt": 10993, "wmd": 7, "wmv": 21104, "wdn": -17, "wdt": -4, "wdd": -67, "wdv": 35, "tlv": "Minnesota"}