{"loc": "Scott", "iso": "US", "l1": "United States", "l2": "Minnesota", "lvl": 3, "pop": 149013, "key": 13759, "isd": true, "ppd": 35.608000000000004, "med": 38.3, "p65": 15.413, "p70": 9.732000000000001, "hos": 2.77, "exp": 78.86, "adr": 1.0, "amn": 100656.0, "amv": 500973.0, "amd": 765.0, "amt": 1380371.0, "tmn": [308, 167, 395, 751, 167, 308, 194, 322, 181, 348, 577, 355, 530, 241, 449, 382, 556, 704, 791, 530, 0], "tmv": [6135, 5026, 6980, 8171, 7842, 9493, 9226, 6156, 5181, 6849, 8594, 10257, 10611, 9961, 7133, 5431, 8106, 10192, 12065, 12389, 10214], "tmd": [0, 0, 0, 7, 7, 0, 0, 0, 0, 0, 0, 7, 0, 0, 0, 0, 7, 0, 7, 7, 0], "wmn": 3416, "wmt": 32340, "wmd": 21, "wmv": 65534, "wdn": 34, "wdt": 3, "wdd": 200, "wdv": 14, "tlv": "Minnesota"}