{"loc": "Scott", "iso": "US", "l1": "United States", "l2": "Minnesota", "lvl": 3, "pop": 149013, "key": 13759, "isd": true, "ppd": 35.608000000000004, "med": 38.3, "p65": 15.413, "p70": 9.732000000000001, "hos": 2.77, "exp": 78.86, "adr": 1.0, "amn": 88489.0, "amv": 207226.0, "amd": 718.0, "amt": 1217617.0, "tmn": [194, 228, 67, 234, 127, 214, 181, 301, 228, 181, 221, 147, 335, 248, 248, 194, 53, 154, 100, 268, 181], "tmv": [6734, 6595, 3662, 2393, 4746, 4917, 6132, 6772, 6806, 0, 0, 3221, 4419, 5606, 5173, 5466, 3298, 2593, 4349, 5491, 0], "tmd": [0, 0, 0, 0, 0, 0, 7, 0, 0, 0, 0, 0, 0, 0, 0, 0, 0, 0, 21, 0, 0], "wmn": 1202, "wmt": 29421, "wmd": 21, "wmv": 26374, "wdn": -28, "wdt": 0, "wdd": 0, "wdv": -2, "tlv": "Minnesota"}