{"loc": "Scott", "iso": "US", "l1": "United States", "l2": "Missouri", "lvl": 3, "pop": 38280, "key": 13761, "isd": true, "ppd": 35.608000000000004, "med": 38.3, "p65": 15.413, "p70": 9.732000000000001, "hos": 2.77, "exp": 78.86, "adr": 2.0, "amn": 136546.0, "amv": 1074040.0, "amd": 2351.0, "amt": 1021955.0, "tmn": [208, 0, 156, 78, 835, 339, 574, 574, 261, 78, 496, 679, 444, 496, 470, 992, 235, 365, 1149, 966, 862], "tmv": [2051, 2364, 1193, 1200, 2288, 2155, 2600, 2160, 2477, 1419, 1374, 2201, 2622, 2492, 2548, 2348, 1615, 1875, 1986, 1986, 0], "tmd": [0, 0, 0, 0, 0, 0, 0, 0, 0, 0, 0, 27, 0, 0, 0, 0, 0, 0, 0, 27, 0], "wmn": 5042, "wmt": 18254, "wmd": 27, "wmv": 12361, "wdn": 66, "wdt": -6, "wdd": 0, "wdv": -16, "tlv": "Missouri"}