{"loc": "Scott", "iso": "US", "l1": "United States", "l2": "Virginia", "lvl": 3, "pop": 21566, "key": 13763, "isd": true, "ppd": 35.608000000000004, "med": 38.3, "p65": 15.413, "p70": 9.732000000000001, "hos": 2.77, "exp": 78.86, "adr": 2.0, "amn": 142400.0, "amv": 1242734.0, "amd": 3524.0, "amt": 1138588.0, "tmn": [1251, 695, 0, 0, 3014, 741, 881, 370, 510, 0, 0, 0, 1669, 1808, 1159, 788, 0, 0, 2179, 556, 973], "tmv": [2784, 2570, 2833, 3777, 2988, 2423, 2905, 2661, 3390, 3489, 0, 0, 0, 2411, 3257, 3418, 2659, 2485, 1614, 1945, 0], "tmd": [0, 47, 0, 0, 0, 47, 0, 0, 0, 0, 0, 0, 0, 0, 93, 47, 0, 0, 0, 0, 47], "wmn": 5658, "wmt": 17499, "wmd": 186, "wmv": 15382, "wdn": 30, "wdt": -3, "wdd": 0, "wdv": 29, "tlv": "Virginia"}