{"loc": "Sebastian", "iso": "US", "l1": "United States", "l2": "Arkansas", "lvl": 3, "pop": 127827, "key": 13768, "isd": true, "ppd": 35.608000000000004, "med": 38.3, "p65": 15.413, "p70": 9.732000000000001, "hos": 2.77, "exp": 78.86, "adr": 2.0, "amn": 175933.0, "amv": 1283911.0, "amd": 2981.0, "amt": 1355816.0, "tmn": [234, 430, 305, 242, 234, 86, 258, 140, 195, 273, 179, 93, 62, 250, 93, 140, 281, 265, 109, 125, 297], "tmv": [2552, 2575, 2955, 1399, 770, 2354, 2306, 2307, 2345, 3781, 2315, 1328, 4158, 4126, 4122, 3797, 3784, 1119, 91, 0, 0], "tmd": [8, 16, 8, 0, 0, 0, 47, 16, 8, 0, 8, 0, 0, 16, 0, 0, 0, 8, 0, 8, 16], "wmn": 1315, "wmt": 11079, "wmd": 32, "wmv": 12915, "wdn": 10, "wdt": -5, "wdd": -33, "wdv": -37, "tlv": "Arkansas"}