{"loc": "Scott", "iso": "US", "l1": "United States", "l2": "Virginia", "lvl": 3, "pop": 21566, "key": 13763, "isd": true, "ppd": 35.608000000000004, "med": 38.3, "p65": 15.413, "p70": 9.732000000000001, "hos": 2.77, "exp": 78.86, "adr": 2.0, "amn": 155940.0, "amv": 1354464.0, "amd": 3849.0, "amt": 1203292.0, "tmn": [0, 0, 1112, 602, 417, 278, 649, 0, 0, 602, 463, 139, 370, 139, 0, 0, 788, 881, 1066, 2272, 46], "tmv": [2361, 1265, 4095, 4257, 4381, 4544, 5255, 2753, 1460, 3910, 4355, 4594, 4119, 5128, 2996, 1521, 3915, 2663, 347, 0, 0], "tmd": [0, 0, 47, 47, 0, 0, 0, 0, 0, 47, 0, 93, 0, 47, 0, 0, 47, 0, 0, 0, 0], "wmn": 5055, "wmt": 14660, "wmd": 47, "wmv": 11446, "wdn": 195, "wdt": -1, "wdd": -75, "wdv": -57, "tlv": "Virginia"}