{"loc": "Sebastian", "iso": "US", "l1": "United States", "l2": "Arkansas", "lvl": 3, "pop": 127827, "key": 13768, "isd": true, "ppd": 35.608000000000004, "med": 38.3, "p65": 15.413, "p70": 9.732000000000001, "hos": 2.77, "exp": 78.86, "adr": 2.0, "amn": 124027.0, "amv": 1016621.0, "amd": 2253.0, "amt": 1052767.0, "tmn": [93, 23, 0, 0, 140, 117, 164, 132, 54, 0, 0, 226, 31, 156, 179, 148, 0, 0, 344, 406, 445], "tmv": [2474, 1554, 2803, 3655, 3299, 2241, 4154, 4949, 1994, 3524, 1923, 0, 0, 1326, 2107, 1883, 1818, 1779, 1363, 1036, 0], "tmd": [0, 0, 0, 0, 8, 0, 0, 0, 0, 0, 0, 0, 0, 0, 0, 8, 0, 0, 0, -7, 8], "wmn": 1526, "wmt": 4604, "wmd": 8, "wmv": 9989, "wdn": 153, "wdt": -36, "wdd": 0, "wdv": -27, "tlv": "Arkansas"}