{"loc": "Sebastian", "iso": "US", "l1": "United States", "l2": "Arkansas", "lvl": 3, "pop": 127827, "key": 13768, "isd": true, "ppd": 35.608000000000004, "med": 38.3, "p65": 15.413, "p70": 9.732000000000001, "hos": 2.77, "exp": 78.86, "adr": 2.0, "amn": 122087.0, "amv": 998006.0, "amd": 2245.0, "amt": 1039042.0, "tmn": [7, 39, 46, 54, 46, 70, 78, 31, 0, 172, 62, 93, 23, 0, 0, 140, 117, 164, 132, 54, 0], "tmv": [3672, 4016, 3766, 3121, 6234, 3276, 3244, 2575, 1851, 1965, 1967, 2474, 1554, 2803, 3655, 3299, 2241, 4154, 4949, 1994, 0], "tmd": [0, 0, 8, 0, 0, 0, 0, 0, 0, 0, 8, 0, 0, 0, 0, 8, 0, 0, 0, 0, 0], "wmn": 611, "wmt": 7191, "wmd": 8, "wmv": 20295, "wdn": 59, "wdt": 32, "wdd": 0, "wdv": 34, "tlv": "Arkansas"}