{"loc": "Scott", "iso": "US", "l1": "United States", "l2": "Virginia", "lvl": 3, "pop": 21566, "key": 13763, "isd": true, "ppd": 35.608000000000004, "med": 38.3, "p65": 15.413, "p70": 9.732000000000001, "hos": 2.77, "exp": 78.86, "adr": 3.0, "amn": 124687.0, "amv": 1187231.0, "amd": 3153.0, "amt": 1081421.0, "tmn": [1205, 417, 1669, 0, 0, 2457, 881, 927, 1298, 788, 0, 0, 2040, 834, 788, 1020, 741, 0, 0, 2132, 510], "tmv": [2913, 2024, 2876, 2739, 2336, 1790, 1886, 2554, 2257, 2903, 2781, 2047, 1978, 1647, 2163, 995, 2262, 2445, 2251, 1671, 1480], "tmd": [47, 0, 0, 0, 0, 47, 0, 0, 0, 0, 0, 0, 0, 47, 0, 0, 0, 0, 0, 0, 0], "wmn": 5194, "wmt": 20806, "wmd": 0, "wmv": 13270, "wdn": -12, "wdt": -3, "wdd": -100, "wdv": -18, "tlv": "Virginia"}