{"loc": "Scott", "iso": "US", "l1": "United States", "l2": "Missouri", "lvl": 3, "pop": 38280, "key": 13761, "isd": true, "ppd": 35.608000000000004, "med": 38.3, "p65": 15.413, "p70": 9.732000000000001, "hos": 2.77, "exp": 78.86, "adr": 2.0, "amn": 99687.0, "amv": 207226.0, "amd": 1985.0, "amt": 726554.0, "tmn": [313, 313, 26, 78, 182, 182, 104, 235, 0, 182, 78, 52, 444, 287, 0, 26, 26, 78, 182, 52, 208], "tmv": [6734, 6595, 3662, 2393, 4746, 4917, 6132, 6772, 6806, 0, 0, 3221, 4419, 5606, 5173, 5466, 3298, 2593, 4349, 5491, 0], "tmd": [0, 0, 0, 0, 27, 53, 0, 0, 0, 0, 0, 0, 0, -26, 0, 0, 0, 53, 0, 27, 0], "wmn": 575, "wmt": 14038, "wmd": 79, "wmv": 26374, "wdn": -55, "wdt": 39, "wdd": -400, "wdv": -2, "tlv": "Missouri"}