{"loc": "Seminole", "iso": "US", "l1": "United States", "l2": "Florida", "lvl": 3, "pop": 471826, "key": 13772, "isd": true, "ppd": 35.608000000000004, "med": 38.3, "p65": 15.413, "p70": 9.732000000000001, "hos": 2.77, "exp": 78.86, "adr": 2.0, "amn": 64452.0, "amv": 490759.0, "amd": 992.0, "amt": 1092051.0, "tmn": [197, 133, 152, 194, 207, 241, 180, 222, 137, 218, 222, 250, 275, 286, 207, 137, 294, 205, 216, 315, 226], "tmv": [4118, 6135, 5026, 6980, 8171, 7842, 9493, 9226, 6156, 5181, 6849, 8594, 10257, 10611, 9961, 7133, 5431, 8106, 10192, 12065, 12389], "tmd": [0, 7, 0, 0, 3, 0, 0, 0, 0, 0, 3, 28, -4, 5, 0, 7, 0, 0, 5, 0, 0], "wmn": 1605, "wmt": 18701, "wmd": 11, "wmv": 65281, "wdn": -1, "wdt": -115, "wdd": -64, "wdv": 15, "tlv": "Florida"}