{"loc": "Seminole", "iso": "US", "l1": "United States", "l2": "Oklahoma", "lvl": 3, "pop": 24258, "key": 13774, "isd": true, "ppd": 35.608000000000004, "med": 38.3, "p65": 15.413, "p70": 9.732000000000001, "hos": 2.77, "exp": 78.86, "adr": 2.0, "amn": 116704.0, "amv": 556863.0, "amd": 2803.0, "amt": 970132.0, "tmn": [0, 0, 0, 700, 0, 0, 0, 0, 0, 0, 577, 0, 0, 0, 0, 0, 0, 577, 0, 0, 0], "tmv": [9226, 6156, 5181, 6849, 8594, 10257, 10611, 9961, 7133, 5431, 8106, 10192, 12065, 12389, 10214, 6477, 4262, 8755, 10329, 12013, 14052], "tmd": [0, 0, 0, 0, 0, 0, 0, 0, 0, 0, 0, 0, 0, 0, 0, 0, 0, 1031, 0, 0, 0], "wmn": 578, "wmt": 13081, "wmd": 1031, "wmv": 66105, "wdn": 0, "wdt": 2, "wdd": 0, "wdv": 1, "tlv": "Oklahoma"}