{"loc": "Sedgwick", "iso": "US", "l1": "United States", "l2": "Kansas", "lvl": 3, "pop": 516042, "key": 13770, "isd": true, "ppd": 35.608000000000004, "med": 38.3, "p65": 15.413, "p70": 9.732000000000001, "hos": 2.77, "exp": 78.86, "adr": 1.0, "amn": 148918.0, "amv": 1197969.0, "amd": 1814.0, "amt": 601752.0, "tmn": [1430, 0, 1744, 0, 1480, 0, 0, 1313, 0, 1164, 0, 1329, 0, 0, 1100, 0, 1003, 0, 1090, 0, 0], "tmv": [1790, 1886, 2554, 2257, 2903, 2781, 2047, 1978, 1647, 2163, 995, 2262, 2445, 2251, 1671, 0, 0, 2784, 2570, 2833, 0], "tmd": [0, 0, 6, 0, 32, 0, 0, 33, 0, 0, 0, 14, 0, 0, 18, 0, 4, 0, 8, 0, 0], "wmn": 3196, "wmt": 8303, "wmd": 30, "wmv": 9860, "wdn": -16, "wdt": -11, "wdd": -38, "wdv": -28, "tlv": "Kansas"}