{"loc": "Seneca", "iso": "US", "l1": "United States", "l2": "Ohio", "lvl": 3, "pop": 55178, "key": 13776, "isd": true, "ppd": 35.608000000000004, "med": 38.3, "p65": 15.413, "p70": 9.732000000000001, "hos": 2.77, "exp": 78.86, "adr": 2.0, "amn": 131592.0, "amv": 1242734.0, "amd": 2610.0, "amt": 1443266.0, "tmn": [434, 598, 434, 271, 906, 743, 289, 761, 598, 489, 797, 271, 616, 888, 670, 598, 326, 163, 271, 453, 507], "tmv": [2784, 2570, 2833, 3777, 2988, 2423, 2905, 2661, 3390, 3489, 0, 0, 0, 2411, 3257, 3418, 2659, 2485, 1614, 1945, 0], "tmd": [19, 0, 0, 0, 0, 0, 0, 0, 0, 0, 0, 0, 0, 0, 0, 0, 0, 0, 0, 0, 0], "wmn": 2991, "wmt": 19276, "wmd": 0, "wmv": 15382, "wdn": -32, "wdt": -14, "wdd": 0, "wdv": 29, "tlv": "Ohio"}