{"loc": "Seneca", "iso": "US", "l1": "United States", "l2": "Ohio", "lvl": 3, "pop": 55178, "key": 13776, "isd": true, "ppd": 35.608000000000004, "med": 38.3, "p65": 15.413, "p70": 9.732000000000001, "hos": 2.77, "exp": 78.86, "adr": 2.0, "amn": 97104.0, "amv": 1014221.0, "amd": 2320.0, "amt": 1177849.0, "tmn": [-18, 18, 0, 18, 0, 0, 18, 0, 0, 0, 0, 0, 18, 0, 0, 18, 0, 36, 18, 18, 0], "tmv": [1851, 1965, 1967, 2474, 1554, 2803, 3655, 3299, 2241, 4154, 4949, 1994, 3524, 1923, 0, 0, 1326, 2107, 1883, 1818, 1779], "tmd": [0, 0, 0, 0, 0, 0, 0, 0, 0, 0, 0, 0, 0, 0, 0, 0, 0, 0, 0, 0, 0], "wmn": 91, "wmt": 7244, "wmd": 0, "wmv": 8916, "wdn": 400, "wdt": -12, "wdd": 0, "wdv": -60, "tlv": "Ohio"}