{"loc": "Sedgwick", "iso": "US", "l1": "United States", "l2": "Kansas", "lvl": 3, "pop": 516042, "key": 13770, "isd": true, "ppd": 35.608000000000004, "med": 38.3, "p65": 15.413, "p70": 9.732000000000001, "hos": 2.77, "exp": 78.86, "adr": 1.0, "amn": 140434.0, "amv": 1160346.0, "amd": 1707.0, "amt": 580473.0, "tmn": [1406, 0, 0, 1249, 0, 1738, 0, 2104, 0, 0, 0, 0, 2461, 0, 2085, 0, 0, 1430, 0, 1744, 0], "tmv": [3250, 3257, 2889, 2103, 1988, 3241, 2538, 4249, 2950, 0, 0, 0, 2913, 2024, 2876, 2739, 2336, 1790, 1886, 2554, 0], "tmd": [2, 0, 0, 4, 0, 2, 0, 22, 0, 0, 0, 0, 8, 0, 32, 0, 0, 0, 0, 6, 0], "wmn": 5260, "wmt": 12424, "wmd": 37, "wmv": 14183, "wdn": 15, "wdt": 19, "wdd": 27, "wdv": 17, "tlv": "Kansas"}