{"loc": "Sedgwick", "iso": "US", "l1": "United States", "l2": "Kansas", "lvl": 3, "pop": 516042, "key": 13770, "isd": true, "ppd": 35.608000000000004, "med": 38.3, "p65": 15.413, "p70": 9.732000000000001, "hos": 2.77, "exp": 78.86, "adr": 1.0, "amn": 149757.0, "amv": 1204735.0, "amd": 1814.0, "amt": 603723.0, "tmn": [1744, 0, 1480, 0, 0, 1313, 0, 1164, 0, 1329, 0, 0, 1100, 0, 1003, 0, 1090, 0, 0, 839, 0], "tmv": [2554, 2257, 2903, 2781, 2047, 1978, 1647, 2163, 995, 2262, 2445, 2251, 1671, 0, 0, 2784, 2570, 2833, 3777, 2988, 0], "tmd": [6, 0, 32, 0, 0, 33, 0, 0, 0, 14, 0, 0, 18, 0, 4, 0, 8, 0, 0, 0, 0], "wmn": 2934, "wmt": 7713, "wmd": 12, "wmv": 14955, "wdn": -18, "wdt": -13, "wdd": -62, "wdv": 27, "tlv": "Kansas"}