{"loc": "Sedgwick", "iso": "US", "l1": "United States", "l2": "Kansas", "lvl": 3, "pop": 516042, "key": 13770, "isd": true, "ppd": 35.608000000000004, "med": 38.3, "p65": 15.413, "p70": 9.732000000000001, "hos": 2.77, "exp": 78.86, "adr": 1.0, "amn": 132714.0, "amv": 1136653.0, "amd": 1663.0, "amt": 561869.0, "tmn": [0, 0, 1709, 0, 0, 0, 819, 1625, 0, 1406, 0, 0, 1249, 0, 1738, 0, 2104, 0, 0, 0, 0], "tmv": [2139, 3106, 3068, 3187, 2953, 1851, 1966, 2813, 2807, 3250, 3257, 2889, 2103, 1988, 3241, 2538, 4249, 2950, 0, 0, 0], "tmd": [0, 0, 26, 0, 0, 0, 0, 10, 0, 2, 0, 0, 4, 0, 2, 0, 22, 0, 0, 0, 0], "wmn": 3843, "wmt": 9111, "wmd": 24, "wmv": 12982, "wdn": -10, "wdt": -31, "wdd": 50, "wdv": -32, "tlv": "Kansas"}