{"loc": "Seneca", "iso": "US", "l1": "United States", "l2": "New York", "lvl": 3, "pop": 34016, "key": 13775, "isd": true, "ppd": 35.608000000000004, "med": 38.3, "p65": 15.413, "p70": 9.732000000000001, "hos": 2.77, "exp": 78.86, "adr": 3.0, "amn": 56473.0, "amv": 705407.0, "amd": 1646.0, "amt": 2600641.0, "tmn": [146, 146, 117, 293, 146, 88, 205, 117, 264, 352, 146, 58, 0, 117, 235, 146, 29, 88, 0, 235, 205], "tmv": [10329, 12013, 14052, 10864, 8027, 7863, 7615, 10699, 12037, 10893, 10729, 6600, 5484, 7781, 9092, 10242, 10071, 9169, 6395, 4975, 0], "tmd": [0, 0, 0, 0, 0, 0, 0, 0, 0, 0, 0, 0, 0, 0, 0, 0, 0, 0, 0, 0, 0], "wmn": 941, "wmt": 70292, "wmd": 0, "wmv": 49947, "wdn": -11, "wdt": -8, "wdd": 0, "wdv": -22, "tlv": "New York"}