{"loc": "Sevier", "iso": "US", "l1": "United States", "l2": "Tennessee", "lvl": 3, "pop": 98250, "key": 13786, "isd": true, "ppd": 35.608000000000004, "med": 38.3, "p65": 15.413, "p70": 9.732000000000001, "hos": 2.77, "exp": 78.86, "adr": 1.0, "amn": 175410.0, "amv": 1141226.0, "amd": 2036.0, "amt": 1344597.0, "tmn": [824, 997, 0, 0, 3073, 335, 0, 1648, 783, 0, 0, 3287, 1272, 1455, 458, 417, 0, 0, 0, 5547, 1160], "tmv": [3106, 3068, 3187, 2953, 1851, 1966, 2813, 2807, 3250, 3257, 2889, 2103, 1988, 3241, 2538, 4249, 2950, 0, 0, 0, 0], "tmd": [11, 31, 0, 0, 0, 0, 0, 41, 11, 0, 0, 11, 0, 0, 0, 31, 0, 0, 0, 11, 0], "wmn": 7583, "wmt": 9619, "wmd": 41, "wmv": 9740, "wdn": -10, "wdt": -69, "wdd": -33, "wdv": -50, "tlv": "Tennessee"}