{"loc": "Sevier", "iso": "US", "l1": "United States", "l2": "Arkansas", "lvl": 3, "pop": 17007, "key": 13785, "isd": true, "ppd": 35.608000000000004, "med": 38.3, "p65": 15.413, "p70": 9.732000000000001, "hos": 2.77, "exp": 78.86, "adr": 1.0, "amn": 180044.0, "amv": 0.0, "amd": 1470.0, "amt": 1130041.0, "tmn": [411, 411, 293, 117, 117, 293, 235, 235, 587, 529, 293, 235, 411, 293, 764, 881, 646, 293, 352, 1175, 1646], "tmv": [0, 0, 0, 0, 0, 0, 0, 0, 0, 0, 0, 0, 0, 0, 0, 0, 0, 0, 0, 0, 0], "tmd": [0, 0, 0, 0, 0, 0, 0, 0, 0, 0, 59, 0, 0, 0, 0, 0, 0, 0, 0, 0, 0], "wmn": 5763, "wmt": 19362, "wmd": 0, "wmv": 0, "wdn": 123, "wdt": -1, "wdd": -100, "wdv": 0, "tlv": "Arkansas"}