{"loc": "Sequoyah", "iso": "US", "l1": "United States", "l2": "Oklahoma", "lvl": 3, "pop": 41569, "key": 13780, "isd": true, "ppd": 35.608000000000004, "med": 38.3, "p65": 15.413, "p70": 9.732000000000001, "hos": 2.77, "exp": 78.86, "adr": 1.0, "amn": 98896.0, "amv": 752032.0, "amd": 1227.0, "amt": 1017938.0, "tmn": [0, 0, 0, 0, 0, 0, 120, 0, 0, 0, 0, 0, 0, 336, 0, 0, 0, 0, 0, 0, 312], "tmv": [10699, 12037, 10893, 10729, 6600, 5484, 7781, 9092, 10242, 10071, 9169, 6395, 4975, 6773, 8259, 8496, 10027, 6458, 3608, 3001, 0], "tmd": [0, 0, 0, 0, 0, 0, 0, 0, 0, 0, 0, 0, 0, 25, 0, 0, 0, 0, 0, 0, 25], "wmn": 313, "wmt": 10254, "wmd": 25, "wmv": 39852, "wdn": -7, "wdt": -11, "wdd": 0, "wdv": -30, "tlv": "Oklahoma"}