{"loc": "Shahid Bhagat Singh Nagar", "iso": "IN", "l1": "India", "l2": "Punjab", "lvl": 3, "pop": 614362, "key": 13793, "isd": true, "ppd": 450.41900000000004, "med": 28.2, "p65": 5.989, "p70": 3.4139999999999997, "hos": 0.53, "exp": 69.66, "adr": 3.0, "amn": 11643.0, "amv": 43862.0, "amd": 304.0, "amt": 194771.0, "tmn": [236, 234, 229, 107, 222, 16, 266, 214, 53, 232, 193, 209, 169, 138, 110, 66, 79, 149, 180, 100, 183], "tmv": [984, 954, 347, 1488, 1101, 122, 2202, 1534, 1506, 1591, 1973, 1840, 334, 2484, 1700, 1669, 1709, 1887, 1565, 188, 0], "tmd": [0, 0, 0, 2, 0, 0, 9, 7, 10, 4, 9, 0, 0, 15, 7, 0, 14, 7, 5, 5, 0], "wmn": 873, "wmt": 8102, "wmd": 36, "wmv": 8722, "wdn": -28, "wdt": 5, "wdd": -15, "wdv": -23, "tlv": "Punjab"}