{"loc": "Sharkey", "iso": "US", "l1": "United States", "l2": "Mississippi", "lvl": 3, "pop": 4321, "key": 13801, "isd": true, "ppd": 35.608000000000004, "med": 38.3, "p65": 15.413, "p70": 9.732000000000001, "hos": 2.77, "exp": 78.86, "adr": 3.0, "amn": 119185.0, "amv": 1038686.0, "amd": 4166.0, "amt": 680073.0, "tmn": [0, 231, 0, 0, 0, 0, 0, 0, 0, 0, 0, 0, 0, 925, 0, 0, 0, 0, 0, 0, 0], "tmv": [0, 1326, 2107, 1883, 1818, 1779, 1363, 1036, 1655, 1721, 1666, 1928, 1520, 1539, 740, 1856, 2005, 1821, 2051, 2364, 1193], "tmd": [0, 232, 0, 0, 0, 0, 0, 0, 0, 0, 0, 0, 0, 0, 0, 0, 0, 0, 0, 0, 0], "wmn": 0, "wmt": 5747, "wmd": 0, "wmv": 12034, "wdn": -100, "wdt": 70, "wdd": 0, "wdv": 9, "tlv": "Mississippi"}