{"loc": "Shawnee", "iso": "US", "l1": "United States", "l2": "Kansas", "lvl": 3, "pop": 176875, "key": 13805, "isd": true, "ppd": 35.608000000000004, "med": 38.3, "p65": 15.413, "p70": 9.732000000000001, "hos": 2.77, "exp": 78.86, "adr": 2.0, "amn": 123030.0, "amv": 1121684.0, "amd": 2250.0, "amt": 549279.0, "tmn": [0, 1328, 0, 1283, 0, 0, 1656, 0, 0, 0, 3307, 0, 0, 0, 1990, 1362, 0, 1492, 0, 0, 1746], "tmv": [1875, 1986, 1986, 2786, 3007, 2017, 2605, 1830, 2139, 3106, 3068, 3187, 2953, 1851, 1966, 2813, 2807, 3250, 3257, 2889, 2103], "tmd": [0, 12, 0, 6, 0, 0, 6, 0, 0, 0, 51, 0, 0, 0, 0, 29, 0, 0, 0, 0, 6], "wmn": 6593, "wmt": 9682, "wmd": 34, "wmv": 19089, "wdn": 99, "wdt": 34, "wdd": -33, "wdv": 5, "tlv": "Kansas"}