{"loc": "Shelby", "iso": "US", "l1": "United States", "l2": "Illinois", "lvl": 3, "pop": 21634, "key": 13809, "isd": true, "ppd": 35.608000000000004, "med": 38.3, "p65": 15.413, "p70": 9.732000000000001, "hos": 2.77, "exp": 78.86, "adr": 2.0, "amn": 108533.0, "amv": 1029249.0, "amd": 1756.0, "amt": 2086874.0, "tmn": [46, 0, 0, 0, 0, -46, 46, 92, 0, 0, 0, 0, 46, 138, 184, 0, 0, 138, 184, 0, 92], "tmv": [1994, 3524, 1923, 0, 0, 1326, 2107, 1883, 1818, 1779, 1363, 1036, 1655, 1721, 1666, 1928, 1520, 1539, 740, 1856, 0], "tmd": [0, 0, 0, 0, 0, 0, 0, 0, 0, 0, 0, 0, 0, 0, 0, 0, 0, 0, 0, 0, 0], "wmn": 601, "wmt": 17850, "wmd": 0, "wmv": 9252, "wdn": 117, "wdt": -1, "wdd": 0, "wdv": -18, "tlv": "Illinois"}