{"loc": "Shelby", "iso": "US", "l1": "United States", "l2": "Alabama", "lvl": 3, "pop": 217702, "key": 13808, "isd": true, "ppd": 35.608000000000004, "med": 38.3, "p65": 15.413, "p70": 9.732000000000001, "hos": 2.77, "exp": 78.86, "adr": 1.0, "amn": 176163.0, "amv": 1393875.0, "amd": 1695.0, "amt": 1282225.0, "tmn": [-13, 36, 156, -9, 55, 32, 96, 142, 165, 59, 183, 59, 91, 27, 133, 13, 0, 55, 13, 45, 59], "tmv": [4933, 4463, 5576, 3317, 1660, 4353, 4663, 4819, 4832, 5563, 3334, 1728, 4724, 4234, 2965, 50, 2434, 1138, 149, 0, 0], "tmd": [5, 0, 0, 14, 0, 0, 0, 0, 0, 10, 5, 0, 0, 0, 0, 0, 0, 0, 0, 0, 5], "wmn": 322, "wmt": 9277, "wmd": 5, "wmv": 6738, "wdn": -56, "wdt": -20, "wdd": -67, "wdv": -77, "tlv": "Alabama"}