{"loc": "Shelby", "iso": "US", "l1": "United States", "l2": "Kentucky", "lvl": 3, "pop": 49024, "key": 13812, "isd": true, "ppd": 35.608000000000004, "med": 38.3, "p65": 15.413, "p70": 9.732000000000001, "hos": 2.77, "exp": 78.86, "adr": 1.0, "amn": 86243.0, "amv": 170827.0, "amd": 898.0, "amt": 847572.0, "tmn": [734, 632, 367, 856, 163, 326, 448, 203, 224, 530, 469, 346, 265, 448, 183, 265, 387, 101, 877, 285, 448], "tmv": [5132, 5139, 4690, 3336, 1695, 3330, 4023, 4903, 6734, 6595, 3662, 2393, 4746, 4917, 6132, 6772, 6806, 0, 0, 3221, 0], "tmd": [0, 0, 0, 0, 0, 0, 21, 21, 0, 0, 0, 0, 41, 0, 0, 0, 0, 62, 21, 41, 21], "wmn": 2550, "wmt": 13674, "wmd": 143, "wmv": 22933, "wdn": 2, "wdt": -15, "wdd": 133, "wdv": -32, "tlv": "Kentucky"}