{"loc": "Shelby", "iso": "US", "l1": "United States", "l2": "Texas", "lvl": 3, "pop": 25274, "key": 13816, "isd": true, "ppd": 35.608000000000004, "med": 38.3, "p65": 15.413, "p70": 9.732000000000001, "hos": 2.77, "exp": 78.86, "adr": 4.0, "amn": 83248.0, "amv": 1059187.0, "amd": 2928.0, "amt": 942147.0, "tmn": [0, 79, 0, 0, 79, 39, 79, 0, 158, 39, 0, 39, 553, 197, 79, 356, 39, 79, 158, 553, 395], "tmv": [1666, 1928, 1520, 1539, 740, 1856, 2005, 1821, 2051, 2364, 1193, 1200, 2288, 2155, 2600, 2160, 2477, 1419, 1374, 2201, 2622], "tmd": [0, -39, 40, 0, 0, 0, 0, 0, 0, 0, 0, 0, 40, 0, 0, -39, 40, 0, 40, 0, 0], "wmn": 1662, "wmt": 18960, "wmd": 40, "wmv": 14857, "wdn": 68, "wdt": 22, "wdd": 0, "wdv": 14, "tlv": "Texas"}