{"loc": "Shelby", "iso": "US", "l1": "United States", "l2": "Iowa", "lvl": 3, "pop": 11454, "key": 13811, "isd": true, "ppd": 35.608000000000004, "med": 38.3, "p65": 15.413, "p70": 9.732000000000001, "hos": 2.77, "exp": 78.86, "adr": 2.0, "amn": 159595.0, "amv": 1283911.0, "amd": 3580.0, "amt": 543653.0, "tmn": [0, 4365, 0, 0, 0, 0, 0, 0, 3666, 0, 0, 0, 0, 0, 0, 3841, 0, 0, 0, 0, 0], "tmv": [2626, 2552, 2575, 2955, 1399, 770, 2354, 2306, 2307, 2345, 3781, 2315, 1328, 4158, 4126, 4122, 3797, 3784, 1119, 91, 0], "tmd": [0, 0, 0, 0, 0, 0, 0, 0, 0, 0, 0, 0, 0, 0, 0, 175, 0, 0, 0, 0, 0], "wmn": 3842, "wmt": 4143, "wmd": 175, "wmv": 17042, "wdn": 5, "wdt": 11, "wdd": 0, "wdv": -8, "tlv": "Iowa"}