{"loc": "Shelby", "iso": "US", "l1": "United States", "l2": "Tennessee", "lvl": 3, "pop": 937166, "key": 13815, "isd": true, "ppd": 35.608000000000004, "med": 38.3, "p65": 15.413, "p70": 9.732000000000001, "hos": 2.77, "exp": 78.86, "adr": 2.0, "amn": 156517.0, "amv": 1354464.0, "amd": 2462.0, "amt": 1548367.0, "tmn": [0, 0, 0, 316, 82, 134, 80, 0, 0, 0, 364, 237, 0, 295, 0, 0, 311, 108, 141, 196, 213], "tmv": [2361, 1265, 4095, 4257, 4381, 4544, 5255, 2753, 1460, 3910, 4355, 4594, 4119, 5128, 2996, 1521, 3915, 2663, 347, 0, 0], "tmd": [0, 0, 0, 12, 2, 5, 4, 0, 0, 0, 14, 4, 0, 8, 0, 0, 0, 8, 3, 0, 0], "wmn": 973, "wmt": 16723, "wmd": 10, "wmv": 11446, "wdn": 8, "wdt": 47, "wdd": -61, "wdv": -57, "tlv": "Tennessee"}