{"loc": "Shelby", "iso": "US", "l1": "United States", "l2": "Kentucky", "lvl": 3, "pop": 49024, "key": 13812, "isd": true, "ppd": 35.608000000000004, "med": 38.3, "p65": 15.413, "p70": 9.732000000000001, "hos": 2.77, "exp": 78.86, "adr": 2.0, "amn": 92873.0, "amv": 635594.0, "amd": 1428.0, "amt": 1000586.0, "tmn": [142, 0, 142, 142, 61, 0, 122, 0, 163, 40, 81, 20, 20, 20, 81, 122, 0, 81, 142, 142, 81], "tmv": [5431, 8106, 10192, 12065, 12389, 10214, 6477, 4262, 8755, 10329, 12013, 14052, 10864, 8027, 7863, 7615, 10699, 12037, 10893, 10729, 0], "tmd": [0, 0, 0, 0, 0, 0, 0, 0, 0, 0, 21, 0, 0, 0, 0, 0, 0, 0, 0, 0, 21], "wmn": 653, "wmt": 17137, "wmd": 21, "wmv": 59839, "wdn": 88, "wdt": -52, "wdd": 0, "wdv": -12, "tlv": "Kentucky"}