{"loc": "Shenandoah", "iso": "US", "l1": "United States", "l2": "Virginia", "lvl": 3, "pop": 43616, "key": 13817, "isd": true, "ppd": 35.608000000000004, "med": 38.3, "p65": 15.413, "p70": 9.732000000000001, "hos": 2.77, "exp": 78.86, "adr": 3.0, "amn": 87239.0, "amv": 324951.0, "amd": 2889.0, "amt": 721202.0, "tmn": [68, 91, 91, 252, 22, 114, 229, 137, 45, 137, 137, 298, 137, 206, 68, 137, 229, 183, 160, 183, 252], "tmv": [3298, 2593, 4349, 5491, 6616, 7139, 7375, 5050, 5255, 5793, 6168, 7391, 8814, 7404, 5275, 4864, 6157, 7535, 8875, 13887, 4118], "tmd": [46, 92, 23, 46, 92, 69, 23, 23, 46, 23, 0, 0, 23, 23, 0, 23, 0, 0, 0, 0, 0], "wmn": 1216, "wmt": 13782, "wmd": 23, "wmv": 50714, "wdn": 10, "wdt": -13, "wdd": -83, "wdv": 11, "tlv": "Virginia"}