{"loc": "Shelby", "iso": "US", "l1": "United States", "l2": "Iowa", "lvl": 3, "pop": 11454, "key": 13811, "isd": true, "ppd": 35.608000000000004, "med": 38.3, "p65": 15.413, "p70": 9.732000000000001, "hos": 2.77, "exp": 78.86, "adr": 3.0, "amn": 104156.0, "amv": 186027.0, "amd": 2794.0, "amt": 412089.0, "tmn": [174, 87, 436, 174, 0, 87, -87, 174, 0, 261, 261, 523, 174, -174, 523, 87, 261, 87, 4889, 174, -87], "tmv": [3336, 1695, 3330, 4023, 4903, 6734, 6595, 3662, 2393, 4746, 4917, 6132, 6772, 6806, 0, 0, 3221, 4419, 5606, 5173, 0], "tmd": [0, 0, 88, 0, 88, 88, 0, 0, 0, 0, 0, 0, 0, 0, 0, 0, 0, 0, 0, 0, 0], "wmn": 5937, "wmt": 6079, "wmd": 0, "wmv": 18422, "wdn": 386, "wdt": 49, "wdd": 0, "wdv": -48, "tlv": "Iowa"}