{"loc": "Shelby", "iso": "US", "l1": "United States", "l2": "Iowa", "lvl": 3, "pop": 11454, "key": 13811, "isd": true, "ppd": 35.608000000000004, "med": 38.3, "p65": 15.413, "p70": 9.732000000000001, "hos": 2.77, "exp": 78.86, "adr": 3.0, "amn": 99005.0, "amv": 167606.0, "amd": 2794.0, "amt": 409922.0, "tmn": [698, 436, 174, 0, 174, 87, 436, 174, 0, 87, -87, 174, 0, 261, 261, 523, 174, -174, 523, 87, 261], "tmv": [4677, 5132, 5139, 4690, 3336, 1695, 3330, 4023, 4903, 6734, 6595, 3662, 2393, 4746, 4917, 6132, 6772, 6806, 0, 0, 0], "tmd": [0, 0, 88, 88, 0, 0, 88, 0, 88, 88, 0, 0, 0, 0, 0, 0, 0, 0, 0, 0, 0], "wmn": 1659, "wmt": 6341, "wmd": 0, "wmv": 24629, "wdn": 171, "wdt": 52, "wdd": -100, "wdv": -25, "tlv": "Iowa"}