{"loc": "Sheopur", "iso": "IN", "l1": "India", "l2": "Madhya Pradesh", "lvl": 3, "pop": 687952, "key": 13819, "isd": true, "ppd": 450.41900000000004, "med": 28.2, "p65": 5.989, "p70": 3.4139999999999997, "hos": 0.53, "exp": 69.66, "adr": 1.0, "amn": 2967.0, "amv": 89748.0, "amd": 25.0, "amt": 83502.0, "tmn": [5, 2, 1, 4, 7, 5, 10, 10, 5, 5, 10, 18, 17, 23, 71, 31, 7, 100, 82, 94, 100], "tmv": [1406, 1495, 2660, 3090, 2119, 2264, 2902, 2874, 2261, 2996, 2710, 2550, 2125, 2901, 1917, 2401, 1978, 1966, 1945, 891, 0], "tmd": [0, 0, 0, 0, 0, 0, 0, 0, 0, 0, 0, 0, 0, 0, 0, 0, 0, 0, 0, 0, 0], "wmn": 489, "wmt": 4055, "wmd": 0, "wmv": 11102, "wdn": 433, "wdt": 37, "wdd": 0, "wdv": -40, "tlv": "Madhya Pradesh"}