{"loc": "Shopiyan", "iso": "IN", "l1": "India", "l2": "Jammu and Kashmir", "lvl": 3, "pop": 265960, "key": 13838, "isd": true, "ppd": 450.41900000000004, "med": 28.2, "p65": 5.989, "p70": 3.4139999999999997, "hos": 0.53, "exp": 69.66, "adr": 1.0, "amn": 15356.0, "amv": 125987.0, "amd": 165.0, "amt": 568205.0, "tmn": [30, 105, 45, 26, 63, 30, 112, 221, 41, 394, 176, 233, 206, 319, 293, 639, 503, 330, 703, 225, 218], "tmv": [0, 2252, 0, 0, 0, 2420, 1705, 1575, 1605, 1977, 1179, 424, 1355, 1209, 1580, 1936, 1874, 1669, 587, 2024, 2002], "tmd": [0, 0, 4, 0, 0, 0, 4, 0, 0, 0, 0, 0, 0, 0, 0, 0, 8, 0, 0, 0, 0], "wmn": 2914, "wmt": 23005, "wmd": 8, "wmv": 11676, "wdn": 83, "wdt": 7, "wdd": 0, "wdv": 25, "tlv": "Jammu and Kashmir"}