{"loc": "Shiawassee", "iso": "US", "l1": "United States", "l2": "Michigan", "lvl": 3, "pop": 68122, "key": 13831, "isd": true, "ppd": 35.608000000000004, "med": 38.3, "p65": 15.413, "p70": 9.732000000000001, "hos": 2.77, "exp": 78.86, "adr": 2.0, "amn": 95094.0, "amv": 1037493.0, "amd": 1615.0, "amt": 1453272.0, "tmn": [0, 44, 0, 0, 117, 0, 0, 0, 29, 0, 0, 73, 0, 0, 0, 44, 0, 0, 278, 0, 0], "tmv": [0, 0, 1326, 2107, 1883, 1818, 1779, 1363, 1036, 1655, 1721, 1666, 1928, 1520, 1539, 740, 1856, 2005, 1821, 2051, 2364], "tmd": [0, 15, 0, 0, 15, 0, 0, 0, 0, 0, 0, 15, 0, 0, 0, 0, 0, 0, 0, 0, 0], "wmn": 323, "wmt": 7982, "wmd": 0, "wmv": 12380, "wdn": 214, "wdt": 1, "wdd": -100, "wdv": 14, "tlv": "Michigan"}