{"loc": "Shiawassee", "iso": "US", "l1": "United States", "l2": "Michigan", "lvl": 3, "pop": 68122, "key": 13831, "isd": true, "ppd": 35.608000000000004, "med": 38.3, "p65": 15.413, "p70": 9.732000000000001, "hos": 2.77, "exp": 78.86, "adr": 2.0, "amn": 94698.0, "amv": 1018277.0, "amd": 1600.0, "amt": 1441385.0, "tmn": [14, 0, 0, 29, 0, 0, 29, 0, 0, 0, 0, 44, 0, 0, 117, 0, 0, 0, 29, 0, 0], "tmv": [1554, 2803, 3655, 3299, 2241, 4154, 4949, 1994, 3524, 1923, 0, 0, 1326, 2107, 1883, 1818, 1779, 1363, 1036, 1655, 0], "tmd": [0, 0, 0, 0, 0, 0, 0, 0, 0, 0, 0, 15, 0, 0, 15, 0, 0, 0, 0, 0, 0], "wmn": 147, "wmt": 7837, "wmd": 15, "wmv": 9537, "wdn": 233, "wdt": 27, "wdd": 0, "wdv": -12, "tlv": "Michigan"}