{"loc": "Shoshone", "iso": "US", "l1": "United States", "l2": "Idaho", "lvl": 3, "pop": 12882, "key": 13839, "isd": true, "ppd": 35.608000000000004, "med": 38.3, "p65": 15.413, "p70": 9.732000000000001, "hos": 2.77, "exp": 78.86, "adr": 3.0, "amn": 136081.0, "amv": 1204735.0, "amd": 4114.0, "amt": 541551.0, "tmn": [776, 388, 853, 543, 0, 232, 776, 543, 310, 465, 0, 0, 310, 698, 621, 232, 776, 388, 232, 77, 698], "tmv": [2554, 2257, 2903, 2781, 2047, 1978, 1647, 2163, 995, 2262, 2445, 2251, 1671, 0, 0, 2784, 2570, 2833, 3777, 2988, 0], "tmd": [156, 156, 0, 78, 0, 78, 0, 0, 0, 0, 0, 0, 156, 0, 0, 0, 0, 0, 0, 78, 0], "wmn": 3028, "wmt": 9057, "wmd": 78, "wmv": 14955, "wdn": 30, "wdt": -9, "wdd": -50, "wdv": 27, "tlv": "Idaho"}