{"loc": "Sierra", "iso": "US", "l1": "United States", "l2": "New Mexico", "lvl": 3, "pop": 10791, "key": 13849, "isd": true, "ppd": 35.608000000000004, "med": 38.3, "p65": 15.413, "p70": 9.732000000000001, "hos": 2.77, "exp": 78.86, "adr": 5.0, "amn": 113706.0, "amv": 1354464.0, "amd": 5375.0, "amt": 2457184.0, "tmn": [0, 0, 1019, 648, 463, 370, 556, 0, 0, 1390, 926, 370, 0, 2409, 0, 0, 1668, 1482, 741, 1204, 1019], "tmv": [2361, 1265, 4095, 4257, 4381, 4544, 5255, 2753, 1460, 3910, 4355, 4594, 4119, 5128, 2996, 1521, 3915, 2663, 347, 0, 0], "tmd": [0, 0, 0, 0, 93, 0, 0, 0, 0, 0, 0, 0, 0, 0, 0, 0, 0, 93, 0, 0, 0], "wmn": 6117, "wmt": 56661, "wmd": 93, "wmv": 11446, "wdn": 20, "wdt": 57, "wdd": 0, "wdv": -57, "tlv": "New Mexico"}