{"loc": "Simpson", "iso": "US", "l1": "United States", "l2": "Kentucky", "lvl": 3, "pop": 18572, "key": 13854, "isd": true, "ppd": 35.608000000000004, "med": 38.3, "p65": 15.413, "p70": 9.732000000000001, "hos": 2.77, "exp": 78.86, "adr": 2.0, "amn": 92451.0, "amv": 290534.0, "amd": 1615.0, "amt": 893659.0, "tmn": [376, 215, 269, 53, 269, 215, 215, 215, 107, 215, 269, 861, 592, 161, 53, 376, 161, 161, 53, 53, 538], "tmv": [5606, 5173, 5466, 3298, 2593, 4349, 5491, 6616, 7139, 7375, 5050, 5255, 5793, 6168, 7391, 8814, 7404, 5275, 4864, 6157, 0], "tmd": [0, 0, 0, 0, 0, 0, 0, 0, 0, 0, 0, 108, 0, 0, 0, 0, 0, 0, 0, 0, 0], "wmn": 1400, "wmt": 8492, "wmd": 0, "wmv": 39909, "wdn": -42, "wdt": -50, "wdd": -100, "wdv": -8, "tlv": "Kentucky"}