{"loc": "Sindhudurg", "iso": "IN", "l1": "India", "l2": "Maharashtra", "lvl": 3, "pop": 848868, "key": 13858, "isd": true, "ppd": 450.41900000000004, "med": 28.2, "p65": 5.989, "p70": 3.4139999999999997, "hos": 0.53, "exp": 69.66, "adr": 3.0, "amn": 25063.0, "amv": 136149.0, "amd": 638.0, "amt": 263445.0, "tmn": [626, 508, 300, 663, 541, 394, 614, 742, 703, 433, 394, 769, 700, 500, 497, 530, 93, 262, 262, 348, 342], "tmv": [1179, 424, 1355, 1209, 1580, 1936, 1874, 1669, 587, 2024, 2002, 1581, 1678, 930, 1375, 511, 1134, 995, 883, 1069, 0], "tmd": [15, 12, 13, 10, 10, 12, 11, 5, 6, 4, 15, 18, 13, 11, 25, 12, 16, 13, 8, 6, 21], "wmn": 2338, "wmt": 14939, "wmd": 98, "wmv": 5972, "wdn": -45, "wdt": 10, "wdd": 41, "wdv": -43, "tlv": "Maharashtra"}