{"loc": "Simpson", "iso": "US", "l1": "United States", "l2": "Kentucky", "lvl": 3, "pop": 18572, "key": 13854, "isd": true, "ppd": 35.608000000000004, "med": 38.3, "p65": 15.413, "p70": 9.732000000000001, "hos": 2.77, "exp": 78.86, "adr": 2.0, "amn": 119535.0, "amv": 1037493.0, "amd": 2315.0, "amt": 1253909.0, "tmn": [0, 53, 269, 53, 107, 0, 0, 269, 53, 53, 323, 376, 0, 0, 323, 161, 430, 323, 484, 0, 0], "tmv": [0, 0, 1326, 2107, 1883, 1818, 1779, 1363, 1036, 1655, 1721, 1666, 1928, 1520, 1539, 740, 1856, 2005, 1821, 2051, 2364], "tmd": [0, 0, 0, 0, 0, 0, 0, 0, 0, 0, 0, 0, 0, 0, 54, 0, 0, 0, 0, 0, 0], "wmn": 1724, "wmt": 9351, "wmd": 54, "wmv": 12380, "wdn": 60, "wdt": 23, "wdd": 0, "wdv": 14, "tlv": "Kentucky"}