{"loc": "Sikkim", "iso": "IN", "l1": "India", "l2": "Sikkim", "lvl": 2, "pop": 690251, "key": 13851, "isd": true, "ppd": 450.41900000000004, "med": 28.2, "p65": 5.989, "p70": 3.4139999999999997, "hos": 0.53, "exp": 69.66, "adr": 1.0, "amn": 44532.0, "amv": 551702.0, "amd": 549.0, "amt": 394524.0, "tmn": [60, 130, 115, 46, 53, 110, 102, 65, 134, 114, 20, 107, 78, 86, 82, 92, 85, 37, 66, 60, 0], "tmv": [8079, 7481, 4871, 4867, 3980, 12157, 5941, 4260, 1514, 4906, 2853, 8126, 7885, 7506, 2322, 6749, 4963, 7251, 1760, 6258, 0], "tmd": [2, 2, 0, 2, 0, 0, 2, 3, 0, 0, 3, 2, 0, 0, 2, 0, 0, 0, 2, 2, 0], "wmn": 426, "wmt": 5528, "wmd": 5, "wmv": 29305, "wdn": -30, "wdt": -26, "wdd": -40, "wdv": -21, "tlv": "India"}