{"loc": "Simpson", "iso": "US", "l1": "United States", "l2": "Kentucky", "lvl": 3, "pop": 18572, "key": 13854, "isd": true, "ppd": 35.608000000000004, "med": 38.3, "p65": 15.413, "p70": 9.732000000000001, "hos": 2.77, "exp": 78.86, "adr": 2.0, "amn": 101605.0, "amv": 435440.0, "amd": 1777.0, "amt": 932954.0, "tmn": [53, 53, 538, 376, 269, 0, 53, 376, 1399, 1992, 484, 646, 376, 107, 807, 592, 1184, 323, 0, 161, 0], "tmv": [4864, 6157, 7535, 8875, 13887, 4118, 6135, 5026, 6980, 8171, 7842, 9493, 9226, 6156, 5181, 6849, 8594, 10257, 10611, 9961, 0], "tmd": [0, 0, 0, 0, 0, 0, 0, 0, 0, 54, 0, 0, 54, 0, 0, 0, 54, 0, 0, 0, 0], "wmn": 3070, "wmt": 17842, "wmd": 54, "wmv": 51456, "wdn": -43, "wdt": 39, "wdd": -50, "wdv": -3, "tlv": "Kentucky"}