{"loc": "Sikkim", "iso": "IN", "l1": "India", "l2": "Sikkim", "lvl": 2, "pop": 690251, "key": 13851, "isd": true, "ppd": 450.41900000000004, "med": 28.2, "p65": 5.989, "p70": 3.4139999999999997, "hos": 0.53, "exp": 69.66, "adr": 1.0, "amn": 32317.0, "amv": 273443.0, "amd": 456.0, "amt": 306761.0, "tmn": [198, 189, 133, 188, 188, 246, 102, 205, 318, 176, 160, 257, 254, 137, 256, 246, 321, 246, 286, 208, 0], "tmv": [4740, 2547, 4843, 4788, 5927, 2310, 2458, 4348, 1256, 4046, 674, 6252, 2230, 2790, 2230, 2726, 7913, 0, 0, 956, 0], "tmd": [5, 0, 3, 2, 3, 0, 5, 2, 3, 2, 0, 0, 0, 2, 0, 3, 2, 0, 2, 3, 0], "wmn": 1567, "wmt": 2576, "wmd": 9, "wmv": 13828, "wdn": 4, "wdt": -73, "wdd": 20, "wdv": -36, "tlv": "India"}