{"loc": "Sikkim", "iso": "IN", "l1": "India", "l2": "Sikkim", "lvl": 2, "pop": 690251, "key": 13851, "isd": true, "ppd": 450.41900000000004, "med": 28.2, "p65": 5.989, "p70": 3.4139999999999997, "hos": 0.53, "exp": 69.66, "adr": 1.0, "amn": 42879.0, "amv": 433276.0, "amd": 532.0, "amt": 366851.0, "tmn": [182, 136, 165, 69, 159, 227, 144, 217, 186, 220, 28, 150, 218, 136, 118, 126, 101, 37, 198, 68, 105], "tmv": [4117, 4203, 1343, 4228, 3319, 3326, 0, 0, 5548, 0, 0, 4348, 4080, 3220, 4789, 2290, 3192, 1063, 4704, 6660, 0], "tmd": [2, 5, 0, 0, 2, 5, 2, 0, 2, 0, 0, 3, 0, 2, 0, 0, 2, 3, 0, 0, 0], "wmn": 757, "wmt": 4316, "wmd": 5, "wmv": 22702, "wdn": -35, "wdt": -54, "wdd": -25, "wdv": 32, "tlv": "India"}