{"loc": "Sikkim", "iso": "IN", "l1": "India", "l2": "Sikkim", "lvl": 2, "pop": 690251, "key": 13851, "isd": true, "ppd": 450.41900000000004, "med": 28.2, "p65": 5.989, "p70": 3.4139999999999997, "hos": 0.53, "exp": 69.66, "adr": 1.0, "amn": 46215.0, "amv": 740771.0, "amd": 571.0, "amt": 432655.0, "tmn": [34, 34, 26, 47, 26, 18, 14, 30, 26, 8, 24, 8, 5, 10, 39, 24, 27, 33, 37, 46, 0], "tmv": [5107, 3911, 2642, 5830, 5662, 5873, 2730, 4660, 3307, 1780, 2029, 1103, 2651, 1891, 5911, 7453, 4206, 4885, 2675, 6253, 0], "tmd": [0, 0, 0, 0, 0, 0, 0, 2, 2, 0, 2, 0, 0, 0, 2, 2, 0, 0, 2, 0, 0], "wmn": 209, "wmt": 3726, "wmd": 5, "wmv": 31387, "wdn": 82, "wdt": -38, "wdd": 0, "wdv": 80, "tlv": "India"}