{"loc": "Siskiyou", "iso": "US", "l1": "United States", "l2": "California", "lvl": 3, "pop": 43539, "key": 13869, "isd": true, "ppd": 35.608000000000004, "med": 38.3, "p65": 15.413, "p70": 9.732000000000001, "hos": 2.77, "exp": 78.86, "adr": 2.0, "amn": 55881.0, "amv": 1008740.0, "amd": 919.0, "amt": 1783139.0, "tmn": [22, 0, 45, 45, 0, 22, 0, 68, 0, 0, 45, 0, 22, 68, 0, 0, 0, 160, 0, 413, 0], "tmv": [3244, 2575, 1851, 1965, 1967, 2474, 1554, 2803, 3655, 3299, 2241, 4154, 4949, 1994, 3524, 1923, 0, 0, 1326, 2107, 0], "tmd": [0, 0, 0, 0, 0, 23, 0, 0, 0, 0, 0, 0, 23, 0, 0, 0, 0, 0, 0, 23, 0], "wmn": 575, "wmt": 19449, "wmd": 23, "wmv": 8882, "wdn": 178, "wdt": -2, "wdd": 0, "wdv": -62, "tlv": "California"}