{"loc": "Siskiyou", "iso": "US", "l1": "United States", "l2": "California", "lvl": 3, "pop": 43539, "key": 13869, "isd": true, "ppd": 35.608000000000004, "med": 38.3, "p65": 15.413, "p70": 9.732000000000001, "hos": 2.77, "exp": 78.86, "adr": 2.0, "amn": 56914.0, "amv": 1026653.0, "amd": 919.0, "amt": 1808517.0, "tmn": [45, 0, 22, 68, 0, 0, 0, 160, 0, 413, 0, 206, 0, 252, 252, 0, 45, 0, 275, 0, 0], "tmv": [2241, 4154, 4949, 1994, 3524, 1923, 0, 0, 1326, 2107, 1883, 1818, 1779, 1363, 1036, 1655, 1721, 1666, 1928, 1520, 1539], "tmd": [0, 0, 23, 0, 0, 0, 0, 0, 0, 23, 0, 0, 0, 0, 0, 0, 0, 0, 0, 0, 0], "wmn": 575, "wmt": 22308, "wmd": 0, "wmv": 11069, "wdn": -44, "wdt": 21, "wdd": -100, "wdv": 8, "tlv": "California"}