{"loc": "Singrauli", "iso": "IN", "l1": "India", "l2": "Madhya Pradesh", "lvl": 3, "pop": 1178132, "key": 13860, "isd": true, "ppd": 450.41900000000004, "med": 28.2, "p65": 5.989, "p70": 3.4139999999999997, "hos": 0.53, "exp": 69.66, "adr": 1.0, "amn": 2189.0, "amv": 82966.0, "amd": 22.0, "amt": 80516.0, "tmn": [2, 4, 5, 4, 3, 0, 0, 5, 3, 5, 17, 17, 19, 34, 25, 38, 51, 53, 32, 75, 72], "tmv": [1709, 1887, 1565, 188, 422, 1406, 1495, 2660, 3090, 2119, 2264, 2902, 2874, 2261, 2996, 2710, 2550, 2125, 2901, 1917, 2401], "tmd": [0, 0, 0, 0, 0, 0, 0, 0, 0, 0, 0, 0, 0, 0, 0, 0, 0, 0, 0, 0, 0], "wmn": 349, "wmt": 3249, "wmd": 0, "wmv": 17605, "wdn": 234, "wdt": 34, "wdd": 0, "wdv": -3, "tlv": "Madhya Pradesh"}