{"loc": "Sioux", "iso": "US", "l1": "United States", "l2": "Nebraska", "lvl": 3, "pop": 1166, "key": 13863, "isd": true, "ppd": 35.608000000000004, "med": 38.3, "p65": 15.413, "p70": 9.732000000000001, "hos": 2.77, "exp": 78.86, "adr": 0.0, "amn": 30875.0, "amv": 478369.0, "amd": 0.0, "amt": 1350926.0, "tmn": [0, 0, 0, 0, 0, 0, 0, 0, 0, 0, 0, 0, 0, 0, 0, 0, 0, 0, 0, 0, 0], "tmv": [13887, 4118, 6135, 5026, 6980, 8171, 7842, 9493, 9226, 6156, 5181, 6849, 8594, 10257, 10611, 9961, 7133, 5431, 8106, 10192, 12065], "tmd": [0, 0, 0, 0, 0, 0, 0, 0, 0, 0, 0, 0, 0, 0, 0, 0, 0, 0, 0, 0, 0], "wmn": 0, "wmt": 30110, "wmd": 0, "wmv": 63503, "wdn": 0, "wdt": 18, "wdd": 0, "wdv": 14, "tlv": "Nebraska"}