{"loc": "Sioux", "iso": "US", "l1": "United States", "l2": "Iowa", "lvl": 3, "pop": 34855, "key": 13862, "isd": true, "ppd": 35.608000000000004, "med": 38.3, "p65": 15.413, "p70": 9.732000000000001, "hos": 2.77, "exp": 78.86, "adr": 1.0, "amn": 134615.0, "amv": 153709.0, "amd": 1922.0, "amt": 405485.0, "tmn": [28, 200, 86, 229, 114, 114, 114, 86, 143, 86, 344, 172, 86, 114, 28, 143, 229, 57, 57, 229, 86], "tmv": [3978, 2687, 2448, 3374, 4677, 5132, 5139, 4690, 3336, 1695, 3330, 4023, 4903, 6734, 6595, 3662, 2393, 4746, 4917, 6132, 6772], "tmd": [0, 0, 0, 0, 58, 58, 0, 29, 0, 58, 0, 0, 29, 29, 0, 0, 0, 0, 0, 29, 0], "wmn": 833, "wmt": 4206, "wmd": 29, "wmv": 35221, "wdn": -19, "wdt": -10, "wdd": -80, "wdv": 23, "tlv": "Iowa"}