{"loc": "Sitka", "iso": "US", "l1": "United States", "l2": "Alaska", "lvl": 3, "pop": 8493, "key": 13872, "isd": true, "ppd": 35.608000000000004, "med": 38.3, "p65": 15.413, "p70": 9.732000000000001, "hos": 2.77, "exp": 78.86, "adr": 0.0, "amn": 116802.0, "amv": 1121684.0, "amd": 353.0, "amt": 3727299.0, "tmn": [0, 824, 235, 0, 0, 2001, 941, 2590, 2237, 824, 0, 0, 1648, 470, 824, 117, 353, 0, 0, 2237, 0], "tmv": [1986, 1986, 2786, 3007, 2017, 2605, 1830, 2139, 3106, 3068, 3187, 2953, 1851, 1966, 2813, 2807, 3250, 3257, 2889, 2103, 0], "tmd": [0, 0, 0, 0, 0, 0, 118, 0, 0, 0, 0, 0, 0, 0, 0, 0, 0, 0, 0, 0, 0], "wmn": 3533, "wmt": 85813, "wmd": 0, "wmv": 17122, "wdn": -55, "wdt": 6, "wdd": 0, "wdv": -6, "tlv": "Alaska"}