{"loc": "Slope", "iso": "US", "l1": "United States", "l2": "North Dakota", "lvl": 3, "pop": 750, "key": 13879, "isd": true, "ppd": 35.608000000000004, "med": 38.3, "p65": 15.413, "p70": 9.732000000000001, "hos": 2.77, "exp": 78.86, "adr": 0.0, "amn": 60000.0, "amv": 1263117.0, "amd": 0.0, "amt": 2436547.0, "tmn": [1333, 0, 0, 0, 0, 0, 0, 0, 1333, 0, 0, 0, 0, 0, 0, 0, 0, 0, 2666, 0, 1333], "tmv": [3390, 3489, 0, 0, 0, 2411, 3257, 3418, 2659, 2485, 1614, 1945, 2278, 2491, 2890, 2710, 2395, 1993, 2154, 3467, 0], "tmd": [0, 0, 0, 0, 0, 0, 0, 0, 0, 0, 0, 0, 0, 0, 0, 0, 0, 0, 0, 0, 0], "wmn": 4000, "wmt": 27160, "wmd": 0, "wmv": 15613, "wdn": 200, "wdt": -14, "wdd": 0, "wdv": -8, "tlv": "North Dakota"}