{"loc": "Slope", "iso": "US", "l1": "United States", "l2": "North Dakota", "lvl": 3, "pop": 750, "key": 13879, "isd": true, "ppd": 35.608000000000004, "med": 38.3, "p65": 15.413, "p70": 9.732000000000001, "hos": 2.77, "exp": 78.86, "adr": 0.0, "amn": 54667.0, "amv": 1216117.0, "amd": 0.0, "amt": 2358880.0, "tmn": [0, 0, 1333, 1333, 1333, 1333, 1333, 0, 0, 0, 0, 0, 0, 0, 0, 0, 0, 0, 1333, 1333, 0], "tmv": [2047, 1978, 1647, 2163, 995, 2262, 2445, 2251, 1671, 0, 0, 2784, 2570, 2833, 3777, 2988, 2423, 2905, 2661, 3390, 0], "tmd": [0, 0, 0, 0, 0, 0, 0, 0, 0, 0, 0, 0, 0, 0, 0, 0, 0, 0, 0, 0, 0], "wmn": 2667, "wmt": 34500, "wmd": 0, "wmv": 18148, "wdn": 0, "wdt": 9, "wdd": 0, "wdv": 50, "tlv": "North Dakota"}