{"loc": "Snohomish", "iso": "US", "l1": "United States", "l2": "Washington", "lvl": 3, "pop": 822083, "key": 13888, "isd": true, "ppd": 35.608000000000004, "med": 38.3, "p65": 15.413, "p70": 9.732000000000001, "hos": 2.77, "exp": 78.86, "adr": 1.0, "amn": 68714.0, "amv": 1170335.0, "amd": 828.0, "amt": 1292525.0, "tmn": [379, 328, 352, 356, 0, 0, 0, 1117, 401, 356, 369, 0, 0, 996, 263, 473, 369, 396, 0, 0, 752], "tmv": [1988, 3241, 2538, 4249, 2950, 0, 0, 0, 2913, 2024, 2876, 2739, 2336, 1790, 1886, 2554, 2257, 2903, 2781, 2047, 0], "tmd": [2, 4, 0, 4, 0, 0, 0, 2, 2, 2, 9, 0, 0, 2, 3, 3, 4, 5, 0, 0, 4], "wmn": 2257, "wmt": 12511, "wmd": 18, "wmv": 14431, "wdn": -30, "wdt": -41, "wdd": 27, "wdv": -2, "tlv": "Washington"}