{"loc": "Smolensk Oblast", "iso": "RU", "l1": "Russia", "l2": "Smolensk Oblast", "lvl": 2, "pop": 949348, "key": 13886, "isd": true, "ppd": 8.823, "med": 39.6, "p65": 14.177999999999999, "p70": 9.392999999999999, "hos": 8.05, "exp": 72.58, "adr": 3.0, "amn": 76795.0, "amv": 804147.0, "amd": 2170.0, "amt": 1492830.0, "tmn": [629, 628, 630, 629, 626, 630, 627, 629, 628, 626, 619, 624, 608, 607, 605, 602, 607, 613, 609, 610, 607], "tmv": [5802, 2754, 2140, 5510, 6429, 13473, 0, 0, 0, 1184, 6861, 3661, 6555, 5482, 6041, 5621, 3807, 5560, 8582, 4977, 0], "tmd": [8, 8, 9, 8, 9, 10, 10, 9, 10, 10, 9, 6, 5, 6, 9, 8, 7, 8, 9, 10, 7], "wmn": 4258, "wmt": 2538, "wmd": 54, "wmv": 34590, "wdn": -2, "wdt": -80, "wdd": 6, "wdv": 46, "tlv": "Russia"}