{"loc": "Smith", "iso": "US", "l1": "United States", "l2": "Tennessee", "lvl": 3, "pop": 20157, "key": 13884, "isd": true, "ppd": 35.608000000000004, "med": 38.3, "p65": 15.413, "p70": 9.732000000000001, "hos": 2.77, "exp": 78.86, "adr": 1.0, "amn": 202113.0, "amv": 1204735.0, "amd": 2381.0, "amt": 1459567.0, "tmn": [2034, 892, 1934, 0, 0, 1488, 0, 1289, 644, 793, 0, 0, 793, 347, 892, 595, 942, 0, 0, 843, 49], "tmv": [2554, 2257, 2903, 2781, 2047, 1978, 1647, 2163, 995, 2262, 2445, 2251, 1671, 0, 0, 2784, 2570, 2833, 3777, 2988, 0], "tmd": [0, 50, 0, 0, 0, 0, 0, 50, 0, 0, 0, 0, 0, 0, 0, 0, 0, 0, 0, 149, 50], "wmn": 3324, "wmt": 18201, "wmd": 199, "wmv": 14955, "wdn": -14, "wdt": -16, "wdd": 300, "wdv": 27, "tlv": "Tennessee"}