{"loc": "Smith", "iso": "US", "l1": "United States", "l2": "Texas", "lvl": 3, "pop": 232751, "key": 13885, "isd": true, "ppd": 35.608000000000004, "med": 38.3, "p65": 15.413, "p70": 9.732000000000001, "hos": 2.77, "exp": 78.86, "adr": 2.0, "amn": 80056.0, "amv": 201735.0, "amd": 1701.0, "amt": 667609.0, "tmn": [906, 0, 0, 807, 635, 0, 0, 558, 0, 584, 0, 0, 472, 0, 257, 0, 81, 0, 0, 339, 0], "tmv": [4903, 6734, 6595, 3662, 2393, 4746, 4917, 6132, 6772, 6806, 0, 0, 3221, 4419, 5606, 5173, 5466, 3298, 2593, 4349, 0], "tmd": [22, 18, 18, 0, 13, 13, 0, 9, 18, 0, 0, 0, 0, 0, 0, 0, 5, 5, 0, 9, 22], "wmn": 679, "wmt": 18872, "wmd": 39, "wmv": 26489, "wdn": -58, "wdt": 80, "wdd": 50, "wdv": -3, "tlv": "Texas"}