{"loc": "Snohomish", "iso": "US", "l1": "United States", "l2": "Washington", "lvl": 3, "pop": 822083, "key": 13888, "isd": true, "ppd": 35.608000000000004, "med": 38.3, "p65": 15.413, "p70": 9.732000000000001, "hos": 2.77, "exp": 78.86, "adr": 1.0, "amn": 58316.0, "amv": 1100743.0, "amd": 775.0, "amt": 1212219.0, "tmn": [237, 700, 294, 307, 318, 0, 0, 779, 25, 570, 383, 301, 0, 0, 577, 228, 356, 386, 834, 0, 0], "tmv": [1419, 1374, 2201, 2622, 2492, 2548, 2348, 1615, 1875, 1986, 1986, 2786, 3007, 2017, 2605, 1830, 2139, 3106, 3068, 3187, 2953], "tmd": [0, 4, 0, 2, 2, 0, 0, 0, 2, 2, 3, 3, 0, 0, 0, 0, 2, 4, 2, 0, 0], "wmn": 2385, "wmt": 20818, "wmd": 7, "wmv": 18892, "wdn": 16, "wdt": 13, "wdd": -17, "wdv": 24, "tlv": "Washington"}