{"loc": "Smith", "iso": "US", "l1": "United States", "l2": "Mississippi", "lvl": 3, "pop": 15916, "key": 13883, "isd": true, "ppd": 35.608000000000004, "med": 38.3, "p65": 15.413, "p70": 9.732000000000001, "hos": 2.77, "exp": 78.86, "adr": 2.0, "amn": 114727.0, "amv": 1051569.0, "amd": 2199.0, "amt": 687534.0, "tmn": [62, 691, 125, 125, 0, 0, 1445, 188, 314, 502, 376, 0, 0, 816, 188, 376, 502, 188, 0, 0, 2136], "tmv": [1036, 1655, 1721, 1666, 1928, 1520, 1539, 740, 1856, 2005, 1821, 2051, 2364, 1193, 1200, 2288, 2155, 2600, 2160, 2477, 0], "tmd": [0, 0, 0, 0, 0, 0, 0, 0, 0, 0, 63, 0, 0, 0, 0, 0, 0, 0, 0, 0, 0], "wmn": 3393, "wmt": 7461, "wmd": 0, "wmv": 12884, "wdn": 54, "wdt": 30, "wdd": -100, "wdv": 7, "tlv": "Mississippi"}