{"loc": "Somerset", "iso": "US", "l1": "United States", "l2": "Pennsylvania", "lvl": 3, "pop": 73447, "key": 13899, "isd": true, "ppd": 35.608000000000004, "med": 38.3, "p65": 15.413, "p70": 9.732000000000001, "hos": 2.77, "exp": 78.86, "adr": 3.0, "amn": 94939.0, "amv": 466304.0, "amd": 2587.0, "amt": 912950.0, "tmn": [95, 217, 54, 27, 190, 176, 149, 95, 108, 68, 54, 217, 176, 149, 108, 190, 163, 231, 54, 217, 40], "tmv": [8875, 13887, 4118, 6135, 5026, 6980, 8171, 7842, 9493, 9226, 6156, 5181, 6849, 8594, 10257, 10611, 9961, 7133, 5431, 8106, 10192], "tmd": [0, 0, 0, 0, 0, 0, -13, 0, 0, 0, 0, 0, 14, 0, 14, 0, 0, 14, 0, 14, 14], "wmn": 1008, "wmt": 23281, "wmd": 55, "wmv": 61695, "wdn": 16, "wdt": 6, "wdd": 300, "wdv": 16, "tlv": "Pennsylvania"}