{"loc": "Somerset", "iso": "US", "l1": "United States", "l2": "Maine", "lvl": 3, "pop": 50484, "key": 13896, "isd": true, "ppd": 35.608000000000004, "med": 38.3, "p65": 15.413, "p70": 9.732000000000001, "hos": 2.77, "exp": 78.86, "adr": 1.0, "amn": 59246.0, "amv": 1160346.0, "amd": 753.0, "amt": 1929841.0, "tmn": [237, 515, 0, 0, 396, 257, 594, 1129, 713, 0, 0, 0, 653, 673, 435, 415, 0, 0, 435, 1287, 1327], "tmv": [3250, 3257, 2889, 2103, 1988, 3241, 2538, 4249, 2950, 0, 0, 0, 2913, 2024, 2876, 2739, 2336, 1790, 1886, 2554, 0], "tmd": [0, 0, 0, 0, 0, 0, 20, 0, 0, 0, 0, 0, 20, 0, 0, 0, 0, 0, 0, 0, 20], "wmn": 3903, "wmt": 26960, "wmd": 20, "wmv": 14183, "wdn": 23, "wdt": 26, "wdd": 0, "wdv": 17, "tlv": "Maine"}