{"loc": "Socorro", "iso": "US", "l1": "United States", "l2": "New Mexico", "lvl": 3, "pop": 16637, "key": 13890, "isd": true, "ppd": 35.608000000000004, "med": 38.3, "p65": 15.413, "p70": 9.732000000000001, "hos": 2.77, "exp": 78.86, "adr": 4.0, "amn": 83068.0, "amv": 1074040.0, "amd": 3667.0, "amt": 1867770.0, "tmn": [0, 0, 240, 0, 0, 60, 180, 0, 0, 540, 0, 60, 180, 240, 0, 0, 120, 360, 60, 120, 420], "tmv": [2051, 2364, 1193, 1200, 2288, 2155, 2600, 2160, 2477, 1419, 1374, 2201, 2622, 2492, 2548, 2348, 1615, 1875, 1986, 1986, 0], "tmd": [0, 0, 0, 0, 0, 0, 0, 0, 0, 0, 0, 0, 0, 0, 0, 0, 0, 0, 0, 0, 0], "wmn": 1082, "wmt": 30425, "wmd": 0, "wmv": 12361, "wdn": 6, "wdt": 23, "wdd": 0, "wdv": -16, "tlv": "New Mexico"}