{"loc": "Somerset", "iso": "US", "l1": "United States", "l2": "New Jersey", "lvl": 3, "pop": 328934, "key": 13898, "isd": true, "ppd": 35.608000000000004, "med": 38.3, "p65": 15.413, "p70": 9.732000000000001, "hos": 2.77, "exp": 78.86, "adr": 3.0, "amn": 89179.0, "amv": 705407.0, "amd": 2505.0, "amt": 1505738.0, "tmn": [328, 413, 416, 246, 188, 322, 331, 364, 340, 322, 304, 185, 285, 267, 264, 276, 170, 164, -525, 246, 139], "tmv": [10329, 12013, 14052, 10864, 8027, 7863, 7615, 10699, 12037, 10893, 10729, 6600, 5484, 7781, 9092, 10242, 10071, 9169, 6395, 4975, 0], "tmd": [0, 0, 0, 0, 4, 4, 4, 0, 7, 0, 0, 0, 0, 7, 4, 0, 0, 7, 0, 4, 10], "wmn": 736, "wmt": 38131, "wmd": 22, "wmv": 49947, "wdn": -64, "wdt": 101, "wdd": 75, "wdv": -22, "tlv": "New Jersey"}