{"loc": "South Carolina", "iso": "US", "l1": "United States", "l2": "South Carolina", "lvl": 2, "pop": 5148714, "key": 13909, "isd": true, "ppd": 35.608000000000004, "med": 38.3, "p65": 15.413, "p70": 9.732000000000001, "hos": 2.77, "exp": 78.86, "adr": 2.0, "amn": 104648.0, "amv": 359108.0, "amd": 1741.0, "amt": 1047947.0, "tmn": [345, 340, 223, 164, 227, 304, 329, 232, 273, 165, 122, 218, 178, 289, 324, 169, 148, 132, 239, 271, 253], "tmv": [7139, 7375, 5050, 5255, 5793, 6168, 7391, 8814, 7404, 5275, 4864, 6157, 7535, 8875, 13887, 4118, 6135, 5026, 6980, 8171, 7842], "tmd": [5, 10, 4, 3, 9, 8, 8, 4, 7, 2, 1, 4, 8, 3, 8, 1, 1, 1, 11, 1, 6], "wmn": 1539, "wmt": 28456, "wmd": 26, "wmv": 52163, "wdn": 4, "wdt": 20, "wdd": -1, "wdv": 7, "tlv": "South Carolina"}