{"loc": "Sonoma", "iso": "US", "l1": "United States", "l2": "California", "lvl": 3, "pop": 494336, "key": 13903, "isd": true, "ppd": 35.608000000000004, "med": 38.3, "p65": 15.413, "p70": 9.732000000000001, "hos": 2.77, "exp": 78.86, "adr": 1.0, "amn": 62763.0, "amv": 973354.0, "amd": 653.0, "amt": 1741221.0, "tmn": [64, 78, 0, 0, 153, 34, 60, 86, 58, 0, 0, 129, 62, 84, 0, 86, 0, 32, 147, 34, 105], "tmv": [4248, 3485, 4157, 3682, 3252, 2518, 2835, 2495, 4865, 3672, 4016, 3766, 3121, 6234, 3276, 3244, 2575, 1851, 1965, 1967, 2474], "tmd": [0, 3, 0, 0, 0, 0, 0, 0, 0, 0, 0, 0, 0, 0, 0, -12, 0, 0, 0, 0, 0], "wmn": 407, "wmt": 20512, "wmd": -12, "wmv": 17355, "wdn": -4, "wdt": -17, "wdd": 0, "wdv": -38, "tlv": "California"}