{"loc": "Somervell", "iso": "US", "l1": "United States", "l2": "Texas", "lvl": 3, "pop": 9128, "key": 13900, "isd": true, "ppd": 35.608000000000004, "med": 38.3, "p65": 15.413, "p70": 9.732000000000001, "hos": 2.77, "exp": 78.86, "adr": 1.0, "amn": 112073.0, "amv": 180853.0, "amd": 1096.0, "amt": 662598.0, "tmn": [438, 0, 0, 1095, 109, 657, 547, 438, 0, 0, 547, 328, 0, 328, 109, 0, 0, 0, 438, 0, 0], "tmv": [5139, 4690, 3336, 1695, 3330, 4023, 4903, 6734, 6595, 3662, 2393, 4746, 4917, 6132, 6772, 6806, 0, 0, 3221, 4419, 5606], "tmd": [0, 0, 0, 0, 0, 0, 0, 110, 0, 0, 0, 0, 0, 0, 0, 0, 0, 0, 0, 0, 0], "wmn": 548, "wmt": 20929, "wmd": 0, "wmv": 26827, "wdn": -67, "wdt": -11, "wdd": -100, "wdv": -24, "tlv": "Texas"}