{"loc": "South Dakota", "iso": "US", "l1": "United States", "l2": "South Dakota", "lvl": 2, "pop": 884659, "key": 13910, "isd": true, "ppd": 35.608000000000004, "med": 38.3, "p65": 15.413, "p70": 9.732000000000001, "hos": 2.77, "exp": 78.86, "adr": 1.0, "amn": 183545.0, "amv": 1354464.0, "amd": 2606.0, "amt": 1181812.0, "tmn": [0, 0, 455, 811, 587, 498, 487, 0, 0, 453, 984, 627, 0, 588, 0, 0, 842, 1021, 544, 549, 469], "tmv": [2361, 1265, 4095, 4257, 4381, 4544, 5255, 2753, 1460, 3910, 4355, 4594, 4119, 5128, 2996, 1521, 3915, 2663, 347, 0, 0], "tmd": [0, 0, 7, 10, 5, 8, 8, 0, 0, 0, 4, 8, 0, 5, 0, 0, 10, 6, 4, 7, 3], "wmn": 3428, "wmt": 17519, "wmd": 28, "wmv": 11446, "wdn": 29, "wdt": -22, "wdd": 71, "wdv": -57, "tlv": "South Dakota"}