{"loc": "South Dakota", "iso": "US", "l1": "United States", "l2": "South Dakota", "lvl": 2, "pop": 884659, "key": 13910, "isd": true, "ppd": 35.608000000000004, "med": 38.3, "p65": 15.413, "p70": 9.732000000000001, "hos": 2.77, "exp": 78.86, "adr": 1.0, "amn": 179529.0, "amv": 1318760.0, "amd": 2574.0, "amt": 1164294.0, "tmn": [380, 0, 0, 333, 811, 512, 352, 447, 0, 0, 455, 811, 587, 498, 487, 0, 0, 453, 984, 627, 0], "tmv": [3907, 2388, 1363, 4340, 4401, 4549, 4472, 4977, 2311, 1237, 3968, 4080, 4140, 4246, 4837, 2345, 1101, 1959, 281, 0, 0], "tmd": [5, 0, 0, 3, 10, 4, 4, 2, 0, 0, 7, 10, 5, 8, 8, 0, 0, 0, 4, 8, 0], "wmn": 2553, "wmt": 22448, "wmd": 20, "wmv": 10525, "wdn": -9, "wdt": 116, "wdd": -35, "wdv": -58, "tlv": "South Dakota"}