{"loc": "Southampton", "iso": "US", "l1": "United States", "l2": "Virginia", "lvl": 3, "pop": 17631, "key": 13917, "isd": true, "ppd": 35.608000000000004, "med": 38.3, "p65": 15.413, "p70": 9.732000000000001, "hos": 2.77, "exp": 78.86, "adr": 3.0, "amn": 113663.0, "amv": 1037493.0, "amd": 3233.0, "amt": 924918.0, "tmn": [0, 113, -56, 0, 0, 113, 0, 0, 0, 56, 0, 170, 0, 0, 113, 170, 56, 56, 0, 0, 0], "tmv": [0, 0, 1326, 2107, 1883, 1818, 1779, 1363, 1036, 1655, 1721, 1666, 1928, 1520, 1539, 740, 1856, 2005, 1821, 2051, 2364], "tmd": [0, 0, 0, 0, 0, 0, 0, 0, 0, 0, 0, 0, 0, 0, 0, 0, 0, 0, 0, 0, 0], "wmn": 398, "wmt": 7651, "wmd": 0, "wmv": 12380, "wdn": 75, "wdt": 23, "wdd": 0, "wdv": 14, "tlv": "Virginia"}