{"loc": "South West Garo Hills", "iso": "IN", "l1": "India", "l2": "Meghalaya", "lvl": 3, "pop": 172495, "key": 13915, "isd": true, "ppd": 450.41900000000004, "med": 28.2, "p65": 5.989, "p70": 3.4139999999999997, "hos": 0.53, "exp": 69.66, "adr": 1.0, "amn": 1165.0, "amv": 103279.0, "amd": 12.0, "amt": 134205.0, "tmn": [0, 0, 0, 0, 0, 0, 0, 0, 0, 0, 0, 0, 0, 0, 0, 0, 0, 0, 5, 0, 0], "tmv": [2874, 2261, 2996, 2710, 2550, 2125, 2901, 1917, 2401, 1978, 1966, 1945, 891, 2374, 0, 0, 2252, 0, 0, 0, 2420], "tmd": [0, 0, 0, 0, 0, 0, 0, 0, 0, 0, 0, 0, 0, 0, 0, 0, 0, 0, 0, 0, 0], "wmn": 6, "wmt": 4435, "wmd": 0, "wmv": 4673, "wdn": 0, "wdt": 5, "wdd": 0, "wdv": -65, "tlv": "Meghalaya"}