{"loc": "South Garo Hills", "iso": "IN", "l1": "India", "l2": "Meghalaya", "lvl": 3, "pop": 142574, "key": 13911, "isd": true, "ppd": 450.41900000000004, "med": 28.2, "p65": 5.989, "p70": 3.4139999999999997, "hos": 0.53, "exp": 69.66, "adr": 0.0, "amn": 1445.0, "amv": 104985.0, "amd": 7.0, "amt": 135583.0, "tmn": [0, 0, 0, 0, 0, 0, 0, 0, 0, 0, 0, 0, 0, 0, 7, 0, 0, 0, 0, 21, 28], "tmv": [2996, 2710, 2550, 2125, 2901, 1917, 2401, 1978, 1966, 1945, 891, 2374, 0, 0, 2252, 0, 0, 0, 2420, 1705, 0], "tmd": [0, 0, 0, 0, 0, 0, 0, 0, 0, 0, 0, 0, 0, 0, 0, 0, 0, 0, 0, 8, 0], "wmn": 57, "wmt": 4373, "wmd": 8, "wmv": 6379, "wdn": 0, "wdt": 4, "wdd": 0, "wdv": -30, "tlv": "Meghalaya"}