{"loc": "Spencer", "iso": "US", "l1": "United States", "l2": "Indiana", "lvl": 3, "pop": 20277, "key": 13924, "isd": true, "ppd": 35.608000000000004, "med": 38.3, "p65": 15.413, "p70": 9.732000000000001, "hos": 2.77, "exp": 78.86, "adr": 1.0, "amn": 112689.0, "amv": 684867.0, "amd": 1529.0, "amt": 1429435.0, "tmn": [0, 0, 147, 49, 0, 49, 246, 0, 49, 49, 0, 49, 49, 147, 49, 0, 49, 49, 0, 98, 49], "tmv": [6477, 4262, 8755, 10329, 12013, 14052, 10864, 8027, 7863, 7615, 10699, 12037, 10893, 10729, 6600, 5484, 7781, 9092, 10242, 10071, 0], "tmd": [0, 0, 0, 0, 0, 0, 0, 0, 0, 0, 0, 0, 0, 0, 0, 0, 0, 0, 0, 0, 0], "wmn": 296, "wmt": 30074, "wmd": 0, "wmv": 49273, "wdn": -14, "wdt": -13, "wdd": 0, "wdv": -27, "tlv": "Indiana"}