{"loc": "Spencer", "iso": "US", "l1": "United States", "l2": "Indiana", "lvl": 3, "pop": 20277, "key": 13924, "isd": true, "ppd": 35.608000000000004, "med": 38.3, "p65": 15.413, "p70": 9.732000000000001, "hos": 2.77, "exp": 78.86, "adr": 1.0, "amn": 105292.0, "amv": 160515.0, "amd": 1381.0, "amt": 1127985.0, "tmn": [493, 739, 1134, 838, 542, 49, 345, 690, 690, 394, 887, 394, 147, 246, 443, 246, 197, 394, 443, 147, 345], "tmv": [3374, 4677, 5132, 5139, 4690, 3336, 1695, 3330, 4023, 4903, 6734, 6595, 3662, 2393, 4746, 4917, 6132, 6772, 6806, 0, 0], "tmd": [99, 0, 50, 0, 0, 0, 0, 50, 50, 0, 50, 0, 0, 0, 0, 0, 0, 0, 0, 0, 0], "wmn": 2220, "wmt": 39366, "wmd": 0, "wmv": 29376, "wdn": -36, "wdt": 1, "wdd": -100, "wdv": -7, "tlv": "Indiana"}