{"loc": "Spotsylvania", "iso": "US", "l1": "United States", "l2": "Virginia", "lvl": 3, "pop": 136215, "key": 13928, "isd": true, "ppd": 35.608000000000004, "med": 38.3, "p65": 15.413, "p70": 9.732000000000001, "hos": 2.77, "exp": 78.86, "adr": 1.0, "amn": 75021.0, "amv": 998006.0, "amd": 918.0, "amt": 903759.0, "tmn": [7, 0, 22, 14, -7, 7, 0, 0, 0, 14, 7, 73, 7, 14, 22, 22, 44, 29, 29, 36, 66], "tmv": [3672, 4016, 3766, 3121, 6234, 3276, 3244, 2575, 1851, 1965, 1967, 2474, 1554, 2803, 3655, 3299, 2241, 4154, 4949, 1994, 0], "tmd": [0, 0, 0, 0, 0, 8, 0, 0, 0, 0, 0, 0, 0, 0, 0, 0, 0, 0, 0, 0, 0], "wmn": 250, "wmt": 6916, "wmd": 0, "wmv": 20295, "wdn": 112, "wdt": 5, "wdd": 0, "wdv": 34, "tlv": "Virginia"}