{"loc": "Spalding", "iso": "US", "l1": "United States", "l2": "Georgia", "lvl": 3, "pop": 66703, "key": 13922, "isd": true, "ppd": 35.608000000000004, "med": 38.3, "p65": 15.413, "p70": 9.732000000000001, "hos": 2.77, "exp": 78.86, "adr": 3.0, "amn": 112993.0, "amv": 1086287.0, "amd": 3118.0, "amt": 934741.0, "tmn": [299, 464, 0, 0, 734, 884, 494, 494, 749, 0, 0, 1304, 1259, 674, 764, 974, 0, 0, 1214, 629, 839], "tmv": [2155, 2600, 2160, 2477, 1419, 1374, 2201, 2622, 2492, 2548, 2348, 1615, 1875, 1986, 1986, 2786, 3007, 2017, 2605, 1830, 0], "tmd": [15, 0, 0, 0, 0, 0, 0, 0, 0, 0, 0, 15, 0, 0, 15, 0, 0, 0, 0, 0, 0], "wmn": 4423, "wmt": 19098, "wmd": 15, "wmv": 14234, "wdn": -1, "wdt": 25, "wdd": 0, "wdv": -8, "tlv": "Georgia"}