{"loc": "Spink", "iso": "US", "l1": "United States", "l2": "South Dakota", "lvl": 3, "pop": 6376, "key": 13926, "isd": true, "ppd": 35.608000000000004, "med": 38.3, "p65": 15.413, "p70": 9.732000000000001, "hos": 2.77, "exp": 78.86, "adr": 3.0, "amn": 132842.0, "amv": 968912.0, "amd": 4078.0, "amt": 925709.0, "tmn": [0, 156, 0, 0, 0, 0, 0, 156, 0, 0, 0, 0, 0, 0, 0, 0, 0, 0, 0, 0, 156], "tmv": [2452, 4248, 3485, 4157, 3682, 3252, 2518, 2835, 2495, 4865, 3672, 4016, 3766, 3121, 6234, 3276, 3244, 2575, 1851, 1965, 0], "tmd": [0, 0, 0, 0, 0, 0, 0, 0, 0, 0, 0, 0, 0, 0, 0, 0, 0, 0, 0, 0, 0], "wmn": 157, "wmt": 2628, "wmd": 0, "wmv": 19149, "wdn": 0, "wdt": -46, "wdd": 0, "wdv": -23, "tlv": "South Dakota"}