{"loc": "Southwest Utah", "iso": "US", "l1": "United States", "l2": "Utah", "lvl": 3, "pop": 252042, "key": 13920, "isd": true, "ppd": 35.608000000000004, "med": 38.3, "p65": 15.413, "p70": 9.732000000000001, "hos": 2.77, "exp": 78.86, "adr": 1.0, "amn": 150241.0, "amv": 1187231.0, "amd": 1408.0, "amt": 1307372.0, "tmn": [583, 730, 567, 0, 0, 1610, 511, 495, 690, 741, 0, 0, 1360, 476, 571, 622, 694, 0, 0, 1321, 472], "tmv": [2913, 2024, 2876, 2739, 2336, 1790, 1886, 2554, 2257, 2903, 2781, 2047, 1978, 1647, 2163, 995, 2262, 2445, 2251, 1671, 1480], "tmd": [12, 12, 16, 0, 0, 20, 4, 4, 12, 12, 0, 0, 24, 12, 0, 16, 8, 0, 0, 4, 4], "wmn": 3682, "wmt": 19130, "wmd": 32, "wmv": 13270, "wdn": -2, "wdt": -12, "wdd": -50, "wdv": -18, "tlv": "Utah"}