{"loc": "Spartanburg", "iso": "US", "l1": "United States", "l2": "South Carolina", "lvl": 3, "pop": 319785, "key": 13923, "isd": true, "ppd": 35.608000000000004, "med": 38.3, "p65": 15.413, "p70": 9.732000000000001, "hos": 2.77, "exp": 78.86, "adr": 2.0, "amn": 189953.0, "amv": 1227352.0, "amd": 3462.0, "amt": 1779441.0, "tmn": [941, 0, 0, 1982, 550, 1916, 566, 619, 0, 0, 1522, 400, 262, 537, 387, 0, 0, 1172, 200, 190, 328], "tmv": [2262, 2445, 2251, 1671, 0, 0, 2784, 2570, 2833, 3777, 2988, 2423, 2905, 2661, 3390, 3489, 0, 0, 0, 2411, 0], "tmd": [29, 0, 0, 29, 7, 51, 69, 22, 0, 0, 26, 10, 16, 38, 19, 0, 0, 38, 13, 7, 0], "wmn": 2280, "wmt": 32506, "wmd": 76, "wmv": 9292, "wdn": -32, "wdt": -5, "wdd": -31, "wdv": -54, "tlv": "South Carolina"}