{"loc": "St. Clair", "iso": "US", "l1": "United States", "l2": "Michigan", "lvl": 3, "pop": 159128, "key": 13939, "isd": true, "ppd": 35.608000000000004, "med": 38.3, "p65": 15.413, "p70": 9.732000000000001, "hos": 2.77, "exp": 78.86, "adr": 2.0, "amn": 116724.0, "amv": 1044330.0, "amd": 2847.0, "amt": 1458017.0, "tmn": [119, 0, 0, 0, 106, 0, 0, 87, 0, 0, 0, 25, 0, 0, 75, 0, 0, 0, 131, 0, 0], "tmv": [1883, 1818, 1779, 1363, 1036, 1655, 1721, 1666, 1928, 1520, 1539, 740, 1856, 2005, 1821, 2051, 2364, 1193, 1200, 2288, 2155], "tmd": [13, 0, 0, 0, 0, 0, 0, 0, 0, 0, 0, 0, 0, 0, 13, 0, 0, 0, 0, 0, 0], "wmn": 208, "wmt": 8786, "wmd": 13, "wmv": 13076, "wdn": 83, "wdt": 12, "wdd": 0, "wdv": 16, "tlv": "Michigan"}