{"loc": "St. Bernard", "iso": "US", "l1": "United States", "l2": "Louisiana", "lvl": 3, "pop": 47244, "key": 13934, "isd": true, "ppd": 35.608000000000004, "med": 38.3, "p65": 15.413, "p70": 9.732000000000001, "hos": 2.77, "exp": 78.86, "adr": 1.0, "amn": 146093.0, "amv": 1283911.0, "amd": 2074.0, "amt": 2101441.0, "tmn": [296, 232, 105, 148, 0, 0, 148, 42, 148, 84, 21, 0, 0, 254, 63, 42, 63, 42, 0, 0, 148], "tmv": [2626, 2552, 2575, 2955, 1399, 770, 2354, 2306, 2307, 2345, 3781, 2315, 1328, 4158, 4126, 4122, 3797, 3784, 1119, 91, 0], "tmd": [0, 22, 0, 0, 0, 0, 22, 0, 0, 0, 0, 0, 0, 0, 0, 0, 0, 0, 0, 0, 0], "wmn": 360, "wmt": 27243, "wmd": 0, "wmv": 17042, "wdn": -35, "wdt": -7, "wdd": 0, "wdv": -8, "tlv": "Louisiana"}