{"loc": "St. Clair", "iso": "US", "l1": "United States", "l2": "Michigan", "lvl": 3, "pop": 159128, "key": 13939, "isd": true, "ppd": 35.608000000000004, "med": 38.3, "p65": 15.413, "p70": 9.732000000000001, "hos": 2.77, "exp": 78.86, "adr": 3.0, "amn": 53416.0, "amv": 170827.0, "amd": 1584.0, "amt": 998289.0, "tmn": [226, 81, 0, 219, 119, 131, 106, 81, 119, 0, 113, 100, 87, 87, 87, 94, 0, 113, 106, 94, 62], "tmv": [5132, 5139, 4690, 3336, 1695, 3330, 4023, 4903, 6734, 6595, 3662, 2393, 4746, 4917, 6132, 6772, 6806, 0, 0, 3221, 0], "tmd": [7, 26, 0, 0, 32, 7, 7, 0, 13, 0, 0, 19, 0, 0, 7, 38, 0, 0, 0, 0, 13], "wmn": 560, "wmt": 20609, "wmd": 57, "wmv": 22933, "wdn": -5, "wdt": -14, "wdd": 80, "wdv": -32, "tlv": "Michigan"}