{"loc": "St. Charles", "iso": "US", "l1": "United States", "l2": "Missouri", "lvl": 3, "pop": 402022, "key": 13936, "isd": true, "ppd": 35.608000000000004, "med": 38.3, "p65": 15.413, "p70": 9.732000000000001, "hos": 2.77, "exp": 78.86, "adr": 1.0, "amn": 140010.0, "amv": 1283911.0, "amd": 1373.0, "amt": 1217953.0, "tmn": [144, 206, 243, 206, 181, 181, 114, 119, 169, 211, 116, 189, 149, 69, 131, 181, 166, 149, 213, 149, 99], "tmv": [2626, 2552, 2575, 2955, 1399, 770, 2354, 2306, 2307, 2345, 3781, 2315, 1328, 4158, 4126, 4122, 3797, 3784, 1119, 91, 0], "tmd": [0, 3, 3, 0, 0, 0, 0, 8, 8, 10, 3, 0, -4, 0, 15, 5, 0, -2, 0, 0, 0], "wmn": 1092, "wmt": 14063, "wmd": 18, "wmv": 17042, "wdn": 7, "wdt": -3, "wdd": -22, "wdv": -8, "tlv": "Missouri"}