{"loc": "St. Clair", "iso": "US", "l1": "United States", "l2": "Illinois", "lvl": 3, "pop": 259686, "key": 13938, "isd": true, "ppd": 35.608000000000004, "med": 38.3, "p65": 15.413, "p70": 9.732000000000001, "hos": 2.77, "exp": 78.86, "adr": 2.0, "amn": 136072.0, "amv": 1187231.0, "amd": 2207.0, "amt": 2486639.0, "tmn": [419, 338, 377, 0, 0, 569, 358, 200, 319, 207, 0, 0, 643, 169, 130, 238, 288, 0, 0, 485, 269], "tmv": [2913, 2024, 2876, 2739, 2336, 1790, 1886, 2554, 2257, 2903, 2781, 2047, 1978, 1647, 2163, 995, 2262, 2445, 2251, 1671, 1480], "tmd": [0, 0, 4, 0, 0, 12, 4, 8, 4, 8, 0, 0, 24, 0, 8, 4, 4, 0, 0, 8, 0], "wmn": 1414, "wmt": 62354, "wmd": 24, "wmv": 13270, "wdn": -8, "wdt": 12, "wdd": -45, "wdv": -18, "tlv": "Illinois"}