{"loc": "St. Clair", "iso": "US", "l1": "United States", "l2": "Michigan", "lvl": 3, "pop": 159128, "key": 13939, "isd": true, "ppd": 35.608000000000004, "med": 38.3, "p65": 15.413, "p70": 9.732000000000001, "hos": 2.77, "exp": 78.86, "adr": 2.0, "amn": 145298.0, "amv": 1303449.0, "amd": 3312.0, "amt": 1771088.0, "tmn": [0, 974, 0, 779, 0, 1137, 0, 0, 829, 0, 873, 0, 1074, 0, 0, 904, 0, 1087, 0, 1445, 0], "tmv": [780, 2376, 2334, 2342, 2403, 3887, 2378, 1359, 4316, 4363, 4502, 4400, 4864, 2267, 1210, 3657, 3104, 3335, 2510, 342, 0], "tmd": [0, 0, 0, 38, 0, 13, 0, 0, 7, 0, 19, 0, 13, 0, 0, 26, 0, 26, 0, 13, 0], "wmn": 3438, "wmt": 27010, "wmd": 63, "wmv": 14161, "wdn": 24, "wdt": 5, "wdd": 67, "wdv": -46, "tlv": "Michigan"}