{"loc": "St. Bernard", "iso": "US", "l1": "United States", "l2": "Louisiana", "lvl": 3, "pop": 47244, "key": 13934, "isd": true, "ppd": 35.608000000000004, "med": 38.3, "p65": 15.413, "p70": 9.732000000000001, "hos": 2.77, "exp": 78.86, "adr": 1.0, "amn": 87355.0, "amv": 968912.0, "amd": 1143.0, "amt": 1518322.0, "tmn": [127, 63, 0, 0, 127, -21, 84, 190, 21, 0, 0, 63, 42, 63, 105, -21, 0, 0, 84, 42, 63], "tmv": [2452, 4248, 3485, 4157, 3682, 3252, 2518, 2835, 2495, 4865, 3672, 4016, 3766, 3121, 6234, 3276, 3244, 2575, 1851, 1965, 0], "tmd": [22, 0, 0, 0, 0, 0, 0, 0, 0, 0, 0, 0, 0, 0, 0, 0, 0, 0, 0, 0, 0], "wmn": 276, "wmt": 12914, "wmd": 0, "wmv": 19149, "wdn": -28, "wdt": -13, "wdd": 0, "wdv": -23, "tlv": "Louisiana"}