{"loc": "St. Bernard", "iso": "US", "l1": "United States", "l2": "Louisiana", "lvl": 3, "pop": 47244, "key": 13934, "isd": true, "ppd": 35.608000000000004, "med": 38.3, "p65": 15.413, "p70": 9.732000000000001, "hos": 2.77, "exp": 78.86, "adr": 1.0, "amn": 132504.0, "amv": 1104562.0, "amd": 1566.0, "amt": 1796404.0, "tmn": [994, 952, 0, 0, 3132, 1016, 1481, 910, 1248, 0, 0, 4169, 1143, 1016, 1121, 1820, 0, 0, 3577, 550, 2010], "tmv": [2622, 2492, 2548, 2348, 1615, 1875, 1986, 1986, 2786, 3007, 2017, 2605, 1830, 2139, 3106, 3068, 3187, 2953, 1851, 1966, 0], "tmd": [22, 43, 0, 0, 22, 22, 0, 0, 0, 0, 0, 0, 22, 43, 22, 43, 0, 0, 43, 64, 0], "wmn": 9081, "wmt": 51257, "wmd": 170, "wmv": 16136, "wdn": 7, "wdt": 6, "wdd": 167, "wdv": -1, "tlv": "Louisiana"}