{"loc": "St. Clair", "iso": "US", "l1": "United States", "l2": "Illinois", "lvl": 3, "pop": 259686, "key": 13938, "isd": true, "ppd": 35.608000000000004, "med": 38.3, "p65": 15.413, "p70": 9.732000000000001, "hos": 2.77, "exp": 78.86, "adr": 2.0, "amn": 121893.0, "amv": 1074040.0, "amd": 2049.0, "amt": 2173064.0, "tmn": [0, 0, 889, 288, 373, 361, 415, 0, 0, 1116, 273, 365, 458, 496, 0, 0, 1020, 273, 462, 450, 392], "tmv": [2051, 2364, 1193, 1200, 2288, 2155, 2600, 2160, 2477, 1419, 1374, 2201, 2622, 2492, 2548, 2348, 1615, 1875, 1986, 1986, 0], "tmd": [0, 0, 0, 0, 0, 0, 4, 0, 0, 0, 0, 4, 8, 0, 0, 0, 8, 0, 0, 0, 0], "wmn": 2600, "wmt": 32922, "wmd": 8, "wmv": 12361, "wdn": -4, "wdt": 19, "wdd": -33, "wdv": -16, "tlv": "Illinois"}