{"loc": "St. Charles", "iso": "US", "l1": "United States", "l2": "Missouri", "lvl": 3, "pop": 402022, "key": 13936, "isd": true, "ppd": 35.608000000000004, "med": 38.3, "p65": 15.413, "p70": 9.732000000000001, "hos": 2.77, "exp": 78.86, "adr": 1.0, "amn": 135983.0, "amv": 1212726.0, "amd": 1326.0, "amt": 1167529.0, "tmn": [268, 231, 181, 278, 283, 256, 238, 606, 226, 164, 216, 313, 271, 300, 213, 228, 161, 189, 365, 238, 293], "tmv": [2781, 2047, 1978, 1647, 2163, 995, 2262, 2445, 2251, 1671, 0, 0, 2784, 2570, 2833, 3777, 2988, 2423, 2905, 2661, 0], "tmd": [0, 0, 0, 15, 5, 0, 0, 3, 0, 0, 10, 0, 0, 5, 0, 0, 0, 5, 0, 0, 0], "wmn": 1692, "wmt": 16968, "wmd": 5, "wmv": 17591, "wdn": -19, "wdt": -7, "wdd": -71, "wdv": 50, "tlv": "Missouri"}