{"loc": "St. Clair", "iso": "US", "l1": "United States", "l2": "Illinois", "lvl": 3, "pop": 259686, "key": 13938, "isd": true, "ppd": 35.608000000000004, "med": 38.3, "p65": 15.413, "p70": 9.732000000000001, "hos": 2.77, "exp": 78.86, "adr": 2.0, "amn": 97776.0, "amv": 220982.0, "amd": 1794.0, "amt": 1425979.0, "tmn": [304, 192, 231, 277, 277, 258, 254, 188, 138, 77, 234, 250, 258, 161, 130, 146, 146, 192, 231, 223, 192], "tmv": [6595, 3662, 2393, 4746, 4917, 6132, 6772, 6806, 0, 0, 3221, 4419, 5606, 5173, 5466, 3298, 2593, 4349, 5491, 6616, 7139], "tmd": [8, 0, 4, 12, 8, 0, 12, 4, 0, 0, 12, 8, 20, 12, 4, 0, 0, 0, 0, 12, 0], "wmn": 1264, "wmt": 41212, "wmd": 16, "wmv": 34956, "wdn": -4, "wdt": 19, "wdd": -71, "wdv": 39, "tlv": "Illinois"}