{"loc": "St. Charles", "iso": "US", "l1": "United States", "l2": "Missouri", "lvl": 3, "pop": 402022, "key": 13936, "isd": true, "ppd": 35.608000000000004, "med": 38.3, "p65": 15.413, "p70": 9.732000000000001, "hos": 2.77, "exp": 78.86, "adr": 1.0, "amn": 125060.0, "amv": 1121684.0, "amd": 1264.0, "amt": 1067338.0, "tmn": [659, 437, 397, 343, 325, 271, 273, 410, 328, 325, 340, 315, 261, 303, 365, 333, 472, 300, 144, 345, 139], "tmv": [1986, 1986, 2786, 3007, 2017, 2605, 1830, 2139, 3106, 3068, 3187, 2953, 1851, 1966, 2813, 2807, 3250, 3257, 2889, 2103, 0], "tmd": [0, 5, 0, 3, 0, 0, 13, 0, 0, 0, 0, 0, 0, 5, 0, 0, 0, 10, 0, 0, 20], "wmn": 2102, "wmt": 17774, "wmd": 30, "wmv": 17122, "wdn": -8, "wdt": -2, "wdd": 500, "wdv": -6, "tlv": "Missouri"}