{"loc": "St. Joseph", "iso": "US", "l1": "United States", "l2": "Indiana", "lvl": 3, "pop": 271826, "key": 13948, "isd": true, "ppd": 35.608000000000004, "med": 38.3, "p65": 15.413, "p70": 9.732000000000001, "hos": 2.77, "exp": 78.86, "adr": 1.0, "amn": 141171.0, "amv": 1100743.0, "amd": 2097.0, "amt": 1754254.0, "tmn": [220, 103, 143, 187, 161, 0, 0, 397, 117, 165, 220, 217, 0, 0, 548, 176, 323, 231, 294, 0, 0], "tmv": [1419, 1374, 2201, 2622, 2492, 2548, 2348, 1615, 1875, 1986, 1986, 2786, 3007, 2017, 2605, 1830, 2139, 3106, 3068, 3187, 2953], "tmd": [0, 0, 0, 4, 0, 0, 0, 0, 0, 0, 0, 0, 0, 0, 0, 0, 4, 0, 0, 0, 0], "wmn": 1575, "wmt": 37366, "wmd": 4, "wmv": 18892, "wdn": 41, "wdt": 31, "wdd": 0, "wdv": 24, "tlv": "Indiana"}