{"loc": "St. Johns", "iso": "US", "l1": "United States", "l2": "Florida", "lvl": 3, "pop": 264672, "key": 13947, "isd": true, "ppd": 35.608000000000004, "med": 38.3, "p65": 15.413, "p70": 9.732000000000001, "hos": 2.77, "exp": 78.86, "adr": 1.0, "amn": 86904.0, "amv": 841634.0, "amd": 824.0, "amt": 1100064.0, "tmn": [128, 132, 158, 109, 113, 90, 211, 185, 128, 117, 117, 90, 102, 102, 117, 128, 117, 75, 49, 147, 139], "tmv": [8259, 8496, 10027, 6458, 3608, 3001, 5456, 7305, 8515, 7794, 7192, 5713, 4653, 4699, 5814, 5591, 7265, 6352, 4511, 3409, 5326], "tmd": [8, 0, 0, 0, 0, 0, 4, 0, 4, 0, 0, 0, 0, 4, 8, 0, 0, 0, 0, 16, -3], "wmn": 775, "wmt": 16477, "wmd": 19, "wmv": 38272, "wdn": -8, "wdt": -8, "wdd": 150, "wdv": -17, "tlv": "Florida"}