{"loc": "St. Croix", "iso": "US", "l1": "United States", "l2": "Wisconsin", "lvl": 3, "pop": 90687, "key": 13941, "isd": true, "ppd": 35.608000000000004, "med": 38.3, "p65": 15.413, "p70": 9.732000000000001, "hos": 2.77, "exp": 78.86, "adr": 1.0, "amn": 88392.0, "amv": 233408.0, "amd": 518.0, "amt": 1191700.0, "tmn": [143, 198, 198, 66, 66, 77, 165, 198, 143, 44, 88, 33, 77, 231, 231, 99, 220, 99, 33, 165, 55], "tmv": [4746, 4917, 6132, 6772, 6806, 0, 0, 3221, 4419, 5606, 5173, 5466, 3298, 2593, 4349, 5491, 6616, 7139, 7375, 5050, 0], "tmd": [0, 0, 0, 0, 0, 0, 0, 0, 0, 0, 0, 0, 0, 0, 12, 0, 0, 0, 0, 0, 0], "wmn": 905, "wmt": 39303, "wmd": 12, "wmv": 36022, "wdn": 11, "wdt": 29, "wdd": 0, "wdv": 21, "tlv": "Wisconsin"}