{"loc": "St. Francis", "iso": "US", "l1": "United States", "l2": "Arkansas", "lvl": 3, "pop": 24994, "key": 13942, "isd": true, "ppd": 35.608000000000004, "med": 38.3, "p65": 15.413, "p70": 9.732000000000001, "hos": 2.77, "exp": 78.86, "adr": 1.0, "amn": 182124.0, "amv": 1170335.0, "amd": 2241.0, "amt": 1267247.0, "tmn": [880, 560, 880, 680, 760, 520, 440, 360, 840, 1400, 1080, 200, 360, 360, 480, 400, 760, 720, 520, 200, 80], "tmv": [1988, 3241, 2538, 4249, 2950, 0, 0, 0, 2913, 2024, 2876, 2739, 2336, 1790, 1886, 2554, 2257, 2903, 2781, 2047, 0], "tmd": [0, 0, 0, 0, 0, 0, 0, 41, 41, 0, 0, 0, 0, 0, 0, 0, 0, 0, 0, 0, 81], "wmn": 3161, "wmt": 21575, "wmd": 81, "wmv": 14431, "wdn": -31, "wdt": 1, "wdd": 0, "wdv": -2, "tlv": "Arkansas"}