{"loc": "St. Joseph", "iso": "US", "l1": "United States", "l2": "Indiana", "lvl": 3, "pop": 271826, "key": 13948, "isd": true, "ppd": 35.608000000000004, "med": 38.3, "p65": 15.413, "p70": 9.732000000000001, "hos": 2.77, "exp": 78.86, "adr": 2.0, "amn": 106410.0, "amv": 153709.0, "amd": 1836.0, "amt": 1122591.0, "tmn": [301, 150, 187, 400, 305, 268, 253, 172, 161, 176, 408, 180, 334, 198, 161, 125, 286, 360, 290, 334, 367], "tmv": [2687, 2448, 3374, 4677, 5132, 5139, 4690, 3336, 1695, 3330, 4023, 4903, 6734, 6595, 3662, 2393, 4746, 4917, 6132, 6772, 0], "tmd": [4, 4, 8, 8, 19, 0, 0, 4, 12, 12, 306, 8, 8, 4, 12, 0, 12, 0, 8, 12, 4], "wmn": 1928, "wmt": 40360, "wmd": 45, "wmv": 28625, "wdn": 18, "wdt": 0, "wdd": -87, "wdv": -7, "tlv": "Indiana"}