{"loc": "St. John the Baptist", "iso": "US", "l1": "United States", "l2": "Louisiana", "lvl": 3, "pop": 42837, "key": 13946, "isd": true, "ppd": 35.608000000000004, "med": 38.3, "p65": 15.413, "p70": 9.732000000000001, "hos": 2.77, "exp": 78.86, "adr": 3.0, "amn": 144595.0, "amv": 1187231.0, "amd": 3735.0, "amt": 1964188.0, "tmn": [513, 373, 0, 0, 0, 536, 863, 326, 280, 0, 0, 536, 256, 163, 233, 186, 0, 0, 513, 140, 70], "tmv": [2024, 2876, 2739, 2336, 1790, 1886, 2554, 2257, 2903, 2781, 2047, 1978, 1647, 2163, 995, 2262, 2445, 2251, 1671, 1480, 0], "tmd": [0, 24, 0, 0, 0, 0, 0, 0, 0, 0, 0, 0, 24, 24, 0, 0, 0, 0, 0, 47, 0], "wmn": 1144, "wmt": 32261, "wmd": 47, "wmv": 11106, "wdn": -27, "wdt": -19, "wdd": 0, "wdv": -30, "tlv": "Louisiana"}