{"loc": "St. Helena", "iso": "US", "l1": "United States", "l2": "Louisiana", "lvl": 3, "pop": 10132, "key": 13944, "isd": true, "ppd": 35.608000000000004, "med": 38.3, "p65": 15.413, "p70": 9.732000000000001, "hos": 2.77, "exp": 78.86, "adr": 1.0, "amn": 85570.0, "amv": 153709.0, "amd": 790.0, "amt": 1141432.0, "tmn": [394, 296, 1085, 986, 296, 493, 0, 0, 690, -197, 296, 592, -296, 0, -296, 394, 0, 197, 394, 98, 0], "tmv": [3978, 2687, 2448, 3374, 4677, 5132, 5139, 4690, 3336, 1695, 3330, 4023, 4903, 6734, 6595, 3662, 2393, 4746, 4917, 6132, 6772], "tmd": [0, 0, 0, 99, 0, 0, 0, 0, 0, 0, 0, 0, 0, 0, 0, 0, 0, 0, 0, 0, 0], "wmn": 790, "wmt": 35849, "wmd": 0, "wmv": 35221, "wdn": -27, "wdt": -5, "wdd": 0, "wdv": 23, "tlv": "Louisiana"}