{"loc": "St. Lawrence", "iso": "US", "l1": "United States", "l2": "New York", "lvl": 3, "pop": 107740, "key": 13951, "isd": true, "ppd": 35.608000000000004, "med": 38.3, "p65": 15.413, "p70": 9.732000000000001, "hos": 2.77, "exp": 78.86, "adr": 1.0, "amn": 83302.0, "amv": 1176126.0, "amd": 1095.0, "amt": 3535452.0, "tmn": [798, 723, 454, 631, 473, 361, 631, 918, 594, 658, 556, 464, 501, 770, 946, 640, 547, 529, 306, 408, 621], "tmv": [4249, 2950, 0, 0, 0, 2913, 2024, 2876, 2739, 2336, 1790, 1886, 2554, 2257, 2903, 2781, 2047, 1978, 1647, 2163, 0], "tmd": [10, 10, 19, 0, 19, 10, 19, 10, 0, 0, 0, 10, 10, 10, 28, 0, 0, 0, 0, 10, 19], "wmn": 4001, "wmt": 64500, "wmd": 56, "wmv": 13523, "wdn": -10, "wdt": 10, "wdd": 50, "wdv": -18, "tlv": "New York"}