{"loc": "St. Louis", "iso": "US", "l1": "United States", "l2": "Minnesota", "lvl": 3, "pop": 199070, "key": 13953, "isd": true, "ppd": 35.608000000000004, "med": 38.3, "p65": 15.413, "p70": 9.732000000000001, "hos": 2.77, "exp": 78.86, "adr": 1.0, "amn": 139011.0, "amv": 1354464.0, "amd": 1929.0, "amt": 2241370.0, "tmn": [0, 0, 2039, 1466, 617, 658, 582, 0, 0, 944, 1431, 994, 1155, 823, 0, 0, 1004, 2059, 658, 1090, 924], "tmv": [2361, 1265, 4095, 4257, 4381, 4544, 5255, 2753, 1460, 3910, 4355, 4594, 4119, 5128, 2996, 1521, 3915, 2663, 347, 0, 0], "tmd": [0, 0, 6, 6, 0, 6, 6, 0, 0, 6, 6, 6, 16, 0, 0, 0, 0, 11, 0, 6, 21], "wmn": 5737, "wmt": 45514, "wmd": 36, "wmv": 11446, "wdn": 7, "wdt": 48, "wdd": 17, "wdv": -57, "tlv": "Minnesota"}