{"loc": "St. Mary's", "iso": "US", "l1": "United States", "l2": "Maryland", "lvl": 3, "pop": 113510, "key": 13957, "isd": true, "ppd": 35.608000000000004, "med": 38.3, "p65": 15.413, "p70": 9.732000000000001, "hos": 2.77, "exp": 78.86, "adr": 2.0, "amn": 56806.0, "amv": 1074040.0, "amd": 1172.0, "amt": 1906592.0, "tmn": [105, 105, 61, 52, 96, 105, 149, 149, 114, 123, 44, 105, 149, 132, 140, 176, 149, 132, 211, 299, 264], "tmv": [2051, 2364, 1193, 1200, 2288, 2155, 2600, 2160, 2477, 1419, 1374, 2201, 2622, 2492, 2548, 2348, 1615, 1875, 1986, 1986, 0], "tmd": [0, 0, 0, 0, 0, 0, 0, 0, 0, 0, 0, 0, 0, 0, 0, 0, 0, 0, 0, 9, 0], "wmn": 1375, "wmt": 25802, "wmd": 9, "wmv": 12361, "wdn": 68, "wdt": 23, "wdd": 0, "wdv": -16, "tlv": "Maryland"}