{"loc": "St. Mary", "iso": "US", "l1": "United States", "l2": "Louisiana", "lvl": 3, "pop": 49348, "key": 13958, "isd": true, "ppd": 35.608000000000004, "med": 38.3, "p65": 15.413, "p70": 9.732000000000001, "hos": 2.77, "exp": 78.86, "adr": 2.0, "amn": 157696.0, "amv": 1121684.0, "amd": 3789.0, "amt": 1821307.0, "tmn": [1661, 891, 1195, 0, 0, 2857, 911, 1398, 1357, 1621, 0, 0, 2208, 587, 1337, 1053, 567, 0, 0, 0, 0], "tmv": [1986, 1986, 2786, 3007, 2017, 2605, 1830, 2139, 3106, 3068, 3187, 2953, 1851, 1966, 2813, 2807, 3250, 3257, 2889, 2103, 0], "tmd": [41, 82, 21, 0, 0, 41, 21, 41, 61, 21, 0, 0, 82, 102, 82, 21, 41, 0, 0, 0, 0], "wmn": 2959, "wmt": 31064, "wmd": 142, "wmv": 17122, "wdn": -59, "wdt": -55, "wdd": -53, "wdv": -6, "tlv": "Louisiana"}