{"loc": "St. Mary's", "iso": "US", "l1": "United States", "l2": "Maryland", "lvl": 3, "pop": 113510, "key": 13957, "isd": true, "ppd": 35.608000000000004, "med": 38.3, "p65": 15.413, "p70": 9.732000000000001, "hos": 2.77, "exp": 78.86, "adr": 2.0, "amn": 53282.0, "amv": 955999.0, "amd": 1163.0, "amt": 1765132.0, "tmn": [17, 26, 17, 26, 17, 26, 8, 35, 0, 0, 0, 17, 0, 8, -8, 8, 0, 0, 44, 35, 0], "tmv": [4872, 3714, 0, 0, 1543, 2452, 4248, 3485, 4157, 3682, 3252, 2518, 2835, 2495, 4865, 3672, 4016, 3766, 3121, 6234, 0], "tmd": [9, 0, 0, 0, 0, 0, 0, 0, 0, 0, 9, 0, 0, 0, 0, 0, 0, 0, 0, 9, 0], "wmn": 80, "wmt": 17285, "wmd": 9, "wmv": 25677, "wdn": 29, "wdt": -14, "wdd": 0, "wdv": 14, "tlv": "Maryland"}