{"loc": "St. Louis City", "iso": "US", "l1": "United States", "l2": "Missouri", "lvl": 3, "pop": 300576, "key": 13952, "isd": true, "ppd": 35.608000000000004, "med": 38.3, "p65": 15.413, "p70": 9.732000000000001, "hos": 2.77, "exp": 78.86, "adr": 2.0, "amn": 105860.0, "amv": 1314721.0, "amd": 2039.0, "amt": 1233943.0, "tmn": [86, 139, 0, 86, 0, 226, 0, 119, 182, 0, 129, 202, 0, 176, 0, 222, 0, 199, 96, 139, 252], "tmv": [2351, 2413, 3899, 2384, 1362, 4330, 4389, 4534, 4456, 4953, 2304, 1233, 3937, 4025, 4080, 4142, 4614, 1985, 454, 175, 0], "tmd": [0, 4, 0, 4, 0, 0, 0, 0, 7, 0, 7, 14, 0, 0, 0, 7, 0, 0, 0, 0, 4], "wmn": 912, "wmt": 14814, "wmd": 10, "wmv": 15454, "wdn": 12, "wdt": 6, "wdd": -62, "wdv": -39, "tlv": "Missouri"}