{"loc": "St. Mary", "iso": "US", "l1": "United States", "l2": "Louisiana", "lvl": 3, "pop": 49348, "key": 13958, "isd": true, "ppd": 35.608000000000004, "med": 38.3, "p65": 15.413, "p70": 9.732000000000001, "hos": 2.77, "exp": 78.86, "adr": 3.0, "amn": 175184.0, "amv": 1469622.0, "amd": 4620.0, "amt": 2247058.0, "tmn": [81, 101, 0, 0, 0, 0, 243, 40, 141, 141, 60, 0, 0, 60, 81, 40, 40, 60, 0, 0, 324], "tmv": [5133, 3959, 70, 3467, 2554, 1688, 4748, 5430, 6005, 6047, 6744, 4092, 2038, 5038, 5187, 5041, 4530, 2968, 283, 0, 0], "tmd": [0, 0, 0, 0, 0, 0, 0, 0, 21, 0, 0, 0, 0, 0, 0, 0, 0, 0, 0, 0, 21], "wmn": 548, "wmt": 24313, "wmd": 21, "wmv": 18013, "wdn": 23, "wdt": -10, "wdd": 0, "wdv": -49, "tlv": "Louisiana"}