{"loc": "St. Landry", "iso": "US", "l1": "United States", "l2": "Louisiana", "lvl": 3, "pop": 82124, "key": 13950, "isd": true, "ppd": 35.608000000000004, "med": 38.3, "p65": 15.413, "p70": 9.732000000000001, "hos": 2.77, "exp": 78.86, "adr": 3.0, "amn": 104172.0, "amv": 500973.0, "amd": 3044.0, "amt": 1305079.0, "tmn": [-24, 207, 0, 267, -60, 0, 0, 547, -97, 48, 194, 158, 0, 0, 243, 158, -36, 133, 0, 0, 0], "tmv": [6135, 5026, 6980, 8171, 7842, 9493, 9226, 6156, 5181, 6849, 8594, 10257, 10611, 9961, 7133, 5431, 8106, 10192, 12065, 12389, 10214], "tmd": [0, 0, 13, 0, 0, 0, 0, 0, 0, 0, 0, 0, 0, 0, 25, 0, 13, 0, 0, 0, 0], "wmn": 500, "wmt": 18809, "wmd": 37, "wmv": 65534, "wdn": -41, "wdt": -7, "wdd": 0, "wdv": 14, "tlv": "Louisiana"}