{"loc": "St. Louis", "iso": "US", "l1": "United States", "l2": "Minnesota", "lvl": 3, "pop": 199070, "key": 13953, "isd": true, "ppd": 35.608000000000004, "med": 38.3, "p65": 15.413, "p70": 9.732000000000001, "hos": 2.77, "exp": 78.86, "adr": 2.0, "amn": 73341.0, "amv": 180853.0, "amd": 1316.0, "amt": 1193209.0, "tmn": [190, 115, 65, 25, 155, 130, 155, 125, 115, 80, 60, 70, 170, 125, 100, 90, 75, 70, 40, 80, 105], "tmv": [4690, 3336, 1695, 3330, 4023, 4903, 6734, 6595, 3662, 2393, 4746, 4917, 6132, 6772, 6806, 0, 0, 3221, 4419, 5606, 0], "tmd": [0, 0, 0, 6, 6, 6, 6, 6, 0, 0, 0, 6, 0, 6, 0, 0, 0, 0, 6, 0, 0], "wmn": 563, "wmt": 29395, "wmd": 6, "wmv": 20055, "wdn": -25, "wdt": -3, "wdd": -67, "wdv": -43, "tlv": "Minnesota"}