{"loc": "St. Louis", "iso": "US", "l1": "United States", "l2": "Minnesota", "lvl": 3, "pop": 199070, "key": 13953, "isd": true, "ppd": 35.608000000000004, "med": 38.3, "p65": 15.413, "p70": 9.732000000000001, "hos": 2.77, "exp": 78.86, "adr": 1.0, "amn": 132451.0, "amv": 1318760.0, "amd": 1894.0, "amt": 2195857.0, "tmn": [542, 0, 0, 723, 1391, 356, 356, 502, 0, 0, 2039, 1466, 617, 658, 582, 0, 0, 944, 1431, 994, 1155], "tmv": [3907, 2388, 1363, 4340, 4401, 4549, 4472, 4977, 2311, 1237, 3968, 4080, 4140, 4246, 4837, 2345, 1101, 1959, 281, 0, 0], "tmd": [16, 0, 0, 6, 0, 0, 21, 6, 0, 0, 6, 6, 0, 6, 6, 0, 0, 6, 6, 6, 16], "wmn": 5109, "wmt": 36654, "wmd": 36, "wmv": 10525, "wdn": -3, "wdt": 15, "wdd": 75, "wdv": -58, "tlv": "Minnesota"}