{"loc": "Stark", "iso": "US", "l1": "United States", "l2": "Ohio", "lvl": 3, "pop": 370606, "key": 13969, "isd": true, "ppd": 35.608000000000004, "med": 38.3, "p65": 15.413, "p70": 9.732000000000001, "hos": 2.77, "exp": 78.86, "adr": 3.0, "amn": 85031.0, "amv": 635594.0, "amd": 2415.0, "amt": 988890.0, "tmn": [194, 121, 145, 105, 169, 0, 175, 83, 91, 223, 118, 118, 151, 148, 113, 132, 140, 99, 140, 89, 116], "tmv": [5431, 8106, 10192, 12065, 12389, 10214, 6477, 4262, 8755, 10329, 12013, 14052, 10864, 8027, 7863, 7615, 10699, 12037, 10893, 10729, 0], "tmd": [0, 0, 0, 0, 0, 0, 0, 0, 0, 0, 0, 0, 0, 0, 0, 0, 0, 0, 0, 0, 0], "wmn": 832, "wmt": 18759, "wmd": 0, "wmv": 59839, "wdn": -11, "wdt": -8, "wdd": 0, "wdv": -12, "tlv": "Ohio"}