{"loc": "Stanislaus", "iso": "US", "l1": "United States", "l2": "California", "lvl": 3, "pop": 550660, "key": 13962, "isd": true, "ppd": 35.608000000000004, "med": 38.3, "p65": 15.413, "p70": 9.732000000000001, "hos": 2.77, "exp": 78.86, "adr": 2.0, "amn": 105363.0, "amv": 359108.0, "amd": 1778.0, "amt": 1305968.0, "tmn": [248, 196, 187, 159, 199, 161, 145, 181, 0, 332, 181, 252, 174, 277, 237, 0, 212, 119, 236, 157, 208], "tmv": [7139, 7375, 5050, 5255, 5793, 6168, 7391, 8814, 7404, 5275, 4864, 6157, 7535, 8875, 13887, 4118, 6135, 5026, 6980, 8171, 7842], "tmd": [0, 0, 6, 2, 6, 4, 4, 0, 0, 4, 0, 2, 6, 6, 6, 0, 6, 4, 4, 4, 2], "wmn": 1174, "wmt": 32536, "wmd": 24, "wmv": 52163, "wdn": -16, "wdt": 26, "wdd": 44, "wdv": 7, "tlv": "California"}