{"loc": "Stanislaus", "iso": "US", "l1": "United States", "l2": "California", "lvl": 3, "pop": 550660, "key": 13962, "isd": true, "ppd": 35.608000000000004, "med": 38.3, "p65": 15.413, "p70": 9.732000000000001, "hos": 2.77, "exp": 78.86, "adr": 2.0, "amn": 110019.0, "amv": 647679.0, "amd": 1874.0, "amt": 1466232.0, "tmn": [156, 79, 468, 0, 0, 343, 138, 121, 110, 172, 183, 0, 252, 152, 83, 210, 110, 139, 0, 236, 127], "tmv": [8106, 10192, 12065, 12389, 10214, 6477, 4262, 8755, 10329, 12013, 14052, 10864, 8027, 7863, 7615, 10699, 12037, 10893, 10729, 6600, 5484], "tmd": [6, 2, 4, 0, 0, 2, 6, 4, 6, 6, 4, 0, 2, 4, 6, 6, 4, 0, 0, 4, 4], "wmn": 909, "wmt": 39745, "wmd": 22, "wmv": 64060, "wdn": -9, "wdt": 45, "wdd": -8, "wdv": -11, "tlv": "California"}