{"loc": "Stafford", "iso": "US", "l1": "United States", "l2": "Virginia", "lvl": 3, "pop": 152882, "key": 13961, "isd": true, "ppd": 35.608000000000004, "med": 38.3, "p65": 15.413, "p70": 9.732000000000001, "hos": 2.77, "exp": 78.86, "adr": 1.0, "amn": 60962.0, "amv": 180853.0, "amd": 360.0, "amt": 671102.0, "tmn": [307, 320, 346, 425, 392, 758, 1249, 228, 189, 451, 680, 732, 1151, 300, 516, 124, 261, 346, 248, 143, 52], "tmv": [4690, 3336, 1695, 3330, 4023, 4903, 6734, 6595, 3662, 2393, 4746, 4917, 6132, 6772, 6806, 0, 0, 3221, 4419, 5606, 0], "tmd": [0, 0, 14, 0, 0, 7, 7, 0, 0, 7, 0, 0, 7, 0, 0, 0, 0, 0, 7, 0, 0], "wmn": 1695, "wmt": 16983, "wmd": 7, "wmv": 20055, "wdn": -55, "wdt": -16, "wdd": -50, "wdv": -43, "tlv": "Virginia"}