{"loc": "Staunton", "iso": "US", "l1": "United States", "l2": "Virginia", "lvl": 3, "pop": 24932, "key": 13973, "isd": true, "ppd": 35.608000000000004, "med": 38.3, "p65": 15.413, "p70": 9.732000000000001, "hos": 2.77, "exp": 78.86, "adr": 2.0, "amn": 132801.0, "amv": 1227352.0, "amd": 3249.0, "amt": 1123325.0, "tmn": [441, 0, 0, 802, 441, 481, 401, 481, 0, 0, 1443, 240, 481, 441, 240, 0, 0, 0, 842, 40, 401], "tmv": [2262, 2445, 2251, 1671, 0, 0, 2784, 2570, 2833, 3777, 2988, 2423, 2905, 2661, 3390, 3489, 0, 0, 0, 2411, 0], "tmd": [0, 0, 0, 0, 41, 41, 0, 0, 0, 0, 0, 41, 0, 0, 0, 0, 0, 0, 0, 81, 0], "wmn": 1525, "wmt": 17674, "wmd": 81, "wmv": 9292, "wdn": -51, "wdt": -8, "wdd": 100, "wdv": -54, "tlv": "Virginia"}