{"loc": "Staunton", "iso": "US", "l1": "United States", "l2": "Virginia", "lvl": 3, "pop": 24932, "key": 13973, "isd": true, "ppd": 35.608000000000004, "med": 38.3, "p65": 15.413, "p70": 9.732000000000001, "hos": 2.77, "exp": 78.86, "adr": 3.0, "amn": 101356.0, "amv": 809177.0, "amd": 2848.0, "amt": 844367.0, "tmn": [160, -80, 160, 40, 40, -40, 40, 160, 240, 120, 80, 200, 80, -40, 80, 40, 160, 240, 120, 0, -40], "tmv": [10242, 10071, 9169, 6395, 4975, 6773, 8259, 8496, 10027, 6458, 3608, 3001, 5456, 7305, 8515, 7794, 7192, 5713, 4653, 4699, 5814], "tmd": [0, 0, 0, 0, 41, 0, 0, 0, 41, 0, 0, 0, 41, 0, 0, 0, 0, 0, 0, 0, 0], "wmn": 602, "wmt": 12498, "wmd": 0, "wmv": 44384, "wdn": -29, "wdt": 1, "wdd": -100, "wdv": 0, "tlv": "Virginia"}