{"loc": "Starr", "iso": "US", "l1": "United States", "l2": "Texas", "lvl": 3, "pop": 64633, "key": 13971, "isd": true, "ppd": 35.608000000000004, "med": 38.3, "p65": 15.413, "p70": 9.732000000000001, "hos": 2.77, "exp": 78.86, "adr": 3.0, "amn": 146937.0, "amv": 752032.0, "amd": 4595.0, "amt": 803208.0, "tmn": [61, 77, 92, 77, 0, 61, 278, 216, 185, 61, 77, 0, 0, 30, 77, 108, 139, 30, 0, 46, 15], "tmv": [10699, 12037, 10893, 10729, 6600, 5484, 7781, 9092, 10242, 10071, 9169, 6395, 4975, 6773, 8259, 8496, 10027, 6458, 3608, 3001, 0], "tmd": [0, 0, 16, 0, 0, 0, 0, 0, 0, 0, 0, 0, 16, 0, 0, 0, 0, 0, 0, 0, 0], "wmn": 418, "wmt": 14976, "wmd": 0, "wmv": 39852, "wdn": -27, "wdt": 20, "wdd": -100, "wdv": -30, "tlv": "Texas"}