{"loc": "Ste. Genevieve", "iso": "US", "l1": "United States", "l2": "Missouri", "lvl": 3, "pop": 17894, "key": 13975, "isd": true, "ppd": 35.608000000000004, "med": 38.3, "p65": 15.413, "p70": 9.732000000000001, "hos": 2.77, "exp": 78.86, "adr": 1.0, "amn": 103387.0, "amv": 1003454.0, "amd": 950.0, "amt": 940587.0, "tmn": [0, 167, -55, 0, 0, 0, 0, 0, 0, 0, 167, 0, 111, 111, 0, 0, 55, 0, 0, 111, 55], "tmv": [3121, 6234, 3276, 3244, 2575, 1851, 1965, 1967, 2474, 1554, 2803, 3655, 3299, 2241, 4154, 4949, 1994, 3524, 1923, 0, 0], "tmd": [0, 0, 0, 0, 0, 0, 0, 0, 0, 0, 0, 0, 0, 0, 0, 0, 0, 0, 0, 0, 0], "wmn": 224, "wmt": 8525, "wmd": 0, "wmv": 16547, "wdn": -43, "wdt": -3, "wdd": 0, "wdv": -8, "tlv": "Missouri"}