{"loc": "Steele", "iso": "US", "l1": "United States", "l2": "Minnesota", "lvl": 3, "pop": 36649, "key": 13977, "isd": true, "ppd": 35.608000000000004, "med": 38.3, "p65": 15.413, "p70": 9.732000000000001, "hos": 2.77, "exp": 78.86, "adr": 0.0, "amn": 80684.0, "amv": 180853.0, "amd": 300.0, "amt": 1188197.0, "tmn": [245, 354, 272, 81, 245, 463, 245, 136, 136, 163, 163, 136, 300, 27, 191, 109, 54, 81, -27, 163, 81], "tmv": [5139, 4690, 3336, 1695, 3330, 4023, 4903, 6734, 6595, 3662, 2393, 4746, 4917, 6132, 6772, 6806, 0, 0, 3221, 4419, 5606], "tmd": [0, 0, 0, 0, 0, 0, 0, 0, 0, 0, 0, 0, 0, 28, 0, 0, 0, 0, 0, 0, 0], "wmn": 655, "wmt": 29306, "wmd": 0, "wmv": 26827, "wdn": -38, "wdt": -5, "wdd": -100, "wdv": -24, "tlv": "Minnesota"}