{"loc": "Steuben", "iso": "US", "l1": "United States", "l2": "New York", "lvl": 3, "pop": 95379, "key": 13985, "isd": true, "ppd": 35.608000000000004, "med": 38.3, "p65": 15.413, "p70": 9.732000000000001, "hos": 2.77, "exp": 78.86, "adr": 2.0, "amn": 81223.0, "amv": 1136653.0, "amd": 1583.0, "amt": 3402747.0, "tmn": [199, 199, 167, 262, 220, 62, 125, 125, 335, 325, 0, 639, 293, 220, 356, 555, 419, 440, 775, 471, 272], "tmv": [2139, 3106, 3068, 3187, 2953, 1851, 1966, 2813, 2807, 3250, 3257, 2889, 2103, 1988, 3241, 2538, 4249, 2950, 0, 0, 0], "tmd": [0, 0, 0, 0, 0, 0, 0, 0, 0, 0, 0, 0, 0, 0, 0, 0, 0, 0, 21, 11, 0], "wmn": 3293, "wmt": 50991, "wmd": 32, "wmv": 12982, "wdn": 70, "wdt": -1, "wdd": 0, "wdv": -32, "tlv": "New York"}