{"loc": "Stillwater", "iso": "US", "l1": "United States", "l2": "Montana", "lvl": 3, "pop": 9642, "key": 13991, "isd": true, "ppd": 35.608000000000004, "med": 38.3, "p65": 15.413, "p70": 9.732000000000001, "hos": 2.77, "exp": 78.86, "adr": 2.0, "amn": 94171.0, "amv": 1165506.0, "amd": 1763.0, "amt": 1628332.0, "tmn": [0, 0, 933, 103, -103, 414, 0, 0, 0, 0, 1555, 103, 207, 0, 0, 0, 2074, 622, 1866, 1451, 414], "tmv": [3257, 2889, 2103, 1988, 3241, 2538, 4249, 2950, 0, 0, 0, 2913, 2024, 2876, 2739, 2336, 1790, 1886, 2554, 2257, 2903], "tmd": [0, 0, 0, 0, 0, 0, 0, 0, 0, 0, 0, 0, 0, 0, 0, 0, 104, 0, 0, 0, 0], "wmn": 6431, "wmt": 51213, "wmd": 104, "wmv": 16467, "wdn": 244, "wdt": 61, "wdd": 0, "wdv": 53, "tlv": "Montana"}