{"loc": "Stoddard", "iso": "US", "l1": "United States", "l2": "Missouri", "lvl": 3, "pop": 29025, "key": 13993, "isd": true, "ppd": 35.608000000000004, "med": 38.3, "p65": 15.413, "p70": 9.732000000000001, "hos": 2.77, "exp": 78.86, "adr": 2.0, "amn": 89922.0, "amv": 1016621.0, "amd": 1516.0, "amt": 951410.0, "tmn": [34, 206, 103, 34, 172, 103, 68, 137, 206, 34, 103, 34, 0, 34, 447, 206, 206, 34, 0, 241, 413], "tmv": [2474, 1554, 2803, 3655, 3299, 2241, 4154, 4949, 1994, 3524, 1923, 0, 0, 1326, 2107, 1883, 1818, 1779, 1363, 1036, 0], "tmd": [0, 0, 0, 0, 0, 35, 0, 0, 0, 0, 0, 0, 0, 0, 0, 0, 0, 0, 0, 69, 0], "wmn": 1551, "wmt": 10282, "wmd": 69, "wmv": 9989, "wdn": 181, "wdt": 26, "wdd": 0, "wdv": -27, "tlv": "Missouri"}