{"loc": "Stokes", "iso": "US", "l1": "United States", "l2": "North Carolina", "lvl": 3, "pop": 45591, "key": 13994, "isd": true, "ppd": 35.608000000000004, "med": 38.3, "p65": 15.413, "p70": 9.732000000000001, "hos": 2.77, "exp": 78.86, "adr": 2.0, "amn": 81156.0, "amv": 279512.0, "amd": 1623.0, "amt": 993700.0, "tmn": [285, 921, 329, 197, 285, 241, -65, 153, 307, 219, 263, 0, 285, 175, 153, 87, 153, 175, 0, 43, 43], "tmv": [3221, 4419, 5606, 5173, 5466, 3298, 2593, 4349, 5491, 6616, 7139, 7375, 5050, 5255, 5793, 6168, 7391, 8814, 7404, 5275, 0], "tmd": [44, 0, 0, 0, 0, 0, 0, 0, 44, 0, 0, 0, 22, 0, 132, 0, 22, 0, 0, 0, 0], "wmn": 659, "wmt": -64305, "wmd": 154, "wmv": 40849, "wdn": -53, "wdt": -307, "wdd": 133, "wdv": -1, "tlv": "North Carolina"}