{"loc": "Stoddard", "iso": "US", "l1": "United States", "l2": "Missouri", "lvl": 3, "pop": 29025, "key": 13993, "isd": true, "ppd": 35.608000000000004, "med": 38.3, "p65": 15.413, "p70": 9.732000000000001, "hos": 2.77, "exp": 78.86, "adr": 2.0, "amn": 148837.0, "amv": 1240788.0, "amd": 2377.0, "amt": 1190379.0, "tmn": [1102, 585, 757, 103, 172, 137, 275, 344, 103, 895, 206, 137, 206, 103, 137, 241, 861, 275, 68, 0, 516], "tmv": [0, 2784, 2570, 2833, 3777, 2988, 2423, 2905, 2661, 3390, 3489, 0, 0, 0, 2411, 3257, 3418, 2659, 2485, 1614, 0], "tmd": [0, 0, 0, 0, 0, 0, 104, 0, 0, 0, 0, 0, 0, 0, 0, 0, 0, 0, 0, 0, 69], "wmn": 2102, "wmt": 14014, "wmd": 69, "wmv": 15848, "wdn": 5, "wdt": -13, "wdd": 0, "wdv": 27, "tlv": "Missouri"}