{"loc": "Stone", "iso": "US", "l1": "United States", "l2": "Arkansas", "lvl": 3, "pop": 12506, "key": 13995, "isd": true, "ppd": 35.608000000000004, "med": 38.3, "p65": 15.413, "p70": 9.732000000000001, "hos": 2.77, "exp": 78.86, "adr": 3.0, "amn": 76443.0, "amv": 201735.0, "amd": 2399.0, "amt": 870743.0, "tmn": [319, 79, 159, 0, 159, 239, 239, 0, 159, 0, 0, 0, 0, 0, 0, 159, 0, 0, 0, 159, 319], "tmv": [4903, 6734, 6595, 3662, 2393, 4746, 4917, 6132, 6772, 6806, 0, 0, 3221, 4419, 5606, 5173, 5466, 3298, 2593, 4349, 0], "tmd": [0, 0, 0, 0, 0, 80, 0, 0, 0, 0, 0, 0, 0, 0, 0, 0, 0, 0, 0, 0, 0], "wmn": 640, "wmt": 10846, "wmd": 0, "wmv": 26489, "wdn": 300, "wdt": 3, "wdd": 0, "wdv": -3, "tlv": "Arkansas"}