{"loc": "Stillwater", "iso": "US", "l1": "United States", "l2": "Montana", "lvl": 3, "pop": 9642, "key": 13991, "isd": true, "ppd": 35.608000000000004, "med": 38.3, "p65": 15.413, "p70": 9.732000000000001, "hos": 2.77, "exp": 78.86, "adr": 2.0, "amn": 120411.0, "amv": 1283911.0, "amd": 2800.0, "amt": 1922831.0, "tmn": [0, 1451, 311, 0, 0, 103, 0, 2800, 1659, -103, 0, 0, 0, 103, 3837, 1037, 311, 0, 0, 103, 1037], "tmv": [2552, 2575, 2955, 1399, 770, 2354, 2306, 2307, 2345, 3781, 2315, 1328, 4158, 4126, 4122, 3797, 3784, 1119, 91, 0, 0], "tmd": [0, 0, 0, 0, 0, 0, 0, 0, 0, 0, 0, 0, 0, 415, 208, 0, 0, 0, 0, 0, 104], "wmn": 6327, "wmt": 43394, "wmd": 312, "wmv": 12915, "wdn": 42, "wdt": 10, "wdd": -25, "wdv": -37, "tlv": "Montana"}