{"loc": "Stokes", "iso": "US", "l1": "United States", "l2": "North Carolina", "lvl": 3, "pop": 45591, "key": 13994, "isd": true, "ppd": 35.608000000000004, "med": 38.3, "p65": 15.413, "p70": 9.732000000000001, "hos": 2.77, "exp": 78.86, "adr": 2.0, "amn": 92606.0, "amv": 949764.0, "amd": 1755.0, "amt": 1169808.0, "tmn": [87, 0, 0, 0, 219, 43, 43, 131, 0, 0, 175, 65, 109, 153, 65, 0, 0, 109, 43, 87, 65], "tmv": [4173, 4872, 3714, 0, 0, 1543, 2452, 4248, 3485, 4157, 3682, 3252, 2518, 2835, 2495, 4865, 3672, 4016, 3766, 3121, 0], "tmd": [0, 0, 0, 0, 0, 0, -21, 0, 0, 0, 0, 0, 0, 0, 0, 0, 0, 0, 0, 22, 0], "wmn": 373, "wmt": 9961, "wmd": 22, "wmv": 21938, "wdn": -41, "wdt": -8, "wdd": 0, "wdv": -9, "tlv": "North Carolina"}