{"loc": "Suffolk", "iso": "US", "l1": "United States", "l2": "Virginia", "lvl": 3, "pop": 92108, "key": 14009, "isd": true, "ppd": 35.608000000000004, "med": 38.3, "p65": 15.413, "p70": 9.732000000000001, "hos": 2.77, "exp": 78.86, "adr": 2.0, "amn": 90122.0, "amv": 1054363.0, "amd": 2106.0, "amt": 939928.0, "tmn": [65, 108, 0, 0, 184, 238, 65, 97, 119, 0, 0, 173, 238, 151, 162, 86, 0, 0, 488, 184, 477], "tmv": [1721, 1666, 1928, 1520, 1539, 740, 1856, 2005, 1821, 2051, 2364, 1193, 1200, 2288, 2155, 2600, 2160, 2477, 1419, 1374, 0], "tmd": [0, 0, 0, 0, 0, 0, 0, 0, 0, 0, 0, 11, 0, 0, 11, 0, 0, 0, 0, 0, 11], "wmn": 1401, "wmt": 10071, "wmd": 22, "wmv": 12189, "wdn": 79, "wdt": 17, "wdd": 100, "wdv": -6, "tlv": "Virginia"}