{"loc": "Story", "iso": "US", "l1": "United States", "l2": "Iowa", "lvl": 3, "pop": 97117, "key": 14000, "isd": true, "ppd": 35.608000000000004, "med": 38.3, "p65": 15.413, "p70": 9.732000000000001, "hos": 2.77, "exp": 78.86, "adr": 0.0, "amn": 129637.0, "amv": 1219607.0, "amd": 494.0, "amt": 531329.0, "tmn": [2502, 0, 0, 0, 0, 0, 0, 2574, 0, 0, 0, 0, 0, 0, 2327, 0, 0, 0, 0, 0, 0], "tmv": [2163, 995, 2262, 2445, 2251, 1671, 0, 0, 2784, 2570, 2833, 3777, 2988, 2423, 2905, 2661, 3390, 3489, 0, 0, 0], "tmd": [0, 0, 0, 0, 0, 0, 0, 0, 0, 0, 0, 0, 0, 0, 0, 0, 0, 0, 0, 0, 0], "wmn": 2328, "wmt": 4840, "wmd": 0, "wmv": 12448, "wdn": -10, "wdt": -19, "wdd": 0, "wdv": -28, "tlv": "Iowa"}