{"loc": "Suffolk", "iso": "US", "l1": "United States", "l2": "Virginia", "lvl": 3, "pop": 92108, "key": 14009, "isd": true, "ppd": 35.608000000000004, "med": 38.3, "p65": 15.413, "p70": 9.732000000000001, "hos": 2.77, "exp": 78.86, "adr": 2.0, "amn": 77898.0, "amv": 359108.0, "amd": 1911.0, "amt": 732108.0, "tmn": [173, 271, 86, 325, 260, 119, 227, 119, 119, 108, 108, 173, 151, 162, 184, 151, 151, 108, 65, 314, 32], "tmv": [7139, 7375, 5050, 5255, 5793, 6168, 7391, 8814, 7404, 5275, 4864, 6157, 7535, 8875, 13887, 4118, 6135, 5026, 6980, 8171, 7842], "tmd": [0, 11, 0, 55, 33, 22, 22, 22, 22, 11, 11, 22, 0, 22, 0, 11, 11, 11, 0, 0, -32], "wmn": 1010, "wmt": 16859, "wmd": 0, "wmv": 52163, "wdn": 7, "wdt": 33, "wdd": -100, "wdv": 7, "tlv": "Virginia"}