{"loc": "Suffolk", "iso": "US", "l1": "United States", "l2": "Massachusetts", "lvl": 3, "pop": 803907, "key": 14007, "isd": true, "ppd": 35.608000000000004, "med": 38.3, "p65": 15.413, "p70": 9.732000000000001, "hos": 2.77, "exp": 78.86, "adr": 2.0, "amn": 100329.0, "amv": 306945.0, "amd": 2173.0, "amt": 2499787.0, "tmn": [207, 195, 157, 304, 314, 325, 289, 264, 258, -21, 294, 269, 345, 273, 220, 157, 138, 237, 255, 272, 255], "tmv": [5466, 3298, 2593, 4349, 5491, 6616, 7139, 7375, 5050, 5255, 5793, 6168, 7391, 8814, 7404, 5275, 4864, 6157, 7535, 8875, 0], "tmd": [7, 2, 4, 5, 5, 3, 8, 5, 4, 2, 8, 8, -1, 8, 3, 0, 2, 10, 12, 4, 8], "wmn": 1537, "wmt": 87222, "wmd": 37, "wmv": 40113, "wdn": -9, "wdt": 15, "wdd": 16, "wdv": -13, "tlv": "Massachusetts"}