{"loc": "Suffolk", "iso": "US", "l1": "United States", "l2": "New York", "lvl": 3, "pop": 1476601, "key": 14008, "isd": true, "ppd": 35.608000000000004, "med": 38.3, "p65": 15.413, "p70": 9.732000000000001, "hos": 2.77, "exp": 78.86, "adr": 2.0, "amn": 154161.0, "amv": 1176126.0, "amd": 2382.0, "amt": 3526282.0, "tmn": [352, 488, 299, 370, 213, 266, 295, 362, 493, 311, 352, 142, 376, 355, 402, 475, 346, 300, 171, 411, 307], "tmv": [2538, 4249, 2950, 0, 0, 0, 2913, 2024, 2876, 2739, 2336, 1790, 1886, 2554, 2257, 2903, 2781, 2047, 1978, 1647, 2163], "tmd": [2, 2, 2, 3, 5, 3, 2, 1, 1, 3, 3, 2, 2, 3, 2, 2, 2, 3, 3, 3, 2], "wmn": 2416, "wmt": 63348, "wmd": 13, "wmv": 15780, "wdn": 1, "wdt": 13, "wdd": 12, "wdv": -3, "tlv": "New York"}