{"loc": "Suffolk", "iso": "US", "l1": "United States", "l2": "New York", "lvl": 3, "pop": 1476601, "key": 14008, "isd": true, "ppd": 35.608000000000004, "med": 38.3, "p65": 15.413, "p70": 9.732000000000001, "hos": 2.77, "exp": 78.86, "adr": 2.0, "amn": 140651.0, "amv": 0.0, "amd": 2315.0, "amt": 3205277.0, "tmn": [85, 102, 111, 0, 196, 88, 126, 123, 180, 169, 155, 151, 209, 192, 203, 212, 275, 205, 230, 175, 257], "tmv": [0, 0, 0, 0, 0, 0, 0, 0, 0, 0, 0, 0, 0, 0, 0, 0, 0, 0, 0, 0, 0], "tmd": [0, 0, 0, 0, 0, 1, 2, 0, 0, 2, 0, 0, 0, 0, 1, 0, 1, 1, 1, 1, 0], "wmn": 1562, "wmt": 38800, "wmd": 4, "wmv": 0, "wdn": 32, "wdt": 11, "wdd": 150, "wdv": 0, "tlv": "New York"}