{"loc": "Sullivan", "iso": "US", "l1": "United States", "l2": "New Hampshire", "lvl": 3, "pop": 43146, "key": 14013, "isd": true, "ppd": 35.608000000000004, "med": 38.3, "p65": 15.413, "p70": 9.732000000000001, "hos": 2.77, "exp": 78.86, "adr": 1.0, "amn": 45033.0, "amv": 0.0, "amd": 626.0, "amt": 1591068.0, "tmn": [69, 23, 0, 0, 23, 46, 0, 46, 23, 0, 0, 139, 23, 139, 69, 69, 0, 0, 254, 46, 92], "tmv": [0, 0, 0, 0, 0, 0, 0, 0, 0, 0, 0, 0, 0, 0, 0, 0, 0, 0, 0, 0, 0], "tmd": [0, 0, 0, 0, 0, 0, 0, 0, 0, 0, 0, 0, 0, 0, 0, 0, 0, 0, 0, 0, 0], "wmn": 534, "wmt": 14886, "wmd": 0, "wmv": 0, "wdn": 44, "wdt": 2, "wdd": 0, "wdv": 0, "tlv": "New Hampshire"}