{"loc": "Sultanpur", "iso": "IN", "l1": "India", "l2": "Uttar Pradesh", "lvl": 3, "pop": 3790922, "key": 14018, "isd": true, "ppd": 450.41900000000004, "med": 28.2, "p65": 5.989, "p70": 3.4139999999999997, "hos": 0.53, "exp": 69.66, "adr": 1.0, "amn": 3830.0, "amv": 136149.0, "amd": 31.0, "amt": 193842.0, "tmn": [73, 67, 22, 42, 56, 32, 42, 31, 14, 26, 49, 13, 20, 35, 39, 21, 9, 22, 24, 21, 15], "tmv": [1179, 424, 1355, 1209, 1580, 1936, 1874, 1669, 587, 2024, 2002, 1581, 1678, 930, 1375, 511, 1134, 995, 883, 1069, 0], "tmd": [1, 0, 0, 1, 0, 1, 0, 1, 0, 0, 0, 1, 1, 1, 0, 1, 1, 0, 0, 0, 1], "wmn": 156, "wmt": 8161, "wmd": 2, "wmv": 5972, "wdn": -19, "wdt": 16, "wdd": -17, "wdv": -43, "tlv": "Uttar Pradesh"}