{"loc": "Sullivan", "iso": "US", "l1": "United States", "l2": "New York", "lvl": 3, "pop": 75432, "key": 14014, "isd": true, "ppd": 35.608000000000004, "med": 38.3, "p65": 15.413, "p70": 9.732000000000001, "hos": 2.77, "exp": 78.86, "adr": 1.0, "amn": 113228.0, "amv": 1255502.0, "amd": 1100.0, "amt": 3839954.0, "tmn": [238, 331, 397, 318, 371, 238, 172, 265, 331, 318, 463, 490, 424, 344, 145, 212, 344, 331, 172, 198, 198], "tmv": [2423, 2905, 2661, 3390, 3489, 0, 0, 0, 2411, 3257, 3418, 2659, 2485, 1614, 1945, 2278, 2491, 2890, 2710, 2395, 0], "tmd": [0, 0, 0, 0, 0, 14, 0, 0, 0, 0, 0, 0, 0, 0, 0, 0, 0, 0, 0, 0, 0], "wmn": 1605, "wmt": 62118, "wmd": 0, "wmv": 14714, "wdn": -39, "wdt": -9, "wdd": 0, "wdv": -7, "tlv": "New York"}