{"loc": "Sullivan", "iso": "US", "l1": "United States", "l2": "Pennsylvania", "lvl": 3, "pop": 6066, "key": 14015, "isd": true, "ppd": 35.608000000000004, "med": 38.3, "p65": 15.413, "p70": 9.732000000000001, "hos": 2.77, "exp": 78.86, "adr": 5.0, "amn": 50940.0, "amv": 220982.0, "amd": 2638.0, "amt": 810717.0, "tmn": [0, 164, 164, 0, 659, 494, 329, 329, 164, 0, 164, 0, -824, 494, 164, 0, 0, 329, 0, 164, 164], "tmv": [6595, 3662, 2393, 4746, 4917, 6132, 6772, 6806, 0, 0, 3221, 4419, 5606, 5173, 5466, 3298, 2593, 4349, 5491, 6616, 7139], "tmd": [0, 0, 0, 165, 0, 0, 0, 0, 0, 0, 0, 0, 0, 0, 0, 0, 0, 0, 330, 0, 0], "wmn": 825, "wmt": 24060, "wmd": 330, "wmv": 34956, "wdn": 150, "wdt": 14, "wdd": 0, "wdv": 39, "tlv": "Pennsylvania"}