{"loc": "Summit", "iso": "US", "l1": "United States", "l2": "Colorado", "lvl": 3, "pop": 31011, "key": 14020, "isd": true, "ppd": 35.608000000000004, "med": 38.3, "p65": 15.413, "p70": 9.732000000000001, "hos": 2.77, "exp": 78.86, "adr": 0.0, "amn": 96417.0, "amv": 197386.0, "amd": 258.0, "amt": 1055835.0, "tmn": [322, 709, 838, 483, 709, 290, 161, 741, 806, 612, 580, 161, 193, 419, 290, 386, 225, 322, 96, 709, 225], "tmv": [4023, 4903, 6734, 6595, 3662, 2393, 4746, 4917, 6132, 6772, 6806, 0, 0, 3221, 4419, 5606, 5173, 5466, 3298, 2593, 0], "tmd": [0, 0, 0, 0, 0, 0, 0, 33, 33, 0, 0, 0, 33, -32, 0, 0, 0, 0, 0, 0, 0], "wmn": 2258, "wmt": 31964, "wmd": 0, "wmv": 26559, "wdn": -36, "wdt": -13, "wdd": -100, "wdv": -5, "tlv": "Colorado"}