{"loc": "Sumter", "iso": "US", "l1": "United States", "l2": "Georgia", "lvl": 3, "pop": 29524, "key": 14027, "isd": true, "ppd": 35.608000000000004, "med": 38.3, "p65": 15.413, "p70": 9.732000000000001, "hos": 2.77, "exp": 78.86, "adr": 4.0, "amn": 83762.0, "amv": 279512.0, "amd": 3252.0, "amt": 694426.0, "tmn": [101, 67, 33, 169, 0, 33, 67, 372, 237, 237, 406, 0, 101, 67, 0, 101, 101, 169, 169, 101, 0], "tmv": [3221, 4419, 5606, 5173, 5466, 3298, 2593, 4349, 5491, 6616, 7139, 7375, 5050, 5255, 5793, 6168, 7391, 8814, 7404, 5275, 0], "tmd": [34, 34, 0, 0, 0, 0, 34, 0, 0, 0, 0, 0, 0, 0, 68, 0, 34, 0, 0, 0, 0], "wmn": 644, "wmt": 13052, "wmd": 102, "wmv": 40849, "wdn": -55, "wdt": -12, "wdd": 0, "wdv": -1, "tlv": "Georgia"}