{"loc": "Surajpur", "iso": "IN", "l1": "India", "l2": "Chhattisgarh", "lvl": 3, "pop": 660280, "key": 14033, "isd": true, "ppd": 450.41900000000004, "med": 28.2, "p65": 5.989, "p70": 3.4139999999999997, "hos": 0.53, "exp": 69.66, "adr": 1.0, "amn": 9847.0, "amv": 7765.0, "amd": 70.0, "amt": 157223.0, "tmn": [21, 7, 27, 24, 7, 10, 22, 7, 7, 25, 7, 10, 15, 3, 15, 9, 7, 13, 10, 6, 7], "tmv": [177, 10, 138, 136, 225, 369, 331, 259, 26, 323, 255, 293, 353, 335, 214, 15, 315, 201, 306, 554, 382], "tmd": [0, 0, 0, 0, 0, 0, 0, 0, 0, 2, 0, 2, 0, 0, 0, 0, 0, 4, 0, 0, 0], "wmn": 70, "wmt": 4764, "wmd": 4, "wmv": 1991, "wdn": -10, "wdt": -7, "wdd": 0, "wdv": 8, "tlv": "Chhattisgarh"}