{"loc": "Sundargarh", "iso": "IN", "l1": "India", "l2": "Odisha", "lvl": 3, "pop": 2080664, "key": 14030, "isd": true, "ppd": 450.41900000000004, "med": 28.2, "p65": 5.989, "p70": 3.4139999999999997, "hos": 0.53, "exp": 69.66, "adr": 1.0, "amn": 7630.0, "amv": 20448.0, "amd": 85.0, "amt": 185488.0, "tmn": [3, 5, 2, 2, 3, 3, 4, 2, 2, 6, 5, 2, 6, 3, 5, 2, 3, 6, 3, 4, 6], "tmv": [178, 245, 350, 332, 507, 499, 351, 42, 400, 555, 721, 1006, 1081, 1032, 48, 1463, 984, 954, 347, 1488, 0], "tmd": [0, 0, 0, 0, 0, 0, 0, 0, 0, 0, 0, 0, 0, 0, 0, 0, 0, 0, 0, 0, 0], "wmn": 34, "wmt": 3175, "wmd": 0, "wmv": 5288, "wdn": 11, "wdt": -3, "wdd": 0, "wdv": 9, "tlv": "Odisha"}