{"loc": "Surat", "iso": "IN", "l1": "India", "l2": "Gujarat", "lvl": 3, "pop": 4996391, "key": 14034, "isd": true, "ppd": 450.41900000000004, "med": 28.2, "p65": 5.989, "p70": 3.4139999999999997, "hos": 0.53, "exp": 69.66, "adr": 1.0, "amn": 27540.0, "amv": 136149.0, "amd": 372.0, "amt": 325081.0, "tmn": [437, 376, 331, 315, 293, 285, 241, 232, 222, 218, 211, 209, 200, 170, 161, 141, 103, 93, 78, 101, 88], "tmv": [1179, 424, 1355, 1209, 1580, 1936, 1874, 1669, 587, 2024, 2002, 1581, 1678, 930, 1375, 511, 1134, 995, 883, 1069, 0], "tmd": [5, 3, 3, 3, 3, 3, 3, 3, 3, 3, 3, 3, 3, 3, 3, 3, 3, 3, 2, 2, 2], "wmn": 767, "wmt": 12296, "wmd": 15, "wmv": 5972, "wdn": -48, "wdt": -18, "wdd": -21, "wdv": -43, "tlv": "Gujarat"}