{"loc": "Surry", "iso": "US", "l1": "United States", "l2": "North Carolina", "lvl": 3, "pop": 71783, "key": 14038, "isd": true, "ppd": 35.608000000000004, "med": 38.3, "p65": 15.413, "p70": 9.732000000000001, "hos": 2.77, "exp": 78.86, "adr": 2.0, "amn": 117967.0, "amv": 1016621.0, "amd": 2382.0, "amt": 1202996.0, "tmn": [0, 27, 0, 0, 69, 13, 0, 27, 55, 0, 0, 0, 139, 0, 167, 111, 0, 0, 195, 69, 111], "tmv": [2474, 1554, 2803, 3655, 3299, 2241, 4154, 4949, 1994, 3524, 1923, 0, 0, 1326, 2107, 1883, 1818, 1779, 1363, 1036, 0], "tmd": [0, 0, 0, 0, 0, 0, 0, 0, 0, 0, 0, 0, 0, 0, 0, 0, 0, 0, 0, 14, 0], "wmn": 655, "wmt": 8146, "wmd": 14, "wmv": 9989, "wdn": 194, "wdt": 0, "wdd": 0, "wdv": -27, "tlv": "North Carolina"}