{"loc": "Surajpur", "iso": "IN", "l1": "India", "l2": "Chhattisgarh", "lvl": 3, "pop": 660280, "key": 14033, "isd": true, "ppd": 450.41900000000004, "med": 28.2, "p65": 5.989, "p70": 3.4139999999999997, "hos": 0.53, "exp": 69.66, "adr": 1.0, "amn": 10137.0, "amv": 18960.0, "amd": 76.0, "amt": 173965.0, "tmn": [4, 1, 6, 6, 6, 1, 9, 9, 4, 6, 12, 4, 1, 6, 9, 4, 28, 60, 53, 19, 34], "tmv": [281, 178, 245, 350, 332, 507, 499, 351, 42, 400, 555, 721, 1006, 1081, 1032, 48, 1463, 984, 954, 347, 0], "tmd": [0, 0, 0, 0, 0, 0, 0, 0, 0, 4, 0, 2, 0, 0, 0, 0, 0, 0, 0, 0, 2], "wmn": 211, "wmt": 5904, "wmd": 2, "wmv": 4832, "wdn": 379, "wdt": 3, "wdd": -67, "wdv": 16, "tlv": "Chhattisgarh"}