{"loc": "Sussex", "iso": "US", "l1": "United States", "l2": "Virginia", "lvl": 3, "pop": 11159, "key": 14043, "isd": true, "ppd": 35.608000000000004, "med": 38.3, "p65": 15.413, "p70": 9.732000000000001, "hos": 2.77, "exp": 78.86, "adr": 2.0, "amn": 121068.0, "amv": 1141226.0, "amd": 2061.0, "amt": 1012191.0, "tmn": [448, 448, 0, 0, 89, 268, 358, 448, 896, 0, 0, 1164, 448, 627, 268, 358, 0, 0, 806, 89, 268], "tmv": [3106, 3068, 3187, 2953, 1851, 1966, 2813, 2807, 3250, 3257, 2889, 2103, 1988, 3241, 2538, 4249, 2950, 0, 0, 0, 0], "tmd": [0, 0, 0, 0, 0, 0, 0, 0, 0, 0, 0, 0, 0, 0, 0, 0, 0, 0, 0, 0, 0], "wmn": 1793, "wmt": 8815, "wmd": 0, "wmv": 9740, "wdn": -50, "wdt": -54, "wdd": 0, "wdv": -50, "tlv": "Virginia"}