{"loc": "Sverdlovsk Oblast", "iso": "RU", "l1": "Russia", "l2": "Sverdlovsk Oblast", "lvl": 2, "pop": 4325256, "key": 14047, "isd": true, "ppd": 8.823, "med": 39.6, "p65": 14.177999999999999, "p70": 9.392999999999999, "hos": 8.05, "exp": 72.58, "adr": 4.0, "amn": 22688.0, "amv": 325984.0, "amd": 931.0, "amt": 1056604.0, "tmn": [40, 42, 45, 49, 53, 57, 61, 61, 62, 64, 64, 68, 72, 74, 73, 79, 80, 84, 90, 98, 107], "tmv": [5107, 417, 6346, 4336, 3392, 2343, 2283, 3803, 4793, 5806, 6485, 4305, 2607, 1389, 8802, 5092, 3493, 7231, 4856, 1625, 0], "tmd": [4, 4, 4, 5, 4, 4, 4, 4, 4, 4, 4, 4, 3, 3, 3, 5, 5, 4, 5, 4, 4], "wmn": 615, "wmt": 9887, "wmd": 27, "wmv": 31103, "wdn": 31, "wdt": -59, "wdd": 9, "wdv": 7, "tlv": "Russia"}