{"loc": "Swain", "iso": "US", "l1": "United States", "l2": "North Carolina", "lvl": 3, "pop": 14271, "key": 14048, "isd": true, "ppd": 35.608000000000004, "med": 38.3, "p65": 15.413, "p70": 9.732000000000001, "hos": 2.77, "exp": 78.86, "adr": 1.0, "amn": 126971.0, "amv": 1187231.0, "amd": 1542.0, "amt": 1490940.0, "tmn": [490, 1191, 0, 0, 1191, 1681, 1191, 630, 910, 0, 0, 1191, 910, 1121, 1191, 700, 0, 0, 840, 1891, 770], "tmv": [2024, 2876, 2739, 2336, 1790, 1886, 2554, 2257, 2903, 2781, 2047, 1978, 1647, 2163, 995, 2262, 2445, 2251, 1671, 1480, 0], "tmd": [0, 71, 0, 0, 0, 0, 0, 0, 0, 0, 0, 0, 0, 0, 0, 0, 0, 0, 0, 0, 0], "wmn": 5396, "wmt": 34091, "wmd": 0, "wmv": 11106, "wdn": 13, "wdt": -14, "wdd": 0, "wdv": -30, "tlv": "North Carolina"}