{"loc": "Sutter", "iso": "US", "l1": "United States", "l2": "California", "lvl": 3, "pop": 96971, "key": 14044, "isd": true, "ppd": 35.608000000000004, "med": 38.3, "p65": 15.413, "p70": 9.732000000000001, "hos": 2.77, "exp": 78.86, "adr": 1.0, "amn": 125409.0, "amv": 1136653.0, "amd": 1433.0, "amt": 2118212.0, "tmn": [1567, 484, 340, 0, 804, 732, 0, 1897, 948, 608, 979, 938, 0, 0, 2031, 0, 1289, 773, 0, 0, 0], "tmv": [2605, 1830, 2139, 3106, 3068, 3187, 2953, 1851, 1966, 2813, 2807, 3250, 3257, 2889, 2103, 1988, 3241, 2538, 4249, 2950, 0], "tmd": [0, 0, 0, 0, 31, 0, 0, 0, 0, 11, 0, 11, 0, 11, 0, 0, 0, 0, 21, 11, -10], "wmn": 4095, "wmt": 66249, "wmd": 21, "wmv": 17074, "wdn": -24, "wdt": 15, "wdd": -33, "wdv": -9, "tlv": "California"}