{"loc": "Sussex", "iso": "US", "l1": "United States", "l2": "Delaware", "lvl": 3, "pop": 234225, "key": 14041, "isd": true, "ppd": 35.608000000000004, "med": 38.3, "p65": 15.413, "p70": 9.732000000000001, "hos": 2.77, "exp": 78.86, "adr": 2.0, "amn": 116068.0, "amv": 0.0, "amd": 2335.0, "amt": 2033421.0, "tmn": [106, 136, 153, 72, 34, 106, 55, 166, 140, 132, 196, 162, 76, 119, 226, 226, 286, 311, 239, 136, 175], "tmv": [0, 0, 0, 0, 0, 0, 0, 0, 0, 0, 0, 0, 0, 0, 0, 0, 0, 0, 0, 0, 0], "tmd": [0, 5, 0, 0, 0, 0, 0, 9, 176, 0, 0, 0, 0, 0, 0, 0, 5, 0, 0, 5, 0], "wmn": 1602, "wmt": 18208, "wmd": 9, "wmv": 0, "wdn": 61, "wdt": 11, "wdd": -95, "wdv": 0, "tlv": "Delaware"}