{"loc": "Sussex", "iso": "US", "l1": "United States", "l2": "New Jersey", "lvl": 3, "pop": 140488, "key": 14042, "isd": true, "ppd": 35.608000000000004, "med": 38.3, "p65": 15.413, "p70": 9.732000000000001, "hos": 2.77, "exp": 78.86, "adr": 3.0, "amn": 80178.0, "amv": 435440.0, "amd": 2014.0, "amt": 1352631.0, "tmn": [320, 669, 370, 726, 476, 640, 348, 306, 355, 540, 804, 661, 654, 476, 448, 562, 875, 818, 1153, 847, 718], "tmv": [5275, 4864, 6157, 7535, 8875, 13887, 4118, 6135, 5026, 6980, 8171, 7842, 9493, 9226, 6156, 5181, 6849, 8594, 10257, 10611, 9961], "tmd": [0, 0, 8, 0, 8, 0, 0, 0, 0, 8, 0, 0, 8, 0, 0, 0, 8, 15, 8, 0, 0], "wmn": 5424, "wmt": 41614, "wmd": 29, "wmv": 57613, "wdn": 43, "wdt": -12, "wdd": 100, "wdv": 9, "tlv": "New Jersey"}