{"loc": "Sweetwater", "iso": "US", "l1": "United States", "l2": "Wyoming", "lvl": 3, "pop": 42343, "key": 14051, "isd": true, "ppd": 35.608000000000004, "med": 38.3, "p65": 15.413, "p70": 9.732000000000001, "hos": 2.77, "exp": 78.86, "adr": 1.0, "amn": 185344.0, "amv": 1318760.0, "amd": 2220.0, "amt": 1915661.0, "tmn": [495, 0, 0, 1298, 283, 661, 566, 991, 0, 0, 991, 0, 779, 802, 259, 0, 0, 826, 212, 2574, 0], "tmv": [3907, 2388, 1363, 4340, 4401, 4549, 4472, 4977, 2311, 1237, 3968, 4080, 4140, 4246, 4837, 2345, 1101, 1959, 281, 0, 0], "tmd": [0, 0, 0, 0, 24, 0, 0, 0, 0, 0, 0, 0, 260, 0, 0, 0, 0, 0, 71, 0, 0], "wmn": 3874, "wmt": 28575, "wmd": 71, "wmv": 10525, "wdn": 9, "wdt": -40, "wdd": -73, "wdv": -58, "tlv": "Wyoming"}