{"loc": "Tallahatchie", "iso": "US", "l1": "United States", "l2": "Mississippi", "lvl": 3, "pop": 13809, "key": 14065, "isd": true, "ppd": 35.608000000000004, "med": 38.3, "p65": 15.413, "p70": 9.732000000000001, "hos": 2.77, "exp": 78.86, "adr": 2.0, "amn": 152364.0, "amv": 1141226.0, "amd": 3476.0, "amt": 787979.0, "tmn": [1448, 1231, 0, 0, 1086, 651, 796, 217, 506, 0, 0, 1593, 72, 724, 1013, 724, 0, 0, 724, 72, 362], "tmv": [3106, 3068, 3187, 2953, 1851, 1966, 2813, 2807, 3250, 3257, 2889, 2103, 1988, 3241, 2538, 4249, 2950, 0, 0, 0, 0], "tmd": [0, 0, 0, 0, 0, 0, 0, 0, 0, 0, 0, 0, 0, 0, 73, 0, 0, 0, 0, 0, 145], "wmn": 2897, "wmt": 15535, "wmd": 218, "wmv": 9740, "wdn": -7, "wdt": -22, "wdd": 0, "wdv": -50, "tlv": "Mississippi"}