{"loc": "Talladega", "iso": "US", "l1": "United States", "l2": "Alabama", "lvl": 3, "pop": 79978, "key": 14064, "isd": true, "ppd": 35.608000000000004, "med": 38.3, "p65": 15.413, "p70": 9.732000000000001, "hos": 2.77, "exp": 78.86, "adr": 2.0, "amn": 158781.0, "amv": 1176126.0, "amd": 2876.0, "amt": 562193.0, "tmn": [1600, 1662, 1275, 887, 725, 725, 1137, 1425, 937, 1712, 387, 887, 1512, 1462, 1387, 900, 1150, 712, 687, 1000, 1350], "tmv": [2538, 4249, 2950, 0, 0, 0, 2913, 2024, 2876, 2739, 2336, 1790, 1886, 2554, 2257, 2903, 2781, 2047, 1978, 1647, 2163], "tmd": [0, 0, 0, 0, 0, 0, 0, 26, 0, 13, 0, 0, 13, 26, 38, 101, 51, 0, 0, 101, 88], "wmn": 7190, "wmt": 0, "wmd": 376, "wmv": 15780, "wdn": -14, "wdt": 0, "wdd": 400, "wdv": -3, "tlv": "Alabama"}