{"loc": "Tallapoosa", "iso": "US", "l1": "United States", "l2": "Alabama", "lvl": 3, "pop": 40367, "key": 14066, "isd": true, "ppd": 35.608000000000004, "med": 38.3, "p65": 15.413, "p70": 9.732000000000001, "hos": 2.77, "exp": 78.86, "adr": 4.0, "amn": 95251.0, "amv": 435440.0, "amd": 3567.0, "amt": 489382.0, "tmn": [222, 371, 198, 0, 24, 24, 3393, 24, 247, 198, 49, 49, 49, 0, 49, 222, -49, 49, -24, 0, 74], "tmv": [4864, 6157, 7535, 8875, 13887, 4118, 6135, 5026, 6980, 8171, 7842, 9493, 9226, 6156, 5181, 6849, 8594, 10257, 10611, 9961, 0], "tmd": [0, 0, 0, 0, 0, 0, 0, 0, 0, 25, 0, 0, 0, 0, 0, 0, -24, 25, 0, 0, 0], "wmn": 323, "wmt": 4367, "wmd": 0, "wmv": 51456, "wdn": -48, "wdt": -24, "wdd": -100, "wdv": -3, "tlv": "Alabama"}