{"loc": "Talladega", "iso": "US", "l1": "United States", "l2": "Alabama", "lvl": 3, "pop": 79978, "key": 14064, "isd": true, "ppd": 35.608000000000004, "med": 38.3, "p65": 15.413, "p70": 9.732000000000001, "hos": 2.77, "exp": 78.86, "adr": 2.0, "amn": 164345.0, "amv": 1187231.0, "amd": 3038.0, "amt": 1169767.0, "tmn": [1425, 937, 1712, 387, 887, 1512, 1462, 1387, 900, 1150, 712, 687, 1000, 1350, 1025, 925, 962, 325, 712, 787, 825], "tmv": [2024, 2876, 2739, 2336, 1790, 1886, 2554, 2257, 2903, 2781, 2047, 1978, 1647, 2163, 995, 2262, 2445, 2251, 1671, 1480, 0], "tmd": [26, 0, 13, 0, 0, 13, 26, 38, 101, 51, 0, 0, 101, 88, 51, 0, 26, 0, 0, 76, 13], "wmn": 5565, "wmt": 595810, "wmd": 163, "wmv": 11106, "wdn": -23, "wdt": 0, "wdd": -57, "wdv": -30, "tlv": "Alabama"}