{"loc": "Tallahatchie", "iso": "US", "l1": "United States", "l2": "Mississippi", "lvl": 3, "pop": 13809, "key": 14065, "isd": true, "ppd": 35.608000000000004, "med": 38.3, "p65": 15.413, "p70": 9.732000000000001, "hos": 2.77, "exp": 78.86, "adr": 2.0, "amn": 161199.0, "amv": 1197969.0, "amd": 3621.0, "amt": 826678.0, "tmn": [1086, 289, 362, 796, 506, 0, 0, 506, 144, 724, 941, 1158, 0, 0, 506, 289, 217, 144, 434, 0, 0], "tmv": [1790, 1886, 2554, 2257, 2903, 2781, 2047, 1978, 1647, 2163, 995, 2262, 2445, 2251, 1671, 0, 0, 2784, 2570, 2833, 0], "tmd": [0, 0, 73, 0, 0, 0, 0, 0, 0, 73, 0, 0, 0, 0, 0, 0, 0, 0, 0, 0, 0], "wmn": 1594, "wmt": 10169, "wmd": 0, "wmv": 9860, "wdn": -54, "wdt": -29, "wdd": -100, "wdv": -28, "tlv": "Mississippi"}