{"loc": "Tamil Nadu", "iso": "IN", "l1": "India", "l2": "Tamil Nadu", "lvl": 2, "pop": 77841267, "key": 14070, "isd": true, "ppd": 450.41900000000004, "med": 28.2, "p65": 5.989, "p70": 3.4139999999999997, "hos": 0.53, "exp": 69.66, "adr": 1.0, "amn": 33877.0, "amv": 545443.0, "amd": 452.0, "amt": 394524.0, "tmn": [20, 19, 19, 19, 19, 19, 19, 20, 20, 20, 20, 19, 19, 20, 20, 20, 21, 20, 20, 20, 0], "tmv": [4686, 8079, 7481, 4871, 4867, 3980, 12157, 5941, 4260, 1514, 4906, 2853, 8126, 7885, 7506, 2322, 6749, 4963, 7251, 1760, 0], "tmd": [1, 1, 1, 1, 1, 1, 1, 1, 1, 1, 1, 1, 1, 1, 1, 1, 1, 1, 1, 1, 0], "wmn": 124, "wmt": 6886, "wmd": 2, "wmv": 30553, "wdn": -12, "wdt": 13, "wdd": 9, "wdv": -14, "tlv": "India"}