{"loc": "Taos", "iso": "US", "l1": "United States", "l2": "New Mexico", "lvl": 3, "pop": 32723, "key": 14074, "isd": true, "ppd": 35.608000000000004, "med": 38.3, "p65": 15.413, "p70": 9.732000000000001, "hos": 2.77, "exp": 78.86, "adr": 3.0, "amn": 46939.0, "amv": 233408.0, "amd": 1497.0, "amt": 1292500.0, "tmn": [30, 30, 30, 122, 183, 30, 30, 30, 122, 0, 30, 30, 91, 122, 183, 305, 275, 30, 183, 30, 0], "tmv": [4746, 4917, 6132, 6772, 6806, 0, 0, 3221, 4419, 5606, 5173, 5466, 3298, 2593, 4349, 5491, 6616, 7139, 7375, 5050, 0], "tmd": [0, 0, 0, 0, 0, 0, 0, 0, 0, 31, 0, 0, 0, 0, 0, 0, 0, 0, 0, 0, 0], "wmn": 1009, "wmt": 39266, "wmd": 0, "wmv": 36022, "wdn": 136, "wdt": 15, "wdd": -100, "wdv": 21, "tlv": "New Mexico"}