{"loc": "Tarn Taran", "iso": "IN", "l1": "India", "l2": "Punjab", "lvl": 3, "pop": 1120070, "key": 14077, "isd": true, "ppd": 450.41900000000004, "med": 28.2, "p65": 5.989, "p70": 3.4139999999999997, "hos": 0.53, "exp": 69.66, "adr": 5.0, "amn": 2084.0, "amv": 15209.0, "amd": 101.0, "amt": 172687.0, "tmn": [0, 5, 6, 0, 6, 1, 3, 7, 7, 6, 12, 3, 0, 2, 24, 9, 5, 0, 18, 7, 11], "tmv": [246, 238, 478, 437, 281, 178, 245, 350, 332, 507, 499, 351, 42, 400, 555, 721, 1006, 1081, 1032, 48, 0], "tmd": [0, 2, 0, 0, 0, 1, 1, 0, 0, 0, 0, 1, 0, 0, 0, 0, 0, 0, 1, 0, 0], "wmn": 77, "wmt": 6367, "wmd": 1, "wmv": 4446, "wdn": 95, "wdt": 26, "wdd": 0, "wdv": 79, "tlv": "Punjab"}