{"loc": "Tamil Nadu", "iso": "IN", "l1": "India", "l2": "Tamil Nadu", "lvl": 2, "pop": 77841267, "key": 14070, "isd": true, "ppd": 450.41900000000004, "med": 28.2, "p65": 5.989, "p70": 3.4139999999999997, "hos": 0.53, "exp": 69.66, "adr": 1.0, "amn": 34535.0, "amv": 709385.0, "amd": 461.0, "amt": 428930.0, "tmn": [20, 20, 20, 20, 19, 18, 18, 18, 17, 17, 17, 17, 16, 16, 16, 16, 15, 15, 15, 15, 0], "tmv": [4672, 4878, 4912, 5652, 3732, 3568, 5107, 3911, 2642, 5830, 5662, 5873, 2730, 4660, 3307, 1780, 2029, 1103, 2651, 1891, 0], "tmd": [1, 1, 1, 1, 1, 1, 1, 1, 1, 1, 1, 1, 1, 1, 1, 1, 1, 1, 1, 1, 0], "wmn": 96, "wmt": 4991, "wmd": 2, "wmv": 12765, "wdn": -21, "wdt": -29, "wdd": -26, "wdv": -59, "tlv": "India"}