{"loc": "Taos", "iso": "US", "l1": "United States", "l2": "New Mexico", "lvl": 3, "pop": 32723, "key": 14074, "isd": true, "ppd": 35.608000000000004, "med": 38.3, "p65": 15.413, "p70": 9.732000000000001, "hos": 2.77, "exp": 78.86, "adr": 3.0, "amn": 55221.0, "amv": 1054363.0, "amd": 1711.0, "amt": 1829300.0, "tmn": [0, 61, 0, 0, 152, 30, 61, 183, 91, 0, 0, 213, 30, 30, 0, 30, 0, 0, 61, 30, 30], "tmv": [1721, 1666, 1928, 1520, 1539, 740, 1856, 2005, 1821, 2051, 2364, 1193, 1200, 2288, 2155, 2600, 2160, 2477, 1419, 1374, 0], "tmd": [31, 31, 0, 0, 0, 0, 0, 0, 0, 0, 0, 31, 0, 0, 0, 0, 0, 0, 0, 0, 0], "wmn": 153, "wmt": 22690, "wmd": 0, "wmv": 12189, "wdn": -72, "wdt": 11, "wdd": -100, "wdv": -6, "tlv": "New Mexico"}