{"loc": "Taylor", "iso": "US", "l1": "United States", "l2": "Kentucky", "lvl": 3, "pop": 25769, "key": 14087, "isd": true, "ppd": 35.608000000000004, "med": 38.3, "p65": 15.413, "p70": 9.732000000000001, "hos": 2.77, "exp": 78.86, "adr": 1.0, "amn": 213512.0, "amv": 1303449.0, "amd": 3182.0, "amt": 1660296.0, "tmn": [0, 931, 232, 310, 310, 737, 0, 0, 1319, 853, 814, 1319, 853, 0, 0, 698, 698, 271, 465, 271, 0], "tmv": [780, 2376, 2334, 2342, 2403, 3887, 2378, 1359, 4316, 4363, 4502, 4400, 4864, 2267, 1210, 3657, 3104, 3335, 2510, 342, 0], "tmd": [0, 0, 0, 0, 0, 0, 0, 0, 0, 0, 0, 0, 39, 0, 0, 39, 0, 39, 0, 0, 0], "wmn": 2406, "wmt": 18822, "wmd": 78, "wmv": 14161, "wdn": -53, "wdt": -10, "wdd": 100, "wdv": -46, "tlv": "Kentucky"}