{"loc": "Taylor", "iso": "US", "l1": "United States", "l2": "Georgia", "lvl": 3, "pop": 8020, "key": 14085, "isd": true, "ppd": 35.608000000000004, "med": 38.3, "p65": 15.413, "p70": 9.732000000000001, "hos": 2.77, "exp": 78.86, "adr": 3.0, "amn": 92893.0, "amv": 170827.0, "amd": 2743.0, "amt": 655876.0, "tmn": [124, 623, 374, 0, 2493, 748, 124, 374, 249, 124, 0, 124, 249, 374, 124, 249, 124, 0, 623, 374, 623], "tmv": [5132, 5139, 4690, 3336, 1695, 3330, 4023, 4903, 6734, 6595, 3662, 2393, 4746, 4917, 6132, 6772, 6806, 0, 0, 3221, 0], "tmd": [0, 125, 0, 0, 0, 0, 0, 0, 125, 0, 0, 0, 0, 0, 0, 0, 0, 0, 0, 0, 0], "wmn": 2120, "wmt": 18632, "wmd": 0, "wmv": 22933, "wdn": 42, "wdt": -3, "wdd": -100, "wdv": -32, "tlv": "Georgia"}