{"loc": "Tatarstan Republic", "iso": "RU", "l1": "Russia", "l2": "Tatarstan Republic", "lvl": 2, "pop": 3894284, "key": 14080, "isd": true, "ppd": 8.823, "med": 39.6, "p65": 14.177999999999999, "p70": 9.392999999999999, "hos": 8.05, "exp": 72.58, "adr": 2.0, "amn": 5680.0, "amv": 241463.0, "amd": 134.0, "amt": 1000625.0, "tmn": [7, 7, 7, 7, 7, 8, 7, 7, 7, 7, 7, 7, 8, 7, 7, 7, 7, 7, 8, 7, 7], "tmv": [5643, 3205, 1429, 3427, 718, 695, 2344, 1683, 2123, 2380, 2151, 3200, 664, 236, 284, 2144, 4817, 2839, 2956, 907, 2306], "tmd": [0, 1, 0, 0, 1, 0, 0, 2, 0, 1, 0, 1, 0, 0, 2, 0, 1, 1, 0, 0, 0], "wmn": 55, "wmt": 18291, "wmd": 3, "wmv": 16255, "wdn": 0, "wdt": 8, "wdd": 0, "wdv": 31, "tlv": "Russia"}