{"loc": "Taylor", "iso": "US", "l1": "United States", "l2": "Kentucky", "lvl": 3, "pop": 25769, "key": 14087, "isd": true, "ppd": 35.608000000000004, "med": 38.3, "p65": 15.413, "p70": 9.732000000000001, "hos": 2.77, "exp": 78.86, "adr": 1.0, "amn": 107183.0, "amv": 220982.0, "amd": 1203.0, "amt": 873960.0, "tmn": [194, 116, 1591, 504, 1086, 388, 38, 1241, 271, 659, 504, 349, 776, 931, 465, 310, 931, 1047, 776, 970, 931], "tmv": [6595, 3662, 2393, 4746, 4917, 6132, 6772, 6806, 0, 0, 3221, 4419, 5606, 5173, 5466, 3298, 2593, 4349, 5491, 6616, 7139], "tmd": [0, 0, 0, 0, 0, 0, 39, 0, 0, 0, 0, 0, 39, 0, 0, 0, 0, 0, 39, 0, 0], "wmn": 5433, "wmt": 21714, "wmd": 39, "wmv": 34956, "wdn": 15, "wdt": 97, "wdd": 0, "wdv": 39, "tlv": "Kentucky"}