{"loc": "Tattnall", "iso": "US", "l1": "United States", "l2": "Georgia", "lvl": 3, "pop": 25286, "key": 14082, "isd": true, "ppd": 35.608000000000004, "med": 38.3, "p65": 15.413, "p70": 9.732000000000001, "hos": 2.77, "exp": 78.86, "adr": 3.0, "amn": 93411.0, "amv": 996012.0, "amd": 2729.0, "amt": 859666.0, "tmn": [197, 39, 39, -118, 632, 79, 39, 0, 0, 0, 0, 0, 79, 39, 0, 0, 0, 0, 158, 0, 0], "tmv": [4865, 3672, 4016, 3766, 3121, 6234, 3276, 3244, 2575, 1851, 1965, 1967, 2474, 1554, 2803, 3655, 3299, 2241, 4154, 4949, 0], "tmd": [40, 0, 0, 0, 40, 0, 0, 0, 0, 0, 0, 0, 0, 0, 0, 0, 0, 0, 0, 0, 0], "wmn": 159, "wmt": 6825, "wmd": 0, "wmv": 21104, "wdn": 33, "wdt": -7, "wdd": 0, "wdv": 35, "tlv": "Georgia"}