{"loc": "Tate", "iso": "US", "l1": "United States", "l2": "Mississippi", "lvl": 3, "pop": 28321, "key": 14081, "isd": true, "ppd": 35.608000000000004, "med": 38.3, "p65": 15.413, "p70": 9.732000000000001, "hos": 2.77, "exp": 78.86, "adr": 2.0, "amn": 143604.0, "amv": 1144139.0, "amd": 3319.0, "amt": 788435.0, "tmn": [882, 0, 0, 1094, 564, 141, 353, 1200, 0, 0, 2224, 317, 670, 1377, 670, 0, 0, 1765, 176, 459, 847], "tmv": [3068, 3187, 2953, 1851, 1966, 2813, 2807, 3250, 3257, 2889, 2103, 1988, 3241, 2538, 4249, 2950, 0, 0, 0, 2913, 0], "tmd": [0, 0, 0, 0, 36, 0, 0, 0, 0, 0, 0, 106, 0, 0, 0, 0, 0, 0, 0, 36, 0], "wmn": 3920, "wmt": 15347, "wmd": 36, "wmv": 10114, "wdn": -32, "wdt": -23, "wdd": -67, "wdv": -48, "tlv": "Mississippi"}