{"loc": "Tate", "iso": "US", "l1": "United States", "l2": "Mississippi", "lvl": 3, "pop": 28321, "key": 14081, "isd": true, "ppd": 35.608000000000004, "med": 38.3, "p65": 15.413, "p70": 9.732000000000001, "hos": 2.77, "exp": 78.86, "adr": 2.0, "amn": 156809.0, "amv": 1187231.0, "amd": 3637.0, "amt": 826065.0, "tmn": [847, 1129, 0, 0, 1588, 847, 741, 459, 1129, 0, 0, 988, 1659, 635, 847, 1518, 0, 0, 918, 317, 423], "tmv": [2024, 2876, 2739, 2336, 1790, 1886, 2554, 2257, 2903, 2781, 2047, 1978, 1647, 2163, 995, 2262, 2445, 2251, 1671, 1480, 0], "tmd": [0, 71, 0, 0, 0, 71, 36, 36, 0, 0, 0, 0, 36, 0, 0, 0, 0, 0, 71, 0, 0], "wmn": 4026, "wmt": 10548, "wmd": 71, "wmv": 11106, "wdn": -17, "wdt": -28, "wdd": 0, "wdv": -30, "tlv": "Mississippi"}