{"loc": "Taylor", "iso": "US", "l1": "United States", "l2": "Kentucky", "lvl": 3, "pop": 25769, "key": 14087, "isd": true, "ppd": 35.608000000000004, "med": 38.3, "p65": 15.413, "p70": 9.732000000000001, "hos": 2.77, "exp": 78.86, "adr": 2.0, "amn": 133494.0, "amv": 0.0, "amd": 2057.0, "amt": 1295860.0, "tmn": [116, 155, 0, 0, 737, 38, 271, 77, 776, 0, 0, 1397, 194, 349, 426, 620, 0, 0, 1397, 543, 1086], "tmv": [0, 0, 0, 0, 0, 0, 0, 0, 0, 0, 0, 0, 0, 0, 0, 0, 0, 0, 0, 0, 0], "tmd": [0, 0, 0, 0, 0, 0, 0, 0, 0, 0, 0, 0, 0, 0, 0, 0, 0, 0, 0, 0, 0], "wmn": 4075, "wmt": 19361, "wmd": 0, "wmv": 0, "wdn": 46, "wdt": 26, "wdd": 0, "wdv": 0, "tlv": "Kentucky"}