{"loc": "Tattnall", "iso": "US", "l1": "United States", "l2": "Georgia", "lvl": 3, "pop": 25286, "key": 14082, "isd": true, "ppd": 35.608000000000004, "med": 38.3, "p65": 15.413, "p70": 9.732000000000001, "hos": 2.77, "exp": 78.86, "adr": 3.0, "amn": 116705.0, "amv": 1091533.0, "amd": 3006.0, "amt": 937664.0, "tmn": [988, 0, 0, 751, 1028, 988, 1146, 790, 0, 0, 1581, 553, 593, 1265, 1305, 0, 0, 2372, 909, 870, 1581], "tmv": [2600, 2160, 2477, 1419, 1374, 2201, 2622, 2492, 2548, 2348, 1615, 1875, 1986, 1986, 2786, 3007, 2017, 2605, 1830, 2139, 3106], "tmd": [0, 0, 0, 0, 0, 0, 0, 0, 0, 0, 0, 80, 0, 0, 0, 0, 0, 0, 80, 40, 40], "wmn": 7040, "wmt": 19298, "wmd": 159, "wmv": 17494, "wdn": 47, "wdt": 17, "wdd": 100, "wdv": 18, "tlv": "Georgia"}