{"loc": "Tennessee", "iso": "US", "l1": "United States", "l2": "Tennessee", "lvl": 2, "pop": 6829174, "key": 14099, "isd": true, "ppd": 35.608000000000004, "med": 38.3, "p65": 15.413, "p70": 9.732000000000001, "hos": 2.77, "exp": 78.86, "adr": 1.0, "amn": 111077.0, "amv": 160515.0, "amd": 1602.0, "amt": 986692.0, "tmn": [289, 497, 260, 718, 329, 456, 194, 318, 271, 461, 389, 465, 349, 179, 239, 431, 237, 328, 262, 197, 167], "tmv": [2448, 3374, 4677, 5132, 5139, 4690, 3336, 1695, 3330, 4023, 4903, 6734, 6595, 3662, 2393, 4746, 4917, 6132, 6772, 6806, 0], "tmd": [29, 23, 15, 7, 17, 12, 16, 22, 20, 25, 30, 9, 1, 15, 10, 15, 12, 12, 2, 5, 1], "wmn": 1865, "wmt": 19841, "wmd": 55, "wmv": 31769, "wdn": -23, "wdt": -13, "wdd": -54, "wdv": 3, "tlv": "Tennessee"}