{"loc": "Telangana", "iso": "IN", "l1": "India", "l2": "Telangana", "lvl": 2, "pop": 39362732, "key": 14095, "isd": true, "ppd": 450.41900000000004, "med": 28.2, "p65": 5.989, "p70": 3.4139999999999997, "hos": 0.53, "exp": 69.66, "adr": 1.0, "amn": 16557.0, "amv": 379471.0, "amd": 98.0, "amt": 351489.0, "tmn": [32, 12, 16, 16, 16, 15, 15, 15, 11, 15, 15, 15, 14, 14, 14, 11, 11, 12, 12, 11, 10], "tmv": [3817, 1481, 4866, 3075, 3296, 3860, 3974, 0, 0, 0, 0, 2938, 4337, 4117, 4203, 1343, 4228, 3319, 3326, 0, 0], "tmd": [1, 1, 1, 1, 1, 1, 1, 1, 1, 1, 1, 1, 1, 1, 1, 1, 1, 1, 1, 1, 1], "wmn": 85, "wmt": 6176, "wmd": 1, "wmv": 16422, "wdn": -18, "wdt": -28, "wdd": 0, "wdv": 44, "tlv": "India"}