{"loc": "Tennessee", "iso": "US", "l1": "United States", "l2": "Tennessee", "lvl": 2, "pop": 6829174, "key": 14099, "isd": true, "ppd": 35.608000000000004, "med": 38.3, "p65": 15.413, "p70": 9.732000000000001, "hos": 2.77, "exp": 78.86, "adr": 1.0, "amn": 112889.0, "amv": 201735.0, "amd": 1658.0, "amt": 1004448.0, "tmn": [389, 465, 349, 179, 239, 431, 237, 328, 262, 197, 167, 140, 114, 154, 192, 195, 165, 139, 179, 238, 291], "tmv": [4903, 6734, 6595, 3662, 2393, 4746, 4917, 6132, 6772, 6806, 0, 0, 3221, 4419, 5606, 5173, 5466, 3298, 2593, 4349, 0], "tmd": [30, 9, 1, 15, 10, 15, 12, 12, 2, 5, 1, 3, 5, 11, 2, 8, 3, 3, 7, 10, 9], "wmn": 1403, "wmt": 13693, "wmd": 39, "wmv": 26489, "wdn": 3, "wdt": -7, "wdd": 8, "wdv": -3, "tlv": "Tennessee"}