{"loc": "Tazewell", "iso": "US", "l1": "United States", "l2": "Illinois", "lvl": 3, "pop": 131803, "key": 14091, "isd": true, "ppd": 35.608000000000004, "med": 38.3, "p65": 15.413, "p70": 9.732000000000001, "hos": 2.77, "exp": 78.86, "adr": 2.0, "amn": 113002.0, "amv": 511713.0, "amd": 1866.0, "amt": 1632457.0, "tmn": [166, 166, 311, 197, 128, 136, 326, 242, 220, 500, 447, 288, 288, 485, 402, 781, 576, 424, 599, 280, 569], "tmv": [6980, 8171, 7842, 9493, 9226, 6156, 5181, 6849, 8594, 10257, 10611, 9961, 7133, 5431, 8106, 10192, 12065, 12389, 10214, 6477, 4262], "tmd": [0, 0, 0, 0, 0, 0, 8, 0, 8, 0, 0, 0, 0, 0, 0, 8, 0, 0, 8, 0, 0], "wmn": 3635, "wmt": 39652, "wmd": 16, "wmv": 63709, "wdn": 47, "wdt": -1, "wdd": 100, "wdv": 8, "tlv": "Illinois"}