{"loc": "Tehama", "iso": "US", "l1": "United States", "l2": "California", "lvl": 3, "pop": 65084, "key": 14093, "isd": true, "ppd": 35.608000000000004, "med": 38.3, "p65": 15.413, "p70": 9.732000000000001, "hos": 2.77, "exp": 78.86, "adr": 1.0, "amn": 91528.0, "amv": 1059187.0, "amd": 1014.0, "amt": 1884587.0, "tmn": [0, 138, 0, 0, 76, 92, 61, 0, 261, 0, 0, 61, 0, 430, 245, 184, 0, 0, 537, 0, 460], "tmv": [1666, 1928, 1520, 1539, 740, 1856, 2005, 1821, 2051, 2364, 1193, 1200, 2288, 2155, 2600, 2160, 2477, 1419, 1374, 2201, 2622], "tmd": [0, 31, 0, 0, 0, 0, 0, 0, 0, 0, 0, 0, 0, 0, 0, 0, 0, 0, 0, 0, 0], "wmn": 1429, "wmt": 30675, "wmd": 0, "wmv": 14857, "wdn": 90, "wdt": 11, "wdd": 0, "wdv": 14, "tlv": "California"}