{"loc": "Terrell", "iso": "US", "l1": "United States", "l2": "Texas", "lvl": 3, "pop": 776, "key": 14104, "isd": true, "ppd": 35.608000000000004, "med": 38.3, "p65": 15.413, "p70": 9.732000000000001, "hos": 2.77, "exp": 78.86, "adr": 2.0, "amn": 184278.0, "amv": 1154115.0, "amd": 3866.0, "amt": 1075510.0, "tmn": [0, 0, 78608, -78608, 0, 0, 0, 0, 0, 2577, 1288, 0, 3865, 0, 0, 2577, 0, 0, 5154, 0, 0], "tmv": [1966, 2813, 2807, 3250, 3257, 2889, 2103, 1988, 3241, 2538, 4249, 2950, 0, 0, 0, 2913, 2024, 2876, 2739, 2336, 0], "tmd": [0, 0, 0, 0, 0, 0, 0, 0, 0, 0, 0, 0, 0, 0, 0, 0, 0, 0, 0, 0, 0], "wmn": 7732, "wmt": 30752, "wmd": 0, "wmv": 12890, "wdn": 0, "wdt": -1, "wdd": 0, "wdv": -14, "tlv": "Texas"}