{"loc": "Tensas", "iso": "US", "l1": "United States", "l2": "Louisiana", "lvl": 3, "pop": 4334, "key": 14100, "isd": true, "ppd": 35.608000000000004, "med": 38.3, "p65": 15.413, "p70": 9.732000000000001, "hos": 2.77, "exp": 78.86, "adr": 2.0, "amn": 122289.0, "amv": 1283911.0, "amd": 2077.0, "amt": 2101441.0, "tmn": [230, 0, 0, 1384, 0, 0, 0, 0, 0, 692, 230, 0, 0, 461, 230, 230, 0, 0, 0, 0, 1384], "tmv": [2626, 2552, 2575, 2955, 1399, 770, 2354, 2306, 2307, 2345, 3781, 2315, 1328, 4158, 4126, 4122, 3797, 3784, 1119, 91, 0], "tmd": [0, 0, 0, 0, 0, 0, 0, 0, 0, 0, 0, 0, 0, 0, 231, 0, 0, 0, 0, 0, 0], "wmn": 1846, "wmt": 27243, "wmd": 231, "wmv": 17042, "wdn": 33, "wdt": -7, "wdd": 0, "wdv": -8, "tlv": "Louisiana"}