{"loc": "Terrebonne", "iso": "US", "l1": "United States", "l2": "Louisiana", "lvl": 3, "pop": 110461, "key": 14102, "isd": true, "ppd": 35.608000000000004, "med": 38.3, "p65": 15.413, "p70": 9.732000000000001, "hos": 2.77, "exp": 78.86, "adr": 2.0, "amn": 88058.0, "amv": 324951.0, "amd": 1901.0, "amt": 1244330.0, "tmn": [172, 597, 217, 244, 226, 0, 371, 90, -36, 190, 153, 298, 0, 190, 262, 99, 45, 253, 45, 0, 108], "tmv": [3298, 2593, 4349, 5491, 6616, 7139, 7375, 5050, 5255, 5793, 6168, 7391, 8814, 7404, 5275, 4864, 6157, 7535, 8875, 13887, 4118], "tmd": [0, 19, 37, 37, 0, 0, 0, 0, 0, 0, 10, 10, 0, 19, 0, 0, 28, 0, 10, 0, 0], "wmn": 815, "wmt": 19182, "wmd": 37, "wmv": 50714, "wdn": -8, "wdt": -25, "wdd": 0, "wdv": 11, "tlv": "Louisiana"}