{"loc": "Terry", "iso": "US", "l1": "United States", "l2": "Texas", "lvl": 3, "pop": 12337, "key": 14105, "isd": true, "ppd": 35.608000000000004, "med": 38.3, "p65": 15.413, "p70": 9.732000000000001, "hos": 2.77, "exp": 78.86, "adr": 3.0, "amn": 167139.0, "amv": 1227352.0, "amd": 5188.0, "amt": 1171064.0, "tmn": [0, 0, 0, 0, 1215, 0, 0, 0, 0, 0, 0, 2918, 0, 0, 0, 0, 0, 0, 0, 891, 972], "tmv": [2262, 2445, 2251, 1671, 0, 0, 2784, 2570, 2833, 3777, 2988, 2423, 2905, 2661, 3390, 3489, 0, 0, 0, 2411, 0], "tmd": [0, 0, 0, 0, 82, 0, 82, 0, 0, 0, 0, 0, 0, 0, 0, 0, 0, 0, 0, 82, 0], "wmn": 1865, "wmt": 18253, "wmd": 82, "wmv": 9292, "wdn": -36, "wdt": -3, "wdd": 0, "wdv": -54, "tlv": "Texas"}