{"loc": "Thiruvallur", "iso": "IN", "l1": "India", "l2": "Tamil Nadu", "lvl": 3, "pop": 3725697, "key": 14117, "isd": true, "ppd": 450.41900000000004, "med": 28.2, "p65": 5.989, "p70": 3.4139999999999997, "hos": 0.53, "exp": 69.66, "adr": 2.0, "amn": 11854.0, "amv": 9469.0, "amd": 187.0, "amt": 223225.0, "tmn": [2, 6, 4, 9, 5, 6, 5, 4, 5, 3, 9, 4, 6, 8, 9, 8, 5, 2, 5, 9, 5], "tmv": [259, 26, 323, 255, 293, 353, 335, 61, 0, 0, 246, 238, 478, 437, 281, 178, 245, 350, 332, 507, 0], "tmd": [0, 0, 0, 1, 0, 0, 0, 1, 0, 1, 1, 0, 1, 0, 0, 0, 0, 1, 0, 0, 0], "wmn": 46, "wmt": 4581, "wmd": 1, "wmv": 1897, "wdn": 8, "wdt": -2, "wdd": -50, "wdv": 30, "tlv": "Tamil Nadu"}