{"loc": "Thane", "iso": "IN", "l1": "India", "l2": "Maharashtra", "lvl": 3, "pop": 11060148, "key": 14113, "isd": true, "ppd": 450.41900000000004, "med": 28.2, "p65": 5.989, "p70": 3.4139999999999997, "hos": 0.53, "exp": 69.66, "adr": 2.0, "amn": 25097.0, "amv": 8629.0, "amd": 524.0, "amt": 129456.0, "tmn": [24, 29, 27, 26, 20, 23, 36, 4, 29, 26, 36, 28, 29, 37, 48, 45, 49, 55, 43, 45, 60], "tmv": [369, 331, 259, 26, 323, 255, 293, 353, 335, 61, 0, 0, 246, 238, 478, 437, 281, 178, 245, 350, 0], "tmd": [0, 1, 0, 1, 1, 1, 1, -2, 0, 0, 0, 1, 1, 1, 1, 1, 1, 1, 0, 1, 2], "wmn": 349, "wmt": 3951, "wmd": 3, "wmv": 1972, "wdn": 81, "wdt": 40, "wdd": -250, "wdv": 60, "tlv": "Maharashtra"}