{"loc": "Theni", "iso": "IN", "l1": "India", "l2": "Tamil Nadu", "lvl": 3, "pop": 1243684, "key": 14116, "isd": true, "ppd": 450.41900000000004, "med": 28.2, "p65": 5.989, "p70": 3.4139999999999997, "hos": 0.53, "exp": 69.66, "adr": 1.0, "amn": 13928.0, "amv": 52938.0, "amd": 166.0, "amt": 253944.0, "tmn": [4, 1, 2, 3, 1, 3, 0, 3, 4, 7, 4, 6, 6, 4, 4, 6, 7, 8, 6, 10, 8], "tmv": [1101, 122, 2202, 1534, 1506, 1591, 1973, 1840, 334, 2484, 1700, 1669, 1709, 1887, 1565, 188, 422, 1406, 1495, 2660, 3090], "tmd": [0, 0, 0, 0, 0, 0, 0, 0, 0, 0, 0, 0, 0, 0, 0, 0, 0, 0, 0, 0, 0], "wmn": 52, "wmt": 7580, "wmd": 0, "wmv": 10830, "wdn": 39, "wdt": 8, "wdd": 0, "wdv": -7, "tlv": "Tamil Nadu"}