{"loc": "Thane", "iso": "IN", "l1": "India", "l2": "Maharashtra", "lvl": 3, "pop": 11060148, "key": 14113, "isd": true, "ppd": 450.41900000000004, "med": 28.2, "p65": 5.989, "p70": 3.4139999999999997, "hos": 0.53, "exp": 69.66, "adr": 1.0, "amn": 38571.0, "amv": 82966.0, "amd": 572.0, "amt": 185167.0, "tmn": [325, 314, 313, 386, 318, 310, 319, 433, 449, 496, 615, 523, 583, 665, 532, 628, 623, 678, 513, 556, 567], "tmv": [1709, 1887, 1565, 188, 422, 1406, 1495, 2660, 3090, 2119, 2264, 2902, 2874, 2261, 2996, 2710, 2550, 2125, 2901, 1917, 2401], "tmd": [1, 1, 2, 1, 1, 1, 1, 1, 10, 3, 2, 1, 2, 3, 3, 1, 3, 2, 2, 2, 3], "wmn": 4101, "wmt": 13428, "wmd": 14, "wmv": 17605, "wdn": 9, "wdt": 22, "wdd": -32, "wdv": -3, "tlv": "Maharashtra"}