{"loc": "Thrissur", "iso": "IN", "l1": "India", "l2": "Kerala", "lvl": 3, "pop": 3110327, "key": 14124, "isd": true, "ppd": 450.41900000000004, "med": 28.2, "p65": 5.989, "p70": 3.4139999999999997, "hos": 0.53, "exp": 69.66, "adr": 0.0, "amn": 71305.0, "amv": 138927.0, "amd": 267.0, "amt": 526458.0, "tmn": [842, 1146, 1199, 1153, 1201, 1359, 1206, 1054, 1055, 1284, 1153, 1016, 1071, 982, 657, 743, 928, 717, 797, 772, 805], "tmv": [1355, 1209, 1580, 1936, 1874, 1669, 587, 2024, 2002, 1581, 1678, 930, 1375, 511, 1134, 995, 883, 1069, 0, 0, 635], "tmd": [3, 0, 5, 2, 2, 5, 6, 3, 4, 7, 3, 9, 4, 5, 3, 7, 0, 4, 1, 4, 4], "wmn": 5423, "wmt": 24256, "wmd": 21, "wmv": 4720, "wdn": -29, "wdt": -3, "wdd": -36, "wdv": -53, "tlv": "Kerala"}