{"loc": "Thomas", "iso": "US", "l1": "United States", "l2": "Kansas", "lvl": 3, "pop": 7777, "key": 14121, "isd": true, "ppd": 35.608000000000004, "med": 38.3, "p65": 15.413, "p70": 9.732000000000001, "hos": 2.77, "exp": 78.86, "adr": 2.0, "amn": 135399.0, "amv": 180853.0, "amd": 2315.0, "amt": 425091.0, "tmn": [0, 1028, 0, 900, 0, 385, 0, 0, 514, 0, 128, 0, 385, 0, 0, 514, 0, 771, 0, 385, 0], "tmv": [4690, 3336, 1695, 3330, 4023, 4903, 6734, 6595, 3662, 2393, 4746, 4917, 6132, 6772, 6806, 0, 0, 3221, 4419, 5606, 0], "tmd": [0, 0, 0, 0, 0, 0, 0, 0, 0, 0, 129, 0, -128, 0, 0, 0, 0, 0, 0, 0, 0], "wmn": 1672, "wmt": 7152, "wmd": 0, "wmv": 20055, "wdn": 62, "wdt": 1, "wdd": 0, "wdv": -43, "tlv": "Kansas"}