{"loc": "Tillamook", "iso": "US", "l1": "United States", "l2": "Oregon", "lvl": 3, "pop": 27036, "key": 14133, "isd": true, "ppd": 35.608000000000004, "med": 38.3, "p65": 15.413, "p70": 9.732000000000001, "hos": 2.77, "exp": 78.86, "adr": 1.0, "amn": 22156.0, "amv": 684867.0, "amd": 111.0, "amt": 1085493.0, "tmn": [73, 295, 147, 295, 110, 221, 73, 110, 73, 36, 110, 110, 147, 36, 36, 36, 184, 36, 110, 221, 36], "tmv": [6477, 4262, 8755, 10329, 12013, 14052, 10864, 8027, 7863, 7615, 10699, 12037, 10893, 10729, 6600, 5484, 7781, 9092, 10242, 10071, 0], "tmd": [0, 0, 0, 0, 0, 0, 0, 0, 0, 37, 0, 0, 0, 0, 0, 0, 0, 0, 0, 0, 0], "wmn": 666, "wmt": 34623, "wmd": 0, "wmv": 49273, "wdn": 6, "wdt": 29, "wdd": -100, "wdv": -27, "tlv": "Oregon"}