{"loc": "Tippecanoe", "iso": "US", "l1": "United States", "l2": "Indiana", "lvl": 3, "pop": 195732, "key": 14139, "isd": true, "ppd": 35.608000000000004, "med": 38.3, "p65": 15.413, "p70": 9.732000000000001, "hos": 2.77, "exp": 78.86, "adr": 1.0, "amn": 102436.0, "amv": 233408.0, "amd": 1037.0, "amt": 1196650.0, "tmn": [153, 485, 178, 311, 275, 209, 209, 153, 286, 296, 372, 158, 143, 183, 255, 296, 275, 255, 117, 122, 132], "tmv": [4746, 4917, 6132, 6772, 6806, 0, 0, 3221, 4419, 5606, 5173, 5466, 3298, 2593, 4349, 5491, 6616, 7139, 7375, 5050, 0], "tmd": [11, 6, 6, 11, 11, 0, 0, 11, 6, 6, 0, 11, 0, 6, 0, 11, 0, 6, 6, 0, 11], "wmn": 1457, "wmt": 35704, "wmd": 31, "wmv": 36022, "wdn": -9, "wdt": 8, "wdd": -14, "wdv": 21, "tlv": "Indiana"}