{"loc": "Tillamook", "iso": "US", "l1": "United States", "l2": "Oregon", "lvl": 3, "pop": 27036, "key": 14133, "isd": true, "ppd": 35.608000000000004, "med": 38.3, "p65": 15.413, "p70": 9.732000000000001, "hos": 2.77, "exp": 78.86, "adr": 2.0, "amn": 78155.0, "amv": 1341580.0, "amd": 1553.0, "amt": 1849053.0, "tmn": [36, 110, 73, 369, 0, 0, 369, 295, 369, 665, 147, 0, 0, 1072, 258, 258, 0, 443, 0, 0, 480], "tmv": [4456, 4611, 4549, 5061, 2356, 1255, 4023, 4168, 4272, 4405, 5092, 2672, 1421, 3738, 4100, 4188, 3596, 4102, 1618, 109, 0], "tmd": [37, 0, 0, 37, 0, 0, 0, 74, 37, 0, 37, 0, 0, 37, 0, 111, 0, 0, 0, 0, 0], "wmn": 1443, "wmt": 30953, "wmd": 111, "wmv": 17716, "wdn": -43, "wdt": -1, "wdd": -40, "wdv": -31, "tlv": "Oregon"}