{"loc": "Tioga", "iso": "US", "l1": "United States", "l2": "New York", "lvl": 3, "pop": 48203, "key": 14136, "isd": true, "ppd": 35.608000000000004, "med": 38.3, "p65": 15.413, "p70": 9.732000000000001, "hos": 2.77, "exp": 78.86, "adr": 2.0, "amn": 61863.0, "amv": 343093.0, "amd": 1162.0, "amt": 2145833.0, "tmn": [186, 228, 103, 41, 145, 124, 145, 207, 373, 207, 103, 82, 186, 207, 0, 684, 228, 186, 41, 373, 352], "tmv": [6616, 7139, 7375, 5050, 5255, 5793, 6168, 7391, 8814, 7404, 5275, 4864, 6157, 7535, 8875, 13887, 4118, 6135, 5026, 6980, 0], "tmd": [0, 0, 0, 0, 0, 0, 0, 0, 0, 0, 0, 0, 0, 0, 0, 0, 0, 0, 0, 0, 0], "wmn": 1868, "wmt": 78259, "wmd": 0, "wmv": 45024, "wdn": 36, "wdt": 15, "wdd": 0, "wdv": -5, "tlv": "New York"}