{"loc": "Tioga", "iso": "US", "l1": "United States", "l2": "Pennsylvania", "lvl": 3, "pop": 40591, "key": 14137, "isd": true, "ppd": 35.608000000000004, "med": 38.3, "p65": 15.413, "p70": 9.732000000000001, "hos": 2.77, "exp": 78.86, "adr": 3.0, "amn": 79599.0, "amv": 1107375.0, "amd": 2784.0, "amt": 1229417.0, "tmn": [24, 0, 0, 49, 24, 24, 73, 98, 49, 147, 24, 123, 73, 246, 98, 123, 98, 24, 24, 369, 172], "tmv": [2492, 2548, 2348, 1615, 1875, 1986, 1986, 2786, 3007, 2017, 2605, 1830, 2139, 3106, 3068, 3187, 2953, 1851, 1966, 2813, 0], "tmd": [0, 0, 0, 0, 0, 0, 0, 0, 0, 0, 0, 0, 0, 0, 0, 0, 0, 0, 0, 0, 0], "wmn": 912, "wmt": 17387, "wmd": 0, "wmv": 15842, "wdn": 19, "wdt": 12, "wdd": 0, "wdv": -9, "tlv": "Pennsylvania"}