{"loc": "Tioga", "iso": "US", "l1": "United States", "l2": "Pennsylvania", "lvl": 3, "pop": 40591, "key": 14137, "isd": true, "ppd": 35.608000000000004, "med": 38.3, "p65": 15.413, "p70": 9.732000000000001, "hos": 2.77, "exp": 78.86, "adr": 3.0, "amn": 90168.0, "amv": 1165506.0, "amd": 2833.0, "amt": 1297712.0, "tmn": [369, 246, 73, 468, 517, 246, 468, 763, 320, 591, 98, 394, 443, 418, 615, 394, 492, 665, 394, 1354, 1010], "tmv": [3257, 2889, 2103, 1988, 3241, 2538, 4249, 2950, 0, 0, 0, 2913, 2024, 2876, 2739, 2336, 1790, 1886, 2554, 2257, 2903], "tmd": [0, 0, 0, 0, 0, 25, 0, 0, 0, 0, 0, 0, 0, 25, 0, 0, 0, 0, 0, 0, 0], "wmn": 4928, "wmt": 24995, "wmd": 0, "wmv": 16467, "wdn": 63, "wdt": 25, "wdd": -100, "wdv": 53, "tlv": "Pennsylvania"}