{"loc": "Tippecanoe", "iso": "US", "l1": "United States", "l2": "Indiana", "lvl": 3, "pop": 195732, "key": 14139, "isd": true, "ppd": 35.608000000000004, "med": 38.3, "p65": 15.413, "p70": 9.732000000000001, "hos": 2.77, "exp": 78.86, "adr": 1.0, "amn": 126750.0, "amv": 1100743.0, "amd": 1211.0, "amt": 1754254.0, "tmn": [270, 240, 235, 260, 0, 0, 633, 219, 240, 372, 301, 0, 0, 934, 306, 337, 245, 296, 0, 0, 878], "tmv": [1374, 2201, 2622, 2492, 2548, 2348, 1615, 1875, 1986, 1986, 2786, 3007, 2017, 2605, 1830, 2139, 3106, 3068, 3187, 2953, 0], "tmd": [6, 0, 0, 0, 0, 0, 0, 11, 0, 0, 0, 0, 0, 0, 0, 0, 0, 11, 0, 0, 6], "wmn": 2065, "wmt": 37366, "wmd": 16, "wmv": 16287, "wdn": 0, "wdt": 31, "wdd": 50, "wdv": 0, "tlv": "Indiana"}