{"loc": "Tiruppur", "iso": "IN", "l1": "India", "l2": "Tamil Nadu", "lvl": 3, "pop": 2471222, "key": 14146, "isd": true, "ppd": 450.41900000000004, "med": 28.2, "p65": 5.989, "p70": 3.4139999999999997, "hos": 0.53, "exp": 69.66, "adr": 1.0, "amn": 14435.0, "amv": 131554.0, "amd": 110.0, "amt": 320529.0, "tmn": [152, 157, 222, 202, 148, 174, 178, 153, 196, 201, 262, 182, 224, 268, 262, 305, 240, 265, 285, 313, 408], "tmv": [0, 2420, 1705, 1575, 1605, 1977, 1179, 424, 1355, 1209, 1580, 1936, 1874, 1669, 587, 2024, 2002, 1581, 1678, 930, 1375], "tmd": [0, 0, 1, 1, 1, 1, 0, 1, 1, 1, 1, 1, 1, 2, 1, 1, 3, 2, 1, 3, 1], "wmn": 2081, "wmt": 14075, "wmd": 9, "wmv": 10182, "wdn": 40, "wdt": 5, "wdd": 62, "wdv": 1, "tlv": "Tamil Nadu"}