{"loc": "Tirap", "iso": "IN", "l1": "India", "l2": "Arunachal Pradesh", "lvl": 3, "pop": 111997, "key": 14142, "isd": true, "ppd": 450.41900000000004, "med": 28.2, "p65": 5.989, "p70": 3.4139999999999997, "hos": 0.53, "exp": 69.66, "adr": 0.0, "amn": 5848.0, "amv": 129247.0, "amd": 18.0, "amt": 315284.0, "tmn": [17, 8, 0, 62, 17, 26, 8, 26, 44, 26, 53, 44, 44, 26, 26, 8, 0, 8, 44, 17, 0], "tmv": [0, 0, 0, 2420, 1705, 1575, 1605, 1977, 1179, 424, 1355, 1209, 1580, 1936, 1874, 1669, 587, 2024, 2002, 1581, 1678], "tmd": [0, 0, 0, 0, 0, 0, 0, 0, 0, 0, 0, 0, 0, 0, 0, 0, 0, 0, 0, 0, 0], "wmn": 108, "wmt": 13262, "wmd": 0, "wmv": 11419, "wdn": -60, "wdt": -12, "wdd": 0, "wdv": 18, "tlv": "Arunachal Pradesh"}