{"loc": "Titus", "iso": "US", "l1": "United States", "l2": "Texas", "lvl": 3, "pop": 32750, "key": 14149, "isd": true, "ppd": 35.608000000000004, "med": 38.3, "p65": 15.413, "p70": 9.732000000000001, "hos": 2.77, "exp": 78.86, "adr": 2.0, "amn": 168977.0, "amv": 1187231.0, "amd": 2931.0, "amt": 1127951.0, "tmn": [519, 1343, 641, 458, 0, 0, 1557, 4091, 1557, 274, 1007, 0, 0, 488, 1190, 1190, 305, 427, 0, 0, 763], "tmv": [2913, 2024, 2876, 2739, 2336, 1790, 1886, 2554, 2257, 2903, 2781, 2047, 1978, 1647, 2163, 995, 2262, 2445, 2251, 1671, 1480], "tmd": [0, 0, 31, 0, 0, 0, 0, 31, 0, 0, 0, 0, 0, 31, 0, 31, 31, 62, 0, 0, 0], "wmn": 3878, "wmt": 22215, "wmd": 123, "wmv": 13270, "wdn": -48, "wdt": -14, "wdd": 100, "wdv": -18, "tlv": "Texas"}