{"loc": "Tipton", "iso": "US", "l1": "United States", "l2": "Indiana", "lvl": 3, "pop": 15148, "key": 14140, "isd": true, "ppd": 35.608000000000004, "med": 38.3, "p65": 15.413, "p70": 9.732000000000001, "hos": 2.77, "exp": 78.86, "adr": 3.0, "amn": 94930.0, "amv": 153709.0, "amd": 2641.0, "amt": 1116531.0, "tmn": [462, 66, 858, 396, 462, 396, 132, 792, 0, 330, 396, 660, 792, 264, 264, 132, 66, 0, 528, 396, 198], "tmv": [3978, 2687, 2448, 3374, 4677, 5132, 5139, 4690, 3336, 1695, 3330, 4023, 4903, 6734, 6595, 3662, 2393, 4746, 4917, 6132, 6772], "tmd": [67, 0, 0, 0, 0, 0, 0, 0, 0, 0, 0, 463, 0, 0, 0, 0, 0, 0, 0, 0, 0], "wmn": 1585, "wmt": 41506, "wmd": 0, "wmv": 35221, "wdn": -51, "wdt": 7, "wdd": -100, "wdv": 23, "tlv": "Indiana"}