{"loc": "Titus", "iso": "US", "l1": "United States", "l2": "Texas", "lvl": 3, "pop": 32750, "key": 14149, "isd": true, "ppd": 35.608000000000004, "med": 38.3, "p65": 15.413, "p70": 9.732000000000001, "hos": 2.77, "exp": 78.86, "adr": 2.0, "amn": 129710.0, "amv": 1025114.0, "amd": 2565.0, "amt": 902280.0, "tmn": [0, 1190, 1587, 1435, 1374, 1007, 30, 30, 30, 61, 61, 0, 0, 122, 0, 0, 91, 30, 0, 152, 0], "tmv": [3299, 2241, 4154, 4949, 1994, 3524, 1923, 0, 0, 1326, 2107, 1883, 1818, 1779, 1363, 1036, 1655, 1721, 1666, 1928, 1520], "tmd": [0, 0, 0, 0, 0, 0, 0, 0, 0, 0, 0, 0, 0, 0, 0, 0, 0, 0, 0, 0, 0], "wmn": 275, "wmt": 8710, "wmd": 0, "wmv": 10893, "wdn": -10, "wdt": 10, "wdd": 0, "wdv": 22, "tlv": "Texas"}