{"loc": "Tirupathur", "iso": "IN", "l1": "India", "l2": "Tamil Nadu", "lvl": 3, "pop": 1111812, "key": 14145, "isd": true, "ppd": 450.41900000000004, "med": 28.2, "p65": 5.989, "p70": 3.4139999999999997, "hos": 0.53, "exp": 69.66, "adr": 1.0, "amn": 8314.0, "amv": 100275.0, "amd": 121.0, "amt": 282710.0, "tmn": [9, 21, 22, 17, 9, 22, 28, 27, 31, 74, 61, 63, 72, 54, 95, 78, 89, 127, 133, 95, 89], "tmv": [2902, 2874, 2261, 2996, 2710, 2550, 2125, 2901, 1917, 2401, 1978, 1966, 1945, 891, 2374, 0, 0, 2252, 4076, 0, 0], "tmd": [0, 0, 0, 0, 0, 0, 0, 0, 0, 0, 0, 0, 0, 0, 1, 0, 0, 1, 1, 3, 1], "wmn": 708, "wmt": 10520, "wmd": 7, "wmv": 8704, "wdn": 83, "wdt": 23, "wdd": 0, "wdv": -38, "tlv": "Tamil Nadu"}