{"loc": "Tipton", "iso": "US", "l1": "United States", "l2": "Indiana", "lvl": 3, "pop": 15148, "key": 14140, "isd": true, "ppd": 35.608000000000004, "med": 38.3, "p65": 15.413, "p70": 9.732000000000001, "hos": 2.77, "exp": 78.86, "adr": 3.0, "amn": 138368.0, "amv": 1176126.0, "amd": 3631.0, "amt": 1961444.0, "tmn": [1188, 594, 0, 0, 0, 1848, 264, 594, 528, 0, 0, 1122, 528, 594, 528, 396, 0, 0, 1056, 396, 462], "tmv": [2538, 4249, 2950, 0, 0, 0, 2913, 2024, 2876, 2739, 2336, 1790, 1886, 2554, 2257, 2903, 2781, 2047, 1978, 1647, 2163], "tmd": [0, 0, 0, 0, 0, 0, 133, 0, 0, 0, 0, 0, 67, 0, 0, 0, 0, 0, 67, 0, 0], "wmn": 2839, "wmt": 44762, "wmd": 67, "wmv": 15780, "wdn": -16, "wdt": -1, "wdd": 0, "wdv": -3, "tlv": "Indiana"}