{"loc": "Tipton", "iso": "US", "l1": "United States", "l2": "Tennessee", "lvl": 3, "pop": 61599, "key": 14141, "isd": true, "ppd": 35.608000000000004, "med": 38.3, "p65": 15.413, "p70": 9.732000000000001, "hos": 2.77, "exp": 78.86, "adr": 1.0, "amn": 120570.0, "amv": 854702.0, "amd": 1688.0, "amt": 1153231.0, "tmn": [0, 0, 275, 48, 178, 340, 162, 0, 0, 194, 178, 81, 16, 146, 0, 0, 97, 48, 129, 146, 64], "tmv": [10027, 6458, 3608, 3001, 5456, 7305, 8515, 7794, 7192, 5713, 4653, 4699, 5814, 5591, 7265, 6352, 4511, 3409, 5326, 6395, 6671], "tmd": [0, 0, 0, 0, -16, 49, 0, 0, 0, -16, 17, 17, 0, 0, 0, 0, 0, -16, 17, 0, 0], "wmn": 488, "wmt": 10515, "wmd": 0, "wmv": 39934, "wdn": -21, "wdt": -6, "wdd": -100, "wdv": -4, "tlv": "Tennessee"}