{"loc": "Toa Alta", "iso": "PR", "l1": "United States", "l2": "Puerto Rico", "lvl": 3, "pop": 72025, "key": 14151, "isd": true, "ppd": 35.608000000000004, "med": 38.3, "p65": 15.413, "p70": 9.732000000000001, "hos": 2.77, "exp": 78.86, "adr": 0.0, "amn": 54495.0, "amv": 955999.0, "amd": 0.0, "amt": 130151.0, "tmn": [27, 0, 69, 0, 27, 13, 55, 0, 13, 41, 0, 0, 13, 41, 13, 0, -13, 0, 0, 27, 13], "tmv": [4872, 3714, 0, 0, 1543, 2452, 4248, 3485, 4157, 3682, 3252, 2518, 2835, 2495, 4865, 3672, 4016, 3766, 3121, 6234, 0], "tmd": [0, 0, 0, 0, 0, 0, 0, 0, 0, 0, 0, 0, 0, 0, 0, 0, 0, 0, 0, 0, 0], "wmn": 42, "wmt": 0, "wmd": 0, "wmv": 25677, "wdn": -62, "wdt": 0, "wdd": 0, "wdv": 14, "tlv": "Puerto Rico"}