{"loc": "Todd", "iso": "US", "l1": "United States", "l2": "South Dakota", "lvl": 3, "pop": 10177, "key": 14157, "isd": true, "ppd": 35.608000000000004, "med": 38.3, "p65": 15.413, "p70": 9.732000000000001, "hos": 2.77, "exp": 78.86, "adr": 2.0, "amn": 119878.0, "amv": 290534.0, "amd": 2850.0, "amt": 793440.0, "tmn": [0, 0, 0, 0, 0, 0, 0, 0, 98, 0, 0, 0, 0, 0, 0, 0, 0, 0, 0, 98, 0], "tmv": [5606, 5173, 5466, 3298, 2593, 4349, 5491, 6616, 7139, 7375, 5050, 5255, 5793, 6168, 7391, 8814, 7404, 5275, 4864, 6157, 0], "tmd": [0, 0, 0, 0, 0, 0, 0, 0, 0, 0, 0, 0, 0, 0, 0, 0, 99, 0, 0, 0, 0], "wmn": 99, "wmt": -301604, "wmd": 99, "wmv": 39909, "wdn": 0, "wdt": -197, "wdd": 0, "wdv": -8, "tlv": "South Dakota"}