{"loc": "Tompkins", "iso": "US", "l1": "United States", "l2": "New York", "lvl": 3, "pop": 102180, "key": 14164, "isd": true, "ppd": 35.608000000000004, "med": 38.3, "p65": 15.413, "p70": 9.732000000000001, "hos": 2.77, "exp": 78.86, "adr": 1.0, "amn": 37835.0, "amv": 435440.0, "amd": 480.0, "amt": 2281321.0, "tmn": [68, 156, 185, 0, 293, 127, 78, 117, 215, 234, 185, 185, 117, 58, 58, 146, 195, 293, 234, 205, 137], "tmv": [4864, 6157, 7535, 8875, 13887, 4118, 6135, 5026, 6980, 8171, 7842, 9493, 9226, 6156, 5181, 6849, 8594, 10257, 10611, 9961, 0], "tmd": [0, 0, 0, 0, 40, 0, 0, 0, 0, 0, 0, 10, 0, 0, 0, 0, 0, 0, 10, 0, 0], "wmn": 1273, "wmt": 81285, "wmd": 10, "wmv": 51456, "wdn": 14, "wdt": -1, "wdd": 0, "wdv": -3, "tlv": "New York"}