{"loc": "Tolland", "iso": "US", "l1": "United States", "l2": "Connecticut", "lvl": 3, "pop": 150721, "key": 14162, "isd": true, "ppd": 35.608000000000004, "med": 38.3, "p65": 15.413, "p70": 9.732000000000001, "hos": 2.77, "exp": 78.86, "adr": 2.0, "amn": 69274.0, "amv": 1136653.0, "amd": 1267.0, "amt": 2670728.0, "tmn": [165, 86, 139, 79, 0, 0, 358, 232, 79, 165, 185, 0, 0, 245, 258, 126, 179, 212, 0, 0, 0], "tmv": [1830, 2139, 3106, 3068, 3187, 2953, 1851, 1966, 2813, 2807, 3250, 3257, 2889, 2103, 1988, 3241, 2538, 4249, 2950, 0, 0], "tmd": [-6, 7, 7, 0, 0, 0, 0, 0, 0, 7, 0, 0, 0, 0, 0, 0, 7, 0, 0, 0, 0], "wmn": 777, "wmt": 19730, "wmd": 7, "wmv": 14970, "wdn": -15, "wdt": -34, "wdd": 0, "wdv": -22, "tlv": "Connecticut"}