{"loc": "Toombs", "iso": "US", "l1": "United States", "l2": "Georgia", "lvl": 3, "pop": 26830, "key": 14169, "isd": true, "ppd": 35.608000000000004, "med": 38.3, "p65": 15.413, "p70": 9.732000000000001, "hos": 2.77, "exp": 78.86, "adr": 3.0, "amn": 128886.0, "amv": 986908.0, "amd": 4435.0, "amt": 857239.0, "tmn": [0, -223, -37, 0, 0, 37, 186, 0, 74, 0, 0, 0, 74, 111, 74, 111, 0, 74, 0, 111, 223], "tmv": [2835, 2495, 4865, 3672, 4016, 3766, 3121, 6234, 3276, 3244, 2575, 1851, 1965, 1967, 2474, 1554, 2803, 3655, 3299, 2241, 0], "tmd": [0, 0, 0, 0, 0, -37, 75, 0, 0, 0, 0, 0, 0, 0, 38, 0, 38, 0, 0, 0, 0], "wmn": 597, "wmt": 6882, "wmd": 75, "wmv": 16029, "wdn": 129, "wdt": -5, "wdd": 0, "wdv": -24, "tlv": "Georgia"}