{"loc": "Tomsk Oblast", "iso": "RU", "l1": "Russia", "l2": "Tomsk Oblast", "lvl": 2, "pop": 1078280, "key": 14165, "isd": true, "ppd": 8.823, "med": 39.6, "p65": 14.177999999999999, "p70": 9.392999999999999, "hos": 8.05, "exp": 72.58, "adr": 1.0, "amn": 34922.0, "amv": 432427.0, "amd": 473.0, "amt": 1141576.0, "tmn": [90, 97, 105, 102, 101, 105, 103, 106, 108, 118, 115, 112, 114, 113, 111, 112, 110, 109, 108, 111, 109], "tmv": [4289, 13332, 973, 2135, 973, 12611, 3514, 3779, 8834, 1333, 1235, 1621, 6149, 4072, 5920, 6237, 6205, 2216, 985, 5047, 0], "tmd": [0, 0, 0, 4, 0, 0, 1, 0, 0, 0, 0, 4, 0, 0, 0, 0, 6, 0, 0, 4, 0], "wmn": 773, "wmt": 0, "wmd": 10, "wmv": 26614, "wdn": -2, "wdt": 0, "wdd": 150, "wdv": -2, "tlv": "Russia"}