{"loc": "Tomsk Oblast", "iso": "RU", "l1": "Russia", "l2": "Tomsk Oblast", "lvl": 2, "pop": 1078280, "key": 14165, "isd": true, "ppd": 8.823, "med": 39.6, "p65": 14.177999999999999, "p70": 9.392999999999999, "hos": 8.05, "exp": 72.58, "adr": 1.0, "amn": 33467.0, "amv": 378788.0, "amd": 460.0, "amt": 1095904.0, "tmn": [62, 61, 59, 57, 65, 67, 68, 72, 71, 68, 72, 80, 86, 90, 97, 105, 102, 101, 105, 103, 106], "tmv": [6485, 4305, 2607, 1389, 8802, 5092, 3493, 7231, 4856, 1625, 1623, 6061, 7290, 4289, 13332, 973, 2135, 973, 12611, 3514, 0], "tmd": [0, 0, 3, 0, 5, 0, 0, 0, 0, 6, 0, 0, 4, 0, 0, 0, 4, 0, 0, 1, 0], "wmn": 724, "wmt": 8087, "wmd": 5, "wmv": 33540, "wdn": 33, "wdt": -69, "wdd": -50, "wdv": 2, "tlv": "Russia"}