{"loc": "Tooele", "iso": "US", "l1": "United States", "l2": "Utah", "lvl": 3, "pop": 72259, "key": 14167, "isd": true, "ppd": 35.608000000000004, "med": 38.3, "p65": 15.413, "p70": 9.732000000000001, "hos": 2.77, "exp": 78.86, "adr": 1.0, "amn": 91670.0, "amv": 274237.0, "amd": 512.0, "amt": 907723.0, "tmn": [193, 276, 553, 262, 442, 415, 110, 96, 415, 345, 166, 221, 96, 83, 221, 235, 96, 207, 96, 124, 55], "tmv": [0, 3221, 4419, 5606, 5173, 5466, 3298, 2593, 4349, 5491, 6616, 7139, 7375, 5050, 5255, 5793, 6168, 7391, 8814, 7404, 0], "tmd": [0, 0, 0, 0, 0, 0, 0, 0, 14, 28, 28, 0, 14, 0, 14, 0, 0, 0, 0, 0, 0], "wmn": 1038, "wmt": 15887, "wmd": 14, "wmv": 40829, "wdn": -27, "wdt": -12, "wdd": -83, "wdv": 6, "tlv": "Utah"}