{"loc": "Tom Green", "iso": "US", "l1": "United States", "l2": "Texas", "lvl": 3, "pop": 119200, "key": 14163, "isd": true, "ppd": 35.608000000000004, "med": 38.3, "p65": 15.413, "p70": 9.732000000000001, "hos": 2.77, "exp": 78.86, "adr": 1.0, "amn": 175067.0, "amv": 1104562.0, "amd": 2458.0, "amt": 998695.0, "tmn": [679, 771, 0, 0, 1694, 1065, 1140, 847, 780, 0, 0, 1954, 1124, 880, 1098, 3280, 0, 0, 2936, 1342, 1459], "tmv": [2622, 2492, 2548, 2348, 1615, 1875, 1986, 1986, 2786, 3007, 2017, 2605, 1830, 2139, 3106, 3068, 3187, 2953, 1851, 1966, 0], "tmd": [9, 0, 9, 0, 0, 34, 0, 9, 9, 9, 9, 0, 9, 9, 9, 0, 9, 0, 0, 0, 34], "wmn": 10118, "wmt": 19989, "wmd": 51, "wmv": 16136, "wdn": 81, "wdt": -4, "wdd": 0, "wdv": -1, "tlv": "Texas"}