{"loc": "Tompkins", "iso": "US", "l1": "United States", "l2": "New York", "lvl": 3, "pop": 102180, "key": 14164, "isd": true, "ppd": 35.608000000000004, "med": 38.3, "p65": 15.413, "p70": 9.732000000000001, "hos": 2.77, "exp": 78.86, "adr": 1.0, "amn": 41975.0, "amv": 854702.0, "amd": 509.0, "amt": 2801017.0, "tmn": [107, 68, 19, 0, 176, 58, 88, 68, 88, 9, 39, 19, 48, 88, 107, 88, 58, 0, 176, 88, 58], "tmv": [10027, 6458, 3608, 3001, 5456, 7305, 8515, 7794, 7192, 5713, 4653, 4699, 5814, 5591, 7265, 6352, 4511, 3409, 5326, 6395, 6671], "tmd": [0, 0, 0, 0, 0, 0, 0, 10, 0, 0, 0, 0, 0, 0, 0, 0, 0, 10, 0, 0, 0], "wmn": 578, "wmt": 55495, "wmd": 10, "wmv": 39934, "wdn": 59, "wdt": -10, "wdd": 0, "wdv": -4, "tlv": "New York"}