{"loc": "Travis", "iso": "US", "l1": "United States", "l2": "Texas", "lvl": 3, "pop": 1273954, "key": 14179, "isd": true, "ppd": 35.608000000000004, "med": 38.3, "p65": 15.413, "p70": 9.732000000000001, "hos": 2.77, "exp": 78.86, "adr": 1.0, "amn": 57724.0, "amv": 153709.0, "amd": 627.0, "amt": 644946.0, "tmn": [239, 427, 551, 510, 554, 356, 211, 346, 531, 534, 425, 418, 205, 154, 163, 351, 271, 272, 225, 219, 0], "tmv": [3978, 2687, 2448, 3374, 4677, 5132, 5139, 4690, 3336, 1695, 3330, 4023, 4903, 6734, 6595, 3662, 2393, 4746, 4917, 6132, 6772], "tmd": [4, 1, 3, 9, 7, 10, 5, 4, 3, 6, 9, 8, 5, 3, 4, 1, 2, 3, 8, 8, 3], "wmn": 1504, "wmt": 22967, "wmd": 26, "wmv": 35221, "wdn": -43, "wdt": -14, "wdd": -25, "wdv": 23, "tlv": "Texas"}