{"loc": "Travis", "iso": "US", "l1": "United States", "l2": "Texas", "lvl": 3, "pop": 1273954, "key": 14179, "isd": true, "ppd": 35.608000000000004, "med": 38.3, "p65": 15.413, "p70": 9.732000000000001, "hos": 2.77, "exp": 78.86, "adr": 1.0, "amn": 91250.0, "amv": 1204735.0, "amd": 1062.0, "amt": 1147816.0, "tmn": [492, 266, 304, 0, 0, 416, 401, 281, 198, 248, 0, 0, 246, 307, 268, 247, 191, 0, 0, 219, 236], "tmv": [2554, 2257, 2903, 2781, 2047, 1978, 1647, 2163, 995, 2262, 2445, 2251, 1671, 0, 0, 2784, 2570, 2833, 3777, 2988, 0], "tmd": [9, 4, 7, 8, 1, 3, 8, 8, 10, 12, 7, 4, 1, 3, 4, 4, 8, 3, 2, 3, 1], "wmn": 1164, "wmt": 19866, "wmd": 22, "wmv": 14955, "wdn": -9, "wdt": -11, "wdd": -48, "wdv": 27, "tlv": "Texas"}