{"loc": "Transylvania", "iso": "US", "l1": "United States", "l2": "North Carolina", "lvl": 3, "pop": 34385, "key": 14177, "isd": true, "ppd": 35.608000000000004, "med": 38.3, "p65": 15.413, "p70": 9.732000000000001, "hos": 2.77, "exp": 78.86, "adr": 1.0, "amn": 58165.0, "amv": 359108.0, "amd": 814.0, "amt": 1019731.0, "tmn": [203, 0, 523, 145, 58, 145, 174, 290, 0, 203, -29, 87, 116, 465, -29, 0, 174, 29, 29, 261, 145], "tmv": [7139, 7375, 5050, 5255, 5793, 6168, 7391, 8814, 7404, 5275, 4864, 6157, 7535, 8875, 13887, 4118, 6135, 5026, 6980, 8171, 7842], "tmd": [0, 0, 0, 0, 0, 0, 0, 0, 0, 0, 30, 0, 0, 0, 0, 0, 0, 0, -29, 0, 0], "wmn": 611, "wmt": 19883, "wmd": -29, "wmv": 52163, "wdn": -46, "wdt": -26, "wdd": -200, "wdv": 7, "tlv": "North Carolina"}