{"loc": "Trinity", "iso": "US", "l1": "United States", "l2": "California", "lvl": 3, "pop": 12285, "key": 14188, "isd": true, "ppd": 35.608000000000004, "med": 38.3, "p65": 15.413, "p70": 9.732000000000001, "hos": 2.77, "exp": 78.86, "adr": 1.0, "amn": 34839.0, "amv": 991062.0, "amd": 488.0, "amt": 1761625.0, "tmn": [0, 0, 0, 81, 0, 407, 0, 0, 0, 0, 0, 81, 81, 0, 0, 162, 0, 81, 81, 0, 0], "tmv": [2495, 4865, 3672, 4016, 3766, 3121, 6234, 3276, 3244, 2575, 1851, 1965, 1967, 2474, 1554, 2803, 3655, 3299, 2241, 4154, 0], "tmd": [0, 0, 0, 0, 0, 0, 0, 0, 0, 0, 0, 82, 0, 0, 0, 0, 0, 0, 0, 0, 0], "wmn": 326, "wmt": 20405, "wmd": 0, "wmv": 17709, "wdn": 100, "wdt": -1, "wdd": -100, "wdv": 2, "tlv": "California"}