{"loc": "Trinity", "iso": "US", "l1": "United States", "l2": "California", "lvl": 3, "pop": 12285, "key": 14188, "isd": true, "ppd": 35.608000000000004, "med": 38.3, "p65": 15.413, "p70": 9.732000000000001, "hos": 2.77, "exp": 78.86, "adr": 1.0, "amn": 66911.0, "amv": 1204735.0, "amd": 895.0, "amt": 2378537.0, "tmn": [325, 651, 732, 488, 81, 651, 325, 0, 325, 0, 0, 0, 1221, 1139, 651, 732, 732, 0, 0, 1790, 162], "tmv": [2554, 2257, 2903, 2781, 2047, 1978, 1647, 2163, 995, 2262, 2445, 2251, 1671, 0, 0, 2784, 2570, 2833, 3777, 2988, 0], "tmd": [0, 0, 0, 0, 0, 0, 0, 0, 0, 0, 0, 0, 0, 0, 0, 0, 0, 0, 0, 82, 0], "wmn": 4071, "wmt": 58897, "wmd": 82, "wmv": 14955, "wdn": 52, "wdt": 0, "wdd": 0, "wdv": 27, "tlv": "California"}