{"loc": "Trimble", "iso": "US", "l1": "United States", "l2": "Kentucky", "lvl": 3, "pop": 8471, "key": 14186, "isd": true, "ppd": 35.608000000000004, "med": 38.3, "p65": 15.413, "p70": 9.732000000000001, "hos": 2.77, "exp": 78.86, "adr": 1.0, "amn": 147798.0, "amv": 1283911.0, "amd": 2007.0, "amt": 1648248.0, "tmn": [236, 708, 1180, 0, 0, 2242, 118, 354, 1180, 472, 0, 0, 1180, 590, 826, 472, 354, 0, 0, 1652, 472], "tmv": [2552, 2575, 2955, 1399, 770, 2354, 2306, 2307, 2345, 3781, 2315, 1328, 4158, 4126, 4122, 3797, 3784, 1119, 91, 0, 0], "tmd": [0, 355, 0, 0, 0, 119, 237, 0, 0, 0, 0, 0, 0, 0, 0, 0, 0, 0, 0, 0, 0], "wmn": 3778, "wmt": 20028, "wmd": 0, "wmv": 12915, "wdn": 0, "wdt": -7, "wdd": 0, "wdv": -37, "tlv": "Kentucky"}