{"loc": "TriCounty", "iso": "US", "l1": "United States", "l2": "Utah", "lvl": 3, "pop": 56622, "key": 14184, "isd": true, "ppd": 35.608000000000004, "med": 38.3, "p65": 15.413, "p70": 9.732000000000001, "hos": 2.77, "exp": 78.86, "adr": 1.0, "amn": 93338.0, "amv": 1072054.0, "amd": 759.0, "amt": 1179209.0, "tmn": [0, 0, 0, 1253, 335, 600, 370, 529, 0, 0, 1112, 123, 123, 706, 370, 0, 0, 759, 105, 423, 370], "tmv": [1821, 2051, 2364, 1193, 1200, 2288, 2155, 2600, 2160, 2477, 1419, 1374, 2201, 2622, 2492, 2548, 2348, 1615, 1875, 1986, 0], "tmd": [0, 0, 0, 0, 18, 36, 0, 0, 0, 0, 18, 0, 0, 0, 0, 0, 0, 0, 0, 0, 0], "wmn": 2032, "wmt": 13268, "wmd": 0, "wmv": 12867, "wdn": -22, "wdt": 2, "wdd": -100, "wdv": -13, "tlv": "Utah"}