{"loc": "Treutlen", "iso": "US", "l1": "United States", "l2": "Georgia", "lvl": 3, "pop": 6901, "key": 14183, "isd": true, "ppd": 35.608000000000004, "med": 38.3, "p65": 15.413, "p70": 9.732000000000001, "hos": 2.77, "exp": 78.86, "adr": 3.0, "amn": 121432.0, "amv": 500973.0, "amd": 3623.0, "amt": 739897.0, "tmn": [0, 144, 0, 0, -144, 144, 0, 0, 0, 0, 144, -144, 0, 0, 0, 434, 0, 0, 0, 144, 0], "tmv": [6135, 5026, 6980, 8171, 7842, 9493, 9226, 6156, 5181, 6849, 8594, 10257, 10611, 9961, 7133, 5431, 8106, 10192, 12065, 12389, 10214], "tmd": [0, 0, 0, 0, 0, 0, 0, 0, 0, 0, 145, 145, 0, 0, 0, 0, 0, 0, 0, 0, 0], "wmn": 580, "wmt": 11174, "wmd": 0, "wmv": 65534, "wdn": 0, "wdt": -4, "wdd": -100, "wdv": 14, "tlv": "Georgia"}