{"loc": "Trumbull", "iso": "US", "l1": "United States", "l2": "Ohio", "lvl": 3, "pop": 197974, "key": 14195, "isd": true, "ppd": 35.608000000000004, "med": 38.3, "p65": 15.413, "p70": 9.732000000000001, "hos": 2.77, "exp": 78.86, "adr": 3.0, "amn": 73545.0, "amv": 298070.0, "amd": 2182.0, "amt": 886856.0, "tmn": [136, 141, 151, 303, 176, 156, 186, 156, 65, 161, 111, 161, 60, 80, 131, 70, 80, 176, 90, 166, 106], "tmv": [5173, 5466, 3298, 2593, 4349, 5491, 6616, 7139, 7375, 5050, 5255, 5793, 6168, 7391, 8814, 7404, 5275, 4864, 6157, 7535, 0], "tmd": [0, 0, 0, 0, 0, 0, 0, 0, 0, 0, 0, 0, 0, 0, 0, 0, 0, 21, 0, 0, 21], "wmn": 824, "wmt": 15303, "wmd": 41, "wmv": 40053, "wdn": 3, "wdt": -28, "wdd": 0, "wdv": -9, "tlv": "Ohio"}