{"loc": "Tula Oblast", "iso": "RU", "l1": "Russia", "l2": "Tula Oblast", "lvl": 2, "pop": 1491855, "key": 14198, "isd": true, "ppd": 8.823, "med": 39.6, "p65": 14.177999999999999, "p70": 9.392999999999999, "hos": 8.05, "exp": 72.58, "adr": 5.0, "amn": 28878.0, "amv": 280094.0, "amd": 1493.0, "amt": 1032838.0, "tmn": [40, 42, 44, 44, 46, 48, 51, 57, 63, 71, 80, 85, 91, 93, 95, 98, 100, 103, 105, 105, 103], "tmv": [3200, 664, 236, 284, 2144, 4817, 2839, 2956, 907, 2306, 5107, 417, 6346, 4336, 3392, 2343, 2283, 3803, 4793, 5806, 0], "tmd": [5, 4, 5, 4, 5, 6, 5, 5, 5, 4, 5, 4, 5, 5, 4, 5, 5, 5, 4, 5, 5], "wmn": 714, "wmt": 18997, "wmd": 29, "wmv": 22423, "wdn": 31, "wdt": -9, "wdd": 0, "wdv": 0, "tlv": "Russia"}