{"loc": "Trumbull", "iso": "US", "l1": "United States", "l2": "Ohio", "lvl": 3, "pop": 197974, "key": 14195, "isd": true, "ppd": 35.608000000000004, "med": 38.3, "p65": 15.413, "p70": 9.732000000000001, "hos": 2.77, "exp": 78.86, "adr": 3.0, "amn": 69974.0, "amv": 153709.0, "amd": 2212.0, "amt": 820206.0, "tmn": [298, 303, 146, 272, 318, 313, 232, 196, 282, 323, 247, 222, 141, 146, 186, 202, 222, 237, 298, 227, 191], "tmv": [2687, 2448, 3374, 4677, 5132, 5139, 4690, 3336, 1695, 3330, 4023, 4903, 6734, 6595, 3662, 2393, 4746, 4917, 6132, 6772, 0], "tmd": [6, 0, 11, 6, 0, 6, 6, 21, -5, 0, 31, 6, 0, 0, 16, 21, 0, 61, 288, 152, 0], "wmn": 1566, "wmt": 20496, "wmd": 536, "wmv": 28625, "wdn": 0, "wdt": -13, "wdd": 960, "wdv": -7, "tlv": "Ohio"}