{"loc": "Tripura", "iso": "IN", "l1": "India", "l2": "Tripura", "lvl": 2, "pop": 4169794, "key": 14191, "isd": true, "ppd": 450.41900000000004, "med": 28.2, "p65": 5.989, "p70": 3.4139999999999997, "hos": 0.53, "exp": 69.66, "adr": 1.0, "amn": 20229.0, "amv": 715297.0, "amd": 196.0, "amt": 428930.0, "tmn": [5, 3, 2, 1, 3, 2, 1, 2, 3, 4, 0, 2, 3, 1, 0, 0, 1, 3, 5, 1, 0], "tmv": [4878, 4912, 5652, 3732, 3568, 5107, 3911, 2642, 5830, 5662, 5873, 2730, 4660, 3307, 1780, 2029, 1103, 2651, 1891, 5911, 0], "tmd": [0, 1, 1, 0, 0, 0, 0, 0, 1, 0, 0, 0, 0, 0, 0, 0, 0, 0, 0, 0, 0], "wmn": 14, "wmt": 4031, "wmd": 0, "wmv": 15369, "wdn": -28, "wdt": -42, "wdd": -100, "wdv": -50, "tlv": "India"}