{"loc": "Tula Oblast", "iso": "RU", "l1": "Russia", "l2": "Tula Oblast", "lvl": 2, "pop": 1491855, "key": 14198, "isd": true, "ppd": 8.823, "med": 39.6, "p65": 14.177999999999999, "p70": 9.392999999999999, "hos": 8.05, "exp": 72.58, "adr": 6.0, "amn": 42245.0, "amv": 764076.0, "amd": 2443.0, "amt": 1465088.0, "tmn": [129, 133, 139, 144, 145, 150, 154, 156, 161, 166, 171, 174, 177, 178, 178, 180, 182, 180, 180, 181, 179], "tmv": [4022, 5043, 0, 0, 0, 0, 0, 5392, 5802, 2754, 2140, 5510, 6429, 13473, 0, 0, 0, 1184, 6861, 3661, 6555], "tmd": [12, 10, 12, 11, 12, 13, 13, 13, 13, 12, 13, 13, 12, 13, 12, 13, 11, 11, 12, 12, 11], "wmn": 1264, "wmt": 0, "wmd": 78, "wmv": 18264, "wdn": 6, "wdt": 0, "wdd": -9, "wdv": -56, "tlv": "Russia"}