{"loc": "Tucker", "iso": "US", "l1": "United States", "l2": "West Virginia", "lvl": 3, "pop": 6839, "key": 14196, "isd": true, "ppd": 35.608000000000004, "med": 38.3, "p65": 15.413, "p70": 9.732000000000001, "hos": 2.77, "exp": 78.86, "adr": 2.0, "amn": 184969.0, "amv": 1469622.0, "amd": 4533.0, "amt": 2642855.0, "tmn": [-292, 146, 0, 0, 0, 0, 731, 146, 438, 584, 438, 877, 146, 731, 292, 0, 438, 0, 146, 438, 146], "tmv": [5133, 3959, 70, 3467, 2554, 1688, 4748, 5430, 6005, 6047, 6744, 4092, 2038, 5038, 5187, 5041, 4530, 2968, 283, 0, 0], "tmd": [147, 0, 0, 0, 0, 0, 0, 0, 0, 0, 0, 0, 0, 0, 0, 0, 0, 0, 0, 0, 0], "wmn": 1463, "wmt": 42025, "wmd": 0, "wmv": 18013, "wdn": -57, "wdt": -30, "wdd": 0, "wdv": -49, "tlv": "West Virginia"}