{"loc": "Tuensang", "iso": "IN", "l1": "India", "l2": "Nagaland", "lvl": 3, "pop": 414801, "key": 14197, "isd": true, "ppd": 450.41900000000004, "med": 28.2, "p65": 5.989, "p70": 3.4139999999999997, "hos": 0.53, "exp": 69.66, "adr": 1.0, "amn": 822.0, "amv": 131554.0, "amd": 5.0, "amt": 76526.0, "tmn": [0, 0, 21, 2, 0, 24, 0, 0, 0, 26, 4, 16, 0, 2, 9, 7, 19, 43, 12, 0, 24], "tmv": [0, 2420, 1705, 1575, 1605, 1977, 1179, 424, 1355, 1209, 1580, 1936, 1874, 1669, 587, 2024, 2002, 1581, 1678, 930, 1375], "tmd": [0, 0, 0, 0, 0, 0, 0, 0, 0, 0, 0, 0, 0, 0, 0, 0, 0, 0, 0, 0, 0], "wmn": 116, "wmt": 3676, "wmd": 0, "wmv": 10182, "wdn": 129, "wdt": -49, "wdd": 0, "wdv": 1, "tlv": "Nagaland"}