{"loc": "Tripp", "iso": "US", "l1": "United States", "l2": "South Dakota", "lvl": 3, "pop": 5441, "key": 14190, "isd": true, "ppd": 35.608000000000004, "med": 38.3, "p65": 15.413, "p70": 9.732000000000001, "hos": 2.77, "exp": 78.86, "adr": 2.0, "amn": 128285.0, "amv": 220982.0, "amd": 2941.0, "amt": 477050.0, "tmn": [0, 0, 0, 551, 918, 918, 183, 367, 0, 918, 183, 183, 367, 551, 183, 0, 735, 183, 183, 367, 367], "tmv": [6595, 3662, 2393, 4746, 4917, 6132, 6772, 6806, 0, 0, 3221, 4419, 5606, 5173, 5466, 3298, 2593, 4349, 5491, 6616, 7139], "tmd": [0, 0, 0, 0, 0, 0, 0, 0, 0, 0, 0, 184, 0, 0, 0, 0, 0, 0, 0, 0, 0], "wmn": 2022, "wmt": 5304, "wmd": 0, "wmv": 34956, "wdn": -21, "wdt": 5, "wdd": -100, "wdv": 39, "tlv": "South Dakota"}