{"loc": "Troup", "iso": "US", "l1": "United States", "l2": "Georgia", "lvl": 3, "pop": 69922, "key": 14192, "isd": true, "ppd": 35.608000000000004, "med": 38.3, "p65": 15.413, "p70": 9.732000000000001, "hos": 2.77, "exp": 78.86, "adr": 3.0, "amn": 97566.0, "amv": 170827.0, "amd": 2674.0, "amt": 655876.0, "tmn": [715, 514, 185, 171, 414, 257, 386, 271, 157, 443, 200, 286, 143, 228, 371, 300, 214, 171, 100, 243, 143], "tmv": [5132, 5139, 4690, 3336, 1695, 3330, 4023, 4903, 6734, 6595, 3662, 2393, 4746, 4917, 6132, 6772, 6806, 0, 0, 3221, 0], "tmd": [0, 0, 0, 15, 86, 0, 43, 15, 15, 0, 0, 72, 0, 0, 43, 15, 0, 15, 29, 0, 0], "wmn": 1545, "wmt": 18632, "wmd": 101, "wmv": 22933, "wdn": -11, "wdt": -3, "wdd": 0, "wdv": -32, "tlv": "Georgia"}