{"loc": "Turner", "iso": "US", "l1": "United States", "l2": "Georgia", "lvl": 3, "pop": 7985, "key": 14208, "isd": true, "ppd": 35.608000000000004, "med": 38.3, "p65": 15.413, "p70": 9.732000000000001, "hos": 2.77, "exp": 78.86, "adr": 3.0, "amn": 194865.0, "amv": 1154115.0, "amd": 5510.0, "amt": 1026607.0, "tmn": [2629, 2254, 1878, 1502, 0, 0, 2003, 4132, 1753, 751, 1377, 0, 0, 0, 1753, 2254, 626, 876, 0, 0, 1001], "tmv": [1966, 2813, 2807, 3250, 3257, 2889, 2103, 1988, 3241, 2538, 4249, 2950, 0, 0, 0, 2913, 2024, 2876, 2739, 2336, 0], "tmd": [0, 0, 0, 0, 0, 0, 0, 0, 126, 126, 0, 0, 0, 0, 0, 0, 0, 0, 0, 0, 0], "wmn": 6513, "wmt": 26021, "wmd": 0, "wmv": 12890, "wdn": -19, "wdt": -12, "wdd": -100, "wdv": -14, "tlv": "Georgia"}