{"loc": "Turner", "iso": "US", "l1": "United States", "l2": "South Dakota", "lvl": 3, "pop": 8384, "key": 14209, "isd": true, "ppd": 35.608000000000004, "med": 38.3, "p65": 15.413, "p70": 9.732000000000001, "hos": 2.77, "exp": 78.86, "adr": 5.0, "amn": 150048.0, "amv": 1154115.0, "amd": 7037.0, "amt": 1024681.0, "tmn": [477, 119, 477, 238, 0, 0, 477, 715, 357, 357, 238, 0, 0, 0, 834, 477, 357, 119, 0, 0, 119], "tmv": [1966, 2813, 2807, 3250, 3257, 2889, 2103, 1988, 3241, 2538, 4249, 2950, 0, 0, 0, 2913, 2024, 2876, 2739, 2336, 0], "tmd": [0, 0, 120, 0, 0, 0, 0, 0, 0, 0, 0, 0, 0, 0, 0, 0, 0, 0, 0, 0, 0], "wmn": 1909, "wmt": 16866, "wmd": 0, "wmv": 12890, "wdn": 14, "wdt": -11, "wdd": 0, "wdv": -14, "tlv": "South Dakota"}