{"loc": "Tulsa", "iso": "US", "l1": "United States", "l2": "Oklahoma", "lvl": 3, "pop": 651552, "key": 14200, "isd": true, "ppd": 35.608000000000004, "med": 38.3, "p65": 15.413, "p70": 9.732000000000001, "hos": 2.77, "exp": 78.86, "adr": 1.0, "amn": 120397.0, "amv": 1029249.0, "amd": 1762.0, "amt": 1055497.0, "tmn": [0, 0, 0, 0, 0, 554, 0, 0, 0, 0, 0, 0, 940, 0, 0, 0, 0, 0, 0, 1718, 0], "tmv": [1994, 3524, 1923, 0, 0, 1326, 2107, 1883, 1818, 1779, 1363, 1036, 1655, 1721, 1666, 1928, 1520, 1539, 740, 1856, 0], "tmd": [0, 0, 0, 0, 0, 8, 0, 0, 0, 0, 0, 0, 7, 0, 0, 0, 0, 0, 0, 20, 0], "wmn": 1719, "wmt": 3339, "wmd": 20, "wmv": 9252, "wdn": 83, "wdt": 2, "wdd": 225, "wdv": -18, "tlv": "Oklahoma"}