{"loc": "Tuolumne", "iso": "US", "l1": "United States", "l2": "California", "lvl": 3, "pop": 54478, "key": 14205, "isd": true, "ppd": 35.608000000000004, "med": 38.3, "p65": 15.413, "p70": 9.732000000000001, "hos": 2.77, "exp": 78.86, "adr": 1.0, "amn": 116175.0, "amv": 1187231.0, "amd": 1707.0, "amt": 2319640.0, "tmn": [458, 367, 752, 697, 201, 422, 770, 348, 550, 881, 422, 513, 348, 477, 293, 238, 0, 0, 0, 1248, 513], "tmv": [2913, 2024, 2876, 2739, 2336, 1790, 1886, 2554, 2257, 2903, 2781, 2047, 1978, 1647, 2163, 995, 2262, 2445, 2251, 1671, 1480], "tmd": [0, 0, 0, 0, 0, 0, 0, 0, 0, 0, 0, 0, 0, 0, 0, 0, 0, 0, 0, 0, 0], "wmn": 2295, "wmt": 58765, "wmd": 0, "wmv": 13270, "wdn": -35, "wdt": -17, "wdd": 0, "wdv": -18, "tlv": "California"}