{"loc": "Tyler", "iso": "US", "l1": "United States", "l2": "Texas", "lvl": 3, "pop": 21672, "key": 14216, "isd": true, "ppd": 35.608000000000004, "med": 38.3, "p65": 15.413, "p70": 9.732000000000001, "hos": 2.77, "exp": 78.86, "adr": 3.0, "amn": 58647.0, "amv": 511713.0, "amd": 1707.0, "amt": 747788.0, "tmn": [138, 184, 138, 92, 0, -92, 184, 0, 230, 0, 0, 0, 0, 0, 0, 553, 276, 0, 0, 0, 276], "tmv": [6980, 8171, 7842, 9493, 9226, 6156, 5181, 6849, 8594, 10257, 10611, 9961, 7133, 5431, 8106, 10192, 12065, 12389, 10214, 6477, 4262], "tmd": [0, 0, 0, 0, 0, 0, 47, 0, 0, 0, 0, 0, 0, 0, 0, 0, 0, 0, 0, 0, 0], "wmn": 1108, "wmt": 16684, "wmd": 0, "wmv": 63709, "wdn": 380, "wdt": 19, "wdd": 0, "wdv": 8, "tlv": "Texas"}