{"loc": "Tuscarawas", "iso": "US", "l1": "United States", "l2": "Ohio", "lvl": 3, "pop": 91987, "key": 14211, "isd": true, "ppd": 35.608000000000004, "med": 38.3, "p65": 15.413, "p70": 9.732000000000001, "hos": 2.77, "exp": 78.86, "adr": 3.0, "amn": 89697.0, "amv": 435440.0, "amd": 2576.0, "amt": 931480.0, "tmn": [173, 119, 86, 65, 141, 54, 86, 76, 32, 184, 97, 32, 65, 43, 65, 43, 76, 119, 76, 54, 43], "tmv": [4864, 6157, 7535, 8875, 13887, 4118, 6135, 5026, 6980, 8171, 7842, 9493, 9226, 6156, 5181, 6849, 8594, 10257, 10611, 9961, 0], "tmd": [0, 0, 0, 0, 0, 0, 0, 0, 0, 0, 0, 0, 0, 0, 0, 0, 0, 0, 0, 0, 0], "wmn": 479, "wmt": 16019, "wmd": 0, "wmv": 51456, "wdn": -10, "wdt": -13, "wdd": 0, "wdv": -3, "tlv": "Ohio"}