{"loc": "Tyrrell", "iso": "US", "l1": "United States", "l2": "North Carolina", "lvl": 3, "pop": 4016, "key": 14218, "isd": true, "ppd": 35.608000000000004, "med": 38.3, "p65": 15.413, "p70": 9.732000000000001, "hos": 2.77, "exp": 78.86, "adr": 1.0, "amn": 139442.0, "amv": 1303449.0, "amd": 1743.0, "amt": 1625396.0, "tmn": [0, 498, 0, 249, 0, 0, 0, 0, 1245, 0, 0, 249, 249, 0, 0, 996, 0, 0, 498, 498, 0], "tmv": [780, 2376, 2334, 2342, 2403, 3887, 2378, 1359, 4316, 4363, 4502, 4400, 4864, 2267, 1210, 3657, 3104, 3335, 2510, 342, 0], "tmd": [0, 0, 0, 0, 0, 0, 0, 0, 0, 0, 0, 0, 0, 0, 0, 0, 0, 0, 0, 0, 0], "wmn": 1993, "wmt": 20968, "wmd": 0, "wmv": 14161, "wdn": 14, "wdt": -5, "wdd": 0, "wdv": -46, "tlv": "North Carolina"}