{"loc": "Tuscaloosa", "iso": "US", "l1": "United States", "l2": "Alabama", "lvl": 3, "pop": 209355, "key": 14210, "isd": true, "ppd": 35.608000000000004, "med": 38.3, "p65": 15.413, "p70": 9.732000000000001, "hos": 2.77, "exp": 78.86, "adr": 2.0, "amn": 112479.0, "amv": 160515.0, "amd": 1868.0, "amt": 455919.0, "tmn": [745, 1069, 754, 0, 859, 468, 243, 769, 692, 296, 324, 205, 353, 19, 491, 291, 358, 229, 296, 138, 205], "tmv": [3374, 4677, 5132, 5139, 4690, 3336, 1695, 3330, 4023, 4903, 6734, 6595, 3662, 2393, 4746, 4917, 6132, 6772, 6806, 0, 0], "tmd": [5, 29, 77, 0, 15, 0, 39, 53, 43, 10, 48, 0, 0, 20, 106, 72, 29, 10, 0, 0, 0], "wmn": 2011, "wmt": 7678, "wmd": 215, "wmv": 29376, "wdn": -24, "wdt": -41, "wdd": 25, "wdv": -7, "tlv": "Alabama"}