{"loc": "Tuscarawas", "iso": "US", "l1": "United States", "l2": "Ohio", "lvl": 3, "pop": 91987, "key": 14211, "isd": true, "ppd": 35.608000000000004, "med": 38.3, "p65": 15.413, "p70": 9.732000000000001, "hos": 2.77, "exp": 78.86, "adr": 2.0, "amn": 130899.0, "amv": 1216117.0, "amd": 3131.0, "amt": 1412585.0, "tmn": [717, 597, 1043, 858, 1206, 423, 1097, 478, 532, 815, 782, 1011, 684, 695, 489, 423, 728, 837, 728, 674, 217], "tmv": [2047, 1978, 1647, 2163, 995, 2262, 2445, 2251, 1671, 0, 0, 2784, 2570, 2833, 3777, 2988, 2423, 2905, 2661, 3390, 0], "tmd": [0, 0, 0, 0, 22, 0, 0, 11, 22, 0, 0, 0, 0, 0, 0, 0, 0, 0, 0, 66, 0], "wmn": 4099, "wmt": 22678, "wmd": 66, "wmv": 18148, "wdn": -18, "wdt": -7, "wdd": 100, "wdv": 50, "tlv": "Ohio"}