{"loc": "Tyumen Oblast", "iso": "RU", "l1": "Russia", "l2": "Tyumen Oblast", "lvl": 2, "pop": 3692400, "key": 14219, "isd": true, "ppd": 8.823, "med": 39.6, "p65": 14.177999999999999, "p70": 9.392999999999999, "hos": 8.05, "exp": 72.58, "adr": 2.0, "amn": 10727.0, "amv": 286579.0, "amd": 186.0, "amt": 1032838.0, "tmn": [15, 16, 16, 17, 18, 19, 21, 22, 23, 23, 24, 26, 28, 31, 33, 36, 37, 40, 43, 46, 48], "tmv": [664, 236, 284, 2144, 4817, 2839, 2956, 907, 2306, 5107, 417, 6346, 4336, 3392, 2343, 2283, 3803, 4793, 5806, 6485, 0], "tmd": [0, 0, 0, 1, 1, 1, 2, 1, 0, 1, 2, 1, 2, 2, 2, 2, 2, 2, 2, 1, 2], "wmn": 288, "wmt": 15558, "wmd": 10, "wmv": 25516, "wdn": 60, "wdt": -27, "wdd": 70, "wdv": 12, "tlv": "Russia"}