{"loc": "Tver Oblast", "iso": "RU", "l1": "Russia", "l2": "Tver Oblast", "lvl": 2, "pop": 1283873, "key": 14213, "isd": true, "ppd": 8.823, "med": 39.6, "p65": 14.177999999999999, "p70": 9.392999999999999, "hos": 8.05, "exp": 72.58, "adr": 2.0, "amn": 57891.0, "amv": 690493.0, "amd": 1402.0, "amt": 1394114.0, "tmn": [194, 197, 209, 211, 218, 222, 227, 228, 231, 236, 242, 250, 257, 258, 263, 267, 276, 285, 294, 297, 300], "tmv": [1742, 4764, 11620, 1553, 1193, 1385, 1230, 818, 2505, 1296, 3700, 0, 0, 0, 0, 0, 417, 4022, 5043, 0, 0], "tmd": [5, 6, 4, 6, 6, 7, 4, 3, 7, 7, 7, 7, 5, 2, 7, 8, 10, 10, 4, 6, 0], "wmn": 1986, "wmt": 3510, "wmd": 42, "wmv": 9483, "wdn": 16, "wdt": 0, "wdd": 23, "wdv": 14, "tlv": "Russia"}