{"loc": "Tver Oblast", "iso": "RU", "l1": "Russia", "l2": "Tver Oblast", "lvl": 2, "pop": 1283873, "key": 14213, "isd": true, "ppd": 8.823, "med": 39.6, "p65": 14.177999999999999, "p70": 9.392999999999999, "hos": 8.05, "exp": 72.58, "adr": 2.0, "amn": 26912.0, "amv": 43183.0, "amd": 507.0, "amt": 771173.0, "tmn": [127, 126, 125, 123, 122, 119, 119, 117, 116, 116, 116, 115, 113, 114, 112, 109, 108, 106, 107, 105, 104], "tmv": [0, 0, 0, 0, 0, 0, 0, 0, 0, 0, 0, 0, 0, 0, 0, 0, 74, 1641, 3572, 1994, 0], "tmd": [4, 4, 4, 4, 5, 5, 5, 2, 0, 5, 4, 4, 0, 9, 0, 0, 0, 7, 5, 5, 4], "wmn": 754, "wmt": 10343, "wmd": 19, "wmv": 7284, "wdn": -7, "wdt": -23, "wdd": -14, "wdv": 0, "tlv": "Russia"}