{"loc": "Tyva Republic", "iso": "RU", "l1": "Russia", "l2": "Tyva Republic", "lvl": 2, "pop": 321722, "key": 14220, "isd": true, "ppd": 8.823, "med": 39.6, "p65": 14.177999999999999, "p70": 9.392999999999999, "hos": 8.05, "exp": 72.58, "adr": 1.0, "amn": 74163.0, "amv": 514226.0, "amd": 762.0, "amt": 1184373.0, "tmn": [525, 515, 512, 503, 497, 494, 487, 475, 441, 407, 388, 385, 388, 379, 372, 369, 363, 354, 357, 348, 317], "tmv": [6237, 6205, 2216, 985, 5047, 8020, 2304, 3290, 5434, 2462, 847, 6655, 4588, 4342, 16373, 12761, 1839, 2367, 3364, 2913, 4230], "tmd": [4, 0, 0, 0, 0, 7, 7, 7, 7, 0, 0, 4, 10, 0, 0, 0, 0, 0, 4, 0, 10], "wmn": 2484, "wmt": 0, "wmd": 13, "wmv": 43852, "wdn": -13, "wdt": 0, "wdd": -50, "wdv": 59, "tlv": "Russia"}