{"loc": "Tyva Republic", "iso": "RU", "l1": "Russia", "l2": "Tyva Republic", "lvl": 2, "pop": 321722, "key": 14220, "isd": true, "ppd": 8.823, "med": 39.6, "p65": 14.177999999999999, "p70": 9.392999999999999, "hos": 8.05, "exp": 72.58, "adr": 1.0, "amn": 89105.0, "amv": 717971.0, "amd": 880.0, "amt": 1418488.0, "tmn": [170, 180, 189, 177, 186, 195, 198, 202, 198, 205, 211, 217, 220, 226, 220, 217, 217, 211, 223, 233, 211], "tmv": [818, 2505, 1296, 3700, 0, 0, 0, 0, 0, 417, 4022, 5043, 0, 0, 0, 0, 0, 5392, 5802, 2754, 2140], "tmd": [0, 0, 0, 0, 0, 0, 0, 0, 0, 0, 0, 0, 4, 0, 0, 0, 0, 0, 0, 0, 0], "wmn": 1536, "wmt": 0, "wmd": 0, "wmv": 16091, "wdn": 4, "wdt": -100, "wdd": -100, "wdv": 70, "tlv": "Russia"}