{"loc": "Uinta", "iso": "US", "l1": "United States", "l2": "Wyoming", "lvl": 3, "pop": 20226, "key": 14228, "isd": true, "ppd": 35.608000000000004, "med": 38.3, "p65": 15.413, "p70": 9.732000000000001, "hos": 2.77, "exp": 78.86, "adr": 1.0, "amn": 113962.0, "amv": 965095.0, "amd": 643.0, "amt": 1338322.0, "tmn": [296, 346, 395, 98, 0, 0, 49, 98, 49, 148, 98, 0, 0, 148, 49, 0, -49, 49, 0, 0, 148], "tmv": [0, 1543, 2452, 4248, 3485, 4157, 3682, 3252, 2518, 2835, 2495, 4865, 3672, 4016, 3766, 3121, 6234, 3276, 3244, 2575, 0], "tmd": [0, 0, 0, 0, 0, 0, 0, 0, 0, 0, 0, 0, 0, 0, 0, 0, 0, 0, 0, 0, 0], "wmn": 198, "wmt": 6383, "wmd": 0, "wmv": 22220, "wdn": -64, "wdt": -51, "wdd": 0, "wdv": -6, "tlv": "Wyoming"}