{"loc": "Uinta", "iso": "US", "l1": "United States", "l2": "Wyoming", "lvl": 3, "pop": 20226, "key": 14228, "isd": true, "ppd": 35.608000000000004, "med": 38.3, "p65": 15.413, "p70": 9.732000000000001, "hos": 2.77, "exp": 78.86, "adr": 1.0, "amn": 156630.0, "amv": 1144139.0, "amd": 791.0, "amt": 1585121.0, "tmn": [1285, 0, 0, 1928, 1829, 1532, 1582, 2027, 0, 0, 1730, 1087, 1433, 1730, 889, 0, 0, 0, 1631, 2719, 1334], "tmv": [3068, 3187, 2953, 1851, 1966, 2813, 2807, 3250, 3257, 2889, 2103, 1988, 3241, 2538, 4249, 2950, 0, 0, 0, 2913, 0], "tmd": [0, 0, 0, 0, 0, 0, 0, 0, 0, 0, 0, 50, 0, 0, 0, 0, 0, 0, 50, 0, 0], "wmn": 6576, "wmt": 41797, "wmd": 50, "wmv": 10114, "wdn": -18, "wdt": 5, "wdd": 0, "wdv": -48, "tlv": "Wyoming"}