{"loc": "Udmurt Republic", "iso": "RU", "l1": "Russia", "l2": "Udmurt Republic", "lvl": 2, "pop": 1513044, "key": 14225, "isd": true, "ppd": 8.823, "med": 39.6, "p65": 14.177999999999999, "p70": 9.392999999999999, "hos": 8.05, "exp": 72.58, "adr": 2.0, "amn": 20426.0, "amv": 82495.0, "amd": 504.0, "amt": 828931.0, "tmn": [52, 53, 52, 51, 55, 56, 56, 56, 57, 56, 53, 52, 52, 54, 56, 54, 52, 51, 51, 50, 51], "tmv": [407, 0, 0, 0, 626, 1894, 826, 384, 0, 0, 0, 0, 0, 0, 0, 0, 402, 1305, 1841, 938, 1778], "tmd": [4, 4, 3, 4, 4, 4, 3, 4, 3, 3, 4, 2, 2, 1, 2, 1, 2, 2, 1, 2, 2], "wmn": 370, "wmt": 9890, "wmd": 9, "wmv": 6267, "wdn": -4, "wdt": 20, "wdd": -46, "wdv": 1531, "tlv": "Russia"}