{"loc": "Udhampur", "iso": "IN", "l1": "India", "l2": "Jammu and Kashmir", "lvl": 3, "pop": 555357, "key": 14224, "isd": true, "ppd": 450.41900000000004, "med": 28.2, "p65": 5.989, "p70": 3.4139999999999997, "hos": 0.53, "exp": 69.66, "adr": 1.0, "amn": 17981.0, "amv": 138291.0, "amd": 198.0, "amt": 601826.0, "tmn": [189, 154, 396, 297, 217, 525, 325, 322, 246, 280, 268, 507, 397, 293, 345, 410, 489, 277, 324, 288, 270], "tmv": [424, 1355, 1209, 1580, 1936, 1874, 1669, 587, 2024, 2002, 1581, 1678, 930, 1375, 511, 1134, 995, 883, 1069, 0, 0], "tmd": [2, 2, 0, 0, 4, 0, 6, 2, 4, 11, 4, 4, 8, 4, 2, 10, 10, 4, 4, 4, 0], "wmn": 2406, "wmt": 22352, "wmd": 31, "wmv": 4596, "wdn": 4, "wdt": 9, "wdd": -11, "wdv": -55, "tlv": "Jammu and Kashmir"}