{"loc": "Udupi", "iso": "IN", "l1": "India", "l2": "Karnataka", "lvl": 3, "pop": 1177908, "key": 14226, "isd": true, "ppd": 450.41900000000004, "med": 28.2, "p65": 5.989, "p70": 3.4139999999999997, "hos": 0.53, "exp": 69.66, "adr": 1.0, "amn": 20009.0, "amv": 8961.0, "amd": 161.0, "amt": 274745.0, "tmn": [17, 5, 10, 6, 5, 5, 11, 11, 5, 11, 9, 9, 4, 3, 3, 13, 8, 11, 10, 5, 10], "tmv": [331, 259, 26, 323, 255, 293, 353, 335, 61, 0, 0, 246, 238, 478, 437, 281, 178, 245, 350, 332, 0], "tmd": [0, 0, 0, 0, 0, 0, 0, 0, 0, 0, 0, 0, 0, 0, 0, 0, 0, 0, 0, 0, 1], "wmn": 64, "wmt": 5965, "wmd": 1, "wmv": 1827, "wdn": 19, "wdt": 1, "wdd": 0, "wdv": 34, "tlv": "Karnataka"}