{"loc": "Ulster", "iso": "US", "l1": "United States", "l2": "New York", "lvl": 3, "pop": 177573, "key": 14231, "isd": true, "ppd": 35.608000000000004, "med": 38.3, "p65": 15.413, "p70": 9.732000000000001, "hos": 2.77, "exp": 78.86, "adr": 2.0, "amn": 95093.0, "amv": 1212726.0, "amd": 1549.0, "amt": 3680823.0, "tmn": [281, 247, 197, 202, 191, 163, 202, 225, 292, 118, 135, 230, 247, 219, 242, 135, 90, 163, 197, 174, 213], "tmv": [2781, 2047, 1978, 1647, 2163, 995, 2262, 2445, 2251, 1671, 0, 0, 2784, 2570, 2833, 3777, 2988, 2423, 2905, 2661, 0], "tmd": [0, 6, 0, 0, 0, 0, 0, 6, 6, 0, 0, 0, 6, 0, 0, 6, 0, 0, 0, 0, 0], "wmn": 1217, "wmt": 68032, "wmd": 6, "wmv": 17591, "wdn": -17, "wdt": 1, "wdd": -67, "wdv": 50, "tlv": "New York"}