{"loc": "Umatilla", "iso": "US", "l1": "United States", "l2": "Oregon", "lvl": 3, "pop": 77950, "key": 14234, "isd": true, "ppd": 35.608000000000004, "med": 38.3, "p65": 15.413, "p70": 9.732000000000001, "hos": 2.77, "exp": 78.86, "adr": 1.0, "amn": 191443.0, "amv": 1318760.0, "amd": 2130.0, "amt": 1838796.0, "tmn": [525, 0, 0, 372, 590, 628, 410, 320, 0, 0, 295, 410, 384, 346, 449, 0, 0, 372, 602, 346, 0], "tmv": [3907, 2388, 1363, 4340, 4401, 4549, 4472, 4977, 2311, 1237, 3968, 4080, 4140, 4246, 4837, 2345, 1101, 1959, 281, 0, 0], "tmd": [0, 0, 0, 0, 13, 0, 13, 0, 0, 0, 13, 26, 0, 65, 52, 0, 0, 13, 13, 0, 0], "wmn": 1771, "wmt": 31570, "wmd": 77, "wmv": 10525, "wdn": 1, "wdt": 4, "wdd": -25, "wdv": -58, "tlv": "Oregon"}