{"loc": "Ulyanovsk Oblast", "iso": "RU", "l1": "Russia", "l2": "Ulyanovsk Oblast", "lvl": 2, "pop": 1246618, "key": 14232, "isd": true, "ppd": 8.823, "med": 39.6, "p65": 14.177999999999999, "p70": 9.392999999999999, "hos": 8.05, "exp": 72.58, "adr": 3.0, "amn": 56618.0, "amv": 507081.0, "amd": 1738.0, "amt": 1184373.0, "tmn": [206, 206, 210, 212, 212, 211, 212, 212, 214, 214, 216, 218, 218, 220, 220, 223, 228, 232, 232, 234, 234], "tmv": [5920, 6237, 6205, 2216, 985, 5047, 8020, 2304, 3290, 5434, 2462, 847, 6655, 4588, 4342, 16373, 12761, 1839, 2367, 3364, 0], "tmd": [6, 4, 3, 9, 11, 6, 3, 6, 7, 6, 13, 14, 5, 6, 5, 9, 9, 15, 14, 13, 13], "wmn": 1607, "wmt": 0, "wmd": 74, "wmv": 41050, "wdn": 6, "wdt": 0, "wdd": 39, "wdv": 60, "tlv": "Russia"}