{"loc": "Unicoi", "iso": "US", "l1": "United States", "l2": "Tennessee", "lvl": 3, "pop": 17883, "key": 14288, "isd": true, "ppd": 35.608000000000004, "med": 38.3, "p65": 15.413, "p70": 9.732000000000001, "hos": 2.77, "exp": 78.86, "adr": 3.0, "amn": 98641.0, "amv": 167606.0, "amd": 2684.0, "amt": 989158.0, "tmn": [111, 391, 0, 335, 55, 55, 55, 111, 111, 167, 55, 167, -55, -279, 335, 223, 167, 223, 335, 55, 559], "tmv": [4677, 5132, 5139, 4690, 3336, 1695, 3330, 4023, 4903, 6734, 6595, 3662, 2393, 4746, 4917, 6132, 6772, 6806, 0, 0, 0], "tmd": [0, 0, 0, 0, 0, 0, 0, 0, 56, 0, 0, 0, 0, -111, 0, 0, 0, 0, 0, 0, 56], "wmn": 1902, "wmt": 16723, "wmd": 56, "wmv": 24629, "wdn": 580, "wdt": -32, "wdd": -200, "wdv": -25, "tlv": "Tennessee"}