{"loc": "Union", "iso": "US", "l1": "United States", "l2": "Florida", "lvl": 3, "pop": 15237, "key": 14290, "isd": true, "ppd": 35.608000000000004, "med": 38.3, "p65": 15.413, "p70": 9.732000000000001, "hos": 2.77, "exp": 78.86, "adr": 4.0, "amn": 113539.0, "amv": 194792.0, "amd": 4594.0, "amt": 990058.0, "tmn": [0, 131, 525, 459, 459, 65, 196, 131, 131, 131, 196, 262, 65, 196, 262, 131, 0, 393, 65, 0, 131], "tmv": [3330, 4023, 4903, 6734, 6595, 3662, 2393, 4746, 4917, 6132, 6772, 6806, 0, 0, 3221, 4419, 5606, 5173, 5466, 3298, 0], "tmd": [0, 0, 0, 0, 0, 0, 0, 0, 0, 0, 0, 0, 0, 0, 0, 0, 0, 0, 0, 0, 0], "wmn": 985, "wmt": 27849, "wmd": 0, "wmv": 27187, "wdn": -12, "wdt": -9, "wdd": 0, "wdv": -7, "tlv": "Florida"}