{"loc": "Union", "iso": "US", "l1": "United States", "l2": "Mississippi", "lvl": 3, "pop": 28815, "key": 14297, "isd": true, "ppd": 35.608000000000004, "med": 38.3, "p65": 15.413, "p70": 9.732000000000001, "hos": 2.77, "exp": 78.86, "adr": 2.0, "amn": 147597.0, "amv": 1037493.0, "amd": 2742.0, "amt": 680073.0, "tmn": [0, 312, 173, 208, 173, 0, 0, 242, 69, 242, 0, 69, 0, 0, 277, 104, 416, 138, 347, 0, 0], "tmv": [0, 0, 1326, 2107, 1883, 1818, 1779, 1363, 1036, 1655, 1721, 1666, 1928, 1520, 1539, 740, 1856, 2005, 1821, 2051, 2364], "tmd": [0, 0, 0, 35, 0, 0, 0, 0, 0, 0, 0, 0, 0, 0, 0, 0, 0, 0, 0, 0, 0], "wmn": 1285, "wmt": 5747, "wmd": 0, "wmv": 12380, "wdn": 106, "wdt": 70, "wdd": 0, "wdv": 14, "tlv": "Mississippi"}