{"loc": "Union", "iso": "US", "l1": "United States", "l2": "Louisiana", "lvl": 3, "pop": 22108, "key": 14296, "isd": true, "ppd": 35.608000000000004, "med": 38.3, "p65": 15.413, "p70": 9.732000000000001, "hos": 2.77, "exp": 78.86, "adr": 3.0, "amn": 185770.0, "amv": 1354464.0, "amd": 4840.0, "amt": 2177737.0, "tmn": [0, 0, 542, 90, 316, 180, 45, 0, 0, 497, 135, 316, 0, 497, 0, 0, 814, 180, 361, 226, 407], "tmv": [2361, 1265, 4095, 4257, 4381, 4544, 5255, 2753, 1460, 3910, 4355, 4594, 4119, 5128, 2996, 1521, 3915, 2663, 347, 0, 0], "tmd": [0, 0, 0, 0, 0, 0, 0, 0, 0, 0, 0, 0, 0, 46, 0, 0, 0, 0, 0, 46, 0], "wmn": 1991, "wmt": 32108, "wmd": 46, "wmv": 11446, "wdn": 38, "wdt": 44, "wdd": 0, "wdv": -57, "tlv": "Louisiana"}