{"loc": "Union", "iso": "US", "l1": "United States", "l2": "Mississippi", "lvl": 3, "pop": 28815, "key": 14297, "isd": true, "ppd": 35.608000000000004, "med": 38.3, "p65": 15.413, "p70": 9.732000000000001, "hos": 2.77, "exp": 78.86, "adr": 2.0, "amn": 189589.0, "amv": 1141226.0, "amd": 2950.0, "amt": 787979.0, "tmn": [1457, 1422, 0, 0, 2047, 1839, 832, 1041, 1665, 0, 0, 2325, 694, 1978, 763, 1249, 0, 0, 3053, 69, 728], "tmv": [3106, 3068, 3187, 2953, 1851, 1966, 2813, 2807, 3250, 3257, 2889, 2103, 1988, 3241, 2538, 4249, 2950, 0, 0, 0, 0], "tmd": [0, 0, 0, 0, 105, 35, 0, 0, 0, 0, 0, 0, 0, 0, 0, 0, 0, 0, 35, 0, 0], "wmn": 5866, "wmt": 15535, "wmd": 35, "wmv": 9740, "wdn": -24, "wdt": -22, "wdd": 0, "wdv": -50, "tlv": "Mississippi"}