{"loc": "Union", "iso": "US", "l1": "United States", "l2": "Illinois", "lvl": 3, "pop": 16653, "key": 14292, "isd": true, "ppd": 35.608000000000004, "med": 38.3, "p65": 15.413, "p70": 9.732000000000001, "hos": 2.77, "exp": 78.86, "adr": 2.0, "amn": 204648.0, "amv": 1469622.0, "amd": 3123.0, "amt": 3220582.0, "tmn": [540, 540, 0, 0, 0, 0, 1381, 660, 1020, 660, 660, 0, 0, 1321, 780, 720, 1261, 300, 0, 0, 1321], "tmv": [5133, 3959, 70, 3467, 2554, 1688, 4748, 5430, 6005, 6047, 6744, 4092, 2038, 5038, 5187, 5041, 4530, 2968, 283, 0, 0], "tmd": [0, 0, 0, 0, 0, 0, 0, 0, 0, 0, 0, 0, 0, 0, 0, 0, 0, 121, 0, 0, 0], "wmn": 4384, "wmt": 91591, "wmd": 121, "wmv": 18013, "wdn": 1, "wdt": 3, "wdd": 0, "wdv": -49, "tlv": "Illinois"}