{"loc": "Union", "iso": "US", "l1": "United States", "l2": "New Jersey", "lvl": 3, "pop": 556341, "key": 14298, "isd": true, "ppd": 35.608000000000004, "med": 38.3, "p65": 15.413, "p70": 9.732000000000001, "hos": 2.77, "exp": 78.86, "adr": 3.0, "amn": 136585.0, "amv": 1136653.0, "amd": 3613.0, "amt": 1715575.0, "tmn": [134, 204, 172, 208, 244, 237, 165, 156, 168, 208, 260, 237, 147, 131, 129, 219, 152, 186, 84, 210, 156], "tmv": [2605, 1830, 2139, 3106, 3068, 3187, 2953, 1851, 1966, 2813, 2807, 3250, 3257, 2889, 2103, 1988, 3241, 2538, 4249, 2950, 0], "tmd": [2, 0, 0, 2, 0, 2, 2, 0, 4, -1, 0, 0, 2, 0, 2, 0, 4, 6, 0, 8, 0], "wmn": 1140, "wmt": 5864, "wmd": 18, "wmv": 17074, "wdn": -13, "wdt": -60, "wdd": 400, "wdv": -9, "tlv": "New Jersey"}