{"loc": "Union", "iso": "US", "l1": "United States", "l2": "Louisiana", "lvl": 3, "pop": 22108, "key": 14296, "isd": true, "ppd": 35.608000000000004, "med": 38.3, "p65": 15.413, "p70": 9.732000000000001, "hos": 2.77, "exp": 78.86, "adr": 3.0, "amn": 113353.0, "amv": 1025114.0, "amd": 3709.0, "amt": 1570577.0, "tmn": [180, 0, 0, 226, 0, 0, 0, 0, 633, 316, 180, 90, 0, 0, 497, 0, 135, 271, 90, 0, 0], "tmv": [3299, 2241, 4154, 4949, 1994, 3524, 1923, 0, 0, 1326, 2107, 1883, 1818, 1779, 1363, 1036, 1655, 1721, 1666, 1928, 1520], "tmd": [0, 0, 0, 0, 0, 0, 0, 0, -45, 0, 0, 0, 0, 0, 0, 0, 0, 46, 0, 0, 0], "wmn": 996, "wmt": 17499, "wmd": 46, "wmv": 10893, "wdn": -19, "wdt": 30, "wdd": -200, "wdv": 22, "tlv": "Louisiana"}