{"loc": "Union", "iso": "US", "l1": "United States", "l2": "Illinois", "lvl": 3, "pop": 16653, "key": 14292, "isd": true, "ppd": 35.608000000000004, "med": 38.3, "p65": 15.413, "p70": 9.732000000000001, "hos": 2.77, "exp": 78.86, "adr": 2.0, "amn": 181349.0, "amv": 1216117.0, "amd": 2822.0, "amt": 2599319.0, "tmn": [0, 960, 480, 300, 240, 120, 0, 0, 360, 120, 360, 180, 180, 0, 0, 300, 420, 360, 240, 300, 0], "tmv": [2047, 1978, 1647, 2163, 995, 2262, 2445, 2251, 1671, 0, 0, 2784, 2570, 2833, 3777, 2988, 2423, 2905, 2661, 3390, 0], "tmd": [0, 61, 0, 0, 0, 0, 0, 0, 0, 0, 0, 0, 0, 0, 0, 0, 0, 0, 0, 0, 0], "wmn": 1622, "wmt": 71277, "wmd": 0, "wmv": 18148, "wdn": 35, "wdt": 7, "wdd": 0, "wdv": 50, "tlv": "Illinois"}