{"loc": "United Arab Emirates", "iso": "AE", "l1": "United Arab Emirates", "l2": "0", "lvl": 1, "pop": 9890400, "key": 14307, "isd": true, "ppd": 112.44200000000001, "med": 34.0, "p65": 1.1440000000000001, "p70": 0.526, "hos": 1.2, "exp": 77.97, "adr": 0.0, "amn": 73227.0, "amv": 1859292.0, "amd": 207.0, "amt": 7612045.0, "tmn": [112, 110, 108, 108, 107, 108, 107, 100, 99, 100, 100, 100, 99, 100, 100, 99, 98, 98, 99, 98, 98], "tmv": [5641, 5301, 6038, 5675, 6161, 0, 0, 0, 6694, 6673, 0, 0, 8760, 3470, 6453, 13161, 0, 0, 5047, 0, 0], "tmd": [1, 1, 1, 1, 1, 1, 1, 1, 1, 1, 1, 1, 1, 1, 1, 1, 0, 1, 1, 1, 1], "wmn": 695, "wmt": 84826, "wmd": 1, "wmv": 24664, "wdn": -1, "wdt": -63, "wdd": -40, "wdv": -4, "tlv": "United Arab Emirates"}