{"loc": "Union", "iso": "US", "l1": "United States", "l2": "South Carolina", "lvl": 3, "pop": 27316, "key": 14304, "isd": true, "ppd": 35.608000000000004, "med": 38.3, "p65": 15.413, "p70": 9.732000000000001, "hos": 2.77, "exp": 78.86, "adr": 2.0, "amn": 124396.0, "amv": 1074040.0, "amd": 3002.0, "amt": 1386176.0, "tmn": [0, 0, 366, 183, 146, 402, 329, 0, 0, 768, 109, 256, 658, 658, 0, 0, 622, 109, 622, 768, 658], "tmv": [2051, 2364, 1193, 1200, 2288, 2155, 2600, 2160, 2477, 1419, 1374, 2201, 2622, 2492, 2548, 2348, 1615, 1875, 1986, 1986, 0], "tmd": [0, 0, 0, 0, 0, 0, 0, 0, 0, 0, 0, 0, 0, 0, 0, 0, 0, 0, 0, 0, 0], "wmn": 2783, "wmt": 27966, "wmd": 0, "wmv": 12361, "wdn": 13, "wdt": 23, "wdd": 0, "wdv": -16, "tlv": "South Carolina"}