{"loc": "United Arab Emirates", "iso": "AE", "l1": "United Arab Emirates", "l2": "0", "lvl": 1, "pop": 9890400, "key": 14307, "isd": true, "ppd": 112.44200000000001, "med": 34.0, "p65": 1.1440000000000001, "p70": 0.526, "hos": 1.2, "exp": 77.97, "adr": 0.0, "amn": 39586.0, "amv": 608718.0, "amd": 123.0, "amt": 3058937.0, "tmn": [282, 334, 357, 356, 334, 266, 320, 315, 327, 349, 333, 317, 319, 227, 212, 303, 313, 305, 353, 347, 296], "tmv": [10088, 11475, 15925, 10874, 11080, 10461, 5052, 3195, 11312, 8663, 9031, 9413, 8751, 96, 348, 11169, 9423, 8551, 8823, 8269, 543], "tmd": [1, 2, 1, 2, 2, 2, 2, 2, 2, 2, 2, 3, 2, 2, 2, 1, 2, 2, 2, 2, 1], "wmn": 2134, "wmt": 90390, "wmd": 10, "wmv": 47129, "wdn": -3, "wdt": -28, "wdd": -14, "wdv": -7, "tlv": "United Arab Emirates"}