{"loc": "Union", "iso": "US", "l1": "United States", "l2": "Pennsylvania", "lvl": 3, "pop": 44923, "key": 14303, "isd": true, "ppd": 35.608000000000004, "med": 38.3, "p65": 15.413, "p70": 9.732000000000001, "hos": 2.77, "exp": 78.86, "adr": 1.0, "amn": 131314.0, "amv": 720439.0, "amd": 1914.0, "amt": 1009963.0, "tmn": [155, 556, 311, 356, 467, 556, 445, 356, 979, 534, 155, 400, 267, 400, 289, 534, 222, 178, 222, 645, 378], "tmv": [12013, 14052, 10864, 8027, 7863, 7615, 10699, 12037, 10893, 10729, 6600, 5484, 7781, 9092, 10242, 10071, 9169, 6395, 4975, 6773, 8259], "tmd": [0, 0, 0, 0, 0, 0, 0, 0, 0, 0, 0, 0, 0, 0, 0, 0, 0, 0, 0, 0, 0], "wmn": 2471, "wmt": 24402, "wmd": 0, "wmv": 55887, "wdn": -20, "wdt": -2, "wdd": 0, "wdv": -11, "tlv": "Pennsylvania"}