{"loc": "Union", "iso": "US", "l1": "United States", "l2": "Ohio", "lvl": 3, "pop": 58988, "key": 14301, "isd": true, "ppd": 35.608000000000004, "med": 38.3, "p65": 15.413, "p70": 9.732000000000001, "hos": 2.77, "exp": 78.86, "adr": 1.0, "amn": 137621.0, "amv": 1240788.0, "amd": 966.0, "amt": 1441651.0, "tmn": [932, 627, 1068, 644, 169, 508, 593, 728, 779, 661, 186, 339, 152, 542, 389, 525, 237, 491, 67, 203, 186], "tmv": [0, 2784, 2570, 2833, 3777, 2988, 2423, 2905, 2661, 3390, 3489, 0, 0, 0, 2411, 3257, 3418, 2659, 2485, 1614, 0], "tmd": [0, 0, 0, 0, 0, 0, 0, 0, 0, 0, 0, 0, 0, 0, 0, 0, 0, 0, 0, 0, 17], "wmn": 2103, "wmt": 19305, "wmd": 17, "wmv": 15848, "wdn": -38, "wdt": -15, "wdd": 0, "wdv": 27, "tlv": "Ohio"}