{"loc": "United Arab Emirates", "iso": "AE", "l1": "United Arab Emirates", "l2": "0", "lvl": 1, "pop": 9890400, "key": 14307, "isd": true, "ppd": 112.44200000000001, "med": 34.0, "p65": 1.1440000000000001, "p70": 0.526, "hos": 1.2, "exp": 77.97, "adr": 0.0, "amn": 62718.0, "amv": 1499874.0, "amd": 179.0, "amt": 5616924.0, "tmn": [208, 221, 189, 198, 222, 220, 0, 452, 214, 199, 185, 215, 203, 219, 196, 213, 187, 198, 219, 201, 218], "tmv": [0, 0, 2198, 3189, 0, 0, 8317, 9526, 10235, 2301, 4007, 11766, 10522, 11477, 11770, 13192, 8463, 12017, 0, 0, 9978], "tmd": [1, 1, 1, 1, 1, 1, 0, 2, 1, 1, 1, 1, 1, 1, 1, 1, 1, 1, 1, 1, 1], "wmn": 1434, "wmt": 130849, "wmd": 4, "wmv": 55423, "wdn": -15, "wdt": -21, "wdd": 10, "wdv": -7, "tlv": "United Arab Emirates"}