{"loc": "Unknown", "iso": "IN", "l1": "India", "l2": "Sikkim", "lvl": 3, "pop": 0, "key": 14322, "isd": true, "ppd": 450.41900000000004, "med": 28.2, "p65": 5.989, "p70": 3.4139999999999997, "hos": 0.53, "exp": 69.66, "adr": 2.0, "amn": 0, "amv": 57322.0, "amd": 0, "amt": 121262.0, "tmn": [0], "tmv": [2202, 1534, 1506, 1591, 1973, 1840, 334, 2484, 1700, 1669, 1709, 1887, 1565, 188, 422, 1406, 1495, 2660, 3090, 2119, 2264], "tmd": [0], "wmn": 0, "wmt": 1409, "wmd": 0, "wmv": 13460, "wdn": 43, "wdt": -1, "wdd": 0, "wdv": 20, "tlv": "Sikkim"}