{"loc": "Uruguay", "iso": "UY", "l1": "Uruguay", "l2": "0", "lvl": 1, "pop": 3473727, "key": 14336, "isd": true, "ppd": 19.750999999999998, "med": 35.6, "p65": 14.655, "p70": 10.360999999999999, "hos": 2.8, "exp": 77.91, "adr": 1.0, "amn": 69237.0, "amv": 661006.0, "amd": 996.0, "amt": 577252.0, "tmn": [715, 790, 843, 779, 775, 713, 455, 468, 813, 840, 1031, 776, 764, 542, 629, 857, 649, 1093, 951, 827, 700], "tmv": [13379, 13382, 12965, 13330, 13656, 17, 60, 9727, 10171, 9529, 10826, 6808, 1409, 762, 13307, 12551, 9302, 21186, 13195, 9845, 4300], "tmd": [19, 18, 13, 19, 16, 16, 16, 21, 19, 17, 16, 18, 15, 12, 15, 11, 13, 19, 15, 15, 12], "wmn": 5709, "wmt": 11621, "wmd": 98, "wmv": 83690, "wdn": 9, "wdt": -54, "wdd": -15, "wdv": 70, "tlv": "Uruguay"}