{"loc": "Utrecht", "iso": "NL", "l1": "Netherlands", "l2": "Utrecht", "lvl": 2, "pop": 1354834, "key": 14339, "isd": true, "ppd": 508.54400000000004, "med": 43.2, "p65": 18.779, "p70": 11.880999999999998, "hos": 3.32, "exp": 82.28, "adr": 1.0, "amn": 105825.0, "amv": 1152712.0, "amd": 947.0, "amt": 659436.0, "tmn": [287, 448, 795, 1123, 701, 631, 500, 765, 633, 632, 755, 512, 453, 334, 388, 338, 305, 300, 224, 148, 187], "tmv": [0, 0, 0, 0, 0, 0, 0, 0, 0, 0, 0, 0, 0, 0, 0, 0, 0, 0, 0, 0, 0], "tmd": [0, 0, 1, 0, 0, 0, 0, 0, 0, 0, 0, 0, 0, 1, 0, 0, 0, 0, 0, 0, 1], "wmn": 1894, "wmt": 0, "wmd": 1, "wmv": 0, "wdn": -54, "wdt": 0, "wdd": 0, "wdv": 0, "tlv": "Netherlands"}