{"loc": "Uttarakhand", "iso": "IN", "l1": "India", "l2": "Uttarakhand", "lvl": 2, "pop": 11250858, "key": 14344, "isd": true, "ppd": 450.41900000000004, "med": 28.2, "p65": 5.989, "p70": 3.4139999999999997, "hos": 0.53, "exp": 69.66, "adr": 2.0, "amn": 8654.0, "amv": 14129.0, "amd": 151.0, "amt": 218984.0, "tmn": [4, 4, 4, 3, 3, 2, -33, 2, 2, 4, 4, 1, 4, 5, 3, 2, 6, 3, 8, 4, 6], "tmv": [0, 0, 246, 238, 478, 437, 281, 178, 245, 350, 332, 507, 499, 351, 42, 400, 555, 721, 1006, 1081, 0], "tmd": [0, 0, 1, 1, 1, 1, 0, 1, 1, 1, 0, 0, 1, 1, 0, 0, 0, 0, 0, 1, 0], "wmn": 37, "wmt": 7024, "wmd": 1, "wmv": 3809, "wdn": 42, "wdt": 10, "wdd": -67, "wdv": 54, "tlv": "Uttarakhand"}