{"loc": "Vadodara", "iso": "IN", "l1": "India", "l2": "Gujarat", "lvl": 3, "pop": 3639775, "key": 14349, "isd": true, "ppd": 450.41900000000004, "med": 28.2, "p65": 5.989, "p70": 3.4139999999999997, "hos": 0.53, "exp": 69.66, "adr": 1.0, "amn": 8453.0, "amv": 16673.0, "amd": 66.0, "amt": 189422.0, "tmn": [15, 14, 14, 13, 17, 18, 20, 21, 24, 29, 22, 17, 23, 23, 25, 25, 28, 32, 22, 28, 25], "tmv": [238, 478, 437, 281, 178, 245, 350, 332, 507, 499, 351, 42, 400, 555, 721, 1006, 1081, 1032, 48, 1463, 0], "tmd": [0, 0, 0, 0, 0, 0, 0, 0, 0, 0, 0, 0, 0, 0, 0, 0, 0, 0, 0, 0, 1], "wmn": 189, "wmt": 4489, "wmd": 1, "wmv": 5354, "wdn": 16, "wdt": 10, "wdd": 0, "wdv": 99, "tlv": "Gujarat"}