{"loc": "Valley", "iso": "US", "l1": "United States", "l2": "Nebraska", "lvl": 3, "pop": 4158, "key": 14358, "isd": true, "ppd": 35.608000000000004, "med": 38.3, "p65": 15.413, "p70": 9.732000000000001, "hos": 2.77, "exp": 78.86, "adr": 1.0, "amn": 73834.0, "amv": 167606.0, "amd": 722.0, "amt": 1178616.0, "tmn": [240, 0, 0, 0, 0, 240, 0, 0, 0, 481, 0, 0, 240, 240, -240, 721, 721, 0, 0, 0, 721], "tmv": [4677, 5132, 5139, 4690, 3336, 1695, 3330, 4023, 4903, 6734, 6595, 3662, 2393, 4746, 4917, 6132, 6772, 6806, 0, 0, 0], "tmd": [0, 0, 0, 0, 0, 0, 0, 0, 0, 0, 0, 0, 0, 0, 0, 0, 0, 0, 0, 0, 0], "wmn": 1925, "wmt": 38667, "wmd": 0, "wmv": 24629, "wdn": 100, "wdt": 4, "wdd": 0, "wdv": -25, "tlv": "Nebraska"}