{"loc": "Valencia", "iso": "US", "l1": "United States", "l2": "New Mexico", "lvl": 3, "pop": 76688, "key": 14353, "isd": true, "ppd": 35.608000000000004, "med": 38.3, "p65": 15.413, "p70": 9.732000000000001, "hos": 2.77, "exp": 78.86, "adr": 1.0, "amn": 130764.0, "amv": 1341580.0, "amd": 1930.0, "amt": 2417559.0, "tmn": [352, 325, 547, 756, 0, 0, 1082, 143, 391, 743, 547, 0, 0, 1434, 1277, 560, 0, 1356, 0, 0, 1838], "tmv": [4456, 4611, 4549, 5061, 2356, 1255, 4023, 4168, 4272, 4405, 5092, 2672, 1421, 3738, 4100, 4188, 3596, 4102, 1618, 109, 0], "tmd": [0, 27, 0, 0, 0, 0, 27, 0, 0, 0, 27, 0, 0, 0, 14, 0, 0, 0, 0, 0, 27], "wmn": 5034, "wmt": 45671, "wmd": 40, "wmv": 17716, "wdn": 54, "wdt": 9, "wdd": 50, "wdv": -31, "tlv": "New Mexico"}