{"loc": "Van Buren", "iso": "US", "l1": "United States", "l2": "Michigan", "lvl": 3, "pop": 75677, "key": 14363, "isd": true, "ppd": 35.608000000000004, "med": 38.3, "p65": 15.413, "p70": 9.732000000000001, "hos": 2.77, "exp": 78.86, "adr": 2.0, "amn": 89908.0, "amv": 752032.0, "amd": 1546.0, "amt": 1299704.0, "tmn": [1004, 753, 832, 568, 0, 607, 594, 488, 330, 396, 462, 0, 475, 541, 317, 303, 541, 369, 0, 317, 449], "tmv": [7615, 10699, 12037, 10893, 10729, 6600, 5484, 7781, 9092, 10242, 10071, 9169, 6395, 4975, 6773, 8259, 8496, 10027, 6458, 3608, 3001], "tmd": [14, 0, 0, 0, 0, 0, 14, 0, 27, 0, 27, 0, 0, 14, 0, 14, 0, 40, 0, 0, 14], "wmn": 2300, "wmt": 28259, "wmd": 67, "wmv": 46626, "wdn": -15, "wdt": -13, "wdd": 0, "wdv": -19, "tlv": "Michigan"}