{"loc": "Van Buren", "iso": "US", "l1": "United States", "l2": "Michigan", "lvl": 3, "pop": 75677, "key": 14363, "isd": true, "ppd": 35.608000000000004, "med": 38.3, "p65": 15.413, "p70": 9.732000000000001, "hos": 2.77, "exp": 78.86, "adr": 2.0, "amn": 65634.0, "amv": 207226.0, "amd": 1269.0, "amt": 1026673.0, "tmn": [184, 0, 145, 118, 171, 158, 132, 92, 0, 105, 145, 26, 132, 158, 79, 0, 198, 52, 79, 52, 105], "tmv": [6734, 6595, 3662, 2393, 4746, 4917, 6132, 6772, 6806, 0, 0, 3221, 4419, 5606, 5173, 5466, 3298, 2593, 4349, 5491, 0], "tmd": [0, 0, 0, 14, 0, 14, -13, 0, 0, 0, 0, 0, 0, 0, 0, 0, 0, 0, 0, 0, 0], "wmn": 569, "wmt": 24548, "wmd": 0, "wmv": 26374, "wdn": -14, "wdt": 21, "wdd": 0, "wdv": -2, "tlv": "Michigan"}