{"loc": "Vanderburgh", "iso": "US", "l1": "United States", "l2": "Indiana", "lvl": 3, "pop": 181451, "key": 14368, "isd": true, "ppd": 35.608000000000004, "med": 38.3, "p65": 15.413, "p70": 9.732000000000001, "hos": 2.77, "exp": 78.86, "adr": 2.0, "amn": 115651.0, "amv": 170827.0, "amd": 2034.0, "amt": 1136427.0, "tmn": [501, 413, 292, 308, 270, 358, 264, 170, 732, 358, 176, 192, 391, 203, 259, 292, 209, 115, 214, 71, 154], "tmv": [5132, 5139, 4690, 3336, 1695, 3330, 4023, 4903, 6734, 6595, 3662, 2393, 4746, 4917, 6132, 6772, 6806, 0, 0, 3221, 0], "tmd": [17, 6, 0, 0, 12, 6, 463, 6, 12, 23, 6, 6, 23, 6, 12, 17, 6, 0, 0, 0, 6], "wmn": 1318, "wmt": 33510, "wmd": 39, "wmv": 22933, "wdn": -41, "wdt": -18, "wdd": -50, "wdv": -32, "tlv": "Indiana"}