{"loc": "Van Buren", "iso": "US", "l1": "United States", "l2": "Iowa", "lvl": 3, "pop": 7044, "key": 14362, "isd": true, "ppd": 35.608000000000004, "med": 38.3, "p65": 15.413, "p70": 9.732000000000001, "hos": 2.77, "exp": 78.86, "adr": 3.0, "amn": 79216.0, "amv": 186027.0, "amd": 2413.0, "amt": 412089.0, "tmn": [425, 709, 0, 425, 283, 0, -141, 141, 141, 0, 141, -141, 283, 0, 567, 0, 0, 0, 3549, 0, 0], "tmv": [3336, 1695, 3330, 4023, 4903, 6734, 6595, 3662, 2393, 4746, 4917, 6132, 6772, 6806, 0, 0, 3221, 4419, 5606, 5173, 0], "tmd": [0, 0, 0, 0, 0, 0, 0, 0, 142, 0, 0, 0, 0, 0, 0, 0, 0, 0, 0, 0, 0], "wmn": 4117, "wmt": 6079, "wmd": 0, "wmv": 18422, "wdn": 625, "wdt": 49, "wdd": -100, "wdv": -48, "tlv": "Iowa"}