{"loc": "Van Zandt", "iso": "US", "l1": "United States", "l2": "Texas", "lvl": 3, "pop": 56590, "key": 14366, "isd": true, "ppd": 35.608000000000004, "med": 38.3, "p65": 15.413, "p70": 9.732000000000001, "hos": 2.77, "exp": 78.86, "adr": 3.0, "amn": 108111.0, "amv": 1136653.0, "amd": 2721.0, "amt": 1044759.0, "tmn": [3763, 0, 0, 3092, 0, 0, 0, 2367, 0, 0, 2226, 0, 0, 0, 1784, 0, 0, 3516, 0, 0, 0], "tmv": [1830, 2139, 3106, 3068, 3187, 2953, 1851, 1966, 2813, 2807, 3250, 3257, 2889, 2103, 1988, 3241, 2538, 4249, 2950, 0, 0], "tmd": [0, 18, 0, 18, 18, 0, 0, 0, 0, 36, 36, 0, 18, 0, 0, 18, 54, 0, 54, 54, 0], "wmn": 5302, "wmt": 30965, "wmd": 177, "wmv": 14970, "wdn": 15, "wdt": 35, "wdd": 100, "wdv": -22, "tlv": "Texas"}