{"loc": "Vanderburgh", "iso": "US", "l1": "United States", "l2": "Indiana", "lvl": 3, "pop": 181451, "key": 14368, "isd": true, "ppd": 35.608000000000004, "med": 38.3, "p65": 15.413, "p70": 9.732000000000001, "hos": 2.77, "exp": 78.86, "adr": 1.0, "amn": 177249.0, "amv": 1242734.0, "amd": 2645.0, "amt": 2102446.0, "tmn": [407, 589, 0, 0, 936, 281, 347, 440, 523, 0, 0, 484, 187, 1041, 418, 292, 0, 0, 617, 176, 236], "tmv": [2784, 2570, 2833, 3777, 2988, 2423, 2905, 2661, 3390, 3489, 0, 0, 0, 2411, 3257, 3418, 2659, 2485, 1614, 1945, 0], "tmd": [12, 0, 0, 0, 17, 12, 12, 0, 0, 0, 0, 17, 6, 12, 0, 0, 0, 0, 23, 6, 12], "wmn": 1742, "wmt": 31517, "wmd": 39, "wmv": 15382, "wdn": -35, "wdt": -8, "wdd": 17, "wdv": 29, "tlv": "Indiana"}