{"loc": "Vega Alta", "iso": "PR", "l1": "United States", "l2": "Puerto Rico", "lvl": 3, "pop": 36061, "key": 14378, "isd": true, "ppd": 35.608000000000004, "med": 38.3, "p65": 15.413, "p70": 9.732000000000001, "hos": 2.77, "exp": 78.86, "adr": 0.0, "amn": 65084.0, "amv": 1154115.0, "amd": 0.0, "amt": 130151.0, "tmn": [415, 526, 415, 471, 138, 665, 332, 665, 138, 0, 582, 554, 194, 27, 166, 138, 249, 110, 166, 55, 55], "tmv": [1966, 2813, 2807, 3250, 3257, 2889, 2103, 1988, 3241, 2538, 4249, 2950, 0, 0, 0, 2913, 2024, 2876, 2739, 2336, 0], "tmd": [0, 0, 0, 0, 0, 0, 0, 0, 0, 0, 0, 0, 0, 0, 0, 0, 0, 0, 0, 0, 0], "wmn": 943, "wmt": 0, "wmd": 0, "wmv": 12890, "wdn": -56, "wdt": 0, "wdd": 0, "wdv": -14, "tlv": "Puerto Rico"}