{"loc": "Vega Baja", "iso": "PR", "l1": "United States", "l2": "Puerto Rico", "lvl": 3, "pop": 50023, "key": 14379, "isd": true, "ppd": 35.608000000000004, "med": 38.3, "p65": 15.413, "p70": 9.732000000000001, "hos": 2.77, "exp": 78.86, "adr": 0.0, "amn": 73906.0, "amv": 1136653.0, "amd": 0.0, "amt": 130151.0, "tmn": [0, 219, 679, 979, 399, 519, 219, 199, 679, 339, 499, 419, 319, 59, 1039, 219, 39, 739, 399, 259, 39], "tmv": [1830, 2139, 3106, 3068, 3187, 2953, 1851, 1966, 2813, 2807, 3250, 3257, 2889, 2103, 1988, 3241, 2538, 4249, 2950, 0, 0], "tmd": [0, 0, 0, 0, 0, 0, 0, 0, 0, 0, 0, 0, 0, 0, 0, 0, 0, 0, 0, 0, 0], "wmn": 2739, "wmt": 0, "wmd": 0, "wmv": 14970, "wdn": 9, "wdt": 0, "wdd": 0, "wdv": -22, "tlv": "Puerto Rico"}