{"loc": "Vega Baja", "iso": "PR", "l1": "United States", "l2": "Puerto Rico", "lvl": 3, "pop": 50023, "key": 14379, "isd": true, "ppd": 35.608000000000004, "med": 38.3, "p65": 15.413, "p70": 9.732000000000001, "hos": 2.77, "exp": 78.86, "adr": 0.0, "amn": 42900.0, "amv": 167606.0, "amd": 0.0, "amt": 126625.0, "tmn": [19, 279, 59, 119, 99, 79, 99, 19, 39, 179, 119, 59, 79, 39, 99, 59, 199, 299, 19, 199, 0], "tmv": [4677, 5132, 5139, 4690, 3336, 1695, 3330, 4023, 4903, 6734, 6595, 3662, 2393, 4746, 4917, 6132, 6772, 6806, 0, 0, 0], "tmd": [0, 0, 0, 0, 0, 0, 0, 0, 0, 0, 0, 0, 0, 0, 0, 0, 0, 0, 0, 0, 0], "wmn": 880, "wmt": 606, "wmd": 0, "wmv": 24629, "wdn": 63, "wdt": 6, "wdd": 0, "wdv": -25, "tlv": "Puerto Rico"}