{"loc": "Vega Alta", "iso": "PR", "l1": "United States", "l2": "Puerto Rico", "lvl": 3, "pop": 36061, "key": 14378, "isd": true, "ppd": 35.608000000000004, "med": 38.3, "p65": 15.413, "p70": 9.732000000000001, "hos": 2.77, "exp": 78.86, "adr": 0.0, "amn": 65334.0, "amv": 1165506.0, "amd": 0.0, "amt": 874086.0, "tmn": [138, 665, 332, 665, 138, 0, 582, 554, 194, 27, 166, 138, 249, 110, 166, 55, 55, 27, 138, 83, 0], "tmv": [3257, 2889, 2103, 1988, 3241, 2538, 4249, 2950, 0, 0, 0, 2913, 2024, 2876, 2739, 2336, 1790, 1886, 2554, 2257, 2903], "tmd": [0, 0, 0, 0, 0, 0, 0, 0, 0, 0, 0, 0, 0, 0, 0, 0, 0, 0, 0, 0, 0], "wmn": 527, "wmt": 743935, "wmd": 0, "wmv": 16467, "wdn": -63, "wdt": 0, "wdd": 0, "wdv": 53, "tlv": "Puerto Rico"}