{"loc": "Vermilion", "iso": "US", "l1": "United States", "l2": "Louisiana", "lvl": 3, "pop": 59511, "key": 14387, "isd": true, "ppd": 35.608000000000004, "med": 38.3, "p65": 15.413, "p70": 9.732000000000001, "hos": 2.77, "exp": 78.86, "adr": 2.0, "amn": 112685.0, "amv": 1051569.0, "amd": 2184.0, "amt": 1629636.0, "tmn": [201, 302, 252, 319, 0, 0, 739, 621, 806, 537, 688, 0, 0, 2285, 1243, 2050, 890, 1394, 0, 0, 1478], "tmv": [1036, 1655, 1721, 1666, 1928, 1520, 1539, 740, 1856, 2005, 1821, 2051, 2364, 1193, 1200, 2288, 2155, 2600, 2160, 2477, 0], "tmd": [0, 0, 17, 0, 0, 0, 0, 0, 0, 0, 0, 0, 0, 34, 0, 0, 0, 0, 0, 0, 17], "wmn": 7058, "wmt": 35295, "wmd": 17, "wmv": 12884, "wdn": 43, "wdt": 49, "wdd": -50, "wdv": 7, "tlv": "Louisiana"}