{"loc": "Venango", "iso": "US", "l1": "United States", "l2": "Pennsylvania", "lvl": 3, "pop": 50668, "key": 14381, "isd": true, "ppd": 35.608000000000004, "med": 38.3, "p65": 15.413, "p70": 9.732000000000001, "hos": 2.77, "exp": 78.86, "adr": 2.0, "amn": 126332.0, "amv": 1263117.0, "amd": 2743.0, "amt": 1444438.0, "tmn": [1223, 868, 572, 572, 651, 434, 1361, 1026, 749, 532, 473, 552, 611, 710, 651, 1243, 434, 651, 611, 1263, 730], "tmv": [3390, 3489, 0, 0, 0, 2411, 3257, 3418, 2659, 2485, 1614, 1945, 2278, 2491, 2890, 2710, 2395, 1993, 2154, 3467, 0], "tmd": [0, 0, 0, 0, 0, 40, 79, 40, 0, 0, 40, 40, 20, 0, 0, 20, 0, 0, 0, 79, 60], "wmn": 5586, "wmt": 23207, "wmd": 158, "wmv": 15613, "wdn": 20, "wdt": 2, "wdd": 14, "wdv": -8, "tlv": "Pennsylvania"}