{"loc": "Venango", "iso": "US", "l1": "United States", "l2": "Pennsylvania", "lvl": 3, "pop": 50668, "key": 14381, "isd": true, "ppd": 35.608000000000004, "med": 38.3, "p65": 15.413, "p70": 9.732000000000001, "hos": 2.77, "exp": 78.86, "adr": 2.0, "amn": 72886.0, "amv": 664553.0, "amd": 1796.0, "amt": 990054.0, "tmn": [138, 19, 19, 138, 177, 78, 177, 98, 118, 157, 39, 138, 197, 138, 217, 78, 39, 118, 256, 98, 197], "tmv": [12389, 10214, 6477, 4262, 8755, 10329, 12013, 14052, 10864, 8027, 7863, 7615, 10699, 12037, 10893, 10729, 6600, 5484, 7781, 9092, 0], "tmd": [0, 0, 0, 0, 0, 0, 0, 0, 0, 0, 0, 0, 0, 20, 0, 0, 0, 0, 0, 0, 0], "wmn": 1007, "wmt": 25153, "wmd": 0, "wmv": 50581, "wdn": 13, "wdt": 0, "wdd": -100, "wdv": -29, "tlv": "Pennsylvania"}