{"loc": "Ventura", "iso": "US", "l1": "United States", "l2": "California", "lvl": 3, "pop": 846006, "key": 14384, "isd": true, "ppd": 35.608000000000004, "med": 38.3, "p65": 15.413, "p70": 9.732000000000001, "hos": 2.77, "exp": 78.86, "adr": 1.0, "amn": 92918.0, "amv": 290534.0, "amd": 1074.0, "amt": 1271100.0, "tmn": [245, 165, 206, 124, 100, 172, 171, 185, 164, 105, 148, 118, 121, 124, 150, 217, 83, 56, 46, 0, 98], "tmv": [5606, 5173, 5466, 3298, 2593, 4349, 5491, 6616, 7139, 7375, 5050, 5255, 5793, 6168, 7391, 8814, 7404, 5275, 4864, 6157, 0], "tmd": [18, 0, 0, 15, 14, 18, 17, 0, 12, 0, 10, 8, 15, 8, 9, 0, 0, 0, 22, 10, 0], "wmn": 653, "wmt": 27240, "wmd": 40, "wmv": 39909, "wdn": -33, "wdt": -19, "wdd": -21, "wdv": -8, "tlv": "California"}