{"loc": "Vermillion", "iso": "US", "l1": "United States", "l2": "Indiana", "lvl": 3, "pop": 15498, "key": 14388, "isd": true, "ppd": 35.608000000000004, "med": 38.3, "p65": 15.413, "p70": 9.732000000000001, "hos": 2.77, "exp": 78.86, "adr": 3.0, "amn": 103497.0, "amv": 228357.0, "amd": 2710.0, "amt": 1191499.0, "tmn": [193, 0, 193, 193, 129, 258, 64, 64, 64, 193, 64, 129, 64, 129, 0, 0, 645, 322, 387, 64, 129], "tmv": [3662, 2393, 4746, 4917, 6132, 6772, 6806, 0, 0, 3221, 4419, 5606, 5173, 5466, 3298, 2593, 4349, 5491, 6616, 7139, 7375], "tmd": [0, 0, 0, 0, 65, 0, 0, 0, 0, 0, 0, 0, 0, 0, 0, 0, 0, 65, 0, 65, 0], "wmn": 1549, "wmt": 39719, "wmd": 130, "wmv": 36864, "wdn": 118, "wdt": 36, "wdd": 0, "wdv": 54, "tlv": "Indiana"}