{"loc": "Vermillion", "iso": "US", "l1": "United States", "l2": "Indiana", "lvl": 3, "pop": 15498, "key": 14388, "isd": true, "ppd": 35.608000000000004, "med": 38.3, "p65": 15.413, "p70": 9.732000000000001, "hos": 2.77, "exp": 78.86, "adr": 2.0, "amn": 189121.0, "amv": 1469622.0, "amd": 3807.0, "amt": 2356079.0, "tmn": [516, 193, 0, 0, 0, 0, 1871, 451, 580, 451, 580, 0, 0, 1484, 903, 838, 322, 516, 0, 0, 2064], "tmv": [5133, 3959, 70, 3467, 2554, 1688, 4748, 5430, 6005, 6047, 6744, 4092, 2038, 5038, 5187, 5041, 4530, 2968, 283, 0, 0], "tmd": [0, 0, 0, 0, 0, 0, 65, 0, 0, 0, 0, 0, 0, 0, 0, 0, 0, 65, 0, 0, 0], "wmn": 4646, "wmt": 41942, "wmd": 65, "wmv": 18013, "wdn": 31, "wdt": -7, "wdd": 0, "wdv": -49, "tlv": "Indiana"}