{"loc": "Vernon", "iso": "US", "l1": "United States", "l2": "Missouri", "lvl": 3, "pop": 20563, "key": 14391, "isd": true, "ppd": 35.608000000000004, "med": 38.3, "p65": 15.413, "p70": 9.732000000000001, "hos": 2.77, "exp": 78.86, "adr": 2.0, "amn": 138988.0, "amv": 1187231.0, "amd": 3112.0, "amt": 1144531.0, "tmn": [389, 291, 534, 243, 48, 194, 389, 389, 145, 389, 194, 0, 145, 194, 486, 340, 340, 97, 48, 48, 389], "tmv": [2024, 2876, 2739, 2336, 1790, 1886, 2554, 2257, 2903, 2781, 2047, 1978, 1647, 2163, 995, 2262, 2445, 2251, 1671, 1480, 0], "tmd": [0, 0, 0, 0, 0, 146, 49, 0, 0, 0, 0, 0, 146, 0, 0, 0, 0, 0, 0, 49, 0], "wmn": 1751, "wmt": 18685, "wmd": 49, "wmv": 11106, "wdn": 20, "wdt": -7, "wdd": -67, "wdv": -30, "tlv": "Missouri"}