{"loc": "Vigo", "iso": "US", "l1": "United States", "l2": "Indiana", "lvl": 3, "pop": 107038, "key": 14399, "isd": true, "ppd": 35.608000000000004, "med": 38.3, "p65": 15.413, "p70": 9.732000000000001, "hos": 2.77, "exp": 78.86, "adr": 2.0, "amn": 112465.0, "amv": 511713.0, "amd": 2252.0, "amt": 1342620.0, "tmn": [149, 168, 121, 140, 74, 18, 74, 112, 102, 214, 121, 168, 56, 46, 102, 158, 65, 112, 56, 28, 93], "tmv": [6980, 8171, 7842, 9493, 9226, 6156, 5181, 6849, 8594, 10257, 10611, 9961, 7133, 5431, 8106, 10192, 12065, 12389, 10214, 6477, 4262], "tmd": [10, 0, 0, 0, 10, 0, 0, 0, 0, 0, 10, 0, 0, 0, 0, 0, 0, 0, 0, 0, 0], "wmn": 617, "wmt": 27364, "wmd": 0, "wmv": 63709, "wdn": -25, "wdt": -4, "wdd": -100, "wdv": 8, "tlv": "Indiana"}