{"loc": "Vigo", "iso": "US", "l1": "United States", "l2": "Indiana", "lvl": 3, "pop": 107038, "key": 14399, "isd": true, "ppd": 35.608000000000004, "med": 38.3, "p65": 15.413, "p70": 9.732000000000001, "hos": 2.77, "exp": 78.86, "adr": 2.0, "amn": 120425.0, "amv": 1044330.0, "amd": 2392.0, "amt": 1660927.0, "tmn": [18, 0, 0, 112, 9, 37, 37, 130, 0, 0, 196, 93, 74, 74, 93, 0, 0, 261, 158, 326, 196], "tmv": [1883, 1818, 1779, 1363, 1036, 1655, 1721, 1666, 1928, 1520, 1539, 740, 1856, 2005, 1821, 2051, 2364, 1193, 1200, 2288, 2155], "tmd": [0, 0, 0, 10, 0, 0, 0, 0, 0, 0, 0, 0, 0, 0, 0, 0, 0, 0, 10, 0, 0], "wmn": 1038, "wmt": 15315, "wmd": 10, "wmv": 13076, "wdn": 82, "wdt": 22, "wdd": 0, "wdv": 16, "tlv": "Indiana"}