{"loc": "Vigo", "iso": "US", "l1": "United States", "l2": "Indiana", "lvl": 3, "pop": 107038, "key": 14399, "isd": true, "ppd": 35.608000000000004, "med": 38.3, "p65": 15.413, "p70": 9.732000000000001, "hos": 2.77, "exp": 78.86, "adr": 2.0, "amn": 119145.0, "amv": 1025114.0, "amd": 2382.0, "amt": 1637329.0, "tmn": [37, 65, 84, 28, 0, 0, 0, 233, 0, 28, 18, 0, 0, 112, 9, 37, 37, 130, 0, 0, 196], "tmv": [2241, 4154, 4949, 1994, 3524, 1923, 0, 0, 1326, 2107, 1883, 1818, 1779, 1363, 1036, 1655, 1721, 1666, 1928, 1520, 0], "tmd": [0, 0, 0, 10, 0, 0, 0, 0, 0, 0, 0, 0, 0, 10, 0, 0, 0, 0, 0, 0, 0], "wmn": 412, "wmt": 11622, "wmd": 0, "wmv": 9530, "wdn": 5, "wdt": 21, "wdd": -100, "wdv": -7, "tlv": "Indiana"}