{"loc": "Virginia Beach", "iso": "US", "l1": "United States", "l2": "Virginia", "lvl": 3, "pop": 449974, "key": 14407, "isd": true, "ppd": 35.608000000000004, "med": 38.3, "p65": 15.413, "p70": 9.732000000000001, "hos": 2.77, "exp": 78.86, "adr": 1.0, "amn": 80711.0, "amv": 962520.0, "amd": 918.0, "amt": 891245.0, "tmn": [13, 20, 6, 26, 40, 31, 4, 8, 26, 2, 17, 20, 8, -6, 8, 8, 33, 4, 15, 20, 6], "tmv": [0, 0, 1543, 2452, 4248, 3485, 4157, 3682, 3252, 2518, 2835, 2495, 4865, 3672, 4016, 3766, 3121, 6234, 3276, 3244, 0], "tmd": [0, 3, 0, 0, 0, 0, 0, 0, 0, 3, 3, 3, 3, 0, 3, 3, 0, 0, 0, 0, 0], "wmn": 98, "wmt": 7212, "wmd": 5, "wmv": 23661, "wdn": 26, "wdt": -9, "wdd": -50, "wdv": 1, "tlv": "Virginia"}