{"loc": "Virgin Islands", "iso": "VI", "l1": "United States", "l2": "Virgin Islands", "lvl": 2, "pop": 107268, "key": 14406, "isd": true, "ppd": 35.608000000000004, "med": 38.3, "p65": 15.413, "p70": 9.732000000000001, "hos": 2.77, "exp": 78.86, "adr": 1.0, "amn": 41485.0, "amv": 1039887.0, "amd": 336.0, "amt": 1319294.0, "tmn": [699, 0, 326, 0, 0, 261, 93, 0, 708, 382, 0, 0, 512, 316, 344, 139, 326, 363, 0, 261, 438], "tmv": [1326, 2107, 1883, 1818, 1779, 1363, 1036, 1655, 1721, 1666, 1928, 1520, 1539, 740, 1856, 2005, 1821, 2051, 2364, 1193, 1200], "tmd": [19, 0, 0, 0, 0, 0, 0, 0, 0, 0, 0, 0, 0, 10, 0, 19, 0, 0, 0, 0, 10], "wmn": 1874, "wmt": 33953, "wmd": 28, "wmv": 12494, "wdn": -2, "wdt": -4, "wdd": 200, "wdv": 16, "tlv": "Virgin Islands"}