{"loc": "Virgin Islands", "iso": "VI", "l1": "United States", "l2": "Virgin Islands", "lvl": 2, "pop": 107268, "key": 14406, "isd": true, "ppd": 35.608000000000004, "med": 38.3, "p65": 15.413, "p70": 9.732000000000001, "hos": 2.77, "exp": 78.86, "adr": 1.0, "amn": 62451.0, "amv": 1187231.0, "amd": 662.0, "amt": 1707471.0, "tmn": [288, 745, 0, 633, 0, 363, 83, 494, 214, 605, 177, 0, 288, 251, 382, 298, 288, 102, 0, 447, 186], "tmv": [2913, 2024, 2876, 2739, 2336, 1790, 1886, 2554, 2257, 2903, 2781, 2047, 1978, 1647, 2163, 995, 2262, 2445, 2251, 1671, 1480], "tmd": [10, 0, 0, 19, 0, 10, 0, 10, 0, 0, 0, 0, 0, 10, 10, 0, 0, 0, 0, 10, 10], "wmn": 1707, "wmt": 45205, "wmd": 28, "wmv": 13270, "wdn": -16, "wdt": 14, "wdd": 50, "wdv": -18, "tlv": "Virgin Islands"}