{"loc": "Visakhapatnam", "iso": "IN", "l1": "India", "l2": "Andhra Pradesh", "lvl": 3, "pop": 4288113, "key": 14410, "isd": true, "ppd": 450.41900000000004, "med": 28.2, "p65": 5.989, "p70": 3.4139999999999997, "hos": 0.53, "exp": 69.66, "adr": 1.0, "amn": 14522.0, "amv": 55058.0, "amd": 135.0, "amt": 281566.0, "tmn": [7, 1, 9, 6, 3, 5, 10, 9, 10, 10, 18, 22, 39, 36, 38, 32, 39, 43, 44, 44, 46], "tmv": [122, 2202, 1534, 1506, 1591, 1973, 1840, 334, 2484, 1700, 1669, 1709, 1887, 1565, 188, 422, 1406, 1495, 2660, 3090, 2119], "tmd": [1, 0, 0, 0, 0, 0, 0, 0, 0, 1, 1, 1, 1, 0, 0, 1, 1, 0, 1, 1, 1], "wmn": 289, "wmt": 4053, "wmd": 2, "wmv": 11384, "wdn": 96, "wdt": -14, "wdd": 25, "wdv": 0, "tlv": "Andhra Pradesh"}