{"loc": "Vladimir Oblast", "iso": "RU", "l1": "Russia", "l2": "Vladimir Oblast", "lvl": 2, "pop": 1378337, "key": 14412, "isd": true, "ppd": 8.823, "med": 39.6, "p65": 14.177999999999999, "p70": 9.392999999999999, "hos": 8.05, "exp": 72.58, "adr": 4.0, "amn": 44870.0, "amv": 690493.0, "amd": 1600.0, "amt": 1418488.0, "tmn": [177, 180, 185, 188, 192, 195, 199, 204, 207, 208, 211, 213, 215, 216, 220, 222, 224, 226, 225, 228, 230], "tmv": [1553, 1193, 1385, 1230, 818, 2505, 1296, 3700, 0, 0, 0, 0, 0, 417, 4022, 5043, 0, 0, 0, 0, 0], "tmd": [11, 4, 9, 6, 7, 5, 3, 5, 8, 13, 14, 10, 6, 7, 6, 8, 7, 6, 6, 6, 4], "wmn": 1580, "wmt": 0, "wmd": 41, "wmv": 9066, "wdn": 7, "wdt": -100, "wdd": -32, "wdv": 120, "tlv": "Russia"}