{"loc": "Wabash", "iso": "US", "l1": "United States", "l2": "Indiana", "lvl": 3, "pop": 30996, "key": 14419, "isd": true, "ppd": 35.608000000000004, "med": 38.3, "p65": 15.413, "p70": 9.732000000000001, "hos": 2.77, "exp": 78.86, "adr": 2.0, "amn": 152310.0, "amv": 1160346.0, "amd": 2968.0, "amt": 1925170.0, "tmn": [1355, 0, 0, 3226, 548, 1129, 1129, 1419, 0, 0, 0, 3290, 483, 1032, 935, 0, 0, 1709, 290, 483, 645], "tmv": [3250, 3257, 2889, 2103, 1988, 3241, 2538, 4249, 2950, 0, 0, 0, 2913, 2024, 2876, 2739, 2336, 1790, 1886, 2554, 0], "tmd": [0, 0, 0, 0, 0, 0, 0, 0, 0, 0, 0, 33, 33, 0, 33, 0, 0, 65, 0, 33, 0], "wmn": 4066, "wmt": 49429, "wmd": 130, "wmv": 14183, "wdn": -35, "wdt": 14, "wdd": 100, "wdv": 17, "tlv": "Indiana"}