{"loc": "Voronezh Oblast", "iso": "RU", "l1": "Russia", "l2": "Voronezh Oblast", "lvl": 2, "pop": 2333768, "key": 14417, "isd": true, "ppd": 8.823, "med": 39.6, "p65": 14.177999999999999, "p70": 9.392999999999999, "hos": 8.05, "exp": 72.58, "adr": 3.0, "amn": 32717.0, "amv": 85483.0, "amd": 1052.0, "amt": 836821.0, "tmn": [92, 90, 88, 88, 87, 87, 89, 89, 90, 89, 90, 89, 87, 88, 87, 86, 84, 84, 86, 84, 86], "tmv": [0, 626, 1894, 826, 384, 0, 0, 0, 0, 0, 0, 0, 0, 402, 1305, 1841, 938, 1778, 561, 647, 1778], "tmd": [11, 10, 10, 10, 9, 9, 7, 3, 7, 9, 5, 3, 0, 6, 6, 9, 9, 3, 2, 0, 2], "wmn": 601, "wmt": 12705, "wmd": 28, "wmv": 8853, "wdn": -4, "wdt": 5, "wdd": -10, "wdv": 2099, "tlv": "Russia"}