{"loc": "Volgograd Oblast", "iso": "RU", "l1": "Russia", "l2": "Volgograd Oblast", "lvl": 2, "pop": 2521276, "key": 14413, "isd": true, "ppd": 8.823, "med": 39.6, "p65": 14.177999999999999, "p70": 9.392999999999999, "hos": 8.05, "exp": 72.58, "adr": 3.0, "amn": 30209.0, "amv": 499510.0, "amd": 811.0, "amt": 1172759.0, "tmn": [124, 124, 125, 126, 126, 127, 125, 127, 126, 128, 128, 130, 130, 129, 129, 130, 131, 132, 132, 133, 132], "tmv": [1621, 6149, 4072, 5920, 6237, 6205, 2216, 985, 5047, 8020, 2304, 3290, 5434, 2462, 847, 6655, 4588, 4342, 16373, 12761, 0], "tmd": [6, 6, 6, 6, 6, 6, 6, 6, 6, 7, 7, 6, 7, 6, 7, 7, 7, 7, 6, 6, 6], "wmn": 923, "wmt": 0, "wmd": 43, "wmv": 45570, "wdn": 2, "wdt": 0, "wdd": 1, "wdv": 65, "tlv": "Russia"}