{"loc": "Wabash", "iso": "US", "l1": "United States", "l2": "Illinois", "lvl": 3, "pop": 11520, "key": 14418, "isd": true, "ppd": 35.608000000000004, "med": 38.3, "p65": 15.413, "p70": 9.732000000000001, "hos": 2.77, "exp": 78.86, "adr": 1.0, "amn": 181510.0, "amv": 1197969.0, "amd": 1562.0, "amt": 2528043.0, "tmn": [1996, 1388, 868, 1128, 954, 0, 0, 694, 2083, 1388, 607, 868, 0, 0, 2430, 781, 954, 781, 694, 0, 0], "tmv": [1790, 1886, 2554, 2257, 2903, 2781, 2047, 1978, 1647, 2163, 995, 2262, 2445, 2251, 1671, 0, 0, 2784, 2570, 2833, 0], "tmd": [0, 0, 0, 0, 0, 0, 0, 0, 0, 0, 87, 0, 0, 0, 87, 0, 87, 0, 0, 0, 0], "wmn": 5643, "wmt": 66458, "wmd": 174, "wmv": 9860, "wdn": 0, "wdt": 6, "wdd": 100, "wdv": -28, "tlv": "Illinois"}