{"loc": "Volgograd Oblast", "iso": "RU", "l1": "Russia", "l2": "Volgograd Oblast", "lvl": 2, "pop": 2521276, "key": 14413, "isd": true, "ppd": 8.823, "med": 39.6, "p65": 14.177999999999999, "p70": 9.392999999999999, "hos": 8.05, "exp": 72.58, "adr": 2.0, "amn": 24590.0, "amv": 253335.0, "amd": 586.0, "amt": 1000625.0, "tmn": [34, 35, 35, 34, 34, 33, 32, 34, 34, 35, 35, 34, 36, 36, 35, 36, 38, 40, 40, 42, 44], "tmv": [3427, 718, 695, 2344, 1683, 2123, 2380, 2151, 3200, 664, 236, 284, 2144, 4817, 2839, 2956, 907, 2306, 5107, 417, 6346], "tmd": [4, 3, 4, 4, 4, 4, 4, 3, 3, 4, 3, 3, 2, 2, 2, 3, 2, 2, 2, 3, 3], "wmn": 279, "wmt": 10987, "wmd": 16, "wmv": 20881, "wdn": 12, "wdt": -35, "wdd": -11, "wdv": 55, "tlv": "Russia"}