{"loc": "Vologda Oblast", "iso": "RU", "l1": "Russia", "l2": "Vologda Oblast", "lvl": 2, "pop": 1176689, "key": 14414, "isd": true, "ppd": 8.823, "med": 39.6, "p65": 14.177999999999999, "p70": 9.392999999999999, "hos": 8.05, "exp": 72.58, "adr": 3.0, "amn": 55727.0, "amv": 597992.0, "amd": 1496.0, "amt": 1272144.0, "tmn": [192, 189, 191, 192, 192, 190, 191, 189, 190, 188, 185, 186, 187, 186, 185, 189, 187, 191, 192, 191, 193], "tmv": [2488, 1476, 2077, 1593, 6725, 2627, 4867, 1582, 1734, 782, 4904, 1267, 3347, 4168, 1381, 1131, 4761, 659, 3362, 2686, 2133], "tmd": [6, 7, 6, 8, 7, 8, 8, 9, 6, 10, 7, 8, 8, 8, 8, 7, 7, 7, 6, 6, 6], "wmn": 1332, "wmt": 0, "wmd": 45, "wmv": 16116, "wdn": 1, "wdt": 0, "wdd": -17, "wdv": -9, "tlv": "Russia"}