{"loc": "Visakhapatnam", "iso": "IN", "l1": "India", "l2": "Andhra Pradesh", "lvl": 3, "pop": 4288113, "key": 14410, "isd": true, "ppd": 450.41900000000004, "med": 28.2, "p65": 5.989, "p70": 3.4139999999999997, "hos": 0.53, "exp": 69.66, "adr": 1.0, "amn": 15390.0, "amv": 82966.0, "amd": 138.0, "amt": 288191.0, "tmn": [22, 39, 36, 38, 32, 39, 43, 44, 44, 46, 54, 51, 60, 69, 67, 78, 91, 94, 105, 96, 97], "tmv": [1709, 1887, 1565, 188, 422, 1406, 1495, 2660, 3090, 2119, 2264, 2902, 2874, 2261, 2996, 2710, 2550, 2125, 2901, 1917, 2401], "tmd": [1, 1, 0, 0, 1, 1, 0, 1, 1, 1, 1, 0, 1, 1, 1, 1, 1, 0, 1, 1, 1], "wmn": 632, "wmt": 4302, "wmd": 3, "wmv": 17605, "wdn": 70, "wdt": 6, "wdd": 29, "wdv": -3, "tlv": "Andhra Pradesh"}