{"loc": "Wabash", "iso": "US", "l1": "United States", "l2": "Indiana", "lvl": 3, "pop": 30996, "key": 14419, "isd": true, "ppd": 35.608000000000004, "med": 38.3, "p65": 15.413, "p70": 9.732000000000001, "hos": 2.77, "exp": 78.86, "adr": 2.0, "amn": 108595.0, "amv": 343093.0, "amd": 2484.0, "amt": 1264871.0, "tmn": [258, 96, 96, 96, 129, 161, 96, 129, 32, 258, 32, 0, 64, 96, 225, 96, 96, 0, 64, 96, 96], "tmv": [6616, 7139, 7375, 5050, 5255, 5793, 6168, 7391, 8814, 7404, 5275, 4864, 6157, 7535, 8875, 13887, 4118, 6135, 5026, 6980, 0], "tmd": [0, 0, 0, 0, 0, 0, 0, 0, 0, 0, 0, 0, 0, 0, 33, 0, 0, 0, 0, 0, 0], "wmn": 678, "wmt": 30773, "wmd": 33, "wmv": 45024, "wdn": 11, "wdt": 19, "wdd": 0, "wdv": -5, "tlv": "Indiana"}