{"loc": "Vladimir Oblast", "iso": "RU", "l1": "Russia", "l2": "Vladimir Oblast", "lvl": 2, "pop": 1378337, "key": 14412, "isd": true, "ppd": 8.823, "med": 39.6, "p65": 14.177999999999999, "p70": 9.392999999999999, "hos": 8.05, "exp": 72.58, "adr": 3.0, "amn": 36794.0, "amv": 574359.0, "amd": 1286.0, "amt": 1249229.0, "tmn": [137, 139, 137, 134, 132, 130, 132, 133, 131, 129, 128, 126, 129, 126, 124, 122, 119, 117, 113, 115, 116], "tmv": [4348, 5346, 2355, 1065, 4247, 3262, 2590, 4789, 2488, 1476, 2077, 1593, 6725, 2627, 4867, 1582, 1734, 782, 4904, 1267, 0], "tmd": [3, 10, 0, 8, 9, 8, 6, 5, 4, 8, 12, 4, 8, 3, 4, 8, 11, 0, 3, 10, 7], "wmn": 830, "wmt": 0, "wmd": 41, "wmv": 15140, "wdn": -8, "wdt": 0, "wdd": -2, "wdv": -30, "tlv": "Russia"}