{"loc": "Voronezh Oblast", "iso": "RU", "l1": "Russia", "l2": "Voronezh Oblast", "lvl": 2, "pop": 2333768, "key": 14417, "isd": true, "ppd": 8.823, "med": 39.6, "p65": 14.177999999999999, "p70": 9.392999999999999, "hos": 8.05, "exp": 72.58, "adr": 3.0, "amn": 55481.0, "amv": 606902.0, "amd": 1889.0, "amt": 1283781.0, "tmn": [198, 197, 200, 199, 197, 198, 198, 199, 203, 200, 199, 201, 202, 206, 206, 209, 210, 211, 210, 211, 213], "tmv": [4867, 1582, 1734, 782, 4904, 1267, 3347, 4168, 1381, 1131, 4761, 659, 3362, 2686, 2133, 0, 0, 1123, 1630, 2941, 0], "tmd": [10, 3, 6, 9, 8, 3, 12, 8, 6, 10, 9, 8, 8, 11, 12, 4, 10, 12, 8, 6, 6], "wmn": 1475, "wmt": 0, "wmd": 54, "wmv": 7831, "wdn": 4, "wdt": 0, "wdd": -5, "wdv": -57, "tlv": "Russia"}