{"loc": "Wake", "iso": "US", "l1": "United States", "l2": "North Carolina", "lvl": 3, "pop": 1111761, "key": 14426, "isd": true, "ppd": 35.608000000000004, "med": 38.3, "p65": 15.413, "p70": 9.732000000000001, "hos": 2.77, "exp": 78.86, "adr": 1.0, "amn": 80398.0, "amv": 965095.0, "amd": 658.0, "amt": 1173240.0, "tmn": [167, 18, 19, 41, 0, 0, 62, 21, 17, 28, 16, 0, 0, 76, 11, 8, 6, 20, 0, 0, 53], "tmv": [0, 1543, 2452, 4248, 3485, 4157, 3682, 3252, 2518, 2835, 2495, 4865, 3672, 4016, 3766, 3121, 6234, 3276, 3244, 2575, 0], "tmd": [0, 0, 2, 0, 0, 0, 0, 0, 0, 0, 0, 0, 0, 1, 0, 0, 1, 0, 0, 0, 1], "wmn": 102, "wmt": 9617, "wmd": 1, "wmv": 22220, "wdn": -37, "wdt": -10, "wdd": 0, "wdv": -6, "tlv": "North Carolina"}