{"loc": "Wake", "iso": "US", "l1": "United States", "l2": "North Carolina", "lvl": 3, "pop": 1111761, "key": 14426, "isd": true, "ppd": 35.608000000000004, "med": 38.3, "p65": 15.413, "p70": 9.732000000000001, "hos": 2.77, "exp": 78.86, "adr": 1.0, "amn": 80957.0, "amv": 1016621.0, "amd": 666.0, "amt": 1202237.0, "tmn": [23, 17, 25, 0, 0, 27, 20, 10, 21, 41, 0, 0, 0, 104, 26, 42, 41, 0, 0, 114, 28], "tmv": [1967, 2474, 1554, 2803, 3655, 3299, 2241, 4154, 4949, 1994, 3524, 1923, 0, 0, 1326, 2107, 1883, 1818, 1779, 1363, 1036], "tmd": [1, 2, 0, 0, 0, 1, 0, 1, 0, 0, 0, 0, 0, 2, 0, 1, 0, 0, 0, 0, 0], "wmn": 253, "wmt": 11488, "wmd": 1, "wmv": 11315, "wdn": 42, "wdt": 137, "wdd": -67, "wdv": -32, "tlv": "North Carolina"}