{"loc": "Wabasha", "iso": "US", "l1": "United States", "l2": "Minnesota", "lvl": 3, "pop": 21627, "key": 14420, "isd": true, "ppd": 35.608000000000004, "med": 38.3, "p65": 15.413, "p70": 9.732000000000001, "hos": 2.77, "exp": 78.86, "adr": 0.0, "amn": 158968.0, "amv": 1341580.0, "amd": 416.0, "amt": 2209434.0, "tmn": [3560, 739, 739, 1618, 0, 0, 1664, 2126, 1294, 1710, 508, 0, 0, 1063, 1063, 1387, 1017, 1294, 0, 0, 1248], "tmv": [4456, 4611, 4549, 5061, 2356, 1255, 4023, 4168, 4272, 4405, 5092, 2672, 1421, 3738, 4100, 4188, 3596, 4102, 1618, 109, 0], "tmd": [0, 0, 0, 0, 0, 0, 0, 0, 0, 0, 0, 0, 0, 0, 0, 0, 0, 47, 0, 0, 0], "wmn": 6012, "wmt": 37414, "wmd": 47, "wmv": 17716, "wdn": -10, "wdt": 11, "wdd": 0, "wdv": -31, "tlv": "Minnesota"}