{"loc": "Wakulla", "iso": "US", "l1": "United States", "l2": "Florida", "lvl": 3, "pop": 33739, "key": 14427, "isd": true, "ppd": 35.608000000000004, "med": 38.3, "p65": 15.413, "p70": 9.732000000000001, "hos": 2.77, "exp": 78.86, "adr": 2.0, "amn": 94757.0, "amv": 290534.0, "amd": 1541.0, "amt": 1049768.0, "tmn": [148, 118, 177, 0, 59, 118, 88, 59, 148, 148, 29, 237, 207, 118, 88, 59, 88, -29, 148, 59, -29], "tmv": [5606, 5173, 5466, 3298, 2593, 4349, 5491, 6616, 7139, 7375, 5050, 5255, 5793, 6168, 7391, 8814, 7404, 5275, 4864, 6157, 0], "tmd": [0, 0, 0, 0, 0, 0, 0, 0, 0, 30, 0, 0, 0, 0, 0, 0, 0, 0, 0, 0, 0], "wmn": 386, "wmt": 21735, "wmd": 0, "wmv": 39909, "wdn": -59, "wdt": -21, "wdd": -100, "wdv": -8, "tlv": "Florida"}