{"loc": "Wabasha", "iso": "US", "l1": "United States", "l2": "Minnesota", "lvl": 3, "pop": 21627, "key": 14420, "isd": true, "ppd": 35.608000000000004, "med": 38.3, "p65": 15.413, "p70": 9.732000000000001, "hos": 2.77, "exp": 78.86, "adr": 0.0, "amn": 95436.0, "amv": 830268.0, "amd": 139.0, "amt": 1574744.0, "tmn": [46, 0, 46, 231, 184, 184, 92, 184, 46, 92, 323, 184, 184, 46, 46, 0, 92, 46, 92, 369, 138], "tmv": [6395, 4975, 6773, 8259, 8496, 10027, 6458, 3608, 3001, 5456, 7305, 8515, 7794, 7192, 5713, 4653, 4699, 5814, 5591, 7265, 8234], "tmd": [0, 0, 0, 0, 0, 0, 0, 0, 0, 0, 0, 0, 0, 0, 0, 0, 0, 0, 0, 0, 0], "wmn": 787, "wmt": 25188, "wmd": 0, "wmv": 41972, "wdn": -26, "wdt": -17, "wdd": 0, "wdv": -2, "tlv": "Minnesota"}