{"loc": "Walker", "iso": "US", "l1": "United States", "l2": "Alabama", "lvl": 3, "pop": 63521, "key": 14430, "isd": true, "ppd": 35.608000000000004, "med": 38.3, "p65": 15.413, "p70": 9.732000000000001, "hos": 2.77, "exp": 78.86, "adr": 4.0, "amn": 105162.0, "amv": 298070.0, "amd": 4203.0, "amt": 476720.0, "tmn": [267, 62, 62, 236, 409, 188, 78, 78, 62, 94, 220, 519, 220, 125, 110, 15, 78, 299, 173, 692, -15], "tmv": [5173, 5466, 3298, 2593, 4349, 5491, 6616, 7139, 7375, 5050, 5255, 5793, 6168, 7391, 8814, 7404, 5275, 4864, 6157, 7535, 0], "tmd": [16, 0, 0, 0, 142, 32, 0, 63, 0, 0, 48, 16, 0, 0, 16, 0, 0, 63, 0, 32, 16], "wmn": 1354, "wmt": 4348, "wmd": 126, "wmv": 40053, "wdn": 2, "wdt": -38, "wdd": 0, "wdv": -9, "tlv": "Alabama"}