{"loc": "Wallowa", "iso": "US", "l1": "United States", "l2": "Oregon", "lvl": 3, "pop": 7208, "key": 14438, "isd": true, "ppd": 35.608000000000004, "med": 38.3, "p65": 15.413, "p70": 9.732000000000001, "hos": 2.77, "exp": 78.86, "adr": 2.0, "amn": 89345.0, "amv": 1212726.0, "amd": 1665.0, "amt": 1684372.0, "tmn": [0, 0, 971, 0, 1803, 1526, 1109, 0, 0, 2497, 277, 1526, 971, 554, 0, 0, 2774, 277, 3190, 971, 1387], "tmv": [2781, 2047, 1978, 1647, 2163, 995, 2262, 2445, 2251, 1671, 0, 0, 2784, 2570, 2833, 3777, 2988, 2423, 2905, 2661, 0], "tmd": [0, 0, 0, 0, 0, 139, 0, 0, 0, 0, 0, 0, 0, 0, 0, 0, 0, 0, 0, 0, 0], "wmn": 8602, "wmt": 34386, "wmd": 0, "wmv": 17591, "wdn": 48, "wdt": -6, "wdd": 0, "wdv": 50, "tlv": "Oregon"}