{"loc": "Walker", "iso": "US", "l1": "United States", "l2": "Alabama", "lvl": 3, "pop": 63521, "key": 14430, "isd": true, "ppd": 35.608000000000004, "med": 38.3, "p65": 15.413, "p70": 9.732000000000001, "hos": 2.77, "exp": 78.86, "adr": 3.0, "amn": 148990.0, "amv": 1136653.0, "amd": 4723.0, "amt": 562193.0, "tmn": [1416, 976, 645, 928, 1652, 582, 330, 0, 0, 1605, 976, 818, 582, 850, 1574, 661, 1164, 1338, 755, 346, 550], "tmv": [1830, 2139, 3106, 3068, 3187, 2953, 1851, 1966, 2813, 2807, 3250, 3257, 2889, 2103, 1988, 3241, 2538, 4249, 2950, 0, 0], "tmd": [0, 0, 0, 0, 48, 0, 0, 0, 0, 32, 0, 32, 0, 0, 0, 0, 0, 32, 0, 0, 0], "wmn": 6392, "wmt": 0, "wmd": 32, "wmv": 14970, "wdn": 32, "wdt": 0, "wdd": -50, "wdv": -22, "tlv": "Alabama"}