{"loc": "Waller", "iso": "US", "l1": "United States", "l2": "Texas", "lvl": 3, "pop": 55246, "key": 14435, "isd": true, "ppd": 35.608000000000004, "med": 38.3, "p65": 15.413, "p70": 9.732000000000001, "hos": 2.77, "exp": 78.86, "adr": 1.0, "amn": 78268.0, "amv": 1031255.0, "amd": 941.0, "amt": 910252.0, "tmn": [126, 18, 72, 0, 162, 90, 54, 36, 162, 18, 72, 271, 18, 90, 54, 289, 0, 0, 18, 271, 126], "tmv": [3524, 1923, 0, 0, 1326, 2107, 1883, 1818, 1779, 1363, 1036, 1655, 1721, 1666, 1928, 1520, 1539, 740, 1856, 2005, 0], "tmd": [0, 0, 0, 0, 0, 0, 0, 19, 0, 0, 0, 0, 0, 0, 0, 0, 0, 0, 0, 0, 0], "wmn": 761, "wmt": 11158, "wmd": 0, "wmv": 9591, "wdn": 14, "wdt": 41, "wdd": -100, "wdv": -13, "tlv": "Texas"}