{"loc": "Ward", "iso": "US", "l1": "United States", "l2": "North Dakota", "lvl": 3, "pop": 67641, "key": 14446, "isd": true, "ppd": 35.608000000000004, "med": 38.3, "p65": 15.413, "p70": 9.732000000000001, "hos": 2.77, "exp": 78.86, "adr": 2.0, "amn": 150456.0, "amv": 1051569.0, "amd": 2972.0, "amt": 2112280.0, "tmn": [310, 103, 44, 44, 73, 59, 73, 59, 44, 206, 103, 206, 103, 133, 177, 251, 221, 236, 118, 44, 0], "tmv": [1036, 1655, 1721, 1666, 1928, 1520, 1539, 740, 1856, 2005, 1821, 2051, 2364, 1193, 1200, 2288, 2155, 2600, 2160, 2477, 0], "tmd": [0, 15, 0, 0, 0, 0, 0, 0, 0, 0, 0, 0, 0, 0, 0, 0, 0, 0, 0, 0, 0], "wmn": 1050, "wmt": 9483, "wmd": 0, "wmv": 12884, "wdn": 22, "wdt": 56, "wdd": 0, "wdv": 7, "tlv": "North Dakota"}