{"loc": "Wapello", "iso": "US", "l1": "United States", "l2": "Iowa", "lvl": 3, "pop": 34969, "key": 14445, "isd": true, "ppd": 35.608000000000004, "med": 38.3, "p65": 15.413, "p70": 9.732000000000001, "hos": 2.77, "exp": 78.86, "adr": 3.0, "amn": 122995.0, "amv": 814768.0, "amd": 3489.0, "amt": 458923.0, "tmn": [28, 28, 0, 57, 28, 0, 85, 28, 114, 28, 171, 142, 28, 57, 28, 28, 85, 171, 57, 0, 57], "tmv": [10071, 9169, 6395, 4975, 6773, 8259, 8496, 10027, 6458, 3608, 3001, 5456, 7305, 8515, 7794, 7192, 5713, 4653, 4699, 5814, 5591], "tmd": [29, 0, 0, 0, 0, 0, 0, 0, 0, 0, 0, 0, 0, 0, 0, 0, 0, 0, 0, 0, 0], "wmn": 429, "wmt": 3236, "wmd": 0, "wmv": 41459, "wdn": -25, "wdt": -9, "wdd": 0, "wdv": -7, "tlv": "Iowa"}