{"loc": "Walworth", "iso": "US", "l1": "United States", "l2": "Wisconsin", "lvl": 3, "pop": 103868, "key": 14444, "isd": true, "ppd": 35.608000000000004, "med": 38.3, "p65": 15.413, "p70": 9.732000000000001, "hos": 2.77, "exp": 78.86, "adr": 1.0, "amn": 146667.0, "amv": 1236688.0, "amd": 1800.0, "amt": 1921996.0, "tmn": [548, 722, 471, 356, 394, 0, 0, 385, 548, 365, 625, 799, 0, 0, 404, 673, 423, 452, 0, 693, 0], "tmv": [1671, 0, 0, 2784, 2570, 2833, 3777, 2988, 2423, 2905, 2661, 3390, 3489, 0, 0, 0, 2411, 3257, 3418, 2659, 0], "tmd": [0, 20, 0, 10, 10, 0, 0, 0, 10, 0, 20, 0, 0, 0, 0, 20, 0, 0, 0, 0, 0], "wmn": 2648, "wmt": 36748, "wmd": 20, "wmv": 11747, "wdn": -3, "wdt": 8, "wdd": -33, "wdv": -34, "tlv": "Wisconsin"}