{"loc": "Walworth", "iso": "US", "l1": "United States", "l2": "Wisconsin", "lvl": 3, "pop": 103868, "key": 14444, "isd": true, "ppd": 35.608000000000004, "med": 38.3, "p65": 15.413, "p70": 9.732000000000001, "hos": 2.77, "exp": 78.86, "adr": 1.0, "amn": 106732.0, "amv": 153709.0, "amd": 1377.0, "amt": 1116414.0, "tmn": [385, 269, 250, 221, 413, 365, 67, 0, 346, 125, 385, 202, 240, 105, 0, 154, 182, 221, 134, 28, 96], "tmv": [2687, 2448, 3374, 4677, 5132, 5139, 4690, 3336, 1695, 3330, 4023, 4903, 6734, 6595, 3662, 2393, 4746, 4917, 6132, 6772, 0], "tmd": [0, 0, 20, 0, 0, 0, 10, 0, 10, 0, 20, 10, 20, 0, 0, 10, 39, 0, 0, 0, 0], "wmn": 819, "wmt": 26029, "wmd": 49, "wmv": 28625, "wdn": -42, "wdt": -11, "wdd": -17, "wdv": -7, "tlv": "Wisconsin"}