{"loc": "Walthall", "iso": "US", "l1": "United States", "l2": "Mississippi", "lvl": 3, "pop": 14286, "key": 14440, "isd": true, "ppd": 35.608000000000004, "med": 38.3, "p65": 15.413, "p70": 9.732000000000001, "hos": 2.77, "exp": 78.86, "adr": 3.0, "amn": 85888.0, "amv": 160515.0, "amd": 2730.0, "amt": 565192.0, "tmn": [839, 629, 419, 279, 69, 69, 209, 279, 0, 629, 69, 69, 279, 69, 209, 209, 419, 279, 69, 0, 0], "tmv": [3374, 4677, 5132, 5139, 4690, 3336, 1695, 3330, 4023, 4903, 6734, 6595, 3662, 2393, 4746, 4917, 6132, 6772, 6806, 0, 0], "tmd": [0, 0, 0, 0, 0, 0, 0, 0, 0, 70, 0, 0, 0, 0, 0, 0, 0, 0, 0, 0, 0], "wmn": 1190, "wmt": 12934, "wmd": 0, "wmv": 29376, "wdn": -15, "wdt": -2, "wdd": -100, "wdv": -7, "tlv": "Mississippi"}