{"loc": "Ward", "iso": "US", "l1": "United States", "l2": "North Dakota", "lvl": 3, "pop": 67641, "key": 14446, "isd": true, "ppd": 35.608000000000004, "med": 38.3, "p65": 15.413, "p70": 9.732000000000001, "hos": 2.77, "exp": 78.86, "adr": 2.0, "amn": 138422.0, "amv": 448004.0, "amd": 2839.0, "amt": 1919265.0, "tmn": [59, 103, 147, 147, 133, 14, 192, 44, 133, 147, 44, 59, 0, 103, 29, 44, 147, 29, 44, 44, 206], "tmv": [6157, 7535, 8875, 13887, 4118, 6135, 5026, 6980, 8171, 7842, 9493, 9226, 6156, 5181, 6849, 8594, 10257, 10611, 9961, 7133, 5431], "tmd": [0, 15, 0, 0, 0, 0, 15, 0, 0, 0, 0, 0, 0, 0, 15, 0, 0, 0, 0, 0, 0], "wmn": 548, "wmt": 17046, "wmd": 15, "wmv": 58839, "wdn": 3, "wdt": 31, "wdd": 0, "wdv": 11, "tlv": "North Dakota"}