{"loc": "Ware", "iso": "US", "l1": "United States", "l2": "Georgia", "lvl": 3, "pop": 35734, "key": 14449, "isd": true, "ppd": 35.608000000000004, "med": 38.3, "p65": 15.413, "p70": 9.732000000000001, "hos": 2.77, "exp": 78.86, "adr": 3.0, "amn": 203839.0, "amv": 1236688.0, "amd": 6716.0, "amt": 1136148.0, "tmn": [895, 419, 279, 251, 363, 0, 0, 531, 615, 223, 671, 139, 0, 0, 0, 979, 335, 363, 195, 0, 0], "tmv": [1671, 0, 0, 2784, 2570, 2833, 3777, 2988, 2423, 2905, 2661, 3390, 3489, 0, 0, 0, 2411, 3257, 3418, 2659, 0], "tmd": [28, 0, 140, 0, 28, 0, 0, 28, 56, 56, 56, 0, 0, 0, 0, 112, 0, 0, 0, 0, 0], "wmn": 1875, "wmt": 19811, "wmd": 112, "wmv": 11747, "wdn": -14, "wdt": -14, "wdd": -43, "wdv": -34, "tlv": "Georgia"}