{"loc": "Warren", "iso": "US", "l1": "United States", "l2": "Illinois", "lvl": 3, "pop": 16844, "key": 14451, "isd": true, "ppd": 35.608000000000004, "med": 38.3, "p65": 15.413, "p70": 9.732000000000001, "hos": 2.77, "exp": 78.86, "adr": 3.0, "amn": 107516.0, "amv": 867223.0, "amd": 2790.0, "amt": 1908492.0, "tmn": [0, 237, 237, 178, 237, 178, 0, 118, 118, 59, 0, 59, 118, 59, 59, 0, 59, 0, 178, 118, 178], "tmv": [3608, 3001, 5456, 7305, 8515, 7794, 7192, 5713, 4653, 4699, 5814, 5591, 7265, 6352, 4511, 3409, 5326, 6395, 6671, 7120, 5400], "tmd": [0, 0, 0, 0, 0, 0, 0, 0, 0, 0, 0, 0, 0, 0, 0, 0, 0, 0, 0, 60, 0], "wmn": 594, "wmt": 33341, "wmd": 60, "wmv": 38837, "wdn": 11, "wdt": -12, "wdd": 0, "wdv": -3, "tlv": "Illinois"}