{"loc": "Warren", "iso": "US", "l1": "United States", "l2": "North Carolina", "lvl": 3, "pop": 19731, "key": 14459, "isd": true, "ppd": 35.608000000000004, "med": 38.3, "p65": 15.413, "p70": 9.732000000000001, "hos": 2.77, "exp": 78.86, "adr": 1.0, "amn": 99792.0, "amv": 1121684.0, "amd": 1014.0, "amt": 1330940.0, "tmn": [50, 354, 152, 253, 0, 0, 557, 0, 354, 253, 202, 0, 0, 709, 658, 304, 304, 304, 0, 0, 1165], "tmv": [1875, 1986, 1986, 2786, 3007, 2017, 2605, 1830, 2139, 3106, 3068, 3187, 2953, 1851, 1966, 2813, 2807, 3250, 3257, 2889, 2103], "tmd": [0, 0, 0, 0, 0, 0, 0, 0, 0, 0, 0, 0, 0, 0, 0, 0, 0, 0, 0, 0, 0], "wmn": 2737, "wmt": 29920, "wmd": 0, "wmv": 19089, "wdn": 80, "wdt": 16, "wdd": 0, "wdv": 5, "tlv": "North Carolina"}