{"loc": "Warren", "iso": "US", "l1": "United States", "l2": "Indiana", "lvl": 3, "pop": 8265, "key": 14452, "isd": true, "ppd": 35.608000000000004, "med": 38.3, "p65": 15.413, "p70": 9.732000000000001, "hos": 2.77, "exp": 78.86, "adr": 2.0, "amn": 91349.0, "amv": 220982.0, "amd": 1573.0, "amt": 1186823.0, "tmn": [725, 241, 120, 241, 241, 0, 120, 120, 120, 120, 241, 120, 483, 120, 241, 120, 120, 120, 604, 120, 241], "tmv": [6595, 3662, 2393, 4746, 4917, 6132, 6772, 6806, 0, 0, 3221, 4419, 5606, 5173, 5466, 3298, 2593, 4349, 5491, 6616, 7139], "tmd": [0, 0, 0, 121, 0, 0, 0, 0, 0, 0, 0, 0, 0, 0, 0, 0, 0, 0, 0, 0, 121], "wmn": 1573, "wmt": 39853, "wmd": 121, "wmv": 34956, "wdn": 18, "wdt": 31, "wdd": 0, "wdv": 39, "tlv": "Indiana"}