{"loc": "Warren", "iso": "US", "l1": "United States", "l2": "Illinois", "lvl": 3, "pop": 16844, "key": 14451, "isd": true, "ppd": 35.608000000000004, "med": 38.3, "p65": 15.413, "p70": 9.732000000000001, "hos": 2.77, "exp": 78.86, "adr": 3.0, "amn": 110900.0, "amv": 1046931.0, "amd": 2968.0, "amt": 2116788.0, "tmn": [0, 59, -59, 0, 0, 0, 0, 0, 296, 59, -59, 0, 178, 0, 0, 59, 59, 178, 0, 59, 0], "tmv": [1779, 1363, 1036, 1655, 1721, 1666, 1928, 1520, 1539, 740, 1856, 2005, 1821, 2051, 2364, 1193, 1200, 2288, 2155, 2600, 0], "tmd": [0, 60, 0, 0, 0, 0, 0, 0, 0, 0, 0, 0, 0, 0, 0, 0, 0, 0, 0, 0, 0], "wmn": 357, "wmt": 22841, "wmd": 0, "wmv": 11803, "wdn": -25, "wdt": 20, "wdd": 0, "wdv": 2, "tlv": "Illinois"}