{"loc": "Warren", "iso": "US", "l1": "United States", "l2": "New Jersey", "lvl": 3, "pop": 105267, "key": 14457, "isd": true, "ppd": 35.608000000000004, "med": 38.3, "p65": 15.413, "p70": 9.732000000000001, "hos": 2.77, "exp": 78.86, "adr": 3.0, "amn": 67837.0, "amv": 233408.0, "amd": 2061.0, "amt": 1213587.0, "tmn": [332, 370, 313, 332, 132, 132, 227, 370, 227, 218, 303, 227, 218, 341, 341, 446, 465, 465, 294, 370, 370], "tmv": [4746, 4917, 6132, 6772, 6806, 0, 0, 3221, 4419, 5606, 5173, 5466, 3298, 2593, 4349, 5491, 6616, 7139, 7375, 5050, 0], "tmd": [19, 19, 0, 0, 0, 0, 0, 10, 10, 0, 19, 0, 0, 10, 19, 0, 0, 0, 0, 0, 10], "wmn": 2755, "wmt": 37442, "wmd": 29, "wmv": 36022, "wdn": 44, "wdt": -8, "wdd": -40, "wdv": 21, "tlv": "New Jersey"}