{"loc": "Wasco", "iso": "US", "l1": "United States", "l2": "Oregon", "lvl": 3, "pop": 26682, "key": 14466, "isd": true, "ppd": 35.608000000000004, "med": 38.3, "p65": 15.413, "p70": 9.732000000000001, "hos": 2.77, "exp": 78.86, "adr": 2.0, "amn": 45686.0, "amv": 197386.0, "amd": 974.0, "amt": 832364.0, "tmn": [149, 149, 187, 112, 74, 224, 112, 149, 37, 37, 74, 0, 37, 0, 149, 37, 0, 0, 0, 0, 37], "tmv": [4023, 4903, 6734, 6595, 3662, 2393, 4746, 4917, 6132, 6772, 6806, 0, 0, 3221, 4419, 5606, 5173, 5466, 3298, 2593, 0], "tmd": [38, 0, 0, 0, 0, 0, 0, 0, 0, 38, 0, 0, 0, 0, 0, 0, 0, 0, 0, 0, 38], "wmn": 225, "wmt": 21506, "wmd": 38, "wmv": 26559, "wdn": -33, "wdt": 0, "wdd": 0, "wdv": -5, "tlv": "Oregon"}