{"loc": "Warren", "iso": "US", "l1": "United States", "l2": "Ohio", "lvl": 3, "pop": 234602, "key": 14460, "isd": true, "ppd": 35.608000000000004, "med": 38.3, "p65": 15.413, "p70": 9.732000000000001, "hos": 2.77, "exp": 78.86, "adr": 1.0, "amn": 140250.0, "amv": 1255502.0, "amd": 1607.0, "amt": 1458144.0, "tmn": [379, 524, 490, 485, 349, 468, 140, 255, 366, 477, 468, 341, 221, 217, 213, 447, 238, 349, 285, 187, 98], "tmv": [2423, 2905, 2661, 3390, 3489, 0, 0, 0, 2411, 3257, 3418, 2659, 2485, 1614, 1945, 2278, 2491, 2890, 2710, 2395, 0], "tmd": [5, 0, 0, 5, 0, 0, 5, 0, 0, 5, 5, 0, 0, 0, 0, 0, 0, 0, 0, 0, 0], "wmn": 1821, "wmt": 18541, "wmd": 0, "wmv": 14714, "wdn": -23, "wdt": -5, "wdd": -100, "wdv": -7, "tlv": "Ohio"}