{"loc": "Waseca", "iso": "US", "l1": "United States", "l2": "Minnesota", "lvl": 3, "pop": 18612, "key": 14467, "isd": true, "ppd": 35.608000000000004, "med": 38.3, "p65": 15.413, "p70": 9.732000000000001, "hos": 2.77, "exp": 78.86, "adr": 1.0, "amn": 114603.0, "amv": 290534.0, "amd": 1021.0, "amt": 1271277.0, "tmn": [268, 161, 268, 161, 161, 322, 214, 322, 376, 107, 53, -107, 322, 214, 214, 161, 429, 161, 752, 214, -161], "tmv": [5606, 5173, 5466, 3298, 2593, 4349, 5491, 6616, 7139, 7375, 5050, 5255, 5793, 6168, 7391, 8814, 7404, 5275, 4864, 6157, 0], "tmd": [0, 0, 0, 0, 0, 0, 0, 0, 0, 0, 0, 0, 0, 0, 0, 0, 0, 0, 108, 0, 0], "wmn": 1774, "wmt": 25837, "wmd": 108, "wmv": 39909, "wdn": 38, "wdt": -24, "wdd": 0, "wdv": -8, "tlv": "Minnesota"}