{"loc": "Warren", "iso": "US", "l1": "United States", "l2": "Virginia", "lvl": 3, "pop": 40164, "key": 14463, "isd": true, "ppd": 35.608000000000004, "med": 38.3, "p65": 15.413, "p70": 9.732000000000001, "hos": 2.77, "exp": 78.86, "adr": 2.0, "amn": 111443.0, "amv": 1187231.0, "amd": 1768.0, "amt": 1083599.0, "tmn": [771, 1219, 0, 0, 2041, 647, 846, 921, 871, 0, 0, 1942, 597, 672, 896, 871, 0, 0, 1543, 572, 846], "tmv": [2024, 2876, 2739, 2336, 1790, 1886, 2554, 2257, 2903, 2781, 2047, 1978, 1647, 2163, 995, 2262, 2445, 2251, 1671, 1480, 0], "tmd": [0, 0, 0, 0, 0, 0, 0, 0, 0, 0, 0, 0, 75, 0, 0, 0, 0, 0, 25, 25, 25], "wmn": 4731, "wmt": 20453, "wmd": 75, "wmv": 11106, "wdn": -5, "wdt": -3, "wdd": 0, "wdv": -30, "tlv": "Virginia"}