{"loc": "Washburn", "iso": "US", "l1": "United States", "l2": "Wisconsin", "lvl": 3, "pop": 15720, "key": 14469, "isd": true, "ppd": 35.608000000000004, "med": 38.3, "p65": 15.413, "p70": 9.732000000000001, "hos": 2.77, "exp": 78.86, "adr": 1.0, "amn": 112023.0, "amv": 1146163.0, "amd": 1590.0, "amt": 1729578.0, "tmn": [0, 0, 63, 127, 127, 127, 318, 0, 0, 508, 254, 318, 127, 318, 0, 0, 1590, 0, 699, 826, 826], "tmv": [3187, 2953, 1851, 1966, 2813, 2807, 3250, 3257, 2889, 2103, 1988, 3241, 2538, 4249, 2950, 0, 0, 0, 2913, 2024, 0], "tmd": [0, 0, 0, 0, 0, 0, 0, 0, 0, 0, 64, 0, 0, 0, 0, 0, 0, 0, 0, 0, 0], "wmn": 3945, "wmt": 22213, "wmd": 0, "wmv": 7888, "wdn": 158, "wdt": -13, "wdd": -100, "wdv": -61, "tlv": "Wisconsin"}