{"loc": "Warren", "iso": "US", "l1": "United States", "l2": "Virginia", "lvl": 3, "pop": 40164, "key": 14463, "isd": true, "ppd": 35.608000000000004, "med": 38.3, "p65": 15.413, "p70": 9.732000000000001, "hos": 2.77, "exp": 78.86, "adr": 2.0, "amn": 86993.0, "amv": 1104562.0, "amd": 1593.0, "amt": 984322.0, "tmn": [398, 323, 0, 0, 871, 398, 273, 373, 124, 0, 0, 647, 373, 298, 473, 323, 0, 0, 622, 473, 622], "tmv": [2622, 2492, 2548, 2348, 1615, 1875, 1986, 1986, 2786, 3007, 2017, 2605, 1830, 2139, 3106, 3068, 3187, 2953, 1851, 1966, 0], "tmd": [0, 25, 0, 0, 25, 0, 0, 25, 0, 0, 0, 0, 0, 0, 0, 0, 0, 0, 0, 0, 0], "wmn": 2515, "wmt": 16479, "wmd": 0, "wmv": 16136, "wdn": 38, "wdt": 13, "wdd": -100, "wdv": -1, "tlv": "Virginia"}