{"loc": "Wasatch", "iso": "US", "l1": "United States", "l2": "Utah", "lvl": 3, "pop": 34091, "key": 14465, "isd": true, "ppd": 35.608000000000004, "med": 38.3, "p65": 15.413, "p70": 9.732000000000001, "hos": 2.77, "exp": 78.86, "adr": 0.0, "amn": 134933.0, "amv": 705407.0, "amd": 616.0, "amt": 1018742.0, "tmn": [117, 205, 117, 117, 0, 29, 234, 58, 410, 146, 117, 58, 58, 58, 146, 29, 146, 87, 117, 117, 117], "tmv": [10329, 12013, 14052, 10864, 8027, 7863, 7615, 10699, 12037, 10893, 10729, 6600, 5484, 7781, 9092, 10242, 10071, 9169, 6395, 4975, 0], "tmd": [0, 0, 0, 0, 0, 0, 0, 0, 0, 0, 0, 0, 0, 0, 0, 0, 0, 0, 0, 0, 0], "wmn": 763, "wmt": 13471, "wmd": 0, "wmv": 49947, "wdn": -16, "wdt": -20, "wdd": 0, "wdv": -22, "tlv": "Utah"}