{"loc": "Warren", "iso": "US", "l1": "United States", "l2": "Tennessee", "lvl": 3, "pop": 41277, "key": 14462, "isd": true, "ppd": 35.608000000000004, "med": 38.3, "p65": 15.413, "p70": 9.732000000000001, "hos": 2.77, "exp": 78.86, "adr": 1.0, "amn": 141192.0, "amv": 1072054.0, "amd": 2059.0, "amt": 1259610.0, "tmn": [145, 0, 0, 411, 24, 290, 266, 72, 0, 0, 629, 121, 266, 121, 363, 0, 0, 678, 532, 363, 678], "tmv": [1821, 2051, 2364, 1193, 1200, 2288, 2155, 2600, 2160, 2477, 1419, 1374, 2201, 2622, 2492, 2548, 2348, 1615, 1875, 1986, 0], "tmd": [0, 0, 0, 25, 0, 0, 0, 0, 0, 0, 0, 0, 0, 0, 0, 0, 0, 0, 0, 0, 0], "wmn": 2617, "wmt": 16764, "wmd": 0, "wmv": 12867, "wdn": 116, "wdt": 23, "wdd": 0, "wdv": -13, "tlv": "Tennessee"}