{"loc": "Warren", "iso": "US", "l1": "United States", "l2": "Virginia", "lvl": 3, "pop": 40164, "key": 14463, "isd": true, "ppd": 35.608000000000004, "med": 38.3, "p65": 15.413, "p70": 9.732000000000001, "hos": 2.77, "exp": 78.86, "adr": 2.0, "amn": 77781.0, "amv": 955999.0, "amd": 1469.0, "amt": 889012.0, "tmn": [-124, 24, 49, 0, 0, 99, 24, 24, 24, 24, 74, 323, 224, 248, 348, 49, 0, -24, 224, 522, 124], "tmv": [4872, 3714, 0, 0, 1543, 2452, 4248, 3485, 4157, 3682, 3252, 2518, 2835, 2495, 4865, 3672, 4016, 3766, 3121, 6234, 0], "tmd": [0, 0, 0, 0, 25, 0, 0, 0, 0, 0, 0, 0, 0, 0, 0, 0, 0, 0, 0, 0, 0], "wmn": 1245, "wmt": 7841, "wmd": 0, "wmv": 25677, "wdn": 32, "wdt": -1, "wdd": 0, "wdv": 14, "tlv": "Virginia"}