{"loc": "Washington", "iso": "US", "l1": "United States", "l2": "Alabama", "lvl": 3, "pop": 16326, "key": 14471, "isd": true, "ppd": 35.608000000000004, "med": 38.3, "p65": 15.413, "p70": 9.732000000000001, "hos": 2.77, "exp": 78.86, "adr": 2.0, "amn": 148597.0, "amv": 1165506.0, "amd": 2756.0, "amt": 562193.0, "tmn": [673, 551, 367, 2143, 1653, 490, 796, 122, 183, 183, 428, 367, 612, 490, 612, 245, 61, 306, 1286, 245, 245], "tmv": [3257, 2889, 2103, 1988, 3241, 2538, 4249, 2950, 0, 0, 0, 2913, 2024, 2876, 2739, 2336, 1790, 1886, 2554, 2257, 2903], "tmd": [0, 0, 0, 62, 0, 0, 0, 0, 0, 0, 0, 0, 0, 0, 0, 0, 0, 0, 62, 0, 62], "wmn": 3002, "wmt": 0, "wmd": 123, "wmv": 16467, "wdn": 26, "wdt": 0, "wdd": 0, "wdv": 53, "tlv": "Alabama"}