{"loc": "Washington", "iso": "US", "l1": "United States", "l2": "Georgia", "lvl": 3, "pop": 20374, "key": 14475, "isd": true, "ppd": 35.608000000000004, "med": 38.3, "p65": 15.413, "p70": 9.732000000000001, "hos": 2.77, "exp": 78.86, "adr": 4.0, "amn": 101845.0, "amv": 991062.0, "amd": 4319.0, "amt": 858636.0, "tmn": [196, 0, 49, 0, 0, 49, 0, 0, 49, 0, 0, 0, 49, 0, 49, 49, 0, 0, 49, 0, 0], "tmv": [2495, 4865, 3672, 4016, 3766, 3121, 6234, 3276, 3244, 2575, 1851, 1965, 1967, 2474, 1554, 2803, 3655, 3299, 2241, 4154, 0], "tmd": [0, 0, 0, 0, 0, 0, 0, 0, 0, 0, 0, 0, 0, 0, 0, 0, 0, 0, 0, 0, 0], "wmn": 148, "wmt": 7245, "wmd": 0, "wmv": 17709, "wdn": 50, "wdt": 1, "wdd": 0, "wdv": 2, "tlv": "Georgia"}