{"loc": "Washington", "iso": "US", "l1": "United States", "l2": "Illinois", "lvl": 3, "pop": 13887, "key": 14477, "isd": true, "ppd": 35.608000000000004, "med": 38.3, "p65": 15.413, "p70": 9.732000000000001, "hos": 2.77, "exp": 78.86, "adr": 1.0, "amn": 112479.0, "amv": 160515.0, "amd": 1656.0, "amt": 1359256.0, "tmn": [432, 504, 216, 360, 144, 144, 72, 144, 648, 360, 216, 216, 144, 144, 0, 0, 216, 432, 0, 216, 0], "tmv": [2448, 3374, 4677, 5132, 5139, 4690, 3336, 1695, 3330, 4023, 4903, 6734, 6595, 3662, 2393, 4746, 4917, 6132, 6772, 6806, 0], "tmd": [0, 0, 0, 0, 73, 0, 0, 0, 0, 0, 0, 0, 0, 73, 0, 0, 73, 0, 0, 0, 0], "wmn": 865, "wmt": 42650, "wmd": 73, "wmv": 31769, "wdn": -54, "wdt": -7, "wdd": 0, "wdv": 3, "tlv": "Illinois"}