{"loc": "Washington", "iso": "US", "l1": "United States", "l2": "Iowa", "lvl": 3, "pop": 21965, "key": 14479, "isd": true, "ppd": 35.608000000000004, "med": 38.3, "p65": 15.413, "p70": 9.732000000000001, "hos": 2.77, "exp": 78.86, "adr": 2.0, "amn": 108809.0, "amv": 238664.0, "amd": 2140.0, "amt": 418055.0, "tmn": [227, 318, 45, 136, 591, 227, 182, 318, 45, 0, 91, 182, 136, 273, -136, 0, 0, 0, 227, 0, 136], "tmv": [4917, 6132, 6772, 6806, 0, 0, 3221, 4419, 5606, 5173, 5466, 3298, 2593, 4349, 5491, 6616, 7139, 7375, 5050, 5255, 0], "tmd": [0, 46, 0, 0, 0, 0, 92, 0, 0, 0, 0, 46, 0, 46, 92, 0, 0, 0, 0, 0, 0], "wmn": 228, "wmt": 4150, "wmd": 92, "wmv": 36929, "wdn": -78, "wdt": 4, "wdd": 0, "wdv": 19, "tlv": "Iowa"}