{"loc": "Washington", "iso": "US", "l1": "United States", "l2": "Arkansas", "lvl": 3, "pop": 239187, "key": 14472, "isd": true, "ppd": 35.608000000000004, "med": 38.3, "p65": 15.413, "p70": 9.732000000000001, "hos": 2.77, "exp": 78.86, "adr": 1.0, "amn": 124095.0, "amv": 279512.0, "amd": 1380.0, "amt": 907524.0, "tmn": [359, 163, 167, 259, 108, 41, 301, 204, 229, 104, 192, 209, 45, 137, 104, 234, 209, 154, 20, 79, 250], "tmv": [3221, 4419, 5606, 5173, 5466, 3298, 2593, 4349, 5491, 6616, 7139, 7375, 5050, 5255, 5793, 6168, 7391, 8814, 7404, 5275, 0], "tmd": [0, 0, 9, 0, 0, 0, 0, 5, 0, 0, 0, -4, 0, 0, 0, 0, 0, 0, 0, 0, 5], "wmn": 1054, "wmt": 12040, "wmd": 5, "wmv": 40849, "wdn": -6, "wdt": -61, "wdd": 0, "wdv": -1, "tlv": "Arkansas"}