{"loc": "Washington", "iso": "US", "l1": "United States", "l2": "Arkansas", "lvl": 3, "pop": 239187, "key": 14472, "isd": true, "ppd": 35.608000000000004, "med": 38.3, "p65": 15.413, "p70": 9.732000000000001, "hos": 2.77, "exp": 78.86, "adr": 1.0, "amn": 122649.0, "amv": 220982.0, "amd": 1380.0, "amt": 875435.0, "tmn": [167, 129, 372, 321, 246, 267, 242, 87, 54, 121, 359, 163, 167, 259, 108, 41, 301, 204, 229, 104, 192], "tmv": [6595, 3662, 2393, 4746, 4917, 6132, 6772, 6806, 0, 0, 3221, 4419, 5606, 5173, 5466, 3298, 2593, 4349, 5491, 6616, 7139], "tmd": [0, 9, 13, 21, 0, 0, 13, 0, 0, 0, 0, 0, 9, 0, 0, 0, 0, 5, 0, 0, 0], "wmn": 1184, "wmt": 13735, "wmd": 5, "wmv": 34956, "wdn": -2, "wdt": 89, "wdd": -50, "wdv": 39, "tlv": "Arkansas"}