{"loc": "Washim", "iso": "IN", "l1": "India", "l2": "Maharashtra", "lvl": 3, "pop": 1196714, "key": 14470, "isd": true, "ppd": 450.41900000000004, "med": 28.2, "p65": 5.989, "p70": 3.4139999999999997, "hos": 0.53, "exp": 69.66, "adr": 2.0, "amn": 9092.0, "amv": 18612.0, "amd": 140.0, "amt": 139782.0, "tmn": [82, 76, 105, 41, 74, 263, 191, 125, 103, 71, 142, 153, 118, 149, 172, 206, 208, 107, 82, 111, 106], "tmv": [437, 281, 178, 245, 350, 332, 507, 499, 351, 42, 400, 555, 721, 1006, 1081, 1032, 48, 1463, 984, 954, 0], "tmd": [0, 0, 0, 0, 1, 0, 0, 0, 0, 2, 1, 1, 0, 0, 1, 0, 0, 0, 1, 0, 0], "wmn": 997, "wmt": 5011, "wmd": 2, "wmv": 5565, "wdn": 15, "wdt": 8, "wdd": -50, "wdv": 56, "tlv": "Maharashtra"}