{"loc": "Washington", "iso": "US", "l1": "United States", "l2": "Idaho", "lvl": 3, "pop": 10194, "key": 14476, "isd": true, "ppd": 35.608000000000004, "med": 38.3, "p65": 15.413, "p70": 9.732000000000001, "hos": 2.77, "exp": 78.86, "adr": 2.0, "amn": 182656.0, "amv": 1263117.0, "amd": 4512.0, "amt": 563464.0, "tmn": [980, 1079, 392, 0, 0, 882, 1569, 1275, 1079, 784, 0, 196, 588, 588, 392, 686, 980, 196, 392, 392, 1569], "tmv": [2661, 3390, 3489, 0, 0, 0, 2411, 3257, 3418, 2659, 2485, 1614, 1945, 2278, 2491, 2890, 2710, 2395, 1993, 2154, 3467], "tmd": [0, 0, 0, 0, 0, 0, 0, 0, 0, 0, 0, 197, 0, 0, 99, 0, 0, 0, 0, 197, 0], "wmn": 4611, "wmt": 6755, "wmd": 295, "wmv": 18105, "wdn": 2, "wdt": 6, "wdd": 50, "wdv": 3, "tlv": "Idaho"}