{"loc": "Washington", "iso": "US", "l1": "United States", "l2": "Nebraska", "lvl": 3, "pop": 20729, "key": 14488, "isd": true, "ppd": 35.608000000000004, "med": 38.3, "p65": 15.413, "p70": 9.732000000000001, "hos": 2.77, "exp": 78.86, "adr": 1.0, "amn": 101404.0, "amv": 511713.0, "amd": 1061.0, "amt": 1370769.0, "tmn": [-48, 48, 192, 96, 48, 0, 144, 241, 96, 48, 289, 96, 48, 289, 241, 144, 482, 192, 192, 0, 144], "tmv": [6980, 8171, 7842, 9493, 9226, 6156, 5181, 6849, 8594, 10257, 10611, 9961, 7133, 5431, 8106, 10192, 12065, 12389, 10214, 6477, 4262], "tmd": [0, 0, 0, 0, 0, 0, 0, 49, 0, 0, 0, 0, 0, 0, 0, 0, 0, 0, 0, 0, 0], "wmn": 1400, "wmt": 37556, "wmd": 0, "wmv": 63709, "wdn": 26, "wdt": 34, "wdd": -100, "wdv": 8, "tlv": "Nebraska"}