{"loc": "Washington", "iso": "US", "l1": "United States", "l2": "Kansas", "lvl": 3, "pop": 5406, "key": 14480, "isd": true, "ppd": 35.608000000000004, "med": 38.3, "p65": 15.413, "p70": 9.732000000000001, "hos": 2.77, "exp": 78.86, "adr": 2.0, "amn": 146504.0, "amv": 1250395.0, "amd": 2775.0, "amt": 621482.0, "tmn": [0, 739, 0, 1109, 0, 2589, 0, 0, 1479, 0, 3884, 0, 2034, 0, 0, 1664, 0, 1109, 0, 1109, 0], "tmv": [3777, 2988, 2423, 2905, 2661, 3390, 3489, 0, 0, 0, 2411, 3257, 3418, 2659, 2485, 1614, 1945, 2278, 2491, 2890, 0], "tmd": [0, 0, 0, 0, 0, 0, 0, 0, 0, 0, 0, 0, 0, 0, 0, 0, 0, 0, 0, 0, 0], "wmn": 3885, "wmt": 6266, "wmd": 0, "wmv": 13708, "wdn": -48, "wdt": -5, "wdd": 0, "wdv": 17, "tlv": "Kansas"}