{"loc": "Washington", "iso": "US", "l1": "United States", "l2": "Nebraska", "lvl": 3, "pop": 20729, "key": 14488, "isd": true, "ppd": 35.608000000000004, "med": 38.3, "p65": 15.413, "p70": 9.732000000000001, "hos": 2.77, "exp": 78.86, "adr": 1.0, "amn": 97207.0, "amv": 238664.0, "amd": 1013.0, "amt": 1236761.0, "tmn": [144, 482, 0, 192, 144, 48, 48, -48, 144, 48, 192, 0, 96, 0, 48, 48, 144, 48, 96, 96, 144], "tmv": [4917, 6132, 6772, 6806, 0, 0, 3221, 4419, 5606, 5173, 5466, 3298, 2593, 4349, 5491, 6616, 7139, 7375, 5050, 5255, 0], "tmd": [0, 0, 0, 0, 0, 0, 0, 0, 0, 49, 0, 0, 0, 0, 0, 49, 0, 0, 0, 0, 0], "wmn": 628, "wmt": 29440, "wmd": 49, "wmv": 36929, "wdn": 44, "wdt": 3, "wdd": 0, "wdv": 19, "tlv": "Nebraska"}