{"loc": "Washington", "iso": "US", "l1": "United States", "l2": "Maine", "lvl": 3, "pop": 31379, "key": 14483, "isd": true, "ppd": 35.608000000000004, "med": 38.3, "p65": 15.413, "p70": 9.732000000000001, "hos": 2.77, "exp": 78.86, "adr": 1.0, "amn": 83304.0, "amv": 1476857.0, "amd": 1179.0, "amt": 2428385.0, "tmn": [159, 0, 0, 0, 0, -31, 446, 701, 223, 573, 0, 0, 223, 956, 191, 1306, 1179, 31, 0, 2103, 350], "tmv": [70, 3476, 2565, 1693, 4764, 5451, 6033, 6077, 6801, 4120, 2054, 5104, 5248, 5184, 4986, 5175, 2683, 957, 367, 0, 0], "tmd": [0, 0, 0, 0, 32, 32, 0, 32, 0, 32, 0, 0, 96, 32, 0, 0, 32, 0, 0, 0, 0], "wmn": 5163, "wmt": 53433, "wmd": 32, "wmv": 14171, "wdn": 93, "wdt": 25, "wdd": -83, "wdv": -59, "tlv": "Maine"}