{"loc": "Washington", "iso": "US", "l1": "United States", "l2": "New York", "lvl": 3, "pop": 61204, "key": 14489, "isd": true, "ppd": 35.608000000000004, "med": 38.3, "p65": 15.413, "p70": 9.732000000000001, "hos": 2.77, "exp": 78.86, "adr": 1.0, "amn": 74064.0, "amv": 1236688.0, "amd": 1095.0, "amt": 3767108.0, "tmn": [310, 375, 326, 473, 506, 261, 212, 98, 424, 408, 310, 457, 310, 81, 310, 441, 718, 457, 571, 473, 228], "tmv": [1671, 0, 0, 2784, 2570, 2833, 3777, 2988, 2423, 2905, 2661, 3390, 3489, 0, 0, 0, 2411, 3257, 3418, 2659, 0], "tmd": [0, 0, 0, 0, 0, 0, 0, 0, 0, 0, 0, 0, 0, 0, 0, 0, 0, 0, 0, 17, 17], "wmn": 3203, "wmt": 63390, "wmd": 33, "wmv": 11747, "wdn": 53, "wdt": -7, "wdd": 0, "wdv": -34, "tlv": "New York"}