{"loc": "Washington", "iso": "US", "l1": "United States", "l2": "Mississippi", "lvl": 3, "pop": 43909, "key": 14486, "isd": true, "ppd": 35.608000000000004, "med": 38.3, "p65": 15.413, "p70": 9.732000000000001, "hos": 2.77, "exp": 78.86, "adr": 2.0, "amn": 169874.0, "amv": 1263117.0, "amd": 3667.0, "amt": 859632.0, "tmn": [250, 91, 0, 0, 318, 136, 159, 182, 91, 0, 0, 136, 865, 204, 91, 364, 0, 0, 113, 341, 22], "tmv": [2661, 3390, 3489, 0, 0, 0, 2411, 3257, 3418, 2659, 2485, 1614, 1945, 2278, 2491, 2890, 2710, 2395, 1993, 2154, 3467], "tmd": [0, 0, 0, 0, 23, 0, 0, 0, 0, 0, 0, 23, 0, 0, 0, 23, 0, 0, 46, 23, 0], "wmn": 934, "wmt": 7239, "wmd": 92, "wmv": 18105, "wdn": -37, "wdt": -12, "wdd": 300, "wdv": 3, "tlv": "Mississippi"}