{"loc": "Washington", "iso": "US", "l1": "United States", "l2": "Kentucky", "lvl": 3, "pop": 12095, "key": 14481, "isd": true, "ppd": 35.608000000000004, "med": 38.3, "p65": 15.413, "p70": 9.732000000000001, "hos": 2.77, "exp": 78.86, "adr": 3.0, "amn": 119884.0, "amv": 867223.0, "amd": 3059.0, "amt": 1183630.0, "tmn": [0, 82, 0, 82, 165, -82, 82, 0, 82, 165, 82, 248, 82, 0, 0, 0, 330, 0, 82, 82, 0], "tmv": [3608, 3001, 5456, 7305, 8515, 7794, 7192, 5713, 4653, 4699, 5814, 5591, 7265, 6352, 4511, 3409, 5326, 6395, 6671, 7120, 5400], "tmd": [83, 0, 0, 0, 0, 0, 0, 0, 0, 0, 0, 0, 0, 0, 0, 0, 0, 0, 0, 0, 0], "wmn": 497, "wmt": 11127, "wmd": 0, "wmv": 38837, "wdn": -25, "wdt": -8, "wdd": 0, "wdv": -3, "tlv": "Kentucky"}