{"loc": "Washington", "iso": "US", "l1": "United States", "l2": "Ohio", "lvl": 3, "pop": 59911, "key": 14491, "isd": true, "ppd": 35.608000000000004, "med": 38.3, "p65": 15.413, "p70": 9.732000000000001, "hos": 2.77, "exp": 78.86, "adr": 2.0, "amn": 120929.0, "amv": 1176126.0, "amd": 2003.0, "amt": 1356681.0, "tmn": [1101, 751, 934, 400, 968, 1368, 1335, 1952, 1235, 684, 1018, 1468, 1518, 1318, 1235, 1018, 484, 484, 367, 1101, 1034], "tmv": [4249, 2950, 0, 0, 0, 2913, 2024, 2876, 2739, 2336, 1790, 1886, 2554, 2257, 2903, 2781, 2047, 1978, 1647, 2163, 0], "tmd": [0, 0, 0, 0, 17, 0, 17, 0, 0, 0, 0, 0, 0, 0, 0, 0, 0, 0, 17, 0, 0], "wmn": 5726, "wmt": 25692, "wmd": 17, "wmv": 13523, "wdn": -38, "wdt": -2, "wdd": 0, "wdv": -18, "tlv": "Ohio"}