{"loc": "Washington", "iso": "US", "l1": "United States", "l2": "Ohio", "lvl": 3, "pop": 59911, "key": 14491, "isd": true, "ppd": 35.608000000000004, "med": 38.3, "p65": 15.413, "p70": 9.732000000000001, "hos": 2.77, "exp": 78.86, "adr": 2.0, "amn": 136119.0, "amv": 1263117.0, "amd": 2454.0, "amt": 1463595.0, "tmn": [300, 317, 550, 133, 350, 383, 417, 250, 233, 133, 233, 116, 116, 350, 317, 133, 200, 150, 283, 183, 216], "tmv": [3390, 3489, 0, 0, 0, 2411, 3257, 3418, 2659, 2485, 1614, 1945, 2278, 2491, 2890, 2710, 2395, 1993, 2154, 3467, 0], "tmd": [0, 17, 17, 0, 0, 0, 0, 0, 0, 0, 0, 0, 0, 0, 0, 0, 0, 0, 51, 0, 0], "wmn": 1486, "wmt": 17885, "wmd": 51, "wmv": 15613, "wdn": 3, "wdt": -9, "wdd": 0, "wdv": -8, "tlv": "Ohio"}