{"loc": "Washington", "iso": "US", "l1": "United States", "l2": "Washington", "lvl": 2, "pop": 7614893, "key": 14498, "isd": true, "ppd": 35.608000000000004, "med": 38.3, "p65": 15.413, "p70": 9.732000000000001, "hos": 2.77, "exp": 78.86, "adr": 1.0, "amn": 86792.0, "amv": 1197969.0, "amd": 1020.0, "amt": 1292525.0, "tmn": [1238, 361, 493, 420, 509, 0, 0, 1015, 332, 296, 536, 410, 0, 0, 1154, 358, 354, 382, 431, 0, 0], "tmv": [1790, 1886, 2554, 2257, 2903, 2781, 2047, 1978, 1647, 2163, 995, 2262, 2445, 2251, 1671, 0, 0, 2784, 2570, 2833, 0], "tmd": [9, 8, 7, 8, 8, 0, 0, 10, 6, 8, 9, 8, 0, 0, 5, 9, 9, 10, 6, 0, 0], "wmn": 2681, "wmt": 0, "wmd": 36, "wmv": 9860, "wdn": 3, "wdt": 0, "wdd": -8, "wdv": -28, "tlv": "Washington"}