{"loc": "Washington", "iso": "US", "l1": "United States", "l2": "Ohio", "lvl": 3, "pop": 59911, "key": 14491, "isd": true, "ppd": 35.608000000000004, "med": 38.3, "p65": 15.413, "p70": 9.732000000000001, "hos": 2.77, "exp": 78.86, "adr": 2.0, "amn": 139574.0, "amv": 1341580.0, "amd": 2554.0, "amt": 1509328.0, "tmn": [283, 183, 216, 133, 233, 83, 133, 317, 133, 216, 233, 100, 150, 200, 200, 317, 350, 166, 183, 133, 166], "tmv": [4456, 4611, 4549, 5061, 2356, 1255, 4023, 4168, 4272, 4405, 5092, 2672, 1421, 3738, 4100, 4188, 3596, 4102, 1618, 109, 0], "tmd": [0, 0, 0, 0, 0, 0, 0, 0, 0, 0, 0, 0, 0, 0, 0, 0, 0, 0, 0, 0, 0], "wmn": 1519, "wmt": 17472, "wmd": 0, "wmv": 17716, "wdn": 12, "wdt": 4, "wdd": 0, "wdv": -31, "tlv": "Ohio"}