{"loc": "Washington", "iso": "US", "l1": "United States", "l2": "Oregon", "lvl": 3, "pop": 601592, "key": 14493, "isd": true, "ppd": 35.608000000000004, "med": 38.3, "p65": 15.413, "p70": 9.732000000000001, "hos": 2.77, "exp": 78.86, "adr": 1.0, "amn": 34738.0, "amv": 191493.0, "amd": 347.0, "amt": 821717.0, "tmn": [109, 103, 137, 154, 91, 78, 79, 68, 84, 93, 83, 86, 48, 48, 34, 33, 88, 88, 103, 1, 51], "tmv": [1695, 3330, 4023, 4903, 6734, 6595, 3662, 2393, 4746, 4917, 6132, 6772, 6806, 0, 0, 3221, 4419, 5606, 5173, 5466, 0], "tmd": [0, 0, 0, 0, 5, 0, 0, 0, 7, 4, 10, 2, 0, 0, 0, 2, 0, 0, 2, 0, 0], "wmn": 401, "wmt": 19225, "wmd": 4, "wmv": 23888, "wdn": -22, "wdt": -28, "wdd": -85, "wdv": -25, "tlv": "Oregon"}