{"loc": "Washington", "iso": "US", "l1": "United States", "l2": "Washington", "lvl": 2, "pop": 7614893, "key": 14498, "isd": true, "ppd": 35.608000000000004, "med": 38.3, "p65": 15.413, "p70": 9.732000000000001, "hos": 2.77, "exp": 78.86, "adr": 1.0, "amn": 62125.0, "amv": 1051569.0, "amd": 804.0, "amt": 1159259.0, "tmn": [210, 145, 92, 103, 99, 0, 0, 233, 95, 126, 336, 0, 17, 0, 403, 134, 151, 114, 93, 0, 0], "tmv": [1363, 1036, 1655, 1721, 1666, 1928, 1520, 1539, 740, 1856, 2005, 1821, 2051, 2364, 1193, 1200, 2288, 2155, 2600, 2160, 2477], "tmd": [1, 3, 1, 2, 1, 0, 0, 1, 2, 1, 1, 0, 2, 0, 2, 2, 1, 3, 1, 0, 0], "wmn": 899, "wmt": 13561, "wmd": 6, "wmv": 14077, "wdn": 11, "wdt": -88, "wdd": 22, "wdv": 14, "tlv": "Washington"}