{"loc": "Washington", "iso": "US", "l1": "United States", "l2": "Pennsylvania", "lvl": 3, "pop": 206865, "key": 14494, "isd": true, "ppd": 35.608000000000004, "med": 38.3, "p65": 15.413, "p70": 9.732000000000001, "hos": 2.77, "exp": 78.86, "adr": 2.0, "amn": 106596.0, "amv": 1179384.0, "amd": 1648.0, "amt": 1324712.0, "tmn": [502, 265, 174, 217, 720, 459, 676, 773, 536, 362, 328, 720, 918, 488, 1019, 488, 265, 831, 497, 792, 575], "tmv": [2950, 0, 0, 0, 2913, 2024, 2876, 2739, 2336, 1790, 1886, 2554, 2257, 2903, 2781, 2047, 1978, 1647, 2163, 995, 2262], "tmd": [0, 0, 0, 0, 15, 5, 0, 0, 0, 0, 30, 0, 15, 5, 0, 5, 0, 0, 10, 5, 10], "wmn": 4472, "wmt": 27001, "wmd": 30, "wmv": 13878, "wdn": 8, "wdt": 8, "wdd": -40, "wdv": -16, "tlv": "Pennsylvania"}