{"loc": "Washington", "iso": "US", "l1": "United States", "l2": "Tennessee", "lvl": 3, "pop": 129375, "key": 14496, "isd": true, "ppd": 35.608000000000004, "med": 38.3, "p65": 15.413, "p70": 9.732000000000001, "hos": 2.77, "exp": 78.86, "adr": 2.0, "amn": 98110.0, "amv": 201735.0, "amd": 1793.0, "amt": 1004448.0, "tmn": [139, 200, 170, 108, -247, -1058, 85, 255, 255, 61, 77, 85, 200, 200, 92, 170, 131, 30, 139, 92, 170], "tmv": [4903, 6734, 6595, 3662, 2393, 4746, 4917, 6132, 6772, 6806, 0, 0, 3221, 4419, 5606, 5173, 5466, 3298, 2593, 4349, 0], "tmd": [8, 0, 0, 24, -7, -15, -7, 8, 8, 8, 8, 0, 0, 16, 0, 24, 0, 0, 8, 0, 8], "wmn": 828, "wmt": 13693, "wmd": 39, "wmv": 26489, "wdn": -27, "wdt": -7, "wdd": -17, "wdv": -3, "tlv": "Tennessee"}