{"loc": "Washington", "iso": "US", "l1": "United States", "l2": "Oregon", "lvl": 3, "pop": 601592, "key": 14493, "isd": true, "ppd": 35.608000000000004, "med": 38.3, "p65": 15.413, "p70": 9.732000000000001, "hos": 2.77, "exp": 78.86, "adr": 1.0, "amn": 64831.0, "amv": 1255502.0, "amd": 539.0, "amt": 1755613.0, "tmn": [206, 171, 192, 209, 0, 0, 526, 127, 156, 146, 136, 0, 0, 553, 172, 174, 237, 181, 0, 0, 365], "tmv": [2423, 2905, 2661, 3390, 3489, 0, 0, 0, 2411, 3257, 3418, 2659, 2485, 1614, 1945, 2278, 2491, 2890, 2710, 2395, 0], "tmd": [17, 4, 4, 0, 0, 0, 5, 10, 4, 0, 2, 0, 0, 5, 2, 0, 9, 4, 0, 0, 0], "wmn": 1132, "wmt": 35154, "wmd": 14, "wmv": 14714, "wdn": 1, "wdt": 17, "wdd": -33, "wdv": -7, "tlv": "Oregon"}