{"loc": "Washington", "iso": "US", "l1": "United States", "l2": "Rhode Island", "lvl": 3, "pop": 125577, "key": 14495, "isd": true, "ppd": 35.608000000000004, "med": 38.3, "p65": 15.413, "p70": 9.732000000000001, "hos": 2.77, "exp": 78.86, "adr": 2.0, "amn": 58490.0, "amv": 170827.0, "amd": 1163.0, "amt": 2673650.0, "tmn": [0, 0, 0, 0, 0, 3718, 0, 0, 0, 0, 0, 0, 2205, 0, 0, 0, 0, 0, 0, 2412, 0], "tmv": [5132, 5139, 4690, 3336, 1695, 3330, 4023, 4903, 6734, 6595, 3662, 2393, 4746, 4917, 6132, 6772, 6806, 0, 0, 3221, 0], "tmd": [0, 0, 0, 0, 0, 32, 0, 0, 0, 0, 0, 0, 8, 0, 0, 0, 0, 0, 0, 56, 0], "wmn": 2413, "wmt": 111549, "wmd": 56, "wmv": 22933, "wdn": 9, "wdt": -6, "wdd": 600, "wdv": -32, "tlv": "Rhode Island"}