{"loc": "Washington", "iso": "US", "l1": "United States", "l2": "Washington", "lvl": 2, "pop": 7614893, "key": 14498, "isd": true, "ppd": 35.608000000000004, "med": 38.3, "p65": 15.413, "p70": 9.732000000000001, "hos": 2.77, "exp": 78.86, "adr": 1.0, "amn": 58796.0, "amv": 966947.0, "amd": 769.0, "amt": 974548.0, "tmn": [149, 91, 113, 94, 104, 0, 109, 92, 66, 94, 83, 93, 0, 73, 56, 69, 57, 73, 68, 0, 68], "tmv": [0, 1543, 2452, 4248, 3485, 4157, 3682, 3252, 2518, 2835, 2495, 4865, 3672, 4016, 3766, 3121, 6234, 3276, 3244, 2575, 1851], "tmd": [4, 2, 3, 2, 0, 0, 3, -9, 2, 2, 2, 0, 0, -4, 3, 1, 2, 2, 0, 0, 3], "wmn": 395, "wmt": 8276, "wmd": 8, "wmv": 24072, "wdn": -22, "wdt": -42, "wdd": -176, "wdv": 2, "tlv": "Washington"}