{"loc": "Washington", "iso": "US", "l1": "United States", "l2": "North Carolina", "lvl": 3, "pop": 11580, "key": 14490, "isd": true, "ppd": 35.608000000000004, "med": 38.3, "p65": 15.413, "p70": 9.732000000000001, "hos": 2.77, "exp": 78.86, "adr": 2.0, "amn": 124525.0, "amv": 1179384.0, "amd": 2936.0, "amt": 1466196.0, "tmn": [0, 0, 0, 2245, 518, 0, 86, 0, 0, 1813, 259, 172, 259, 1381, 0, 0, 1554, 345, 86, 431, 690], "tmv": [2950, 0, 0, 0, 2913, 2024, 2876, 2739, 2336, 1790, 1886, 2554, 2257, 2903, 2781, 2047, 1978, 1647, 2163, 995, 2262], "tmd": [0, 0, 0, 0, 0, 87, 0, 0, 0, 0, 0, 0, 0, 0, 0, 0, 0, 0, 0, 0, 0], "wmn": 3109, "wmt": 38443, "wmd": 0, "wmv": 13878, "wdn": -20, "wdt": 4, "wdd": 0, "wdv": -16, "tlv": "North Carolina"}