{"loc": "Washington", "iso": "US", "l1": "United States", "l2": "Washington", "lvl": 2, "pop": 7614893, "key": 14498, "isd": true, "ppd": 35.608000000000004, "med": 38.3, "p65": 15.413, "p70": 9.732000000000001, "hos": 2.77, "exp": 78.86, "adr": 1.0, "amn": 96113.0, "amv": 1283911.0, "amd": 1142.0, "amt": 1292525.0, "tmn": [402, 374, 351, 0, 0, 0, 972, 322, 414, 325, 0, 0, 762, 211, 206, 438, 340, 0, 0, 613, 234], "tmv": [2552, 2575, 2955, 1399, 770, 2354, 2306, 2307, 2345, 3781, 2315, 1328, 4158, 4126, 4122, 3797, 3784, 1119, 91, 0, 0], "tmd": [12, 7, 5, 0, 0, 0, 12, 7, 7, 5, 0, 0, 4, 5, 6, 5, 6, 0, 0, 5, 5], "wmn": 1835, "wmt": 0, "wmd": 24, "wmv": 12915, "wdn": -10, "wdt": 0, "wdd": -4, "wdv": -37, "tlv": "Washington"}