{"loc": "Washoe", "iso": "US", "l1": "United States", "l2": "Nevada", "lvl": 3, "pop": 471519, "key": 14503, "isd": true, "ppd": 35.608000000000004, "med": 38.3, "p65": 15.413, "p70": 9.732000000000001, "hos": 2.77, "exp": 78.86, "adr": 1.0, "amn": 90921.0, "amv": 220982.0, "amd": 1362.0, "amt": 880640.0, "tmn": [110, 169, 150, 27, 74, 180, 61, 61, 173, 50, 53, 69, 80, 120, 112, 42, 29, 216, 23, 110, 173], "tmv": [6595, 3662, 2393, 4746, 4917, 6132, 6772, 6806, 0, 0, 3221, 4419, 5606, 5173, 5466, 3298, 2593, 4349, 5491, 6616, 7139], "tmd": [5, 3, 0, 9, 7, 5, 5, 3, 0, 5, 7, 0, 5, 7, 5, 3, -2, 0, 5, 0, 0], "wmn": 709, "wmt": 18076, "wmd": 9, "wmv": 34956, "wdn": 16, "wdt": 6, "wdd": -64, "wdv": 39, "tlv": "Nevada"}