{"loc": "Washoe", "iso": "US", "l1": "United States", "l2": "Nevada", "lvl": 3, "pop": 471519, "key": 14503, "isd": true, "ppd": 35.608000000000004, "med": 38.3, "p65": 15.413, "p70": 9.732000000000001, "hos": 2.77, "exp": 78.86, "adr": 1.0, "amn": 135857.0, "amv": 1283911.0, "amd": 1911.0, "amt": 1475521.0, "tmn": [171, 301, 150, 197, 0, 0, 515, 322, 241, 207, 373, 0, 0, 593, 199, 106, 165, 0, 0, 0, 513], "tmv": [2626, 2552, 2575, 2955, 1399, 770, 2354, 2306, 2307, 2345, 3781, 2315, 1328, 4158, 4126, 4122, 3797, 3784, 1119, 91, 0], "tmd": [5, 5, 17, 0, 0, 0, 15, 7, 3, 9, 5, 0, 0, 9, 11, 5, 0, 0, 0, 0, 0], "wmn": 985, "wmt": 16622, "wmd": 15, "wmv": 17042, "wdn": -43, "wdt": -27, "wdd": -50, "wdv": -8, "tlv": "Nevada"}