{"loc": "Waushara", "iso": "US", "l1": "United States", "l2": "Wisconsin", "lvl": 3, "pop": 24443, "key": 14509, "isd": true, "ppd": 35.608000000000004, "med": 38.3, "p65": 15.413, "p70": 9.732000000000001, "hos": 2.77, "exp": 78.86, "adr": 1.0, "amn": 112343.0, "amv": 1121684.0, "amd": 1636.0, "amt": 1695220.0, "tmn": [245, 163, 163, 0, 0, 163, 327, 204, 368, 409, 0, 0, 204, 654, 286, 368, 654, 0, 0, 163, 490], "tmv": [1986, 1986, 2786, 3007, 2017, 2605, 1830, 2139, 3106, 3068, 3187, 2953, 1851, 1966, 2813, 2807, 3250, 3257, 2889, 2103, 0], "tmd": [0, 0, 0, 0, 0, 0, 0, 41, 0, 0, 0, 0, 0, 0, 0, 0, 0, 0, 0, 0, 41], "wmn": 1964, "wmt": 25631, "wmd": 41, "wmv": 17122, "wdn": 7, "wdt": 7, "wdd": 0, "wdv": -6, "tlv": "Wisconsin"}