{"loc": "Washoe", "iso": "US", "l1": "United States", "l2": "Nevada", "lvl": 3, "pop": 471519, "key": 14503, "isd": true, "ppd": 35.608000000000004, "med": 38.3, "p65": 15.413, "p70": 9.732000000000001, "hos": 2.77, "exp": 78.86, "adr": 1.0, "amn": 123728.0, "amv": 1157792.0, "amd": 1682.0, "amt": 1364726.0, "tmn": [619, 771, 0, 0, 1643, 362, 924, 682, 740, 0, 0, 0, 1711, 663, 956, 810, 0, 0, 1478, 545, 716], "tmv": [2807, 3250, 3257, 2889, 2103, 1988, 3241, 2538, 4249, 2950, 0, 0, 0, 2913, 2024, 2876, 2739, 2336, 1790, 1886, 0], "tmd": [5, 3, 0, 0, 9, 15, 7, 17, 11, 0, 0, 0, 11, 13, 24, 7, 0, 0, 11, 13, 11], "wmn": 4507, "wmt": 30313, "wmd": 64, "wmv": 13653, "wdn": 19, "wdt": 38, "wdd": 25, "wdv": 8, "tlv": "Nevada"}