{"loc": "Washington", "iso": "US", "l1": "United States", "l2": "Wisconsin", "lvl": 3, "pop": 136034, "key": 14501, "isd": true, "ppd": 35.608000000000004, "med": 38.3, "p65": 15.413, "p70": 9.732000000000001, "hos": 2.77, "exp": 78.86, "adr": 1.0, "amn": 126071.0, "amv": 1046931.0, "amd": 1485.0, "amt": 1600094.0, "tmn": [0, 44, -7, 80, 80, 36, 0, 0, 51, 139, 88, 88, 73, 0, 0, 58, 205, 147, 213, 154, 0], "tmv": [1779, 1363, 1036, 1655, 1721, 1666, 1928, 1520, 1539, 740, 1856, 2005, 1821, 2051, 2364, 1193, 1200, 2288, 2155, 2600, 0], "tmd": [0, 0, 0, 8, 0, 15, 0, 0, 8, 23, 0, 0, 0, 0, 0, 0, 0, 8, 0, 0, 0], "wmn": 780, "wmt": 12828, "wmd": 8, "wmv": 11803, "wdn": 77, "wdt": 23, "wdd": -75, "wdv": 2, "tlv": "Wisconsin"}