{"loc": "Washoe", "iso": "US", "l1": "United States", "l2": "Nevada", "lvl": 3, "pop": 471519, "key": 14503, "isd": true, "ppd": 35.608000000000004, "med": 38.3, "p65": 15.413, "p70": 9.732000000000001, "hos": 2.77, "exp": 78.86, "adr": 1.0, "amn": 97941.0, "amv": 968912.0, "amd": 1457.0, "amt": 1131659.0, "tmn": [8, 50, 0, 0, 125, 8, -16, 36, 46, 0, 0, 19, 21, 40, 59, 0, 0, 0, 161, 2, 29], "tmv": [2452, 4248, 3485, 4157, 3682, 3252, 2518, 2835, 2495, 4865, 3672, 4016, 3766, 3121, 6234, 3276, 3244, 2575, 1851, 1965, 0], "tmd": [0, 0, 0, 0, 5, -2, 0, 0, 0, 0, 0, 0, 0, 0, 0, 11, 0, 0, -12, 0, 3], "wmn": 253, "wmt": 9934, "wmd": 0, "wmv": 19149, "wdn": 55, "wdt": -15, "wdd": 0, "wdv": -23, "tlv": "Nevada"}