{"loc": "Waushara", "iso": "US", "l1": "United States", "l2": "Wisconsin", "lvl": 3, "pop": 24443, "key": 14509, "isd": true, "ppd": 35.608000000000004, "med": 38.3, "p65": 15.413, "p70": 9.732000000000001, "hos": 2.77, "exp": 78.86, "adr": 1.0, "amn": 118316.0, "amv": 1157792.0, "amd": 1759.0, "amt": 1755348.0, "tmn": [368, 654, 0, 0, 163, 490, 613, 450, 450, 0, 0, 654, 163, 654, 450, 777, 0, 0, 695, 409, 654], "tmv": [2807, 3250, 3257, 2889, 2103, 1988, 3241, 2538, 4249, 2950, 0, 0, 0, 2913, 2024, 2876, 2739, 2336, 1790, 1886, 0], "tmd": [0, 0, 0, 0, 0, 41, 41, 0, 41, 0, 0, 0, 0, 0, 0, 41, 0, 0, 0, 0, 0], "wmn": 2987, "wmt": 32512, "wmd": 41, "wmv": 13653, "wdn": 26, "wdt": 29, "wdd": 0, "wdv": 8, "tlv": "Wisconsin"}