{"loc": "Washita", "iso": "US", "l1": "United States", "l2": "Oklahoma", "lvl": 3, "pop": 10916, "key": 14502, "isd": true, "ppd": 35.608000000000004, "med": 38.3, "p65": 15.413, "p70": 9.732000000000001, "hos": 2.77, "exp": 78.86, "adr": 2.0, "amn": 123122.0, "amv": 1157792.0, "amd": 2107.0, "amt": 1120136.0, "tmn": [0, 0, 0, 0, 0, 0, 4305, 0, 0, 0, 0, 0, 0, 3206, 0, 0, 0, 0, 0, 0, 4305], "tmv": [2807, 3250, 3257, 2889, 2103, 1988, 3241, 2538, 4249, 2950, 0, 0, 0, 2913, 2024, 2876, 2739, 2336, 1790, 1886, 0], "tmd": [0, 0, 0, 0, 0, 0, 0, 0, 0, 0, 0, 0, 0, 0, 0, 0, 0, 0, 0, 0, 0], "wmn": 4306, "wmt": 16132, "wmd": 0, "wmv": 13653, "wdn": 34, "wdt": 3, "wdd": 0, "wdv": 8, "tlv": "Oklahoma"}