{"loc": "Washington", "iso": "US", "l1": "United States", "l2": "Wisconsin", "lvl": 3, "pop": 136034, "key": 14501, "isd": true, "ppd": 35.608000000000004, "med": 38.3, "p65": 15.413, "p70": 9.732000000000001, "hos": 2.77, "exp": 78.86, "adr": 1.0, "amn": 115420.0, "amv": 298070.0, "amd": 1081.0, "amt": 1232250.0, "tmn": [183, 29, 22, 169, 117, 124, 183, 124, 44, 51, 213, 169, 161, 147, 154, 51, 22, 102, 110, 88, 110], "tmv": [5173, 5466, 3298, 2593, 4349, 5491, 6616, 7139, 7375, 5050, 5255, 5793, 6168, 7391, 8814, 7404, 5275, 4864, 6157, 7535, 0], "tmd": [15, 0, 0, 0, 15, 0, 8, 0, 0, 0, 8, 0, 0, 8, 0, 0, 0, 8, 8, 0, 8], "wmn": 640, "wmt": 23636, "wmd": 23, "wmv": 40053, "wdn": -30, "wdt": -22, "wdd": 50, "wdv": -9, "tlv": "Wisconsin"}