{"loc": "Wayne", "iso": "US", "l1": "United States", "l2": "Kentucky", "lvl": 3, "pop": 20333, "key": 14515, "isd": true, "ppd": 35.608000000000004, "med": 38.3, "p65": 15.413, "p70": 9.732000000000001, "hos": 2.77, "exp": 78.86, "adr": 2.0, "amn": 100379.0, "amv": 279512.0, "amd": 2016.0, "amt": 890811.0, "tmn": [590, 344, 245, 98, 196, 49, 393, 98, 49, 0, 393, 393, 0, 196, 934, 442, 491, 98, 0, 0, 491], "tmv": [3221, 4419, 5606, 5173, 5466, 3298, 2593, 4349, 5491, 6616, 7139, 7375, 5050, 5255, 5793, 6168, 7391, 8814, 7404, 5275, 0], "tmd": [99, 0, 99, 0, 0, 0, 0, 0, 0, 0, 0, 0, 0, 0, 0, 0, 0, 50, 0, 0, 0], "wmn": 2460, "wmt": 12915, "wmd": 50, "wmv": 40849, "wdn": 117, "wdt": -11, "wdd": 0, "wdv": -1, "tlv": "Kentucky"}