{"loc": "Wayne", "iso": "US", "l1": "United States", "l2": "Kentucky", "lvl": 3, "pop": 20333, "key": 14515, "isd": true, "ppd": 35.608000000000004, "med": 38.3, "p65": 15.413, "p70": 9.732000000000001, "hos": 2.77, "exp": 78.86, "adr": 2.0, "amn": 128166.0, "amv": 1154115.0, "amd": 2557.0, "amt": 1446401.0, "tmn": [836, 491, 295, 491, 0, 0, 885, 540, 540, 196, 934, 0, 0, 0, 2409, 442, 786, 442, 0, 0, 1524], "tmv": [1966, 2813, 2807, 3250, 3257, 2889, 2103, 1988, 3241, 2538, 4249, 2950, 0, 0, 0, 2913, 2024, 2876, 2739, 2336, 0], "tmd": [50, 0, 0, 0, 0, 0, 0, 0, 0, 0, 0, 0, 0, 0, 0, 0, 50, 0, 0, 0, 50], "wmn": 5607, "wmt": 34529, "wmd": 99, "wmv": 12890, "wdn": 153, "wdt": -14, "wdd": 0, "wdv": -14, "tlv": "Kentucky"}