{"loc": "Wayne", "iso": "US", "l1": "United States", "l2": "Missouri", "lvl": 3, "pop": 12873, "key": 14518, "isd": true, "ppd": 35.608000000000004, "med": 38.3, "p65": 15.413, "p70": 9.732000000000001, "hos": 2.77, "exp": 78.86, "adr": 1.0, "amn": 80479.0, "amv": 822034.0, "amd": 932.0, "amt": 882563.0, "tmn": [77, 0, 0, 0, 77, 0, 0, 155, 0, 77, 0, 0, 0, 155, 0, 77, 0, 0, 0, 0, 0], "tmv": [9169, 6395, 4975, 6773, 8259, 8496, 10027, 6458, 3608, 3001, 5456, 7305, 8515, 7794, 7192, 5713, 4653, 4699, 5814, 5591, 7265], "tmd": [0, 0, 0, 0, 0, 0, 0, 0, 0, 78, 0, 0, 0, 0, 0, 0, 0, 0, 0, 0, 0], "wmn": 78, "wmt": 10593, "wmd": 0, "wmv": 40931, "wdn": -80, "wdt": -12, "wdd": -100, "wdv": -3, "tlv": "Missouri"}