{"loc": "Waynesboro", "iso": "US", "l1": "United States", "l2": "Virginia", "lvl": 3, "pop": 22630, "key": 14526, "isd": true, "ppd": 35.608000000000004, "med": 38.3, "p65": 15.413, "p70": 9.732000000000001, "hos": 2.77, "exp": 78.86, "adr": 2.0, "amn": 95537.0, "amv": 258018.0, "amd": 1502.0, "amt": 702573.0, "tmn": [176, 132, 309, 839, 441, 132, 353, 220, 176, -44, 132, 44, 441, 88, 662, 44, 309, 176, 44, 220, 132], "tmv": [6806, 0, 0, 3221, 4419, 5606, 5173, 5466, 3298, 2593, 4349, 5491, 6616, 7139, 7375, 5050, 5255, 5793, 6168, 7391, 0], "tmd": [0, 0, 0, 0, 0, 0, 0, 45, 0, 0, 0, 45, 0, 45, 45, 45, 0, 0, 45, 0, 45], "wmn": 1591, "wmt": 13805, "wmd": 177, "wmv": 37036, "wdn": 50, "wdt": -22, "wdd": 33, "wdv": 6, "tlv": "Virginia"}