{"loc": "Wayne", "iso": "US", "l1": "United States", "l2": "Pennsylvania", "lvl": 3, "pop": 51361, "key": 14523, "isd": true, "ppd": 35.608000000000004, "med": 38.3, "p65": 15.413, "p70": 9.732000000000001, "hos": 2.77, "exp": 78.86, "adr": 2.0, "amn": 136855.0, "amv": 1476857.0, "amd": 2531.0, "amt": 1608582.0, "tmn": [623, 564, 739, 194, 1148, 506, 739, 661, 564, 311, 214, 214, 603, 1285, 389, 817, 720, 700, 369, 1168, 408], "tmv": [70, 3476, 2565, 1693, 4764, 5451, 6033, 6077, 6801, 4120, 2054, 5104, 5248, 5184, 4986, 5175, 2683, 957, 367, 0, 0], "tmd": [20, 0, 0, 0, 0, 0, 0, 0, 0, 0, 0, 0, 39, 20, 20, 20, 0, 0, 0, 0, 20], "wmn": 4576, "wmt": 30646, "wmd": 59, "wmv": 14171, "wdn": 19, "wdt": 25, "wdd": 0, "wdv": -59, "tlv": "Pennsylvania"}