{"loc": "Wayne", "iso": "US", "l1": "United States", "l2": "Tennessee", "lvl": 3, "pop": 16673, "key": 14524, "isd": true, "ppd": 35.608000000000004, "med": 38.3, "p65": 15.413, "p70": 9.732000000000001, "hos": 2.77, "exp": 78.86, "adr": 1.0, "amn": 170875.0, "amv": 160515.0, "amd": 1739.0, "amt": 987957.0, "tmn": [599, 539, 1139, 239, 299, 179, 359, 359, 419, 59, 179, 119, 59, 599, 1139, 1019, 179, 299, 239, 419, 239], "tmv": [3374, 4677, 5132, 5139, 4690, 3336, 1695, 3330, 4023, 4903, 6734, 6595, 3662, 2393, 4746, 4917, 6132, 6772, 6806, 0, 0], "tmd": [0, 0, 60, 0, 0, 0, 0, 0, 0, 0, 0, 0, 0, 60, 0, 60, 0, 60, 0, 0, 0], "wmn": 3539, "wmt": 19683, "wmd": 120, "wmv": 29376, "wdn": 97, "wdt": -13, "wdd": 100, "wdv": -7, "tlv": "Tennessee"}