{"loc": "Webb", "iso": "US", "l1": "United States", "l2": "Texas", "lvl": 3, "pop": 276652, "key": 14528, "isd": true, "ppd": 35.608000000000004, "med": 38.3, "p65": 15.413, "p70": 9.732000000000001, "hos": 2.77, "exp": 78.86, "adr": 2.0, "amn": 156312.0, "amv": 500973.0, "amd": 2794.0, "amt": 742686.0, "tmn": [0, 0, 0, 0, 256, 0, 0, 0, 159, 0, 0, 0, 202, 0, 0, 0, 0, 0, 0, 509, 0], "tmv": [6135, 5026, 6980, 8171, 7842, 9493, 9226, 6156, 5181, 6849, 8594, 10257, 10611, 9961, 7133, 5431, 8106, 10192, 12065, 12389, 10214], "tmd": [0, 0, 8, 8, 4, 8, 0, 0, 4, 4, 11, 11, 11, 4, 0, 8, 0, 29, 4, 0, 0], "wmn": 510, "wmt": 14501, "wmd": 40, "wmv": 65534, "wdn": 41, "wdt": -2, "wdd": -8, "wdv": 14, "tlv": "Texas"}