{"loc": "Wayne", "iso": "US", "l1": "United States", "l2": "Ohio", "lvl": 3, "pop": 115710, "key": 14522, "isd": true, "ppd": 35.608000000000004, "med": 38.3, "p65": 15.413, "p70": 9.732000000000001, "hos": 2.77, "exp": 78.86, "adr": 3.0, "amn": 71999.0, "amv": 490759.0, "amd": 1806.0, "amt": 946300.0, "tmn": [77, 86, 120, 69, 224, 77, 69, 103, 86, 120, 207, 146, 146, 120, 43, 138, 172, 207, 120, 112, 138], "tmv": [4118, 6135, 5026, 6980, 8171, 7842, 9493, 9226, 6156, 5181, 6849, 8594, 10257, 10611, 9961, 7133, 5431, 8106, 10192, 12065, 12389], "tmd": [0, 0, 0, 0, 0, 0, 0, 0, 0, 0, 0, 0, 0, 0, 0, 0, 0, 0, 0, 0, 0], "wmn": 934, "wmt": 17862, "wmd": 0, "wmv": 65281, "wdn": 0, "wdt": -5, "wdd": 0, "wdv": 15, "tlv": "Ohio"}