{"loc": "Weber-Morgan", "iso": "US", "l1": "United States", "l2": "Utah", "lvl": 3, "pop": 272337, "key": 14529, "isd": true, "ppd": 35.608000000000004, "med": 38.3, "p65": 15.413, "p70": 9.732000000000001, "hos": 2.77, "exp": 78.86, "adr": 1.0, "amn": 111704.0, "amv": 814768.0, "amd": 789.0, "amt": 1048316.0, "tmn": [117, 77, 77, 91, 146, 99, 84, 80, 66, 80, 62, 113, 121, 124, 128, 77, 33, 154, 143, 205, 113], "tmv": [10071, 9169, 6395, 4975, 6773, 8259, 8496, 10027, 6458, 3608, 3001, 5456, 7305, 8515, 7794, 7192, 5713, 4653, 4699, 5814, 5591], "tmd": [0, 0, 0, 4, 4, 4, 0, 0, 0, 0, 4, 4, 0, 4, 0, 0, 0, 0, 4, 0, 4], "wmn": 856, "wmt": 11868, "wmd": 8, "wmv": 41459, "wdn": 32, "wdt": -9, "wdd": -33, "wdv": -7, "tlv": "Utah"}