{"loc": "Wayne", "iso": "US", "l1": "United States", "l2": "West Virginia", "lvl": 3, "pop": 39402, "key": 14525, "isd": true, "ppd": 35.608000000000004, "med": 38.3, "p65": 15.413, "p70": 9.732000000000001, "hos": 2.77, "exp": 78.86, "adr": 1.0, "amn": 70276.0, "amv": 500973.0, "amd": 914.0, "amt": 1401716.0, "tmn": [25, 76, 152, 126, 152, 329, 228, 76, 203, 431, 126, 329, 152, 203, 76, 25, 228, 228, 76, 126, 50], "tmv": [6135, 5026, 6980, 8171, 7842, 9493, 9226, 6156, 5181, 6849, 8594, 10257, 10611, 9961, 7133, 5431, 8106, 10192, 12065, 12389, 10214], "tmd": [0, 26, 0, 0, 0, 0, 0, 0, 0, 0, 0, 0, 0, 0, 0, 0, 51, 0, 0, 0, 0], "wmn": 813, "wmt": 36203, "wmd": 51, "wmv": 65534, "wdn": -47, "wdt": 0, "wdd": 0, "wdv": 14, "tlv": "West Virginia"}