{"loc": "Weakley", "iso": "US", "l1": "United States", "l2": "Tennessee", "lvl": 3, "pop": 33328, "key": 14527, "isd": true, "ppd": 35.608000000000004, "med": 38.3, "p65": 15.413, "p70": 9.732000000000001, "hos": 2.77, "exp": 78.86, "adr": 1.0, "amn": 184890.0, "amv": 1219607.0, "amd": 2610.0, "amt": 1476442.0, "tmn": [1590, 420, 900, 0, 0, 1140, 480, 750, 420, 300, 0, 0, 420, 240, 360, 420, 900, 0, 0, 1590, 540], "tmv": [2163, 995, 2262, 2445, 2251, 1671, 0, 0, 2784, 2570, 2833, 3777, 2988, 2423, 2905, 2661, 3390, 3489, 0, 0, 0], "tmd": [31, 61, 31, 0, 0, 31, 31, 0, 0, 31, 0, 0, 0, 0, 0, 91, 31, 0, 0, 31, 31], "wmn": 3811, "wmt": 16876, "wmd": 181, "wmv": 12448, "wdn": 79, "wdt": -7, "wdd": 500, "wdv": -28, "tlv": "Tennessee"}