{"loc": "Weakley", "iso": "US", "l1": "United States", "l2": "Tennessee", "lvl": 3, "pop": 33328, "key": 14527, "isd": true, "ppd": 35.608000000000004, "med": 38.3, "p65": 15.413, "p70": 9.732000000000001, "hos": 2.77, "exp": 78.86, "adr": 1.0, "amn": 187230.0, "amv": 1259649.0, "amd": 2670.0, "amt": 1498009.0, "tmn": [360, 420, 900, 0, 0, 1590, 540, 660, 270, 270, 0, 0, 450, 30, 150, 150, 90, 0, 0, 0, 270], "tmv": [2905, 2661, 3390, 3489, 0, 0, 0, 2411, 3257, 3418, 2659, 2485, 1614, 1945, 2278, 2491, 2890, 2710, 2395, 1993, 2154], "tmd": [0, 91, 31, 0, 0, 31, 31, 0, 0, 0, 0, 0, 0, 0, 0, 31, 0, 0, 0, 0, 31], "wmn": 661, "wmt": 8872, "wmd": 61, "wmv": 16916, "wdn": -61, "wdt": -30, "wdd": 0, "wdv": -5, "tlv": "Tennessee"}