{"loc": "Webster", "iso": "US", "l1": "United States", "l2": "Mississippi", "lvl": 3, "pop": 9689, "key": 14534, "isd": true, "ppd": 35.608000000000004, "med": 38.3, "p65": 15.413, "p70": 9.732000000000001, "hos": 2.77, "exp": 78.86, "adr": 2.0, "amn": 209929.0, "amv": 1263117.0, "amd": 4748.0, "amt": 859632.0, "tmn": [206, 0, 0, 0, 516, 309, 103, 103, 0, 0, 0, 206, 825, 0, 103, 206, 0, 0, 103, 412, 0], "tmv": [2661, 3390, 3489, 0, 0, 0, 2411, 3257, 3418, 2659, 2485, 1614, 1945, 2278, 2491, 2890, 2710, 2395, 1993, 2154, 3467], "tmd": [0, 0, 0, 0, 0, 0, 0, 0, 0, 0, 0, 0, 104, 0, 0, 0, 0, 0, 0, 0, 0], "wmn": 826, "wmt": 7239, "wmd": 0, "wmv": 18105, "wdn": -27, "wdt": -12, "wdd": -100, "wdv": 3, "tlv": "Mississippi"}