{"loc": "Webster", "iso": "US", "l1": "United States", "l2": "Iowa", "lvl": 3, "pop": 35904, "key": 14531, "isd": true, "ppd": 35.608000000000004, "med": 38.3, "p65": 15.413, "p70": 9.732000000000001, "hos": 2.77, "exp": 78.86, "adr": 2.0, "amn": 143605.0, "amv": 197386.0, "amd": 2395.0, "amt": 413906.0, "tmn": [83, 27, 194, 111, 222, 362, 194, 55, 250, 27, -27, 501, 27, 139, 83, 7046, 473, 0, 0, 139, 278], "tmv": [4023, 4903, 6734, 6595, 3662, 2393, 4746, 4917, 6132, 6772, 6806, 0, 0, 3221, 4419, 5606, 5173, 5466, 3298, 2593, 0], "tmd": [0, 28, 28, 0, 0, 0, 0, 0, 0, 0, 0, 0, 0, 28, 28, 0, 0, 0, 28, 0, 0], "wmn": 8022, "wmt": 3985, "wmd": 56, "wmv": 26559, "wdn": 723, "wdt": -37, "wdd": 100, "wdv": -5, "tlv": "Iowa"}