{"loc": "Webster", "iso": "US", "l1": "United States", "l2": "West Virginia", "lvl": 3, "pop": 8114, "key": 14537, "isd": true, "ppd": 35.608000000000004, "med": 38.3, "p65": 15.413, "p70": 9.732000000000001, "hos": 2.77, "exp": 78.86, "adr": 1.0, "amn": 139882.0, "amv": 1255502.0, "amd": 2095.0, "amt": 2359760.0, "tmn": [739, 739, 1602, 616, 616, 1109, 1109, 492, 492, 862, 616, 1109, 616, 616, 1232, 616, 985, 1109, 739, 0, 123], "tmv": [2423, 2905, 2661, 3390, 3489, 0, 0, 0, 2411, 3257, 3418, 2659, 2485, 1614, 1945, 2278, 2491, 2890, 2710, 2395, 0], "tmd": [0, 0, 0, 247, 0, 0, 0, 0, 0, 0, 124, 0, 0, 0, 0, 0, 0, 0, 0, 0, 0], "wmn": 4807, "wmt": 47327, "wmd": 0, "wmv": 14714, "wdn": 0, "wdt": -4, "wdd": -100, "wdv": -7, "tlv": "West Virginia"}