{"loc": "Webster", "iso": "US", "l1": "United States", "l2": "Georgia", "lvl": 3, "pop": 2607, "key": 14530, "isd": true, "ppd": 35.608000000000004, "med": 38.3, "p65": 15.413, "p70": 9.732000000000001, "hos": 2.77, "exp": 78.86, "adr": 2.0, "amn": 101266.0, "amv": 1263117.0, "amd": 2301.0, "amt": 1158480.0, "tmn": [1534, 383, 0, 0, 0, 383, 767, 1150, 0, 0, 0, 383, 767, 767, 383, 767, 0, 0, 383, 0, 383], "tmv": [2661, 3390, 3489, 0, 0, 0, 2411, 3257, 3418, 2659, 2485, 1614, 1945, 2278, 2491, 2890, 2710, 2395, 1993, 2154, 3467], "tmd": [0, 0, 0, 0, 0, 0, 0, 0, 0, 0, 0, 0, 0, 0, 0, 0, 0, 0, 0, 0, 0], "wmn": 1918, "wmt": 14776, "wmd": 0, "wmv": 18105, "wdn": -38, "wdt": -18, "wdd": 0, "wdv": 3, "tlv": "Georgia"}