{"loc": "Webster", "iso": "US", "l1": "United States", "l2": "Georgia", "lvl": 3, "pop": 2607, "key": 14530, "isd": true, "ppd": 35.608000000000004, "med": 38.3, "p65": 15.413, "p70": 9.732000000000001, "hos": 2.77, "exp": 78.86, "adr": 2.0, "amn": 84772.0, "amv": 1176126.0, "amd": 1534.0, "amt": 1060489.0, "tmn": [2685, 0, 0, 0, 0, 1534, 1917, 1150, 2301, 0, 0, 767, 383, 383, 0, 383, 0, 0, 383, 0, 0], "tmv": [2538, 4249, 2950, 0, 0, 0, 2913, 2024, 2876, 2739, 2336, 1790, 1886, 2554, 2257, 2903, 2781, 2047, 1978, 1647, 2163], "tmd": [0, 0, 0, 0, 0, 0, 0, 0, 0, 0, 0, 0, 0, 0, 0, 0, 0, 0, 0, 0, 0], "wmn": 768, "wmt": 21008, "wmd": 0, "wmv": 15780, "wdn": -85, "wdt": -46, "wdd": 0, "wdv": -3, "tlv": "Georgia"}