{"loc": "West Feliciana", "iso": "US", "l1": "United States", "l2": "Louisiana", "lvl": 3, "pop": 15568, "key": 14545, "isd": true, "ppd": 35.608000000000004, "med": 38.3, "p65": 15.413, "p70": 9.732000000000001, "hos": 2.77, "exp": 78.86, "adr": 3.0, "amn": 90699.0, "amv": 1136653.0, "amd": 2505.0, "amt": 1852130.0, "tmn": [64, 385, 192, 0, 0, 449, 64, 321, 0, 385, 0, 0, 0, 0, 0, 64, 64, 0, 0, 0, 64], "tmv": [2139, 3106, 3068, 3187, 2953, 1851, 1966, 2813, 2807, 3250, 3257, 2889, 2103, 1988, 3241, 2538, 4249, 2950, 0, 0, 0], "tmd": [0, 0, 0, 0, 0, 0, 0, 65, 0, 0, 0, 0, 0, 0, 0, 0, 129, 0, 0, 0, 0], "wmn": 193, "wmt": 30824, "wmd": 129, "wmv": 12982, "wdn": -73, "wdt": -1, "wdd": 100, "wdv": -32, "tlv": "Louisiana"}