{"loc": "West Champaran", "iso": "IN", "l1": "India", "l2": "Bihar", "lvl": 3, "pop": 3935042, "key": 14544, "isd": true, "ppd": 450.41900000000004, "med": 28.2, "p65": 5.989, "p70": 3.4139999999999997, "hos": 0.53, "exp": 69.66, "adr": 0.0, "amn": 1928.0, "amv": 89748.0, "amd": 7.0, "amt": 202963.0, "tmn": [0, 5, 1, 2, 1, 6, 2, 4, 7, 6, 8, 10, 9, 7, 22, 24, 36, 38, 68, 60, 44], "tmv": [1406, 1495, 2660, 3090, 2119, 2264, 2902, 2874, 2261, 2996, 2710, 2550, 2125, 2901, 1917, 2401, 1978, 1966, 1945, 891, 0], "tmd": [0, 0, 0, 0, 0, 0, 1, 0, 0, 0, 0, 0, 0, 0, 0, 0, 1, 0, 0, 1, 1], "wmn": 296, "wmt": 5448, "wmd": 2, "wmv": 11102, "wdn": 435, "wdt": 9, "wdd": 0, "wdv": -40, "tlv": "Bihar"}