{"loc": "West Carroll", "iso": "US", "l1": "United States", "l2": "Louisiana", "lvl": 3, "pop": 10830, "key": 14543, "isd": true, "ppd": 35.608000000000004, "med": 38.3, "p65": 15.413, "p70": 9.732000000000001, "hos": 2.77, "exp": 78.86, "adr": 3.0, "amn": 132225.0, "amv": 1091533.0, "amd": 3970.0, "amt": 1753886.0, "tmn": [1108, 0, 0, 1939, 646, 92, 738, 461, 0, 0, 2585, 184, 92, 831, 2308, 0, 0, 2216, 277, 1569, 646], "tmv": [2600, 2160, 2477, 1419, 1374, 2201, 2622, 2492, 2548, 2348, 1615, 1875, 1986, 1986, 2786, 3007, 2017, 2605, 1830, 2139, 3106], "tmd": [0, 0, 0, 0, 0, 0, 0, 0, 0, 0, 0, 0, 0, 0, 0, 0, 0, 93, 0, 0, 0], "wmn": 7018, "wmt": 49735, "wmd": 93, "wmv": 17494, "wdn": 69, "wdt": 2, "wdd": 0, "wdv": 18, "tlv": "Louisiana"}