{"loc": "West Baton Rouge", "iso": "US", "l1": "United States", "l2": "Louisiana", "lvl": 3, "pop": 26465, "key": 14541, "isd": true, "ppd": 35.608000000000004, "med": 38.3, "p65": 15.413, "p70": 9.732000000000001, "hos": 2.77, "exp": 78.86, "adr": 2.0, "amn": 94540.0, "amv": 228357.0, "amd": 2040.0, "amt": 1199702.0, "tmn": [377, 151, 75, 1133, 340, 0, 188, 264, 0, -113, 491, 113, 0, 377, 188, 188, 113, 113, 415, 0, 491], "tmv": [3662, 2393, 4746, 4917, 6132, 6772, 6806, 0, 0, 3221, 4419, 5606, 5173, 5466, 3298, 2593, 4349, 5491, 6616, 7139, 7375], "tmd": [0, 0, 0, 0, 0, 0, 0, 0, 0, 114, -37, 0, 0, 0, 0, 0, 0, 0, 0, 0, 0], "wmn": 1512, "wmt": 34521, "wmd": 0, "wmv": 36864, "wdn": 33, "wdt": 104, "wdd": -100, "wdv": 54, "tlv": "Louisiana"}