{"loc": "Westmoreland", "iso": "US", "l1": "United States", "l2": "Pennsylvania", "lvl": 3, "pop": 348899, "key": 14558, "isd": true, "ppd": 35.608000000000004, "med": 38.3, "p65": 15.413, "p70": 9.732000000000001, "hos": 2.77, "exp": 78.86, "adr": 2.0, "amn": 99421.0, "amv": 1044330.0, "amd": 2238.0, "amt": 1171991.0, "tmn": [20, 8, 14, 14, 20, 5, 17, 34, 40, 34, 20, 48, 31, 37, 25, 25, 42, 22, 68, 45, 88], "tmv": [1883, 1818, 1779, 1363, 1036, 1655, 1721, 1666, 1928, 1520, 1539, 740, 1856, 2005, 1821, 2051, 2364, 1193, 1200, 2288, 2155], "tmd": [0, 0, 0, 0, 0, 0, 0, 3, 0, 0, 3, 0, 0, 0, 0, 0, 0, 0, 0, 0, 0], "wmn": 322, "wmt": 9720, "wmd": 0, "wmv": 13076, "wdn": 30, "wdt": 28, "wdd": -100, "wdv": 16, "tlv": "Pennsylvania"}