{"loc": "Westchester", "iso": "US", "l1": "United States", "l2": "New York", "lvl": 3, "pop": 967506, "key": 14556, "isd": true, "ppd": 35.608000000000004, "med": 38.3, "p65": 15.413, "p70": 9.732000000000001, "hos": 2.77, "exp": 78.86, "adr": 2.0, "amn": 113644.0, "amv": 258018.0, "amd": 2193.0, "amt": 2014757.0, "tmn": [512, 315, 393, 414, 435, 503, 500, 423, 389, 404, 394, 598, 498, 479, 425, 382, 347, 444, 428, 494, 449], "tmv": [6806, 0, 0, 3221, 4419, 5606, 5173, 5466, 3298, 2593, 4349, 5491, 6616, 7139, 7375, 5050, 5255, 5793, 6168, 7391, 0], "tmd": [7, 7, 5, 5, 7, 5, 7, 4, 11, 7, 9, 4, 7, 5, 7, 5, 5, 5, 8, 3, 5], "wmn": 2973, "wmt": 69962, "wmd": 33, "wmv": 37036, "wdn": -7, "wdt": -15, "wdd": -22, "wdv": 6, "tlv": "New York"}