{"loc": "Westchester", "iso": "US", "l1": "United States", "l2": "New York", "lvl": 3, "pop": 967506, "key": 14556, "isd": true, "ppd": 35.608000000000004, "med": 38.3, "p65": 15.413, "p70": 9.732000000000001, "hos": 2.77, "exp": 78.86, "adr": 2.0, "amn": 139361.0, "amv": 1091533.0, "amd": 2378.0, "amt": 3261815.0, "tmn": [144, 161, 141, 101, 151, 143, 189, 152, 198, 138, 173, 166, 222, 235, 208, 192, 214, 150, 195, 241, 251], "tmv": [2600, 2160, 2477, 1419, 1374, 2201, 2622, 2492, 2548, 2348, 1615, 1875, 1986, 1986, 2786, 3007, 2017, 2605, 1830, 2139, 3106], "tmd": [0, 0, 0, 0, 0, 2, 0, 0, 2, 0, 0, 0, 0, 0, 3, 0, 0, 2, 0, 0, 0], "wmn": 1456, "wmt": 49069, "wmd": 4, "wmv": 17494, "wdn": 13, "wdt": 10, "wdd": 200, "wdv": 18, "tlv": "New York"}