{"loc": "Wetzel", "iso": "US", "l1": "United States", "l2": "West Virginia", "lvl": 3, "pop": 15065, "key": 14561, "isd": true, "ppd": 35.608000000000004, "med": 38.3, "p65": 15.413, "p70": 9.732000000000001, "hos": 2.77, "exp": 78.86, "adr": 2.0, "amn": 154995.0, "amv": 1197969.0, "amd": 3053.0, "amt": 2206079.0, "tmn": [929, 531, 1327, 1991, 1393, 1062, 1261, 1062, 464, 1062, 265, 2987, 1062, 1062, 597, 531, 1261, 995, 1327, 929, 1261], "tmv": [1790, 1886, 2554, 2257, 2903, 2781, 2047, 1978, 1647, 2163, 995, 2262, 2445, 2251, 1671, 0, 0, 2784, 2570, 2833, 0], "tmd": [0, 0, 0, 133, 67, 0, 0, 0, 0, 0, 0, 0, 0, 0, 0, 0, 266, 200, 133, 0, 0], "wmn": 6904, "wmt": 58883, "wmd": 598, "wmv": 9860, "wdn": -13, "wdt": -5, "wdd": 0, "wdv": -28, "tlv": "West Virginia"}