{"loc": "Wexford", "iso": "US", "l1": "United States", "l2": "Michigan", "lvl": 3, "pop": 33631, "key": 14562, "isd": true, "ppd": 35.608000000000004, "med": 38.3, "p65": 15.413, "p70": 9.732000000000001, "hos": 2.77, "exp": 78.86, "adr": 2.0, "amn": 100949.0, "amv": 1219607.0, "amd": 1516.0, "amt": 1675099.0, "tmn": [624, 0, 683, 0, 0, 951, 0, 1724, 0, 802, 0, 0, 1129, 0, 1100, 0, 1278, 0, 0, 535, 0], "tmv": [2163, 995, 2262, 2445, 2251, 1671, 0, 0, 2784, 2570, 2833, 3777, 2988, 2423, 2905, 2661, 3390, 3489, 0, 0, 0], "tmd": [0, 0, 0, 0, 0, 0, 0, 0, 0, 0, 0, 0, 0, 0, 30, 0, 0, 0, 0, 0, 0], "wmn": 2914, "wmt": 28882, "wmd": 30, "wmv": 12448, "wdn": -20, "wdt": 12, "wdd": 0, "wdv": -28, "tlv": "Michigan"}