{"loc": "Whatcom", "iso": "US", "l1": "United States", "l2": "Washington", "lvl": 3, "pop": 229247, "key": 14564, "isd": true, "ppd": 35.608000000000004, "med": 38.3, "p65": 15.413, "p70": 9.732000000000001, "hos": 2.77, "exp": 78.86, "adr": 1.0, "amn": 38888.0, "amv": 809177.0, "amd": 414.0, "amt": 885934.0, "tmn": [187, 135, 0, 257, 130, 253, 178, 126, 130, 0, 239, 222, 213, 109, 235, 270, 0, 253, 205, 117, 143], "tmv": [10242, 10071, 9169, 6395, 4975, 6773, 8259, 8496, 10027, 6458, 3608, 3001, 5456, 7305, 8515, 7794, 7192, 5713, 4653, 4699, 5814], "tmd": [0, 0, 0, 0, 0, 5, 0, 5, 0, 0, 0, 0, 0, 5, 0, 0, 0, 0, 5, 0, 9], "wmn": 1226, "wmt": 15747, "wmd": 14, "wmv": 44384, "wdn": 18, "wdt": -14, "wdd": 50, "wdv": 0, "tlv": "Washington"}