{"loc": "Wexford", "iso": "US", "l1": "United States", "l2": "Michigan", "lvl": 3, "pop": 33631, "key": 14562, "isd": true, "ppd": 35.608000000000004, "med": 38.3, "p65": 15.413, "p70": 9.732000000000001, "hos": 2.77, "exp": 78.86, "adr": 1.0, "amn": 78023.0, "amv": 684867.0, "amd": 1070.0, "amt": 1264068.0, "tmn": [1427, 505, 951, 1070, 1189, 951, 0, 1129, 1248, 1010, 1040, 713, 862, 0, 773, 475, 446, 446, 683, 416, 0], "tmv": [6477, 4262, 8755, 10329, 12013, 14052, 10864, 8027, 7863, 7615, 10699, 12037, 10893, 10729, 6600, 5484, 7781, 9092, 10242, 10071, 0], "tmd": [0, 90, 0, -29, 30, 0, 0, 0, 60, 0, 90, 30, 0, 0, 0, 0, 0, 30, 0, 30, 0], "wmn": 3242, "wmt": 32594, "wmd": 60, "wmv": 49273, "wdn": -46, "wdt": -9, "wdd": -67, "wdv": -27, "tlv": "Michigan"}