{"loc": "Whatcom", "iso": "US", "l1": "United States", "l2": "Washington", "lvl": 3, "pop": 229247, "key": 14564, "isd": true, "ppd": 35.608000000000004, "med": 38.3, "p65": 15.413, "p70": 9.732000000000001, "hos": 2.77, "exp": 78.86, "adr": 1.0, "amn": 71521.0, "amv": 1263117.0, "amd": 694.0, "amt": 1292525.0, "tmn": [305, 0, 0, 719, 200, 279, 248, 314, 0, 0, 0, 1012, 143, 331, 427, 0, 0, 793, 231, 274, 388], "tmv": [3390, 3489, 0, 0, 0, 2411, 3257, 3418, 2659, 2485, 1614, 1945, 2278, 2491, 2890, 2710, 2395, 1993, 2154, 3467, 0], "tmd": [18, 0, 0, 0, 0, 9, 0, 9, 0, 0, 0, 0, 5, 0, 5, 0, 0, 5, 5, 0, 14], "wmn": 2116, "wmt": 0, "wmd": 27, "wmv": 15613, "wdn": 17, "wdt": 0, "wdd": 100, "wdv": -8, "tlv": "Washington"}