{"loc": "Wharton", "iso": "US", "l1": "United States", "l2": "Texas", "lvl": 3, "pop": 41556, "key": 14563, "isd": true, "ppd": 35.608000000000004, "med": 38.3, "p65": 15.413, "p70": 9.732000000000001, "hos": 2.77, "exp": 78.86, "adr": 3.0, "amn": 99312.0, "amv": 809177.0, "amd": 2791.0, "amt": 817364.0, "tmn": [120, -96, 216, 144, 168, 72, 216, 168, 72, 0, 48, 216, 0, 24, 120, 48, 72, 168, 96, 24, 144], "tmv": [10242, 10071, 9169, 6395, 4975, 6773, 8259, 8496, 10027, 6458, 3608, 3001, 5456, 7305, 8515, 7794, 7192, 5713, 4653, 4699, 5814], "tmd": [0, 0, 0, 0, 0, 0, 0, 25, 0, 0, 0, 0, 0, 0, 0, 0, 0, 0, 0, 25, 0], "wmn": 674, "wmt": 12192, "wmd": 25, "wmv": 44384, "wdn": 27, "wdt": -14, "wdd": 0, "wdv": 0, "tlv": "Texas"}