{"loc": "Wheeler", "iso": "US", "l1": "United States", "l2": "Georgia", "lvl": 3, "pop": 7855, "key": 14566, "isd": true, "ppd": 35.608000000000004, "med": 38.3, "p65": 15.413, "p70": 9.732000000000001, "hos": 2.77, "exp": 78.86, "adr": 3.0, "amn": 118269.0, "amv": 1187231.0, "amd": 4074.0, "amt": 1078165.0, "tmn": [1018, 509, 127, 0, 0, 636, 636, 127, 127, 127, 0, 0, 127, 636, 0, 0, 127, 0, 0, 254, 127], "tmv": [2913, 2024, 2876, 2739, 2336, 1790, 1886, 2554, 2257, 2903, 2781, 2047, 1978, 1647, 2163, 995, 2262, 2445, 2251, 1671, 1480], "tmd": [0, 0, 0, 0, 0, 0, 0, 128, 255, 0, 0, 0, 0, 128, 0, 0, 0, 0, 0, 0, 0], "wmn": 510, "wmt": 20230, "wmd": 0, "wmv": 13270, "wdn": -56, "wdt": -6, "wdd": -100, "wdv": -18, "tlv": "Georgia"}