{"loc": "Wetzel", "iso": "US", "l1": "United States", "l2": "West Virginia", "lvl": 3, "pop": 15065, "key": 14561, "isd": true, "ppd": 35.608000000000004, "med": 38.3, "p65": 15.413, "p70": 9.732000000000001, "hos": 2.77, "exp": 78.86, "adr": 2.0, "amn": 73150.0, "amv": 279512.0, "amd": 1261.0, "amt": 1265797.0, "tmn": [0, 199, 331, 0, 132, 0, 265, 398, 66, 199, 331, 199, 66, 331, 331, 66, 132, 132, -995, 66, 663], "tmv": [3221, 4419, 5606, 5173, 5466, 3298, 2593, 4349, 5491, 6616, 7139, 7375, 5050, 5255, 5793, 6168, 7391, 8814, 7404, 5275, 0], "tmd": [0, 0, 0, 0, 0, 0, 0, 0, 0, 0, 0, 0, 0, 0, 0, 0, 0, 0, 0, 0, 0], "wmn": 399, "wmt": 28941, "wmd": 0, "wmv": 40849, "wdn": -75, "wdt": -18, "wdd": 0, "wdv": -1, "tlv": "West Virginia"}