{"loc": "White", "iso": "US", "l1": "United States", "l2": "Illinois", "lvl": 3, "pop": 13537, "key": 14573, "isd": true, "ppd": 35.608000000000004, "med": 38.3, "p65": 15.413, "p70": 9.732000000000001, "hos": 2.77, "exp": 78.86, "adr": 1.0, "amn": 117234.0, "amv": 170827.0, "amd": 1699.0, "amt": 1372207.0, "tmn": [812, 1403, 590, 0, 664, 1403, 738, 517, 812, 812, 147, 73, 517, 886, 147, 147, 221, 221, 73, 73, 295], "tmv": [5132, 5139, 4690, 3336, 1695, 3330, 4023, 4903, 6734, 6595, 3662, 2393, 4746, 4917, 6132, 6772, 6806, 0, 0, 3221, 0], "tmd": [0, 0, 0, 0, 0, 0, 0, 0, 0, 0, 0, 0, 0, 0, 0, 0, 0, 0, 0, 0, 0], "wmn": 1182, "wmt": 37047, "wmd": 0, "wmv": 22933, "wdn": -69, "wdt": -16, "wdd": 0, "wdv": -32, "tlv": "Illinois"}