{"loc": "Whiteside", "iso": "US", "l1": "United States", "l2": "Illinois", "lvl": 3, "pop": 55175, "key": 14576, "isd": true, "ppd": 35.608000000000004, "med": 38.3, "p65": 15.413, "p70": 9.732000000000001, "hos": 2.77, "exp": 78.86, "adr": 2.0, "amn": 130476.0, "amv": 973354.0, "amd": 3154.0, "amt": 2015151.0, "tmn": [54, 0, 36, 0, 0, 0, 18, 0, 18, 0, 18, 18, 0, 18, 18, 0, 0, 0, 0, 0, 0], "tmv": [4248, 3485, 4157, 3682, 3252, 2518, 2835, 2495, 4865, 3672, 4016, 3766, 3121, 6234, 3276, 3244, 2575, 1851, 1965, 1967, 2474], "tmd": [19, 0, 0, 0, 0, 0, 0, 0, 0, 0, 0, 0, 0, 0, 0, 0, 0, 0, 0, 0, 0], "wmn": 19, "wmt": 20871, "wmd": 0, "wmv": 17355, "wdn": -75, "wdt": -5, "wdd": 0, "wdv": -38, "tlv": "Illinois"}