{"loc": "White", "iso": "US", "l1": "United States", "l2": "Georgia", "lvl": 3, "pop": 30798, "key": 14572, "isd": true, "ppd": 35.608000000000004, "med": 38.3, "p65": 15.413, "p70": 9.732000000000001, "hos": 2.77, "exp": 78.86, "adr": 2.0, "amn": 140399.0, "amv": 1136653.0, "amd": 3247.0, "amt": 1000586.0, "tmn": [551, 714, 1039, 0, 0, 2078, 1493, 1396, 1266, 1168, 0, 0, 2889, 1461, 876, 2500, 1168, 0, 0, 0, 4448], "tmv": [2139, 3106, 3068, 3187, 2953, 1851, 1966, 2813, 2807, 3250, 3257, 2889, 2103, 1988, 3241, 2538, 4249, 2950, 0, 0, 0], "tmd": [33, -32, 0, 0, 0, 0, 0, 0, 33, 0, 0, 0, 0, 33, 33, 65, 65, 0, 0, 0, 195], "wmn": 8995, "wmt": 18194, "wmd": 358, "wmv": 12982, "wdn": 10, "wdt": -32, "wdd": 450, "wdv": -32, "tlv": "Georgia"}