{"loc": "White", "iso": "US", "l1": "United States", "l2": "Indiana", "lvl": 3, "pop": 24102, "key": 14574, "isd": true, "ppd": 35.608000000000004, "med": 38.3, "p65": 15.413, "p70": 9.732000000000001, "hos": 2.77, "exp": 78.86, "adr": 2.0, "amn": 138412.0, "amv": 974908.0, "amd": 2199.0, "amt": 1604866.0, "tmn": [0, 248, 165, 248, 165, 331, 414, 0, 207, 248, 82, 207, 41, 124, 0, 124, 82, 124, 248, 124, 0], "tmv": [4157, 3682, 3252, 2518, 2835, 2495, 4865, 3672, 4016, 3766, 3121, 6234, 3276, 3244, 2575, 1851, 1965, 1967, 2474, 1554, 0], "tmd": [0, 0, 0, 0, 0, 0, 0, 0, 0, 0, 0, 0, 0, 0, 0, 0, 0, 0, 0, 0, 0], "wmn": 706, "wmt": 13154, "wmd": 0, "wmv": 12389, "wdn": -23, "wdt": -3, "wdd": 0, "wdv": -55, "tlv": "Indiana"}