{"loc": "White", "iso": "US", "l1": "United States", "l2": "Illinois", "lvl": 3, "pop": 13537, "key": 14573, "isd": true, "ppd": 35.608000000000004, "med": 38.3, "p65": 15.413, "p70": 9.732000000000001, "hos": 2.77, "exp": 78.86, "adr": 1.0, "amn": 150107.0, "amv": 1091533.0, "amd": 1995.0, "amt": 2202246.0, "tmn": [1108, 0, 0, 1477, 1034, 517, 590, 443, 0, 0, 1625, 738, 812, 443, 1108, 0, 0, 3028, 1329, 590, 960], "tmv": [2600, 2160, 2477, 1419, 1374, 2201, 2622, 2492, 2548, 2348, 1615, 1875, 1986, 1986, 2786, 3007, 2017, 2605, 1830, 2139, 3106], "tmd": [0, 0, 0, 0, 0, 0, 0, 0, 0, 0, 0, 0, 0, 74, 0, 0, 0, 0, 0, 0, 0], "wmn": 7018, "wmt": 34850, "wmd": 0, "wmv": 17494, "wdn": 73, "wdt": 8, "wdd": -100, "wdv": 18, "tlv": "Illinois"}