{"loc": "White Pine", "iso": "US", "l1": "United States", "l2": "Nevada", "lvl": 3, "pop": 9580, "key": 14570, "isd": true, "ppd": 35.608000000000004, "med": 38.3, "p65": 15.413, "p70": 9.732000000000001, "hos": 2.77, "exp": 78.86, "adr": 1.0, "amn": 136534.0, "amv": 1476857.0, "amd": 1879.0, "amt": 1600218.0, "tmn": [0, 0, 0, 0, 939, 626, 104, 0, 626, 0, 0, 0, 208, 0, 208, 0, 0, 0, 0, 0, 0], "tmv": [70, 3476, 2565, 1693, 4764, 5451, 6033, 6077, 6801, 4120, 2054, 5104, 5248, 5184, 4986, 5175, 2683, 957, 367, 0, 0], "tmd": [0, 0, 0, 0, 105, 209, 0, 0, 0, 0, 0, 105, 0, 105, 0, 0, 0, 0, 0, 0, 0], "wmn": 209, "wmt": 19041, "wmd": 0, "wmv": 14171, "wdn": -75, "wdt": -6, "wdd": -100, "wdv": -59, "tlv": "Nevada"}