{"loc": "Whitley", "iso": "US", "l1": "United States", "l2": "Kentucky", "lvl": 3, "pop": 36264, "key": 14579, "isd": true, "ppd": 35.608000000000004, "med": 38.3, "p65": 15.413, "p70": 9.732000000000001, "hos": 2.77, "exp": 78.86, "adr": 1.0, "amn": 116369.0, "amv": 1031255.0, "amd": 1710.0, "amt": 1252205.0, "tmn": [0, 0, 0, 27, 165, 55, 275, 0, 0, 413, 220, 468, 275, 358, 0, 0, 689, 248, 275, 413, 579], "tmv": [3524, 1923, 0, 0, 1326, 2107, 1883, 1818, 1779, 1363, 1036, 1655, 1721, 1666, 1928, 1520, 1539, 740, 1856, 2005, 0], "tmd": [0, 0, 0, 28, 0, 0, 0, 0, 0, 0, 0, 0, 0, 0, 0, 0, 0, 0, 0, 0, 0], "wmn": 2207, "wmt": 8883, "wmd": 0, "wmv": 9591, "wdn": 27, "wdt": 8, "wdd": 0, "wdv": -13, "tlv": "Kentucky"}