{"loc": "Whitley", "iso": "US", "l1": "United States", "l2": "Kentucky", "lvl": 3, "pop": 36264, "key": 14579, "isd": true, "ppd": 35.608000000000004, "med": 38.3, "p65": 15.413, "p70": 9.732000000000001, "hos": 2.77, "exp": 78.86, "adr": 0.0, "amn": 118106.0, "amv": 244457.0, "amd": 579.0, "amt": 885168.0, "tmn": [579, 523, 799, 386, 137, 55, -165, 441, 1571, 275, -110, 689, 386, 523, 689, 1020, 82, -27, 854, 441, 137], "tmv": [6132, 6772, 6806, 0, 0, 3221, 4419, 5606, 5173, 5466, 3298, 2593, 4349, 5491, 6616, 7139, 7375, 5050, 5255, 5793, 0], "tmd": [0, 0, 0, 0, 0, 0, 0, 0, 0, 0, 0, 56, 0, 0, 0, 0, 0, 83, 0, 0, 0], "wmn": 3199, "wmt": 16950, "wmd": 83, "wmv": 37231, "wdn": -15, "wdt": -18, "wdd": 50, "wdv": 16, "tlv": "Kentucky"}