{"loc": "White", "iso": "US", "l1": "United States", "l2": "Indiana", "lvl": 3, "pop": 24102, "key": 14574, "isd": true, "ppd": 35.608000000000004, "med": 38.3, "p65": 15.413, "p70": 9.732000000000001, "hos": 2.77, "exp": 78.86, "adr": 2.0, "amn": 174799.0, "amv": 1259649.0, "amd": 2697.0, "amt": 2129412.0, "tmn": [829, 165, 705, 0, 0, 912, 207, 414, 746, 331, 0, 0, 705, 414, 165, 331, 248, 0, 0, 912, 165], "tmv": [2905, 2661, 3390, 3489, 0, 0, 0, 2411, 3257, 3418, 2659, 2485, 1614, 1945, 2278, 2491, 2890, 2710, 2395, 1993, 2154], "tmd": [0, 0, 0, 0, 0, 42, 0, 0, 42, 0, 0, 0, 42, 83, 0, 0, 0, 0, 0, 0, 42], "wmn": 1826, "wmt": 30322, "wmd": 42, "wmv": 16916, "wdn": -30, "wdt": -5, "wdd": -75, "wdv": -5, "tlv": "Indiana"}