{"loc": "Whitley", "iso": "US", "l1": "United States", "l2": "Kentucky", "lvl": 3, "pop": 36264, "key": 14579, "isd": true, "ppd": 35.608000000000004, "med": 38.3, "p65": 15.413, "p70": 9.732000000000001, "hos": 2.77, "exp": 78.86, "adr": 1.0, "amn": 246553.0, "amv": 1263117.0, "amd": 2427.0, "amt": 1634254.0, "tmn": [1047, 0, 0, 2757, 1323, 2509, 661, 799, 0, 0, 2123, 937, 909, 827, 248, 0, 0, 551, 854, 965, 386], "tmv": [3390, 3489, 0, 0, 0, 2411, 3257, 3418, 2659, 2485, 1614, 1945, 2278, 2491, 2890, 2710, 2395, 1993, 2154, 3467, 0], "tmd": [28, 0, 0, 56, 0, 0, 0, 0, 0, 0, 0, 0, 0, 56, 0, 0, 0, 56, 0, 0, 56], "wmn": 3006, "wmt": 21308, "wmd": 111, "wmv": 15613, "wdn": -46, "wdt": -6, "wdd": 100, "wdv": -8, "tlv": "Kentucky"}