{"loc": "White", "iso": "US", "l1": "United States", "l2": "Illinois", "lvl": 3, "pop": 13537, "key": 14573, "isd": true, "ppd": 35.608000000000004, "med": 38.3, "p65": 15.413, "p70": 9.732000000000001, "hos": 2.77, "exp": 78.86, "adr": 2.0, "amn": 118638.0, "amv": 220982.0, "amd": 1847.0, "amt": 1425979.0, "tmn": [812, 147, 73, 517, 886, 147, 147, 221, 221, 73, 73, 295, 0, 443, 0, 147, 0, 295, 147, 0, 369], "tmv": [6595, 3662, 2393, 4746, 4917, 6132, 6772, 6806, 0, 0, 3221, 4419, 5606, 5173, 5466, 3298, 2593, 4349, 5491, 6616, 7139], "tmd": [0, 0, 0, 0, 0, 0, 0, 0, 0, 0, 0, 0, 148, 0, 0, 0, 0, 0, 0, 0, 0], "wmn": 961, "wmt": 41212, "wmd": 0, "wmv": 34956, "wdn": -28, "wdt": 19, "wdd": -100, "wdv": 39, "tlv": "Illinois"}