{"loc": "Wibaux", "iso": "US", "l1": "United States", "l2": "Montana", "lvl": 3, "pop": 969, "key": 14581, "isd": true, "ppd": 35.608000000000004, "med": 38.3, "p65": 15.413, "p70": 9.732000000000001, "hos": 2.77, "exp": 78.86, "adr": 5.0, "amn": 148607.0, "amv": 1179384.0, "amd": 7224.0, "amt": 1679279.0, "tmn": [0, 0, 0, 1031, 1031, 4127, 0, 0, 0, 2063, 1031, 0, 0, 1031, 0, 0, 1031, 0, 1031, 2063, 0], "tmv": [2950, 0, 0, 0, 2913, 2024, 2876, 2739, 2336, 1790, 1886, 2554, 2257, 2903, 2781, 2047, 1978, 1647, 2163, 995, 2262], "tmd": [0, 0, 0, 0, 0, 0, 0, 0, 0, 0, 0, 0, 0, 0, 0, 0, 0, 0, 0, 1032, 0], "wmn": 4128, "wmt": 50947, "wmd": 1032, "wmv": 13878, "wdn": 0, "wdt": -1, "wdd": 0, "wdv": -16, "tlv": "Montana"}