{"loc": "Wicomico", "iso": "US", "l1": "United States", "l2": "Maryland", "lvl": 3, "pop": 103609, "key": 14584, "isd": true, "ppd": 35.608000000000004, "med": 38.3, "p65": 15.413, "p70": 9.732000000000001, "hos": 2.77, "exp": 78.86, "adr": 2.0, "amn": 102646.0, "amv": 1219607.0, "amd": 2017.0, "amt": 2221776.0, "tmn": [511, 443, 694, 463, 463, 337, 337, 260, 492, 665, 443, 308, 270, 183, 405, 386, 366, 424, 357, 154, 183], "tmv": [2163, 995, 2262, 2445, 2251, 1671, 0, 0, 2784, 2570, 2833, 3777, 2988, 2423, 2905, 2661, 3390, 3489, 0, 0, 0], "tmd": [10, 0, 10, 10, 0, 0, 0, 10, 0, 0, 29, 0, 0, 0, 0, 0, 10, 20, 0, 10, 0], "wmn": 2278, "wmt": 45505, "wmd": 39, "wmv": 12448, "wdn": -13, "wdt": 6, "wdd": 0, "wdv": -28, "tlv": "Maryland"}