{"loc": "Wilkes", "iso": "US", "l1": "United States", "l2": "Georgia", "lvl": 3, "pop": 9777, "key": 14588, "isd": true, "ppd": 35.608000000000004, "med": 38.3, "p65": 15.413, "p70": 9.732000000000001, "hos": 2.77, "exp": 78.86, "adr": 2.0, "amn": 158024.0, "amv": 1263117.0, "amd": 3580.0, "amt": 1160763.0, "tmn": [306, 0, 0, 0, 306, 0, 511, 102, 0, 0, 102, 102, 306, 102, 306, 0, 0, 102, 0, 204, 102], "tmv": [3390, 3489, 0, 0, 0, 2411, 3257, 3418, 2659, 2485, 1614, 1945, 2278, 2491, 2890, 2710, 2395, 1993, 2154, 3467, 0], "tmd": [0, 0, 0, 0, 0, 0, 0, 0, 0, 0, 0, 0, 0, 0, 103, 0, 0, 0, 0, 0, 0], "wmn": 716, "wmt": 15011, "wmd": 103, "wmv": 15613, "wdn": 0, "wdt": -16, "wdd": 0, "wdv": -8, "tlv": "Georgia"}