{"loc": "Whitman", "iso": "US", "l1": "United States", "l2": "Washington", "lvl": 3, "pop": 50104, "key": 14580, "isd": true, "ppd": 35.608000000000004, "med": 38.3, "p65": 15.413, "p70": 9.732000000000001, "hos": 2.77, "exp": 78.86, "adr": 1.0, "amn": 102766.0, "amv": 1170335.0, "amd": 1098.0, "amt": 1292525.0, "tmn": [498, 319, 598, 858, 0, 0, 0, 498, 1137, 578, 419, 0, 0, 1017, 658, 359, 558, 638, 0, 0, 698], "tmv": [1988, 3241, 2538, 4249, 2950, 0, 0, 0, 2913, 2024, 2876, 2739, 2336, 1790, 1886, 2554, 2257, 2903, 2781, 2047, 0], "tmd": [0, 0, 0, 0, 0, 0, 0, 20, 0, 0, 0, 0, 0, 0, 0, 0, 0, 0, 0, 0, 0], "wmn": 2914, "wmt": 12511, "wmd": 0, "wmv": 14431, "wdn": -20, "wdt": -41, "wdd": -100, "wdv": -2, "tlv": "Washington"}