{"loc": "Wilkes", "iso": "US", "l1": "United States", "l2": "Georgia", "lvl": 3, "pop": 9777, "key": 14588, "isd": true, "ppd": 35.608000000000004, "med": 38.3, "p65": 15.413, "p70": 9.732000000000001, "hos": 2.77, "exp": 78.86, "adr": 2.0, "amn": 102281.0, "amv": 180853.0, "amd": 2148.0, "amt": 658185.0, "tmn": [920, 2045, 102, 409, 409, 306, 204, 306, 2250, 204, 409, 204, 306, 204, 1534, -102, 409, 102, 0, 102, 102], "tmv": [5139, 4690, 3336, 1695, 3330, 4023, 4903, 6734, 6595, 3662, 2393, 4746, 4917, 6132, 6772, 6806, 0, 0, 3221, 4419, 5606], "tmd": [103, 0, 0, 0, 0, 0, 0, 0, 0, 0, 103, 0, 0, 0, 0, 0, 0, 0, 0, 0, 0], "wmn": 2148, "wmt": 18391, "wmd": 0, "wmv": 26827, "wdn": -45, "wdt": 0, "wdd": -100, "wdv": -24, "tlv": "Georgia"}