{"loc": "Wilcox", "iso": "US", "l1": "United States", "l2": "Georgia", "lvl": 3, "pop": 8635, "key": 14587, "isd": true, "ppd": 35.608000000000004, "med": 38.3, "p65": 15.413, "p70": 9.732000000000001, "hos": 2.77, "exp": 78.86, "adr": 4.0, "amn": 143833.0, "amv": 1197969.0, "amd": 6138.0, "amt": 1093349.0, "tmn": [1273, 1273, 347, -115, 926, 0, 0, 810, 347, 347, 463, 0, 0, 0, 231, 231, 231, 115, 115, 0, 0], "tmv": [1790, 1886, 2554, 2257, 2903, 2781, 2047, 1978, 1647, 2163, 995, 2262, 2445, 2251, 1671, 0, 0, 2784, 2570, 2833, 0], "tmd": [0, 0, 0, 0, 116, 0, 0, 0, 0, 0, 116, 116, 0, 0, 0, 0, 0, 0, 0, 0, 0], "wmn": 927, "wmt": 22471, "wmd": 0, "wmv": 9860, "wdn": -53, "wdt": 4, "wdd": -100, "wdv": -28, "tlv": "Georgia"}