{"loc": "Wichita", "iso": "US", "l1": "United States", "l2": "Texas", "lvl": 3, "pop": 132230, "key": 14583, "isd": true, "ppd": 35.608000000000004, "med": 38.3, "p65": 15.413, "p70": 9.732000000000001, "hos": 2.77, "exp": 78.86, "adr": 2.0, "amn": 165189.0, "amv": 1255502.0, "amd": 3743.0, "amt": 1198166.0, "tmn": [0, 0, 0, 0, 0, 0, 0, 0, 2155, 0, 0, 1852, 0, 0, 0, 0, 0, 0, 1141, 0, 0], "tmv": [2423, 2905, 2661, 3390, 3489, 0, 0, 0, 2411, 3257, 3418, 2659, 2485, 1614, 1945, 2278, 2491, 2890, 2710, 2395, 0], "tmd": [16, 31, 23, 0, 0, 0, 0, 0, 91, 0, 0, 31, 8, 0, 31, 8, 0, 8, 53, 8, 0], "wmn": 1142, "wmt": 17768, "wmd": 106, "wmv": 14714, "wdn": -72, "wdt": -31, "wdd": -18, "wdv": -7, "tlv": "Texas"}