{"loc": "Wilcox", "iso": "US", "l1": "United States", "l2": "Alabama", "lvl": 3, "pop": 10373, "key": 14586, "isd": true, "ppd": 35.608000000000004, "med": 38.3, "p65": 15.413, "p70": 9.732000000000001, "hos": 2.77, "exp": 78.86, "adr": 2.0, "amn": 172660.0, "amv": 1476857.0, "amd": 3663.0, "amt": 1303313.0, "tmn": [96, 0, 0, 0, 0, 192, 0, 482, 192, 192, 0, 0, -192, 289, 96, 0, 192, 0, 0, 192, 0], "tmv": [70, 3476, 2565, 1693, 4764, 5451, 6033, 6077, 6801, 4120, 2054, 5104, 5248, 5184, 4986, 5175, 2683, 957, 367, 0, 0], "tmd": [0, 0, 0, 0, 0, 0, 0, 0, 0, 0, 0, 0, 0, 0, 0, 0, 0, 0, 0, 0, 0], "wmn": 483, "wmt": 11001, "wmd": 0, "wmv": 14171, "wdn": -50, "wdt": 19, "wdd": 0, "wdv": -59, "tlv": "Alabama"}