{"loc": "Wilkinson", "iso": "US", "l1": "United States", "l2": "Mississippi", "lvl": 3, "pop": 8630, "key": 14592, "isd": true, "ppd": 35.608000000000004, "med": 38.3, "p65": 15.413, "p70": 9.732000000000001, "hos": 2.77, "exp": 78.86, "adr": 4.0, "amn": 116918.0, "amv": 1170335.0, "amd": 4171.0, "amt": 802208.0, "tmn": [115, 579, 1969, 115, 0, 0, 1506, 0, 0, 347, 115, 0, 0, 115, 115, 1042, 115, 1622, 0, 0, 1274], "tmv": [1988, 3241, 2538, 4249, 2950, 0, 0, 0, 2913, 2024, 2876, 2739, 2336, 1790, 1886, 2554, 2257, 2903, 2781, 2047, 0], "tmd": [0, 0, 116, 0, 0, 0, 0, 0, 0, 116, 0, 0, 0, 0, 0, 0, 0, 0, 0, 0, 116], "wmn": 4172, "wmt": 12824, "wmd": 116, "wmv": 14431, "wdn": 620, "wdt": -14, "wdd": 0, "wdv": -2, "tlv": "Mississippi"}