{"loc": "Will", "iso": "US", "l1": "United States", "l2": "Illinois", "lvl": 3, "pop": 690743, "key": 14593, "isd": true, "ppd": 35.608000000000004, "med": 38.3, "p65": 15.413, "p70": 9.732000000000001, "hos": 2.77, "exp": 78.86, "adr": 1.0, "amn": 93453.0, "amv": 197386.0, "amd": 1278.0, "amt": 1405050.0, "tmn": [298, 289, 231, 191, 189, 176, 182, 301, 222, 136, 178, 127, 111, 215, 215, 199, 198, 173, 99, 162, 173], "tmv": [4023, 4903, 6734, 6595, 3662, 2393, 4746, 4917, 6132, 6772, 6806, 0, 0, 3221, 4419, 5606, 5173, 5466, 3298, 2593, 0], "tmd": [11, 6, 3, 0, 0, 0, 2, 12, 0, 0, 2, 5, 2, 2, 5, 2, 2, 3, 0, 0, 2], "wmn": 1224, "wmt": 38174, "wmd": 12, "wmv": 26559, "wdn": -5, "wdt": -3, "wdd": -43, "wdv": -5, "tlv": "Illinois"}