{"loc": "Williamsburg", "iso": "US", "l1": "United States", "l2": "Virginia", "lvl": 3, "pop": 14954, "key": 14598, "isd": true, "ppd": 35.608000000000004, "med": 38.3, "p65": 15.413, "p70": 9.732000000000001, "hos": 2.77, "exp": 78.86, "adr": 2.0, "amn": 46610.0, "amv": 500973.0, "amd": 736.0, "amt": 766692.0, "tmn": [133, 133, 401, 66, 334, -200, 1471, 66, 601, 334, 468, 468, 1872, 267, 200, 1604, 869, -133, 601, 267, 133], "tmv": [6135, 5026, 6980, 8171, 7842, 9493, 9226, 6156, 5181, 6849, 8594, 10257, 10611, 9961, 7133, 5431, 8106, 10192, 12065, 12389, 10214], "tmd": [0, 0, 0, 0, 0, 0, 0, 0, 0, 0, 0, 0, 0, 0, 0, 0, 0, 0, 0, 0, 0], "wmn": 3545, "wmt": 14221, "wmd": 0, "wmv": 65534, "wdn": -13, "wdt": -4, "wdd": 0, "wdv": 14, "tlv": "Virginia"}