{"loc": "Willacy", "iso": "US", "l1": "United States", "l2": "Texas", "lvl": 3, "pop": 21358, "key": 14594, "isd": true, "ppd": 35.608000000000004, "med": 38.3, "p65": 15.413, "p70": 9.732000000000001, "hos": 2.77, "exp": 78.86, "adr": 2.0, "amn": 217436.0, "amv": 1227352.0, "amd": 5103.0, "amt": 1171064.0, "tmn": [280, 561, 515, 0, 983, 93, 140, 889, 280, 140, 0, 655, 983, 187, 0, 0, 0, 0, 0, 3698, 1451], "tmv": [2262, 2445, 2251, 1671, 0, 0, 2784, 2570, 2833, 3777, 2988, 2423, 2905, 2661, 3390, 3489, 0, 0, 0, 2411, 0], "tmd": [0, 0, 47, 0, 0, 0, 0, 0, 47, 0, 0, 47, 0, 0, 0, 0, 0, 0, 0, 188, 0], "wmn": 5151, "wmt": 18253, "wmd": 188, "wmv": 9292, "wdn": 64, "wdt": -3, "wdd": 100, "wdv": -54, "tlv": "Texas"}