{"loc": "Wilkinson", "iso": "US", "l1": "United States", "l2": "Mississippi", "lvl": 3, "pop": 8630, "key": 14592, "isd": true, "ppd": 35.608000000000004, "med": 38.3, "p65": 15.413, "p70": 9.732000000000001, "hos": 2.77, "exp": 78.86, "adr": 5.0, "amn": 80649.0, "amv": 965095.0, "amd": 3708.0, "amt": 660394.0, "tmn": [231, 115, 115, -115, 0, 0, 579, 0, 0, 0, 115, 0, 0, 0, 0, 115, 115, 115, 0, 0, 0], "tmv": [0, 1543, 2452, 4248, 3485, 4157, 3682, 3252, 2518, 2835, 2495, 4865, 3672, 4016, 3766, 3121, 6234, 3276, 3244, 2575, 0], "tmd": [0, 0, 0, 0, 0, 0, 116, 0, 0, 0, 0, 0, 0, 0, 0, 0, 0, 0, 0, 0, 0], "wmn": 348, "wmt": 3488, "wmd": 0, "wmv": 22220, "wdn": 200, "wdt": 6, "wdd": 0, "wdv": -6, "tlv": "Mississippi"}