{"loc": "Williamson", "iso": "US", "l1": "United States", "l2": "Illinois", "lvl": 3, "pop": 66597, "key": 14599, "isd": true, "ppd": 35.608000000000004, "med": 38.3, "p65": 15.413, "p70": 9.732000000000001, "hos": 2.77, "exp": 78.86, "adr": 1.0, "amn": 167740.0, "amv": 1160346.0, "amd": 2312.0, "amt": 2382705.0, "tmn": [1441, 0, 0, 2222, 1141, 1171, 1216, 1516, 0, 0, 0, 3408, 720, 705, 1967, 0, 0, 2672, 915, 1381, 825], "tmv": [3250, 3257, 2889, 2103, 1988, 3241, 2538, 4249, 2950, 0, 0, 0, 2913, 2024, 2876, 2739, 2336, 1790, 1886, 2554, 0], "tmd": [0, 0, 0, 16, 0, 0, 0, 16, 0, 0, 0, 16, 0, 0, 46, 0, 0, 46, 46, 0, 31], "wmn": 7764, "wmt": 50773, "wmd": 166, "wmv": 14183, "wdn": 22, "wdt": 10, "wdd": 450, "wdv": 17, "tlv": "Illinois"}