{"loc": "Williamson", "iso": "US", "l1": "United States", "l2": "Illinois", "lvl": 3, "pop": 66597, "key": 14599, "isd": true, "ppd": 35.608000000000004, "med": 38.3, "p65": 15.413, "p70": 9.732000000000001, "hos": 2.77, "exp": 78.86, "adr": 2.0, "amn": 114810.0, "amv": 986908.0, "amd": 2012.0, "amt": 2032535.0, "tmn": [105, 15, 15, 15, 45, 45, 120, 60, 150, 0, 0, 210, 90, 60, 60, 75, 0, 0, 165, 60, 45], "tmv": [2835, 2495, 4865, 3672, 4016, 3766, 3121, 6234, 3276, 3244, 2575, 1851, 1965, 1967, 2474, 1554, 2803, 3655, 3299, 2241, 0], "tmd": [0, 0, 0, 0, 0, 0, 0, 0, 0, 0, 0, 0, 0, 0, 0, 0, 0, 0, 0, 0, 0], "wmn": 406, "wmt": 20851, "wmd": 0, "wmv": 16029, "wdn": -29, "wdt": 0, "wdd": 0, "wdv": -24, "tlv": "Illinois"}