{"loc": "Windsor", "iso": "US", "l1": "United States", "l2": "Vermont", "lvl": 3, "pop": 55062, "key": 14609, "isd": true, "ppd": 35.608000000000004, "med": 38.3, "p65": 15.413, "p70": 9.732000000000001, "hos": 2.77, "exp": 78.86, "adr": 1.0, "amn": 23664.0, "amv": 664553.0, "amd": 218.0, "amt": 2420716.0, "tmn": [18, 163, 36, 0, 90, 127, 72, 54, 127, 18, 72, 54, 72, 54, 127, 181, 127, 0, 54, 127, 145], "tmv": [12389, 10214, 6477, 4262, 8755, 10329, 12013, 14052, 10864, 8027, 7863, 7615, 10699, 12037, 10893, 10729, 6600, 5484, 7781, 9092, 0], "tmd": [0, 0, 0, 0, 0, 0, 0, 0, 0, 0, 0, 0, 0, 0, 0, 0, 0, 0, 0, 0, 0], "wmn": 763, "wmt": 81574, "wmd": 0, "wmv": 50581, "wdn": 68, "wdt": -6, "wdd": 0, "wdv": -29, "tlv": "Vermont"}