{"loc": "Wilson", "iso": "US", "l1": "United States", "l2": "Tennessee", "lvl": 3, "pop": 144657, "key": 14604, "isd": true, "ppd": 35.608000000000004, "med": 38.3, "p65": 15.413, "p70": 9.732000000000001, "hos": 2.77, "exp": 78.86, "adr": 1.0, "amn": 120803.0, "amv": 448004.0, "amd": 1521.0, "amt": 1053386.0, "tmn": [373, 414, 235, 0, 0, 615, 338, 456, 138, 470, 0, 0, 594, 262, 138, 255, 193, 0, 0, 518, 131], "tmv": [6157, 7535, 8875, 13887, 4118, 6135, 5026, 6980, 8171, 7842, 9493, 9226, 6156, 5181, 6849, 8594, 10257, 10611, 9961, 7133, 5431], "tmd": [0, 0, 0, 0, 0, 7, 7, 0, 0, 0, 0, 0, 0, 14, 14, 0, 0, 0, 0, 14, -6], "wmn": 1238, "wmt": 14459, "wmd": 21, "wmv": 58839, "wdn": -36, "wdt": 1, "wdd": 50, "wdv": 11, "tlv": "Tennessee"}