{"loc": "Windham", "iso": "US", "l1": "United States", "l2": "Connecticut", "lvl": 3, "pop": 116782, "key": 14607, "isd": true, "ppd": 35.608000000000004, "med": 38.3, "p65": 15.413, "p70": 9.732000000000001, "hos": 2.77, "exp": 78.86, "adr": 2.0, "amn": 80312.0, "amv": 279512.0, "amd": 1558.0, "amt": 1849291.0, "tmn": [94, 17, 445, 0, 0, 453, 119, 196, 222, 94, 0, 0, 556, 119, 85, 291, 137, 0, 0, 650, 77], "tmv": [3221, 4419, 5606, 5173, 5466, 3298, 2593, 4349, 5491, 6616, 7139, 7375, 5050, 5255, 5793, 6168, 7391, 8814, 7404, 5275, 0], "tmd": [18, 0, 18, 0, 0, 18, 0, 9, 0, 0, 0, 0, 9, 0, 9, 0, 9, 0, 0, 0, 0], "wmn": 1242, "wmt": 49025, "wmd": 18, "wmv": 40849, "wdn": 4, "wdt": -20, "wdd": 0, "wdv": -1, "tlv": "Connecticut"}