{"loc": "Winn", "iso": "US", "l1": "United States", "l2": "Louisiana", "lvl": 3, "pop": 13904, "key": 14611, "isd": true, "ppd": 35.608000000000004, "med": 38.3, "p65": 15.413, "p70": 9.732000000000001, "hos": 2.77, "exp": 78.86, "adr": 2.0, "amn": 174338.0, "amv": 1141226.0, "amd": 3740.0, "amt": 1864111.0, "tmn": [1294, 1869, 0, 0, 2301, 1078, 4674, 3236, 431, 0, 0, 0, 0, 6976, 2517, 1582, 0, 0, 0, 2229, 1222], "tmv": [3106, 3068, 3187, 2953, 1851, 1966, 2813, 2807, 3250, 3257, 2889, 2103, 1988, 3241, 2538, 4249, 2950, 0, 0, 0, 0], "tmd": [144, 0, 0, 0, 144, 0, 0, 0, 0, 0, 0, 0, 0, 0, 0, 0, 0, 0, 0, 0, 0], "wmn": 7552, "wmt": 42804, "wmd": 0, "wmv": 9740, "wdn": -29, "wdt": 72, "wdd": 0, "wdv": -50, "tlv": "Louisiana"}