{"loc": "Winkler", "iso": "US", "l1": "United States", "l2": "Texas", "lvl": 3, "pop": 8010, "key": 14610, "isd": true, "ppd": 35.608000000000004, "med": 38.3, "p65": 15.413, "p70": 9.732000000000001, "hos": 2.77, "exp": 78.86, "adr": 3.0, "amn": 89388.0, "amv": 244457.0, "amd": 2497.0, "amt": 681620.0, "tmn": [249, 749, 124, 0, 0, 0, -249, 0, 124, 0, 0, 0, 374, 249, 124, 499, 0, 0, 124, 124, 499], "tmv": [6132, 6772, 6806, 0, 0, 3221, 4419, 5606, 5173, 5466, 3298, 2593, 4349, 5491, 6616, 7139, 7375, 5050, 5255, 5793, 0], "tmd": [125, 0, 0, 0, 0, 0, 0, 0, 0, 0, 0, 0, 0, 0, 0, 0, 0, 0, 0, 0, 0], "wmn": 1374, "wmt": 14012, "wmd": 0, "wmv": 37231, "wdn": 83, "wdt": -26, "wdd": 0, "wdv": 16, "tlv": "Texas"}