{"loc": "Wirt", "iso": "US", "l1": "United States", "l2": "West Virginia", "lvl": 3, "pop": 5821, "key": 14619, "isd": true, "ppd": 35.608000000000004, "med": 38.3, "p65": 15.413, "p70": 9.732000000000001, "hos": 2.77, "exp": 78.86, "adr": 1.0, "amn": 99983.0, "amv": 1144139.0, "amd": 687.0, "amt": 1980851.0, "tmn": [171, 0, 0, 1030, 343, 1030, 171, 515, 515, 0, 515, 171, 2576, 1717, 1546, 1546, 1030, 1030, 858, 515, 687], "tmv": [3068, 3187, 2953, 1851, 1966, 2813, 2807, 3250, 3257, 2889, 2103, 1988, 3241, 2538, 4249, 2950, 0, 0, 0, 2913, 0], "tmd": [0, 0, 0, 0, 0, 0, 0, 0, 0, 0, 0, 0, 0, 0, 0, 0, 0, 0, 0, 0, 0], "wmn": 7216, "wmt": 54752, "wmd": 0, "wmv": 10114, "wdn": 20, "wdt": 3, "wdd": 0, "wdv": -48, "tlv": "West Virginia"}