{"loc": "Winnebago", "iso": "US", "l1": "United States", "l2": "Wisconsin", "lvl": 3, "pop": 171907, "key": 14614, "isd": true, "ppd": 35.608000000000004, "med": 38.3, "p65": 15.413, "p70": 9.732000000000001, "hos": 2.77, "exp": 78.86, "adr": 1.0, "amn": 125178.0, "amv": 1014221.0, "amd": 1315.0, "amt": 1567233.0, "tmn": [5, 0, 17, 0, 5, 0, 0, 17, 34, 17, 23, 34, 0, 0, 0, 0, 23, 5, 0, 0, 0], "tmv": [1851, 1965, 1967, 2474, 1554, 2803, 3655, 3299, 2241, 4154, 4949, 1994, 3524, 1923, 0, 0, 1326, 2107, 1883, 1818, 1779], "tmd": [0, 0, 0, 0, 0, 0, 0, 0, 0, 0, 0, 0, 0, 0, 0, 0, 0, 0, 6, 0, 0], "wmn": 30, "wmt": 12846, "wmd": 6, "wmv": 8916, "wdn": -77, "wdt": 40, "wdd": 0, "wdv": -60, "tlv": "Wisconsin"}