{"loc": "Winona", "iso": "US", "l1": "United States", "l2": "Minnesota", "lvl": 3, "pop": 50484, "key": 14616, "isd": true, "ppd": 35.608000000000004, "med": 38.3, "p65": 15.413, "p70": 9.732000000000001, "hos": 2.77, "exp": 78.86, "adr": 1.0, "amn": 92940.0, "amv": 1064228.0, "amd": 1030.0, "amt": 1739756.0, "tmn": [19, 39, 0, 0, 59, 0, 0, 39, 178, 79, 79, 198, 0, 0, 19, 257, 138, 39, 99, 0, 0], "tmv": [1539, 740, 1856, 2005, 1821, 2051, 2364, 1193, 1200, 2288, 2155, 2600, 2160, 2477, 1419, 1374, 2201, 2622, 2492, 2548, 0], "tmd": [0, 0, 0, 0, 0, 0, 0, 0, 0, 0, 0, 0, 0, 0, 0, 0, 0, 0, 0, 0, 0], "wmn": 555, "wmt": 17603, "wmd": 0, "wmv": 12659, "wdn": -3, "wdt": 22, "wdd": 0, "wdv": -10, "tlv": "Minnesota"}