{"loc": "Winnebago", "iso": "US", "l1": "United States", "l2": "Illinois", "lvl": 3, "pop": 282572, "key": 14612, "isd": true, "ppd": 35.608000000000004, "med": 38.3, "p65": 15.413, "p70": 9.732000000000001, "hos": 2.77, "exp": 78.86, "adr": 1.0, "amn": 142519.0, "amv": 1212726.0, "amd": 1957.0, "amt": 2587874.0, "tmn": [0, 0, 637, 233, 279, 350, 226, 0, 0, 601, 279, 173, 442, 403, 0, 0, 824, 251, 300, 300, 322], "tmv": [2781, 2047, 1978, 1647, 2163, 995, 2262, 2445, 2251, 1671, 0, 0, 2784, 2570, 2833, 3777, 2988, 2423, 2905, 2661, 0], "tmd": [0, 0, 4, 0, 0, 4, 0, 0, 0, 11, 0, 4, 4, 0, 0, 0, 0, 0, 8, 4, 0], "wmn": 2000, "wmt": 72205, "wmd": 11, "wmv": 17591, "wdn": 5, "wdt": 9, "wdd": -40, "wdv": 50, "tlv": "Illinois"}