{"loc": "Winnebago", "iso": "US", "l1": "United States", "l2": "Illinois", "lvl": 3, "pop": 282572, "key": 14612, "isd": true, "ppd": 35.608000000000004, "med": 38.3, "p65": 15.413, "p70": 9.732000000000001, "hos": 2.77, "exp": 78.86, "adr": 1.0, "amn": 138620.0, "amv": 1179384.0, "amd": 1929.0, "amt": 2449729.0, "tmn": [0, 0, 0, 951, 215, 460, 520, 0, 0, 898, 346, 566, 322, 311, 0, 0, 637, 233, 279, 350, 226], "tmv": [2950, 0, 0, 0, 2913, 2024, 2876, 2739, 2336, 1790, 1886, 2554, 2257, 2903, 2781, 2047, 1978, 1647, 2163, 995, 2262], "tmd": [0, 0, 0, 0, 0, 0, 4, 0, 0, 11, 0, 8, 8, 0, 0, 0, 4, 0, 0, 4, 0], "wmn": 1727, "wmt": 57941, "wmd": 8, "wmv": 13878, "wdn": -29, "wdt": 10, "wdd": -71, "wdv": -16, "tlv": "Illinois"}