{"loc": "Winston", "iso": "US", "l1": "United States", "l2": "Alabama", "lvl": 3, "pop": 23629, "key": 14617, "isd": true, "ppd": 35.608000000000004, "med": 38.3, "p65": 15.413, "p70": 9.732000000000001, "hos": 2.77, "exp": 78.86, "adr": 2.0, "amn": 202294.0, "amv": 1393875.0, "amd": 4655.0, "amt": 1282225.0, "tmn": [0, 423, 169, -296, 42, 42, 84, 0, 169, 253, 126, 84, -84, 211, 42, -42, 0, 126, 0, 0, 0], "tmv": [4933, 4463, 5576, 3317, 1660, 4353, 4663, 4819, 4832, 5563, 3334, 1728, 4724, 4234, 2965, 50, 2434, 1138, 149, 0, 0], "tmd": [0, 0, 0, 43, 0, 0, 0, 0, 43, 43, 0, 0, 0, 0, 85, 0, 0, 0, 0, 0, 0], "wmn": 127, "wmt": 9277, "wmd": 85, "wmv": 6738, "wdn": -83, "wdt": -20, "wdd": 0, "wdv": -77, "tlv": "Alabama"}