{"loc": "Winneshiek", "iso": "US", "l1": "United States", "l2": "Iowa", "lvl": 3, "pop": 19991, "key": 14615, "isd": true, "ppd": 35.608000000000004, "med": 38.3, "p65": 15.413, "p70": 9.732000000000001, "hos": 2.77, "exp": 78.86, "adr": 2.0, "amn": 96894.0, "amv": 591235.0, "amd": 1651.0, "amt": 443035.0, "tmn": [150, 250, 300, 0, 0, 50, 200, 100, 300, 100, 100, 50, 100, 0, 100, 300, 350, 50, 0, 50, 500], "tmv": [8594, 10257, 10611, 9961, 7133, 5431, 8106, 10192, 12065, 12389, 10214, 6477, 4262, 8755, 10329, 12013, 14052, 10864, 8027, 7863, 7615], "tmd": [0, 0, 0, 0, 0, 0, 51, 0, 0, 51, 0, 0, 0, 0, 0, 0, 0, 0, 0, 0, 0], "wmn": 1351, "wmt": 4043, "wmd": 0, "wmv": 70767, "wdn": 80, "wdt": -18, "wdd": -100, "wdv": 10, "tlv": "Iowa"}