{"loc": "Wood", "iso": "US", "l1": "United States", "l2": "Texas", "lvl": 3, "pop": 45539, "key": 14626, "isd": true, "ppd": 35.608000000000004, "med": 38.3, "p65": 15.413, "p70": 9.732000000000001, "hos": 2.77, "exp": 78.86, "adr": 3.0, "amn": 128593.0, "amv": 1176126.0, "amd": 3997.0, "amt": 1109204.0, "tmn": [0, 5380, 0, 0, 0, 0, 6873, 0, 2173, 0, 0, 0, 4809, 0, 0, 3184, 0, 0, 0, 0, 2744], "tmv": [2538, 4249, 2950, 0, 0, 0, 2913, 2024, 2876, 2739, 2336, 1790, 1886, 2554, 2257, 2903, 2781, 2047, 1978, 1647, 2163], "tmd": [0, 22, 66, 0, 0, 66, 0, 44, 22, 88, 0, 0, 22, 66, 22, 44, 88, 0, 22, 44, 44], "wmn": 5929, "wmt": 24663, "wmd": 264, "wmv": 15780, "wdn": -15, "wdt": -15, "wdd": 9, "wdv": -3, "tlv": "Texas"}