{"loc": "Wise", "iso": "US", "l1": "United States", "l2": "Virginia", "lvl": 3, "pop": 37383, "key": 14622, "isd": true, "ppd": 35.608000000000004, "med": 38.3, "p65": 15.413, "p70": 9.732000000000001, "hos": 2.77, "exp": 78.86, "adr": 3.0, "amn": 86403.0, "amv": 867223.0, "amd": 2648.0, "amt": 860158.0, "tmn": [80, 160, 133, 133, 240, 267, 0, 26, 294, 267, 107, 187, 240, 26, 160, 107, 107, -26, 187, 53, 0], "tmv": [3608, 3001, 5456, 7305, 8515, 7794, 7192, 5713, 4653, 4699, 5814, 5591, 7265, 6352, 4511, 3409, 5326, 6395, 6671, 7120, 5400], "tmd": [0, 0, 0, 0, 0, 0, 0, 0, 0, 0, 27, 27, 0, 0, 0, 0, 0, 27, 0, 0, 0], "wmn": 589, "wmt": 12127, "wmd": 27, "wmv": 38837, "wdn": -49, "wdt": 29, "wdd": -50, "wdv": -3, "tlv": "Virginia"}