{"loc": "Woodbury", "iso": "US", "l1": "United States", "l2": "Iowa", "lvl": 3, "pop": 103107, "key": 14629, "isd": true, "ppd": 35.608000000000004, "med": 38.3, "p65": 15.413, "p70": 9.732000000000001, "hos": 2.77, "exp": 78.86, "adr": 2.0, "amn": 148031.0, "amv": 1005306.0, "amd": 2231.0, "amt": 475452.0, "tmn": [9, 9, -9, 19, 9, 0, -9, 19, -9, 19, 19, 9, 29, 38, 29, 19, 0, 29, 9, 9, -242], "tmv": [6234, 3276, 3244, 2575, 1851, 1965, 1967, 2474, 1554, 2803, 3655, 3299, 2241, 4154, 4949, 1994, 3524, 1923, 0, 0, 0], "tmd": [0, 0, 0, 0, 0, 0, 0, 0, 0, 0, 0, 0, 0, 0, 0, 0, 0, 0, 0, 0, 0], "wmn": -145, "wmt": 1534, "wmd": 0, "wmv": 12392, "wdn": -215, "wdt": -15, "wdd": 0, "wdv": -39, "tlv": "Iowa"}