{"loc": "Wood", "iso": "US", "l1": "United States", "l2": "Ohio", "lvl": 3, "pop": 130817, "key": 14625, "isd": true, "ppd": 35.608000000000004, "med": 38.3, "p65": 15.413, "p70": 9.732000000000001, "hos": 2.77, "exp": 78.86, "adr": 1.0, "amn": 100935.0, "amv": 861822.0, "amd": 1468.0, "amt": 1109573.0, "tmn": [91, 91, 175, 137, 137, 68, 114, 68, 22, 160, 160, 76, 68, 45, 30, 38, 68, 91, 61, 30, 22], "tmv": [6458, 3608, 3001, 5456, 7305, 8515, 7794, 7192, 5713, 4653, 4699, 5814, 5591, 7265, 6352, 4511, 3409, 5326, 6395, 6671, 7120], "tmd": [0, 0, 0, 0, 0, 0, 0, 0, 0, 0, 0, 0, 0, 0, 0, 0, 0, 0, 0, 0, 0], "wmn": 344, "wmt": 13796, "wmd": 0, "wmv": 39789, "wdn": -43, "wdt": -16, "wdd": 0, "wdv": -3, "tlv": "Ohio"}