{"loc": "Wolfe", "iso": "US", "l1": "United States", "l2": "Kentucky", "lvl": 3, "pop": 7157, "key": 14624, "isd": true, "ppd": 35.608000000000004, "med": 38.3, "p65": 15.413, "p70": 9.732000000000001, "hos": 2.77, "exp": 78.86, "adr": 1.0, "amn": 58265.0, "amv": 191493.0, "amd": 559.0, "amt": 862022.0, "tmn": [558, 558, 558, 279, 419, 279, 139, 139, 558, 279, -139, 139, 0, 0, 0, 0, 0, 419, 139, 0, 0], "tmv": [1695, 3330, 4023, 4903, 6734, 6595, 3662, 2393, 4746, 4917, 6132, 6772, 6806, 0, 0, 3221, 4419, 5606, 5173, 5466, 0], "tmd": [0, 0, 0, 0, 0, 0, 0, 0, 0, 0, 0, 0, 0, 0, 0, 0, 0, 0, 0, 0, 0], "wmn": 559, "wmt": 17979, "wmd": 0, "wmv": 23888, "wdn": -43, "wdt": 5, "wdd": 0, "wdv": -25, "tlv": "Kentucky"}