{"loc": "Woodruff", "iso": "US", "l1": "United States", "l2": "Arkansas", "lvl": 3, "pop": 6320, "key": 14632, "isd": true, "ppd": 35.608000000000004, "med": 38.3, "p65": 15.413, "p70": 9.732000000000001, "hos": 2.77, "exp": 78.86, "adr": 2.0, "amn": 179114.0, "amv": 1354464.0, "amd": 3797.0, "amt": 1385599.0, "tmn": [474, 0, 0, 158, 316, 0, 158, 0, 158, 0, 1740, 474, 158, 316, 0, 0, 0, 474, 0, 632, 0], "tmv": [2361, 1265, 4095, 4257, 4381, 4544, 5255, 2753, 1460, 3910, 4355, 4594, 4119, 5128, 2996, 1521, 3915, 2663, 347, 0, 0], "tmd": [0, 0, 0, 0, 0, 0, 0, 0, 0, 0, 0, 0, 0, 0, 0, 0, 0, 0, 0, 0, 0], "wmn": 1108, "wmt": 12886, "wmd": 0, "wmv": 11446, "wdn": -61, "wdt": 11, "wdd": 0, "wdv": -57, "tlv": "Arkansas"}