{"loc": "Worcester", "iso": "US", "l1": "United States", "l2": "Massachusetts", "lvl": 3, "pop": 830622, "key": 14637, "isd": true, "ppd": 35.608000000000004, "med": 38.3, "p65": 15.413, "p70": 9.732000000000001, "hos": 2.77, "exp": 78.86, "adr": 3.0, "amn": 75823.0, "amv": 153709.0, "amd": 2350.0, "amt": 2168813.0, "tmn": [379, 339, 386, 628, 435, 601, 388, 198, 269, 262, 358, 337, 658, 449, 120, 160, 331, 304, 297, 303, 199], "tmv": [2687, 2448, 3374, 4677, 5132, 5139, 4690, 3336, 1695, 3330, 4023, 4903, 6734, 6595, 3662, 2393, 4746, 4917, 6132, 6772, 0], "tmd": [9, 5, 14, 7, 16, 14, 4, 7, 15, 9, 14, 7, 13, 14, 7, 10, 10, 8, 15, 10, 13], "wmn": 1717, "wmt": 90394, "wmd": 69, "wmv": 28625, "wdn": -32, "wdt": -10, "wdd": -7, "wdv": -7, "tlv": "Massachusetts"}