{"loc": "Woodford", "iso": "US", "l1": "United States", "l2": "Kentucky", "lvl": 3, "pop": 26734, "key": 14631, "isd": true, "ppd": 35.608000000000004, "med": 38.3, "p65": 15.413, "p70": 9.732000000000001, "hos": 2.77, "exp": 78.86, "adr": 0.0, "amn": 72342.0, "amv": 160515.0, "amd": 150.0, "amt": 844641.0, "tmn": [411, 972, 261, 748, 187, 224, 411, 598, 635, 598, 411, 374, 261, 374, 411, 486, 261, 261, 411, 374, 336], "tmv": [3374, 4677, 5132, 5139, 4690, 3336, 1695, 3330, 4023, 4903, 6734, 6595, 3662, 2393, 4746, 4917, 6132, 6772, 6806, 0, 0], "tmd": [0, 0, 0, 0, 0, 0, 0, 0, 0, 0, 0, 0, 0, 0, 0, 0, 0, 0, 0, 0, 0], "wmn": 2544, "wmt": 16738, "wmd": 0, "wmv": 29376, "wdn": -22, "wdt": 4, "wdd": 0, "wdv": -7, "tlv": "Kentucky"}