{"loc": "Worcester", "iso": "US", "l1": "United States", "l2": "Massachusetts", "lvl": 3, "pop": 830622, "key": 14637, "isd": true, "ppd": 35.608000000000004, "med": 38.3, "p65": 15.413, "p70": 9.732000000000001, "hos": 2.77, "exp": 78.86, "adr": 3.0, "amn": 98175.0, "amv": 1107375.0, "amd": 2741.0, "amt": 3740876.0, "tmn": [140, 0, 0, 263, 174, 149, 127, 168, 0, 0, 367, 216, 190, 166, 178, 0, 0, 435, 215, 228, 215], "tmv": [2492, 2548, 2348, 1615, 1875, 1986, 1986, 2786, 3007, 2017, 2605, 1830, 2139, 3106, 3068, 3187, 2953, 1851, 1966, 2813, 0], "tmd": [2, 0, 0, 2, 2, 2, 2, 0, 0, 0, 0, 0, 5, 2, 0, 0, 0, 0, 3, 0, 3], "wmn": 1274, "wmt": 53549, "wmd": 5, "wmv": 15842, "wdn": 15, "wdt": 13, "wdd": -20, "wdv": -9, "tlv": "Massachusetts"}