{"loc": "Woodruff", "iso": "US", "l1": "United States", "l2": "Arkansas", "lvl": 3, "pop": 6320, "key": 14632, "isd": true, "ppd": 35.608000000000004, "med": 38.3, "p65": 15.413, "p70": 9.732000000000001, "hos": 2.77, "exp": 78.86, "adr": 2.0, "amn": 101899.0, "amv": 635594.0, "amd": 2057.0, "amt": 970603.0, "tmn": [158, 0, 158, 316, 0, 0, 0, 0, 632, 0, 158, 0, 0, 0, 158, 0, 0, 0, 316, 0, 0], "tmv": [5431, 8106, 10192, 12065, 12389, 10214, 6477, 4262, 8755, 10329, 12013, 14052, 10864, 8027, 7863, 7615, 10699, 12037, 10893, 10729, 0], "tmd": [0, 0, 0, 0, 0, 0, 0, 0, 0, 0, 0, 0, 0, 0, 0, 0, 0, 0, 159, 0, 0], "wmn": 475, "wmt": 10112, "wmd": 159, "wmv": 59839, "wdn": -40, "wdt": 32, "wdd": 0, "wdv": -12, "tlv": "Arkansas"}