{"loc": "Worcester", "iso": "US", "l1": "United States", "l2": "Massachusetts", "lvl": 3, "pop": 830622, "key": 14637, "isd": true, "ppd": 35.608000000000004, "med": 38.3, "p65": 15.413, "p70": 9.732000000000001, "hos": 2.77, "exp": 78.86, "adr": 3.0, "amn": 114898.0, "amv": 1259649.0, "amd": 2910.0, "amt": 4449660.0, "tmn": [325, 327, 276, 0, 0, 0, 851, 344, 368, 327, 0, 0, 599, 357, 275, 252, 263, 0, 0, 588, 154], "tmv": [2905, 2661, 3390, 3489, 0, 0, 0, 2411, 3257, 3418, 2659, 2485, 1614, 1945, 2278, 2491, 2890, 2710, 2395, 1993, 2154], "tmd": [8, 5, 5, 0, 0, 0, 8, 7, 3, 4, 0, 0, 2, 10, 2, 7, 4, 0, 0, 9, 10], "wmn": 1535, "wmt": 84374, "wmd": 29, "wmv": 16916, "wdn": -23, "wdt": -21, "wdd": 26, "wdv": -5, "tlv": "Massachusetts"}