{"loc": "Worcester", "iso": "US", "l1": "United States", "l2": "Massachusetts", "lvl": 3, "pop": 830622, "key": 14637, "isd": true, "ppd": 35.608000000000004, "med": 38.3, "p65": 15.413, "p70": 9.732000000000001, "hos": 2.77, "exp": 78.86, "adr": 3.0, "amn": 78692.0, "amv": 228357.0, "amd": 2455.0, "amt": 2351554.0, "tmn": [120, 160, 331, 304, 297, 303, 199, 178, 134, 137, 281, 201, 270, 201, 127, 150, 282, 272, 221, 233, 175], "tmv": [3662, 2393, 4746, 4917, 6132, 6772, 6806, 0, 0, 3221, 4419, 5606, 5173, 5466, 3298, 2593, 4349, 5491, 6616, 7139, 7375], "tmd": [7, 10, 10, 8, 15, 10, 13, 5, 7, 15, 14, 5, 8, 11, 7, 2, 14, 5, 8, 7, 5], "wmn": 1464, "wmt": 95488, "wmd": 44, "wmv": 36864, "wdn": 4, "wdt": 9, "wdd": -29, "wdv": 54, "tlv": "Massachusetts"}