{"loc": "Woodford", "iso": "US", "l1": "United States", "l2": "Illinois", "lvl": 3, "pop": 38459, "key": 14630, "isd": true, "ppd": 35.608000000000004, "med": 38.3, "p65": 15.413, "p70": 9.732000000000001, "hos": 2.77, "exp": 78.86, "adr": 2.0, "amn": 143659.0, "amv": 1170335.0, "amd": 2366.0, "amt": 2398688.0, "tmn": [442, 442, 286, 702, 0, 0, 0, 1170, 286, 468, 572, 0, 0, 702, 312, 104, 156, 234, 0, 0, 728], "tmv": [1988, 3241, 2538, 4249, 2950, 0, 0, 0, 2913, 2024, 2876, 2739, 2336, 1790, 1886, 2554, 2257, 2903, 2781, 2047, 0], "tmd": [0, 0, 27, 0, 0, 0, 0, 53, 27, 0, 53, 0, 0, 0, 0, 0, 0, 0, 0, 0, 0], "wmn": 1535, "wmt": 50421, "wmd": 0, "wmv": 14431, "wdn": -52, "wdt": 10, "wdd": -100, "wdv": -2, "tlv": "Illinois"}