{"loc": "Worcester", "iso": "US", "l1": "United States", "l2": "Maryland", "lvl": 3, "pop": 52276, "key": 14636, "isd": true, "ppd": 35.608000000000004, "med": 38.3, "p65": 15.413, "p70": 9.732000000000001, "hos": 2.77, "exp": 78.86, "adr": 2.0, "amn": 95111.0, "amv": 1250395.0, "amd": 2257.0, "amt": 2284273.0, "tmn": [325, 401, 153, 401, 401, 248, 401, 286, 229, 133, 210, 497, 248, 172, 191, 229, 76, 114, 286, 210, 57], "tmv": [3777, 2988, 2423, 2905, 2661, 3390, 3489, 0, 0, 0, 2411, 3257, 3418, 2659, 2485, 1614, 1945, 2278, 2491, 2890, 0], "tmd": [0, 0, 0, 0, 0, 0, 20, 0, 0, 0, 20, 0, 0, 20, 20, 0, 0, 0, 0, 0, 20], "wmn": 1167, "wmt": 40267, "wmd": 39, "wmv": 13708, "wdn": -34, "wdt": -4, "wdd": 0, "wdv": 17, "tlv": "Maryland"}