{"loc": "Woodford", "iso": "US", "l1": "United States", "l2": "Illinois", "lvl": 3, "pop": 38459, "key": 14630, "isd": true, "ppd": 35.608000000000004, "med": 38.3, "p65": 15.413, "p70": 9.732000000000001, "hos": 2.77, "exp": 78.86, "adr": 2.0, "amn": 129255.0, "amv": 1064228.0, "amd": 2158.0, "amt": 2145609.0, "tmn": [260, 26, 0, 52, 104, 0, 0, 234, 52, 208, 130, 156, 0, 0, 364, 52, 104, 52, 312, 0, 0], "tmv": [1539, 740, 1856, 2005, 1821, 2051, 2364, 1193, 1200, 2288, 2155, 2600, 2160, 2477, 1419, 1374, 2201, 2622, 2492, 2548, 0], "tmd": [0, 0, 0, 0, 0, 0, 0, 0, 0, 0, 0, 0, 0, 0, 0, 0, 0, 0, 0, 0, 0], "wmn": 885, "wmt": 28821, "wmd": 0, "wmv": 12659, "wdn": 13, "wdt": 26, "wdd": 0, "wdv": -10, "tlv": "Illinois"}