{"loc": "Worcester", "iso": "US", "l1": "United States", "l2": "Massachusetts", "lvl": 3, "pop": 830622, "key": 14637, "isd": true, "ppd": 35.608000000000004, "med": 38.3, "p65": 15.413, "p70": 9.732000000000001, "hos": 2.77, "exp": 78.86, "adr": 3.0, "amn": 112079.0, "amv": 1227352.0, "amd": 2867.0, "amt": 4304989.0, "tmn": [309, 0, 0, 837, 299, 261, 321, 287, 0, 0, 689, 244, 325, 327, 276, 0, 0, 0, 851, 344, 368], "tmv": [2262, 2445, 2251, 1671, 0, 0, 2784, 2570, 2833, 3777, 2988, 2423, 2905, 2661, 3390, 3489, 0, 0, 0, 2411, 0], "tmd": [0, 0, 0, 4, 3, 4, 3, 7, 0, 0, 3, 5, 8, 5, 5, 0, 0, 0, 8, 7, 3], "wmn": 1841, "wmt": 77520, "wmd": 21, "wmv": 9292, "wdn": -2, "wdt": -7, "wdd": -19, "wdv": -54, "tlv": "Massachusetts"}