{"loc": "Worcester", "iso": "US", "l1": "United States", "l2": "Massachusetts", "lvl": 3, "pop": 830622, "key": 14637, "isd": true, "ppd": 35.608000000000004, "med": 38.3, "p65": 15.413, "p70": 9.732000000000001, "hos": 2.77, "exp": 78.86, "adr": 3.0, "amn": 77506.0, "amv": 194792.0, "amd": 2419.0, "amt": 2272383.0, "tmn": [262, 358, 337, 658, 449, 120, 160, 331, 304, 297, 303, 199, 178, 134, 137, 281, 201, 270, 201, 127, 150], "tmv": [3330, 4023, 4903, 6734, 6595, 3662, 2393, 4746, 4917, 6132, 6772, 6806, 0, 0, 3221, 4419, 5606, 5173, 5466, 3298, 0], "tmd": [9, 14, 7, 13, 14, 7, 10, 10, 8, 15, 10, 13, 5, 7, 15, 14, 5, 8, 11, 7, 2], "wmn": 1371, "wmt": 87706, "wmd": 58, "wmv": 27187, "wdn": -22, "wdt": -5, "wdd": -9, "wdv": -7, "tlv": "Massachusetts"}