{"loc": "Wyoming", "iso": "US", "l1": "United States", "l2": "Wyoming", "lvl": 2, "pop": 578759, "key": 14649, "isd": true, "ppd": 35.608000000000004, "med": 38.3, "p65": 15.413, "p70": 9.732000000000001, "hos": 2.77, "exp": 78.86, "adr": 1.0, "amn": 135626.0, "amv": 1136653.0, "amd": 1519.0, "amt": 1567751.0, "tmn": [843, 528, 900, 0, 0, 1539, 876, 793, 806, 815, 0, 0, 2227, 656, 1504, 1028, 1043, 0, 0, 0, 2227], "tmv": [2139, 3106, 3068, 3187, 2953, 1851, 1966, 2813, 2807, 3250, 3257, 2889, 2103, 1988, 3241, 2538, 4249, 2950, 0, 0, 0], "tmd": [0, 0, 0, 0, 0, 0, 45, 0, 0, 0, 0, 0, 0, 40, 0, 0, 0, 0, 0, 0, 37], "wmn": 5804, "wmt": 31205, "wmd": 37, "wmv": 12982, "wdn": 10, "wdt": -24, "wdd": -9, "wdv": -32, "tlv": "Wyoming"}