{"loc": "Wyoming", "iso": "US", "l1": "United States", "l2": "New York", "lvl": 3, "pop": 39859, "key": 14647, "isd": true, "ppd": 35.608000000000004, "med": 38.3, "p65": 15.413, "p70": 9.732000000000001, "hos": 2.77, "exp": 78.86, "adr": 2.0, "amn": 74839.0, "amv": 359108.0, "amd": 1229.0, "amt": 2159787.0, "tmn": [301, 250, 150, 326, 200, 301, 351, 301, 150, 326, 225, 100, 401, 0, 501, 175, 100, 125, 150, 175, 175], "tmv": [7139, 7375, 5050, 5255, 5793, 6168, 7391, 8814, 7404, 5275, 4864, 6157, 7535, 8875, 13887, 4118, 6135, 5026, 6980, 8171, 7842], "tmd": [0, 0, 0, 0, 0, 0, 0, 0, 0, 0, 0, 0, 0, 0, 0, 0, 0, 0, 0, 0, 0], "wmn": 1405, "wmt": 79714, "wmd": 0, "wmv": 52163, "wdn": -7, "wdt": 22, "wdd": 0, "wdv": 7, "tlv": "New York"}