{"loc": "Wyoming", "iso": "US", "l1": "United States", "l2": "Wyoming", "lvl": 2, "pop": 578759, "key": 14649, "isd": true, "ppd": 35.608000000000004, "med": 38.3, "p65": 15.413, "p70": 9.732000000000001, "hos": 2.77, "exp": 78.86, "adr": 1.0, "amn": 188883.0, "amv": 1354464.0, "amd": 2327.0, "amt": 1948479.0, "tmn": [0, 0, 1202, 525, 824, 927, 653, 0, 0, 1161, 513, 710, 0, 1356, 0, 0, 1071, 535, 423, 734, 406], "tmv": [2361, 1265, 4095, 4257, 4381, 4544, 5255, 2753, 1460, 3910, 4355, 4594, 4119, 5128, 2996, 1521, 3915, 2663, 347, 0, 0], "tmd": [0, 0, 0, 58, 63, 0, 0, 0, 0, 0, 96, 0, 0, 0, 0, 0, 0, 85, 0, 0, 0], "wmn": 3171, "wmt": 32819, "wmd": 85, "wmv": 11446, "wdn": -15, "wdt": 42, "wdd": -11, "wdv": -57, "tlv": "Wyoming"}