{"loc": "Wyandotte", "iso": "US", "l1": "United States", "l2": "Kansas", "lvl": 3, "pop": 165429, "key": 14646, "isd": true, "ppd": 35.608000000000004, "med": 38.3, "p65": 15.413, "p70": 9.732000000000001, "hos": 2.77, "exp": 78.86, "adr": 1.0, "amn": 154912.0, "amv": 1136653.0, "amd": 1940.0, "amt": 561869.0, "tmn": [1329, 0, 0, 0, 2756, 0, 0, 0, 1499, 1384, 0, 1505, 0, 0, 1426, 0, 1348, 0, 1166, 0, 0], "tmv": [2605, 1830, 2139, 3106, 3068, 3187, 2953, 1851, 1966, 2813, 2807, 3250, 3257, 2889, 2103, 1988, 3241, 2538, 4249, 2950, 0], "tmd": [7, 0, 0, 0, 7, 0, 0, 0, 0, 25, 0, 19, 0, 0, 13, 0, 31, 0, 19, 0, 0], "wmn": 3942, "wmt": 12590, "wmd": 61, "wmv": 17074, "wdn": -10, "wdt": 30, "wdd": 43, "wdv": -9, "tlv": "Kansas"}