{"loc": "Wyoming", "iso": "US", "l1": "United States", "l2": "Wyoming", "lvl": 2, "pop": 578759, "key": 14649, "isd": true, "ppd": 35.608000000000004, "med": 38.3, "p65": 15.413, "p70": 9.732000000000001, "hos": 2.77, "exp": 78.86, "adr": 1.0, "amn": 92353.0, "amv": 167606.0, "amd": 1144.0, "amt": 1217840.0, "tmn": [107, 449, 24, 359, 250, 122, 276, 311, 186, 72, 15, 271, 79, 76, 181, 184, 0, 86, 0, 371, 171], "tmv": [4677, 5132, 5139, 4690, 3336, 1695, 3330, 4023, 4903, 6734, 6595, 3662, 2393, 4746, 4917, 6132, 6772, 6806, 0, 0, 0], "tmd": [0, 0, 0, 0, 0, 49, 0, 0, 0, 0, 0, 0, 40, 0, 0, 0, 0, 0, 0, 26, 0], "wmn": 996, "wmt": 30217, "wmd": 26, "wmv": 24629, "wdn": -2, "wdt": -130, "wdd": -35, "wdv": -25, "tlv": "Wyoming"}