{"loc": "Yakima", "iso": "US", "l1": "United States", "l2": "Washington", "lvl": 3, "pop": 250873, "key": 14657, "isd": true, "ppd": 35.608000000000004, "med": 38.3, "p65": 15.413, "p70": 9.732000000000001, "hos": 2.77, "exp": 78.86, "adr": 1.0, "amn": 135136.0, "amv": 1100743.0, "amd": 1881.0, "amt": 1212219.0, "tmn": [518, 797, 410, 538, 342, 0, 0, 514, 39, 681, 797, 514, 0, 0, 609, 298, 980, 888, 1016, 0, 0], "tmv": [1419, 1374, 2201, 2622, 2492, 2548, 2348, 1615, 1875, 1986, 1986, 2786, 3007, 2017, 2605, 1830, 2139, 3106, 3068, 3187, 2953], "tmd": [0, 4, 4, 0, 4, 0, 0, 12, 0, 0, 4, 0, 0, 0, 4, 4, 8, 8, 4, 0, 0], "wmn": 3795, "wmt": 20818, "wmd": 28, "wmv": 18892, "wdn": 49, "wdt": 13, "wdd": 75, "wdv": 24, "tlv": "Washington"}