{"loc": "Wyoming", "iso": "US", "l1": "United States", "l2": "West Virginia", "lvl": 3, "pop": 20394, "key": 14650, "isd": true, "ppd": 35.608000000000004, "med": 38.3, "p65": 15.413, "p70": 9.732000000000001, "hos": 2.77, "exp": 78.86, "adr": 2.0, "amn": 177160.0, "amv": 1255502.0, "amd": 2942.0, "amt": 2359760.0, "tmn": [294, 392, 2402, 1127, 147, 931, 245, 392, 980, 1029, 784, 441, 686, 441, 392, 882, 686, 392, 686, 833, 637], "tmv": [2423, 2905, 2661, 3390, 3489, 0, 0, 0, 2411, 3257, 3418, 2659, 2485, 1614, 1945, 2278, 2491, 2890, 2710, 2395, 0], "tmd": [0, 50, 0, 99, 0, 0, 0, 99, 0, -49, 50, 50, 0, 0, 0, 0, 50, 50, 0, 0, 50], "wmn": 4512, "wmt": 47327, "wmd": 148, "wmv": 14714, "wdn": -5, "wdt": -4, "wdd": 0, "wdv": -7, "tlv": "West Virginia"}