{"loc": "Yamalo-Nenets Autonomous Okrug", "iso": "RU", "l1": "Russia", "l2": "Yamalo-Nenets Autonomous Okrug", "lvl": 2, "pop": 538547, "key": 14662, "isd": true, "ppd": 8.823, "med": 39.6, "p65": 14.177999999999999, "p70": 9.392999999999999, "hos": 8.05, "exp": 72.58, "adr": 1.0, "amn": 69299.0, "amv": 43183.0, "amd": 748.0, "amt": 771173.0, "tmn": [100, 94, 98, 94, 92, 89, 87, 89, 85, 87, 83, 85, 70, 66, 63, 68, 66, 68, 66, 63, 66], "tmv": [0, 0, 0, 0, 0, 0, 0, 0, 0, 0, 0, 0, 0, 0, 0, 0, 74, 1641, 3572, 1994, 0], "tmd": [2, 2, 0, 0, 2, 0, 2, 0, 0, 0, 0, 2, 2, 2, 2, 0, 2, 2, 2, 2, 0], "wmn": 465, "wmt": 10343, "wmd": 10, "wmv": 7284, "wdn": -18, "wdt": -23, "wdd": 67, "wdv": 0, "tlv": "Russia"}