{"loc": "Yaroslavl Oblast", "iso": "RU", "l1": "Russia", "l2": "Yaroslavl Oblast", "lvl": 2, "pop": 1265684, "key": 14669, "isd": true, "ppd": 8.823, "med": 39.6, "p65": 14.177999999999999, "p70": 9.392999999999999, "hos": 8.05, "exp": 72.58, "adr": 1.0, "amn": 29476.0, "amv": 102565.0, "amd": 398.0, "amt": 851015.0, "tmn": [73, 73, 71, 71, 70, 69, 70, 71, 71, 70, 68, 68, 67, 67, 68, 67, 68, 64, 68, 67, 67], "tmv": [0, 0, 0, 0, 0, 402, 1305, 1841, 938, 1778, 561, 647, 1778, 3925, 2101, 1880, 2388, 897, 1104, 2153, 2630], "tmd": [2, 3, 0, 2, 2, 2, 1, 1, 2, 1, 0, 2, 1, 3, 2, 3, 1, 2, 2, 2, 0], "wmn": 475, "wmt": 10269, "wmd": 10, "wmv": 13157, "wdn": -2, "wdt": -28, "wdd": 20, "wdv": 15, "tlv": "Russia"}