{"loc": "Yaroslavl Oblast", "iso": "RU", "l1": "Russia", "l2": "Yaroslavl Oblast", "lvl": 2, "pop": 1265684, "key": 14669, "isd": true, "ppd": 8.823, "med": 39.6, "p65": 14.177999999999999, "p70": 9.392999999999999, "hos": 8.05, "exp": 72.58, "adr": 2.0, "amn": 43016.0, "amv": 527342.0, "amd": 772.0, "amt": 1202625.0, "tmn": [157, 159, 155, 154, 155, 156, 155, 156, 154, 158, 155, 152, 152, 155, 154, 154, 150, 152, 154, 155, 150], "tmv": [8020, 2304, 3290, 5434, 2462, 847, 6655, 4588, 4342, 16373, 12761, 1839, 2367, 3364, 2913, 4230, 4348, 5346, 2355, 1065, 0], "tmd": [5, 4, 4, 5, 4, 4, 3, 4, 4, 5, 5, 5, 5, 4, 5, 5, 5, 5, 5, 4, 5], "wmn": 1074, "wmt": 0, "wmd": 33, "wmv": 20261, "wdn": -1, "wdt": 0, "wdd": 8, "wdv": -56, "tlv": "Russia"}