{"loc": "Yancey", "iso": "US", "l1": "United States", "l2": "North Carolina", "lvl": 3, "pop": 18069, "key": 14667, "isd": true, "ppd": 35.608000000000004, "med": 38.3, "p65": 15.413, "p70": 9.732000000000001, "hos": 2.77, "exp": 78.86, "adr": 2.0, "amn": 90819.0, "amv": 1023593.0, "amd": 1550.0, "amt": 1207512.0, "tmn": [0, 0, 0, 0, -55, 0, 0, 0, 0, 0, 0, -110, 0, 0, 0, 0, 0, 166, 0, 0, 0], "tmv": [3655, 3299, 2241, 4154, 4949, 1994, 3524, 1923, 0, 0, 1326, 2107, 1883, 1818, 1779, 1363, 1036, 1655, 1721, 1666, 1928], "tmd": [0, 0, 0, 0, 0, 0, 0, 0, 0, 0, 0, 0, 0, 0, 0, 0, 0, 0, 0, 0, 0], "wmn": 167, "wmt": 9206, "wmd": 0, "wmv": 11152, "wdn": -250, "wdt": 22, "wdd": 0, "wdv": 23, "tlv": "North Carolina"}