{"loc": "Yamhill", "iso": "US", "l1": "United States", "l2": "Oregon", "lvl": 3, "pop": 107100, "key": 14664, "isd": true, "ppd": 35.608000000000004, "med": 38.3, "p65": 15.413, "p70": 9.732000000000001, "hos": 2.77, "exp": 78.86, "adr": 2.0, "amn": 48693.0, "amv": 1064228.0, "amd": 766.0, "amt": 1372282.0, "tmn": [158, 84, 74, 102, 130, 0, 0, 252, 270, 158, 186, 112, 0, 0, 345, 224, 214, 252, 280, 0, 0], "tmv": [1539, 740, 1856, 2005, 1821, 2051, 2364, 1193, 1200, 2288, 2155, 2600, 2160, 2477, 1419, 1374, 2201, 2622, 2492, 2548, 0], "tmd": [0, 0, 0, 0, 10, 0, 0, 0, 0, 0, 0, 0, 0, 0, 0, 10, 0, 0, 0, 0, 0], "wmn": 1317, "wmt": 20262, "wmd": 10, "wmv": 12659, "wdn": 34, "wdt": 9, "wdd": 0, "wdv": -10, "tlv": "Oregon"}