{"loc": "Yamalo-Nenets Autonomous Okrug", "iso": "RU", "l1": "Russia", "l2": "Yamalo-Nenets Autonomous Okrug", "lvl": 2, "pop": 538547, "key": 14662, "isd": true, "ppd": 8.823, "med": 39.6, "p65": 14.177999999999999, "p70": 9.392999999999999, "hos": 8.05, "exp": 72.58, "adr": 1.0, "amn": 72239.0, "amv": 174517.0, "amd": 774.0, "amt": 925107.0, "tmn": [31, 31, 33, 31, 29, 31, 31, 33, 29, 31, 29, 33, 31, 31, 27, 33, 31, 29, 29, 33, 35], "tmv": [685, 934, 272, 396, 3780, 3135, 815, 2057, 0, 0, 399, 5012, 1418, 3488, 3879, 768, 803, 2958, 2354, 2083, 2063], "tmd": [0, 0, 0, 0, 0, 0, 0, 0, 0, 0, 0, 0, 0, 2, 0, 0, 0, 0, 0, 0, 0], "wmn": 221, "wmt": 12804, "wmd": 0, "wmv": 14911, "wdn": 0, "wdt": -5, "wdd": -100, "wdv": 20, "tlv": "Russia"}