{"loc": "Yaroslavl Oblast", "iso": "RU", "l1": "Russia", "l2": "Yaroslavl Oblast", "lvl": 2, "pop": 1265684, "key": 14669, "isd": true, "ppd": 8.823, "med": 39.6, "p65": 14.177999999999999, "p70": 9.392999999999999, "hos": 8.05, "exp": 72.58, "adr": 2.0, "amn": 47058.0, "amv": 601206.0, "amd": 902.0, "amt": 1272144.0, "tmn": [149, 150, 151, 151, 148, 149, 150, 150, 147, 148, 150, 150, 146, 147, 143, 149, 152, 152, 147, 148, 146], "tmv": [1593, 6725, 2627, 4867, 1582, 1734, 782, 4904, 1267, 3347, 4168, 1381, 1131, 4761, 659, 3362, 2686, 2133, 0, 0, 0], "tmd": [4, 5, 5, 5, 6, 6, 5, 4, 5, 5, 4, 5, 6, 5, 4, 5, 6, 5, 5, 6, 6], "wmn": 1040, "wmt": 0, "wmd": 35, "wmv": 8842, "wdn": 0, "wdt": 0, "wdd": 7, "wdv": -58, "tlv": "Russia"}