{"loc": "Yamalo-Nenets Autonomous Okrug", "iso": "RU", "l1": "Russia", "l2": "Yamalo-Nenets Autonomous Okrug", "lvl": 2, "pop": 538547, "key": 14662, "isd": true, "ppd": 8.823, "med": 39.6, "p65": 14.177999999999999, "p70": 9.392999999999999, "hos": 8.05, "exp": 72.58, "adr": 1.0, "amn": 84195.0, "amv": 470374.0, "amd": 990.0, "amt": 1172759.0, "tmn": [235, 237, 239, 243, 241, 245, 243, 241, 245, 243, 245, 248, 246, 245, 248, 245, 243, 243, 245, 246, 243], "tmv": [1333, 1235, 1621, 6149, 4072, 5920, 6237, 6205, 2216, 985, 5047, 8020, 2304, 3290, 5434, 2462, 847, 6655, 4588, 4342, 0], "tmd": [4, 4, 2, 4, 6, 6, 6, 6, 6, 6, 10, 8, 10, 10, 8, 10, 8, 8, 10, 8, 10], "wmn": 1716, "wmt": 0, "wmd": 58, "wmv": 24332, "wdn": 0, "wdt": 0, "wdd": 11, "wdv": -13, "tlv": "Russia"}