{"loc": "Yamalo-Nenets Autonomous Okrug", "iso": "RU", "l1": "Russia", "l2": "Yamalo-Nenets Autonomous Okrug", "lvl": 2, "pop": 538547, "key": 14662, "isd": true, "ppd": 8.823, "med": 39.6, "p65": 14.177999999999999, "p70": 9.392999999999999, "hos": 8.05, "exp": 72.58, "adr": 1.0, "amn": 71448.0, "amv": 125504.0, "amd": 771.0, "amt": 877786.0, "tmn": [37, 33, 35, 33, 37, 35, 33, 31, 35, 33, 31, 31, 35, 31, 33, 31, 33, 31, 33, 31, 31], "tmv": [1778, 3925, 2101, 1880, 2388, 897, 1104, 2153, 2630, 1345, 2093, 1584, 3195, 480, 2264, 1736, 2720, 2175, 3732, 494, 1114], "tmd": [0, 0, 0, 0, 0, 0, 2, 0, 2, 2, 0, 0, 0, 0, 2, 2, 0, 2, 0, 0, 0], "wmn": 227, "wmt": 12518, "wmd": 6, "wmv": 14240, "wdn": -2, "wdt": 315, "wdd": 50, "wdv": 6, "tlv": "Russia"}