{"loc": "Yaroslavl Oblast", "iso": "RU", "l1": "Russia", "l2": "Yaroslavl Oblast", "lvl": 2, "pop": 1265684, "key": 14669, "isd": true, "ppd": 8.823, "med": 39.6, "p65": 14.177999999999999, "p70": 9.392999999999999, "hos": 8.05, "exp": 72.58, "adr": 1.0, "amn": 26709.0, "amv": 45606.0, "amd": 342.0, "amt": 778173.0, "tmn": [128, 129, 128, 127, 127, 126, 124, 124, 122, 118, 116, 113, 110, 107, 102, 97, 100, 97, 94, 95, 92], "tmv": [0, 0, 0, 0, 0, 0, 0, 0, 0, 0, 0, 0, 0, 0, 74, 1641, 3572, 1994, 1932, 490, 0], "tmd": [2, 2, 4, 4, 4, 3, 4, 3, 4, 1, 3, 4, 4, 4, 4, 4, 4, 4, 4, 4, 2], "wmn": 681, "wmt": 13793, "wmd": 22, "wmv": 9707, "wdn": -16, "wdt": 5, "wdd": 8, "wdv": 0, "tlv": "Russia"}