{"loc": "Yellow Medicine", "iso": "US", "l1": "United States", "l2": "Minnesota", "lvl": 3, "pop": 9709, "key": 14676, "isd": true, "ppd": 35.608000000000004, "med": 38.3, "p65": 15.413, "p70": 9.732000000000001, "hos": 2.77, "exp": 78.86, "adr": 1.0, "amn": 201875.0, "amv": 1476857.0, "amd": 2575.0, "amt": 2385907.0, "tmn": [0, 720, 0, 0, 308, 2059, 308, 1235, 720, 0, 0, 411, 1338, 823, 926, 1441, 0, 0, 0, 1029, 308], "tmv": [70, 3476, 2565, 1693, 4764, 5451, 6033, 6077, 6801, 4120, 2054, 5104, 5248, 5184, 4986, 5175, 2683, 957, 367, 0, 0], "tmd": [0, 206, 0, 0, 0, 0, 0, 0, 206, 0, 0, 0, 0, 0, 0, 0, 0, 0, 0, 0, 0], "wmn": 3708, "wmt": 37018, "wmd": 0, "wmv": 14171, "wdn": -18, "wdt": -11, "wdd": -100, "wdv": -59, "tlv": "Minnesota"}