{"loc": "Yemen", "iso": "YE", "l1": "Yemen", "l2": "0", "lvl": 1, "pop": 29825968, "key": 14678, "isd": true, "ppd": 53.508, "med": 20.3, "p65": 2.9219999999999997, "p70": 1.5830000000000002, "hos": 0.7, "exp": 66.12, "adr": 19.0, "amn": 213.0, "amv": 0.0, "amd": 42.0, "amt": 0.0, "tmn": [2, 2, 2, 1, 1, 1, 1, 2, 1, 2, 1, 1, 1, 1, 1, 1, 1, 0, 0, 0, 0], "tmv": [0, 0, 0, 0, 0, 0, 0, 0, 0, 0, 0, 0, 0, 0, 0, 0, 0, 0, 0, 0, 0], "tmd": [1, 1, 1, 1, 1, 1, 1, 1, 1, 1, 1, 1, 1, 1, 1, 1, 1, 1, 1, 1, 1], "wmn": 7, "wmt": 0, "wmd": 2, "wmv": 0, "wdn": -45, "wdt": 0, "wdd": -53, "wdv": 0, "tlv": "Yemen"}