{"loc": "Yellowstone", "iso": "US", "l1": "United States", "l2": "Montana", "lvl": 3, "pop": 161300, "key": 14677, "isd": true, "ppd": 35.608000000000004, "med": 38.3, "p65": 15.413, "p70": 9.732000000000001, "hos": 2.77, "exp": 78.86, "adr": 1.0, "amn": 142213.0, "amv": 1176126.0, "amd": 1978.0, "amt": 1663558.0, "tmn": [774, 626, 0, 0, 0, 694, 1456, 1432, 1041, 0, 0, 898, 1016, 1549, 1413, 1109, 0, 0, 830, 861, 1394], "tmv": [2538, 4249, 2950, 0, 0, 0, 2913, 2024, 2876, 2739, 2336, 1790, 1886, 2554, 2257, 2903, 2781, 2047, 1978, 1647, 2163], "tmd": [7, 0, 0, 0, 0, 0, 19, 7, 7, 0, 0, 13, 13, 7, 13, 0, 0, 0, 19, 44, 7], "wmn": 5611, "wmt": 54033, "wmd": 81, "wmv": 15780, "wdn": -6, "wdt": 22, "wdd": 86, "wdv": -3, "tlv": "Montana"}