{"loc": "Yavapai", "iso": "US", "l1": "United States", "l2": "Arizona", "lvl": 3, "pop": 235099, "key": 14672, "isd": true, "ppd": 35.608000000000004, "med": 38.3, "p65": 15.413, "p70": 9.732000000000001, "hos": 2.77, "exp": 78.86, "adr": 3.0, "amn": 78784.0, "amv": 635594.0, "amd": 2110.0, "amt": 1227143.0, "tmn": [63, -29, -29, 29, 17, 38, 46, 76, 34, 59, 72, 59, 8, 51, 46, 63, 55, 59, 51, 46, 42], "tmv": [5431, 8106, 10192, 12065, 12389, 10214, 6477, 4262, 8755, 10329, 12013, 14052, 10864, 8027, 7863, 7615, 10699, 12037, 10893, 10729, 0], "tmd": [0, 0, 0, 5, 0, 0, 0, -4, 0, 9, 0, 0, 0, 0, 5, 5, 5, 5, 0, 5, 0], "wmn": 366, "wmt": 19514, "wmd": 22, "wmv": 59839, "wdn": 1, "wdt": -4, "wdd": 400, "wdv": -12, "tlv": "Arizona"}