{"loc": "Yuba", "iso": "US", "l1": "United States", "l2": "California", "lvl": 3, "pop": 78668, "key": 14687, "isd": true, "ppd": 35.608000000000004, "med": 38.3, "p65": 15.413, "p70": 9.732000000000001, "hos": 2.77, "exp": 78.86, "adr": 1.0, "amn": 74999.0, "amv": 343093.0, "amd": 534.0, "amt": 1302390.0, "tmn": [0, 0, 0, 508, -25, 63, 127, 114, 0, 0, 0, 546, 25, 101, 76, 0, 0, 254, 177, 50, 101], "tmv": [6616, 7139, 7375, 5050, 5255, 5793, 6168, 7391, 8814, 7404, 5275, 4864, 6157, 7535, 8875, 13887, 4118, 6135, 5026, 6980, 0], "tmd": [0, 0, 13, 0, 0, 13, 13, 0, 0, 0, 0, 0, 0, 13, 26, 0, 0, 0, 0, 0, 0], "wmn": 662, "wmt": 31291, "wmd": 26, "wmv": 45024, "wdn": -16, "wdt": 15, "wdd": 100, "wdv": -5, "tlv": "California"}