{"loc": "York", "iso": "US", "l1": "United States", "l2": "Pennsylvania", "lvl": 3, "pop": 449058, "key": 14683, "isd": true, "ppd": 35.608000000000004, "med": 38.3, "p65": 15.413, "p70": 9.732000000000001, "hos": 2.77, "exp": 78.86, "adr": 2.0, "amn": 104828.0, "amv": 1003454.0, "amd": 1851.0, "amt": 1141851.0, "tmn": [37, 40, 37, 15, 6, 11, 20, 24, 11, 28, 33, 13, 2, 24, 11, 17, 22, 20, 15, 20, 8], "tmv": [3121, 6234, 3276, 3244, 2575, 1851, 1965, 1967, 2474, 1554, 2803, 3655, 3299, 2241, 4154, 4949, 1994, 3524, 1923, 0, 0], "tmd": [0, 0, 3, 0, 0, 0, 3, 0, 0, 0, 0, 0, 0, 0, 3, 3, 5, 5, 0, 0, 0], "wmn": 116, "wmt": 5051, "wmd": 14, "wmv": 16547, "wdn": -16, "wdt": -46, "wdd": 0, "wdv": -8, "tlv": "Pennsylvania"}