{"loc": "York", "iso": "US", "l1": "United States", "l2": "Pennsylvania", "lvl": 3, "pop": 449058, "key": 14683, "isd": true, "ppd": 35.608000000000004, "med": 38.3, "p65": 15.413, "p70": 9.732000000000001, "hos": 2.77, "exp": 78.86, "adr": 2.0, "amn": 83606.0, "amv": 343093.0, "amd": 1655.0, "amt": 867641.0, "tmn": [236, 233, 162, 146, 133, 211, 229, 267, 220, 129, 118, 164, 287, 249, 316, 236, 191, 113, 204, 300, 336], "tmv": [6616, 7139, 7375, 5050, 5255, 5793, 6168, 7391, 8814, 7404, 5275, 4864, 6157, 7535, 8875, 13887, 4118, 6135, 5026, 6980, 0], "tmd": [5, 0, 7, 0, 7, 5, 3, 7, 7, 0, 0, 7, 0, 3, 7, 0, 0, 3, 3, 0, -2], "wmn": 1700, "wmt": 22809, "wmd": 9, "wmv": 45024, "wdn": 18, "wdt": 19, "wdd": -60, "wdv": -5, "tlv": "Pennsylvania"}