{"loc": "York", "iso": "US", "l1": "United States", "l2": "Nebraska", "lvl": 3, "pop": 13679, "key": 14682, "isd": true, "ppd": 35.608000000000004, "med": 38.3, "p65": 15.413, "p70": 9.732000000000001, "hos": 2.77, "exp": 78.86, "adr": 1.0, "amn": 121208.0, "amv": 343093.0, "amd": 658.0, "amt": 1290013.0, "tmn": [146, -73, 146, -73, 219, 73, 365, -73, -73, 2412, -2485, -146, 0, 73, 0, 292, 0, 292, 2997, -2266, 365], "tmv": [6616, 7139, 7375, 5050, 5255, 5793, 6168, 7391, 8814, 7404, 5275, 4864, 6157, 7535, 8875, 13887, 4118, 6135, 5026, 6980, 0], "tmd": [0, 0, 0, 0, 0, 0, 0, 0, 0, 0, 0, 0, 0, 0, 0, 0, 0, 0, 0, 0, 0], "wmn": 1682, "wmt": 25993, "wmd": 0, "wmv": 45024, "wdn": -675, "wdt": 21, "wdd": 0, "wdv": -5, "tlv": "Nebraska"}