{"loc": "York", "iso": "US", "l1": "United States", "l2": "South Carolina", "lvl": 3, "pop": 280979, "key": 14684, "isd": true, "ppd": 35.608000000000004, "med": 38.3, "p65": 15.413, "p70": 9.732000000000001, "hos": 2.77, "exp": 78.86, "adr": 1.0, "amn": 159688.0, "amv": 1197969.0, "amd": 1644.0, "amt": 1723208.0, "tmn": [2815, 1003, 637, 569, 889, 0, 0, 1882, 427, 412, 555, 516, 0, 0, 1786, 437, 434, 298, 526, 0, 0], "tmv": [1790, 1886, 2554, 2257, 2903, 2781, 2047, 1978, 1647, 2163, 995, 2262, 2445, 2251, 1671, 0, 0, 2784, 2570, 2833, 0], "tmd": [8, 0, 29, 4, 0, 0, 0, 4, 0, 25, 4, 4, 0, 0, 11, 4, 0, 4, 18, 0, 0], "wmn": 3485, "wmt": 36814, "wmd": 36, "wmv": 9860, "wdn": -8, "wdt": -16, "wdd": 0, "wdv": -28, "tlv": "South Carolina"}