{"loc": "Yuba", "iso": "US", "l1": "United States", "l2": "California", "lvl": 3, "pop": 78668, "key": 14687, "isd": true, "ppd": 35.608000000000004, "med": 38.3, "p65": 15.413, "p70": 9.732000000000001, "hos": 2.77, "exp": 78.86, "adr": 1.0, "amn": 134616.0, "amv": 1341580.0, "amd": 1080.0, "amt": 2698107.0, "tmn": [88, 292, 330, 38, 50, 1042, 330, 216, 177, 190, 12, 12, 699, 190, 50, 203, 0, 0, 343, 0, 254], "tmv": [4456, 4611, 4549, 5061, 2356, 1255, 4023, 4168, 4272, 4405, 5092, 2672, 1421, 3738, 4100, 4188, 3596, 4102, 1618, 109, 0], "tmd": [0, 0, 0, 0, 0, 0, 13, 0, 0, 0, 0, 0, 0, 0, 0, 26, 0, 0, 0, 0, 0], "wmn": 852, "wmt": 66410, "wmd": 26, "wmv": 17716, "wdn": -43, "wdt": 19, "wdd": 0, "wdv": -31, "tlv": "California"}