{"loc": "York", "iso": "US", "l1": "United States", "l2": "Pennsylvania", "lvl": 3, "pop": 449058, "key": 14683, "isd": true, "ppd": 35.608000000000004, "med": 38.3, "p65": 15.413, "p70": 9.732000000000001, "hos": 2.77, "exp": 78.86, "adr": 2.0, "amn": 127736.0, "amv": 1204735.0, "amd": 2033.0, "amt": 1367673.0, "tmn": [347, 581, 485, 456, 452, 336, 427, 409, 547, 619, 570, 512, 374, 503, 443, 476, 400, 289, 717, 594, 376], "tmv": [2554, 2257, 2903, 2781, 2047, 1978, 1647, 2163, 995, 2262, 2445, 2251, 1671, 0, 0, 2784, 2570, 2833, 3777, 2988, 0], "tmd": [5, 16, 5, 5, 3, 0, 9, 5, 5, 5, 7, 3, 3, 3, 9, 7, 0, 7, 3, 5, 7], "wmn": 3299, "wmt": 27088, "wmd": 36, "wmv": 14955, "wdn": -7, "wdt": 0, "wdd": 33, "wdv": 27, "tlv": "Pennsylvania"}