{"loc": "York", "iso": "US", "l1": "United States", "l2": "Pennsylvania", "lvl": 3, "pop": 449058, "key": 14683, "isd": true, "ppd": 35.608000000000004, "med": 38.3, "p65": 15.413, "p70": 9.732000000000001, "hos": 2.77, "exp": 78.86, "adr": 2.0, "amn": 96854.0, "amv": 684867.0, "amd": 1724.0, "amt": 998996.0, "tmn": [178, 276, 454, 367, 356, 501, 320, 191, 518, 383, 438, 483, 467, 287, 151, 358, 438, 405, 293, 374, 269], "tmv": [6477, 4262, 8755, 10329, 12013, 14052, 10864, 8027, 7863, 7615, 10699, 12037, 10893, 10729, 6600, 5484, 7781, 9092, 10242, 10071, 0], "tmd": [0, 0, 5, 3, 0, 5, 0, 0, 5, 3, 3, 0, 3, 3, 0, 0, 5, 3, 12, 7, 0], "wmn": 2292, "wmt": 24906, "wmd": 25, "wmv": 49273, "wdn": -17, "wdt": -1, "wdd": 83, "wdv": -27, "tlv": "Pennsylvania"}