{"loc": "York", "iso": "US", "l1": "United States", "l2": "Pennsylvania", "lvl": 3, "pop": 449058, "key": 14683, "isd": true, "ppd": 35.608000000000004, "med": 38.3, "p65": 15.413, "p70": 9.732000000000001, "hos": 2.77, "exp": 78.86, "adr": 2.0, "amn": 102512.0, "amv": 861822.0, "amd": 1795.0, "amt": 1075917.0, "tmn": [249, 193, 273, 276, 233, 296, 260, 115, 97, 160, 187, 180, 126, 200, 95, 97, 193, 158, 124, 222, 146], "tmv": [6458, 3608, 3001, 5456, 7305, 8515, 7794, 7192, 5713, 4653, 4699, 5814, 5591, 7265, 6352, 4511, 3409, 5326, 6395, 6671, 7120], "tmd": [0, 0, 0, 7, 5, 3, 7, 0, 0, 5, 5, 3, 3, 5, 3, 3, 3, 3, 5, 0, 0], "wmn": 1040, "wmt": 15491, "wmd": 14, "wmv": 39789, "wdn": -3, "wdt": -19, "wdd": -25, "wdv": -3, "tlv": "Pennsylvania"}