{"loc": "York", "iso": "US", "l1": "United States", "l2": "Maine", "lvl": 3, "pop": 207641, "key": 14681, "isd": true, "ppd": 35.608000000000004, "med": 38.3, "p65": 15.413, "p70": 9.732000000000001, "hos": 2.77, "exp": 78.86, "adr": 1.0, "amn": 69688.0, "amv": 1104562.0, "amd": 689.0, "amt": 1857444.0, "tmn": [101, 77, 125, 0, 0, 356, 115, 101, 231, 134, 0, 0, 284, 183, 144, 197, 115, 0, 0, 418, 226], "tmv": [2622, 2492, 2548, 2348, 1615, 1875, 1986, 1986, 2786, 3007, 2017, 2605, 1830, 2139, 3106, 3068, 3187, 2953, 1851, 1966, 0], "tmd": [0, 0, 0, 0, 0, 0, 0, 5, 0, 0, 0, 0, 10, 0, 5, 0, 0, 0, 0, 0, 0], "wmn": 1103, "wmt": 22864, "wmd": 5, "wmv": 16136, "wdn": 18, "wdt": 17, "wdd": -67, "wdv": -1, "tlv": "Maine"}