{"loc": "Young", "iso": "US", "l1": "United States", "l2": "Texas", "lvl": 3, "pop": 18010, "key": 14686, "isd": true, "ppd": 35.608000000000004, "med": 38.3, "p65": 15.413, "p70": 9.732000000000001, "hos": 2.77, "exp": 78.86, "adr": 2.0, "amn": 122376.0, "amv": 1027393.0, "amd": 2499.0, "amt": 904713.0, "tmn": [0, 166, 0, 111, 0, 0, 55, 0, 55, 0, -222, 0, 0, -55, -55, 111, 166, 166, 0, 0, 166], "tmv": [4154, 4949, 1994, 3524, 1923, 0, 0, 1326, 2107, 1883, 1818, 1779, 1363, 1036, 1655, 1721, 1666, 1928, 1520, 1539, 740], "tmd": [0, 0, 0, 0, 0, 0, 0, 0, 0, 0, 0, 0, 0, 0, 0, 0, 0, 0, 0, 0, 0], "wmn": 556, "wmt": 8550, "wmd": 0, "wmv": 10773, "wdn": -350, "wdt": 13, "wdd": 0, "wdv": -5, "tlv": "Texas"}