{"loc": "Zapata", "iso": "US", "l1": "United States", "l2": "Texas", "lvl": 3, "pop": 14179, "key": 14698, "isd": true, "ppd": 35.608000000000004, "med": 38.3, "p65": 15.413, "p70": 9.732000000000001, "hos": 2.77, "exp": 78.86, "adr": 2.0, "amn": 123422.0, "amv": 298070.0, "amd": 2045.0, "amt": 695589.0, "tmn": [493, 141, 0, 493, 70, 70, 70, 0, 282, 0, 352, 70, 211, 0, 211, 70, 0, 70, 141, 282, 70], "tmv": [5173, 5466, 3298, 2593, 4349, 5491, 6616, 7139, 7375, 5050, 5255, 5793, 6168, 7391, 8814, 7404, 5275, 4864, 6157, 7535, 0], "tmd": [0, 0, 0, 0, 0, 0, 71, 0, 71, 0, 0, 142, 0, 71, 0, 0, 0, 0, 0, 0, 0], "wmn": 847, "wmt": 12042, "wmd": 0, "wmv": 40053, "wdn": -8, "wdt": -11, "wdd": -100, "wdv": -9, "tlv": "Texas"}