{"loc": "Zapata", "iso": "US", "l1": "United States", "l2": "Texas", "lvl": 3, "pop": 14179, "key": 14698, "isd": true, "ppd": 35.608000000000004, "med": 38.3, "p65": 15.413, "p70": 9.732000000000001, "hos": 2.77, "exp": 78.86, "adr": 1.0, "amn": 117709.0, "amv": 153709.0, "amd": 1693.0, "amt": 644946.0, "tmn": [775, 0, 1833, 493, 352, 1340, 282, 1410, 0, 1198, 1128, 141, 1833, 1974, 282, 0, 564, 1410, 423, 493, 846], "tmv": [3978, 2687, 2448, 3374, 4677, 5132, 5139, 4690, 3336, 1695, 3330, 4023, 4903, 6734, 6595, 3662, 2393, 4746, 4917, 6132, 6772], "tmd": [0, 0, 0, 0, 0, 0, 71, 0, 0, 0, 0, 71, 0, 0, 0, 0, 0, 0, 0, 0, 0], "wmn": 4021, "wmt": 22967, "wmd": 0, "wmv": 35221, "wdn": -48, "wdt": -14, "wdd": -100, "wdv": 23, "tlv": "Texas"}