{"loc": "Yuma", "iso": "US", "l1": "United States", "l2": "Arizona", "lvl": 3, "pop": 213787, "key": 14691, "isd": true, "ppd": 35.608000000000004, "med": 38.3, "p65": 15.413, "p70": 9.732000000000001, "hos": 2.77, "exp": 78.86, "adr": 2.0, "amn": 194109.0, "amv": 1263117.0, "amd": 4247.0, "amt": 1857738.0, "tmn": [215, 159, 182, 126, 93, 65, 98, 121, 187, 0, 0, 299, 14, 126, 130, 177, 149, 0, -4, 411, 149], "tmv": [3390, 3489, 0, 0, 0, 2411, 3257, 3418, 2659, 2485, 1614, 1945, 2278, 2491, 2890, 2710, 2395, 1993, 2154, 3467, 0], "tmd": [-18, -42, 0, 0, 0, 5, 0, 0, 0, 0, 0, 29, 0, 0, 0, 0, 0, 0, 24, 0, 0], "wmn": 1016, "wmt": 30736, "wmd": 24, "wmv": 15613, "wdn": 36, "wdt": 16, "wdd": -17, "wdv": -8, "tlv": "Arizona"}