{"loc": "Yukon-Koyukuk", "iso": "US", "l1": "United States", "l2": "Alaska", "lvl": 3, "pop": 5230, "key": 14690, "isd": true, "ppd": 35.608000000000004, "med": 38.3, "p65": 15.413, "p70": 9.732000000000001, "hos": 2.77, "exp": 78.86, "adr": 1.0, "amn": 66922.0, "amv": 448004.0, "amd": 765.0, "amt": 2560891.0, "tmn": [382, 0, 956, 0, 0, 382, 0, 0, 191, 0, 0, 0, 382, 0, 0, 0, 573, 0, 0, 0, 0], "tmv": [6157, 7535, 8875, 13887, 4118, 6135, 5026, 6980, 8171, 7842, 9493, 9226, 6156, 5181, 6849, 8594, 10257, 10611, 9961, 7133, 5431], "tmd": [0, 0, 0, 0, 0, 0, 0, 0, 0, 0, 0, 0, 0, 0, 0, 0, 0, 0, 0, 0, 0], "wmn": 574, "wmt": 41529, "wmd": 0, "wmv": 58839, "wdn": 0, "wdt": -29, "wdd": 0, "wdv": 11, "tlv": "Alaska"}