{"loc": "Yuma", "iso": "US", "l1": "United States", "l2": "Arizona", "lvl": 3, "pop": 213787, "key": 14691, "isd": true, "ppd": 35.608000000000004, "med": 38.3, "p65": 15.413, "p70": 9.732000000000001, "hos": 2.77, "exp": 78.86, "adr": 2.0, "amn": 177560.0, "amv": 0.0, "amd": 3990.0, "amt": 1509764.0, "tmn": [-79, 74, 65, 60, 70, 46, 18, 126, 112, 336, 135, 28, 18, 112, 98, 257, 383, 219, 229, 102, 74], "tmv": [0, 0, 0, 0, 0, 0, 0, 0, 0, 0, 0, 0, 0, 0, 0, 0, 0, 0, 0, 0, 0], "tmd": [-4, 0, 10, 0, 0, 0, 0, 0, 0, 0, 0, 0, 5, 0, 0, 0, 0, 0, 0, 0, 0], "wmn": 1366, "wmt": 24039, "wmd": 0, "wmv": 0, "wdn": 57, "wdt": 19, "wdd": -100, "wdv": 0, "tlv": "Arizona"}