{"loc": "Zabaykalsky Krai", "iso": "RU", "l1": "Russia", "l2": "Zabaykalsky Krai", "lvl": 2, "pop": 1072806, "key": 14694, "isd": true, "ppd": 8.823, "med": 39.6, "p65": 14.177999999999999, "p70": 9.392999999999999, "hos": 8.05, "exp": 72.58, "adr": 2.0, "amn": 45942.0, "amv": 312270.0, "amd": 729.0, "amt": 1056604.0, "tmn": [84, 99, 125, 142, 160, 157, 164, 179, 211, 218, 247, 235, 243, 264, 276, 301, 312, 316, 304, 308, 314], "tmv": [2839, 2956, 907, 2306, 5107, 417, 6346, 4336, 3392, 2343, 2283, 3803, 4793, 5806, 6485, 4305, 2607, 1389, 8802, 5092, 3493], "tmd": [1, 2, 3, 2, 4, 3, 2, 5, 3, 5, 0, 9, 3, 5, 7, 5, 5, 9, 5, 7, 5], "wmn": 2135, "wmt": 23767, "wmd": 41, "wmv": 32176, "wdn": 33, "wdt": 6, "wdd": 43, "wdv": 20, "tlv": "Russia"}