{"loc": "Zuid-Holland", "iso": "NL", "l1": "Netherlands", "l2": "Zuid-Holland", "lvl": 2, "pop": 3708696, "key": 14706, "isd": true, "ppd": 508.54400000000004, "med": 43.2, "p65": 18.779, "p70": 11.880999999999998, "hos": 3.32, "exp": 82.28, "adr": 1.0, "amn": 136998.0, "amv": 1399206.0, "amd": 1191.0, "amt": 815654.0, "tmn": [216, 242, 248, 244, 226, 208, 184, 246, 263, 311, 337, 328, 361, 308, 320, 465, 496, 454, 414, 475, 392], "tmv": [0, 0, 0, 0, 0, 0, 0, 0, 0, 0, 0, 0, 0, 0, 0, 0, 0, 0, 0, 0, 0], "tmd": [1, 1, 1, 0, 1, 1, 0, 1, 1, 1, 1, 1, 1, 0, 1, 1, 2, 1, 2, 1, 1], "wmn": 3020, "wmt": 0, "wmd": 6, "wmv": 0, "wdn": 40, "wdt": 0, "wdd": 90, "wdv": 0, "tlv": "Netherlands"}