{"loc": "Zeeland", "iso": "NL", "l1": "Netherlands", "l2": "Zeeland", "lvl": 2, "pop": 383488, "key": 14701, "isd": true, "ppd": 508.54400000000004, "med": 43.2, "p65": 18.779, "p70": 11.880999999999998, "hos": 3.32, "exp": 82.28, "adr": 1.0, "amn": 41488.0, "amv": 43823.0, "amd": 443.0, "amt": 371111.0, "tmn": [203, 143, 245, 198, 208, 166, 161, 130, 46, 213, 250, 195, 216, 164, 200, 96, 179, 255, 279, 273, 206], "tmv": [1705, 1542, 1563, 1518, 1544, 1822, 38, 1141, 1507, 1710, 1701, 1734, 1703, 1706, 973, 1788, 1932, 1886, 1824, 0, 0], "tmd": [0, 0, 0, 3, 0, 0, 3, 0, 6, 3, 0, 8, 0, 0, 0, 11, 0, 0, 0, 0, 0], "wmn": 1492, "wmt": 0, "wmd": 11, "wmv": 8407, "wdn": 22, "wdt": 0, "wdd": -33, "wdv": -25, "tlv": "Netherlands"}