{"loc": "Zuid-Holland", "iso": "NL", "l1": "Netherlands", "l2": "Zuid-Holland", "lvl": 2, "pop": 3708696, "key": 14706, "isd": true, "ppd": 508.54400000000004, "med": 43.2, "p65": 18.779, "p70": 11.880999999999998, "hos": 3.32, "exp": 82.28, "adr": 1.0, "amn": 87662.0, "amv": 220831.0, "amd": 1097.0, "amt": 465677.0, "tmn": [512, 491, 592, 510, 433, 432, 546, 559, 533, 509, 444, 368, 350, 459, 552, 569, 514, 567, 409, 495, 385], "tmv": [0, 0, 0, 0, 0, 0, 0, 0, 0, 0, 0, 0, 0, 0, 0, 0, 0, 0, 0, 0, 0], "tmd": [2, 1, 1, 2, 1, 2, 2, 2, 1, 2, 1, 1, 2, 1, 2, 2, 2, 2, 3, 3, 2], "wmn": 3495, "wmt": 0, "wmd": 13, "wmv": 0, "wdn": 8, "wdt": 0, "wdd": 68, "wdv": 0, "tlv": "Netherlands"}