{"loc": "Zuid-Holland", "iso": "NL", "l1": "Netherlands", "l2": "Zuid-Holland", "lvl": 2, "pop": 3708696, "key": 14706, "isd": true, "ppd": 508.54400000000004, "med": 43.2, "p65": 18.779, "p70": 11.880999999999998, "hos": 3.32, "exp": 82.28, "adr": 1.0, "amn": 129054.0, "amv": 1376440.0, "amd": 1180.0, "amt": 766379.0, "tmn": [124, 147, 197, 166, 182, 162, 136, 80, 139, 151, 114, 122, 120, 116, 89, 123, 129, 99, 131, 108, 110], "tmv": [0, 0, 0, 0, 0, 0, 0, 0, 0, 0, 0, 0, 0, 0, 0, 0, 0, 0, 0, 0, 0], "tmd": [1, 1, 1, 1, 1, 1, 0, 1, 1, 1, 1, 1, 0, 0, 1, 0, 1, 0, 1, 1, 0], "wmn": 793, "wmt": 0, "wmd": 2, "wmv": 0, "wdn": -6, "wdt": 0, "wdd": -58, "wdv": 0, "tlv": "Netherlands"}