{"loc": "Zavala", "iso": "US", "l1": "United States", "l2": "Texas", "lvl": 3, "pop": 11840, "key": 14700, "isd": true, "ppd": 35.608000000000004, "med": 38.3, "p65": 15.413, "p70": 9.732000000000001, "hos": 2.77, "exp": 78.86, "adr": 2.0, "amn": 212922.0, "amv": 1303449.0, "amd": 4645.0, "amt": 1222797.0, "tmn": [0, 84, 337, 253, 84, 168, 0, 0, 168, 0, 0, 422, 0, 0, 0, 0, 0, 0, 0, 0, 0], "tmv": [780, 2376, 2334, 2342, 2403, 3887, 2378, 1359, 4316, 4363, 4502, 4400, 4864, 2267, 1210, 3657, 3104, 3335, 2510, 342, 0], "tmd": [0, 0, 0, 0, 0, 0, 0, 0, 0, 85, 0, 0, 0, 0, 0, 0, 0, 0, 0, 0, 85], "wmn": 0, "wmt": 14430, "wmd": 85, "wmv": 14161, "wdn": -100, "wdt": -8, "wdd": 0, "wdv": -46, "tlv": "Texas"}