{"loc": "India", "iso": "IN", "l1": "India", "l2": "India", "lvl": 1, "pop": 1380004385, "key": 20003, "isd": true, "ppd": 450.41900000000004, "med": 28.2, "p65": 5.989, "p70": 3.4139999999999997, "hos": 0.53, "exp": 69.66, "adr": 1.0, "amn": 23302.0, "amv": 379471.0, "amd": 312.0, "amt": 351489.0, "tmn": [57, 28, 21, 31, 31, 32, 30, 30, 29, 22, 30, 31, 32, 27, 28, 25, 20, 27, 29, 29, 28], "tmv": [3817, 1481, 4866, 3075, 3296, 3860, 3974, 0, 0, 0, 0, 2938, 4337, 4117, 4203, 1343, 4228, 3319, 3326, 0, 0], "tmd": [1, 1, 1, 1, 1, 1, 1, 1, 1, 1, 1, 1, 1, 1, 1, 1, 1, 1, 1, 1, 1], "wmn": 190, "wmt": 6176, "wmd": 3, "wmv": 16422, "wdn": -7, "wdt": -28, "wdd": -6, "wdv": 44, "tlv": "India"}