{"loc": "United Kingdom", "iso": "GB", "l1": "United Kingdom", "l2": "United Kingdom", "lvl": 1, "pop": 67886004, "key": 20001, "isd": true, "ppd": 272.89799999999997, "med": 40.8, "p65": 18.517, "p70": 12.527000000000001, "hos": 2.54, "exp": 81.32, "adr": 2.0, "amn": 91940.0, "amv": 1284277.0, "amd": 1931.0, "amt": 3368003.0, "tmn": [465, 426, 367, 344, 378, 454, 431, 379, 356, 328, 321, 429, 442, 465, 417, 401, 369, 345, 432, 484, 479], "tmv": [3648, 2099, 2636, 2755, 3167, 3274, 3061, 3695, 2051, 2243, 2534, 2931, 3066, 3024, 3705, 2134, 2493, 2778, 3171, 0, 0], "tmd": [2, 1, 1, 2, 2, 2, 2, 2, 1, 1, 3, 2, 2, 2, 2, 1, 1, 3, 2, 2, 2], "wmn": 2931, "wmt": 53148, "wmd": 10, "wmv": 14285, "wdn": 8, "wdt": -31, "wdd": 5, "wdv": -27, "tlv": "United Kingdom"}