{"loc": "India", "iso": "IN", "l1": "India", "l2": "N/A", "lvl": 1, "pop": 1380004385, "key": 20001, "isd": true, "ppd": 450.41900000000004, "med": 28.2, "p65": 5.989, "p70": 3.4139999999999997, "hos": 0.53, "exp": 69.66, "adr": 1.0, "amn": 8724.0, "amv": 43862.0, "amd": 117.0, "amt": 175263.0, "tmn": [11, 12, 16, 16, 18, 18, 19, 17, 20, 25, 28, 29, 31, 34, 29, 34, 38, 42, 45, 45, 49], "tmv": [1463, 984, 954, 347, 1488, 1101, 122, 2202, 1534, 1506, 1591, 1973, 1840, 334, 2484, 1700, 1669, 1709, 1887, 1565, 188], "tmd": [1, 1, 1, 1, 1, 1, 1, 1, 1, 1, 1, 1, 1, 1, 1, 1, 1, 1, 1, 1, 1], "wmn": 286, "wmt": 5376, "wmd": 2, "wmv": 11207, "wdn": 51, "wdt": 5, "wdd": 51, "wdv": 2, "tlv": "India"}